feedback,sentiment,category
"Honestly, i would like to schedule deliveries I need assistance.",neutral,feature_request
"For some reason, the website response time is very poor Can you fix this?",negative,performance
I am having trouble because the application is lagging badly Please look into it.,negative,performance
"Honestly, the payment page shows an error I need assistance.",negative,payment
I noticed that the application interface is easy to use Please help.,negative,ui
"Unfortunately, support took too long to respond Please help.",negative,support
"For some reason, please add more payment methods Please help.",neutral,feature_request
"Today, please add notifications for price changes This is frustrating.",neutral,feature_request
I noticed that please add notifications for price changes,neutral,feature_request
"Honestly, the app shows an error after checkout This is frustrating.",negative,bug
"Recently, i am unable to pay for my order Please look into it.",negative,payment
I noticed that please add more payment methods Please help.,neutral,feature_request
"Recently, the interface needs improvement This is frustrating.",positive,ui
"Today, the app takes too long to load This is frustrating.",negative,performance
The application closes unexpectedly Please look into it.,negative,bug
"For some reason, i am happy with the assistance I received This happens repeatedly.",positive,support
I noticed that can you add fingerprint login Please help.,neutral,feature_request
"For some reason, every screen takes a long time to open Please look into it.",negative,performance
I am having trouble because my account login keeps failing Can you fix this?,negative,login
I noticed that i am unable to pay for my order This happens repeatedly.,negative,payment
"Unfortunately, the support team solved my issue quickly This happens repeatedly.",neutral,support
I noticed that the support experience was disappointing This is frustrating.,negative,support
"For some reason, support took too long to respond Can you fix this?",negative,support
I noticed that the card payment keeps failing Please help.,negative,payment
"Recently, please add notifications for price changes I need assistance.",neutral,feature_request
I cannot verify my account Please look into it.,negative,login
"Recently, i was charged but the order was not placed Please look into it.",negative,payment
"For some reason, i have not received a response from support",positive,support
"Unfortunately, the OTP is not arriving during login This happens repeatedly.",negative,login
"Unfortunately, i am happy with the assistance I received I need assistance.",neutral,support
"Recently, the app takes too long to load I need assistance.",negative,performance
I am having trouble because i was charged but the order was not placed Please help.,negative,payment
"For some reason, the app crashes whenever I upload a file This is frustrating.",negative,bug
I am having trouble because i found a bug in the checkout process Please help.,negative,bug
"Recently, customer service was very helpful",positive,support
"Recently, i cannot login to my account This happens repeatedly.",negative,login
Support took too long to respond I need assistance.,positive,support
Pages are loading slowly This happens repeatedly.,negative,performance
"Recently, can you add fingerprint login This happens repeatedly.",neutral,feature_request
"Honestly, the app shows an error after checkout This is frustrating.",negative,bug
"Today, the support staff were polite and professional Please look into it.",neutral,support
"Recently, the password reset link is not working I need assistance.",negative,login
"Honestly, the payment page shows an error",neutral,payment
"Recently, login takes me back to the sign in page I need assistance.",negative,login
"Honestly, the notification is showing the wrong information I need assistance.",negative,bug
Nobody from customer support has contacted me Please help.,negative,support
"Recently, pages are loading slowly This is frustrating.",negative,performance
"Honestly, pages are loading slowly",negative,performance
"Honestly, the order status is displaying incorrectly This is frustrating.",negative,bug
"Today, the transaction was declined Please help.",negative,payment
"Unfortunately, i would like an option to download invoices Please look into it.",neutral,feature_request
I noticed that money was deducted but the payment failed I need assistance.,negative,payment
"Honestly, i have not received a response from support Can you fix this?",positive,support
"Recently, the customer care representative was helpful",neutral,support
"Today, the interface needs improvement This happens repeatedly.",negative,ui
"Honestly, the support team did not resolve my problem I need assistance.",positive,support
"Recently, the design is simple and user friendly Please help.",negative,ui
I noticed that uPI payment is not going through Please look into it.,negative,payment
"Honestly, the app logs me out whenever I try to sign in Please help.",negative,login
"Today, my account login keeps failing I need assistance.",negative,login
I noticed that uPI payment is not going through Can you fix this?,neutral,payment
"Recently, the support team solved my issue quickly",negative,support
I am having trouble because the login page is not working Please help.,neutral,login
"For some reason, the support experience was disappointing Can you fix this?",neutral,support
"Recently, it takes forever to open the dashboard Please help.",negative,performance
I am having trouble because the new interface looks clean I need assistance.,neutral,ui
I noticed that the card payment keeps failing Please help.,negative,payment
"Honestly, the dashboard looks great This is frustrating.",positive,ui
"Honestly, the buttons are difficult to find This is frustrating.",positive,ui
I am having trouble because the colors and layout make the app easy to use This is frustrating.,positive,ui
"For some reason, i have not received a response from support This is frustrating.",positive,support
"Honestly, i cannot login to my account I need assistance.",negative,login
"Unfortunately, the support experience was disappointing I need assistance.",positive,support
"Unfortunately, please provide an option to change the language Please look into it.",neutral,feature_request
"Recently, please add dark mode to the application I need assistance.",neutral,feature_request
The application is very slow Can you fix this?,negative,performance
"For some reason, the application is very slow This happens repeatedly.",negative,performance
"Honestly, the colors and layout make the app easy to use Can you fix this?",negative,ui
"For some reason, the login page is not working Please help.",negative,login
I noticed that it takes forever to open the dashboard Can you fix this?,negative,performance
"Honestly, my payment failed while placing the order Please look into it.",negative,payment
I noticed that the support staff were polite and professional Please look into it.,positive,support
"Recently, the buttons are difficult to find This happens repeatedly.",negative,ui
"Recently, it would be great to have a dark theme Please look into it.",neutral,feature_request
I noticed that the website response time is very poor This happens repeatedly.,negative,performance
I noticed that the support team solved my issue quickly I need assistance.,positive,support
The app crashes whenever I upload a file This happens repeatedly.,negative,bug
"Honestly, money was deducted but the payment failed Please look into it.",negative,payment
Please add a filter for previous orders Please look into it.,positive,feature_request
"Today, the colors and layout make the app easy to use I need assistance.",negative,ui
"Recently, the customer care representative was helpful Please look into it.",negative,support
I am having trouble because the password reset link is not working Please help.,neutral,login
"Recently, my account login keeps failing Please help.",negative,login
"Recently, it takes forever to open the dashboard",negative,performance
"Today, please add notifications for price changes Can you fix this?",neutral,feature_request
I am having trouble because the app becomes slow during checkout Please help.,negative,performance
I am having trouble because the design is simple and user friendly This happens repeatedly.,positive,ui
"Recently, the support team solved my issue quickly Can you fix this?",neutral,support
"Unfortunately, the colors and layout make the app easy to use Please help.",negative,ui
I noticed that support took too long to respond Please help.,negative,support
"Unfortunately, the new interface looks clean I need assistance.",positive,ui
"Unfortunately, the interface needs improvement Please help.",neutral,ui
I noticed that the order status is displaying incorrectly,negative,bug
"For some reason, every screen takes a long time to open Can you fix this?",negative,performance
The customer care representative was helpful I need assistance.,positive,support
"For some reason, the page becomes blank after clicking the button Please help.",negative,bug
Pages are loading slowly This happens repeatedly.,negative,performance
I am having trouble because the text on the screen is too small I need assistance.,positive,ui
"Today, the support experience was disappointing This happens repeatedly.",negative,support
I am having trouble because the app shows an error after checkout I need assistance.,neutral,bug
"For some reason, i cannot login to my account This happens repeatedly.",negative,login
"Today, the application closes unexpectedly This is frustrating.",negative,bug
I noticed that the application is very slow Please look into it.,negative,performance
I am having trouble because please add dark mode to the application Please help.,neutral,feature_request
It takes forever to open the dashboard This is frustrating.,negative,performance
"Today, i found a bug in the checkout process This is frustrating.",negative,bug
"For some reason, the buttons are difficult to find Can you fix this?",negative,ui
"Unfortunately, login takes me back to the sign in page",negative,login
My payment is stuck This happens repeatedly.,negative,payment
"Recently, my payment failed while placing the order This is frustrating.",negative,payment
"For some reason, i was charged but the order was not placed",negative,payment
"Today, i would like an option to download invoices This happens repeatedly.",neutral,feature_request
"Today, the app crashes whenever I upload a file Can you fix this?",negative,bug
I am having trouble because something is broken in the application This happens repeatedly.,negative,bug
I noticed that nobody from customer support has contacted me,negative,support
"Unfortunately, i found a bug in the checkout process Please help.",negative,bug
I noticed that customer service was very helpful This is frustrating.,positive,support
"Honestly, the password reset link is not working I need assistance.",negative,login
"Recently, the app logs me out whenever I try to sign in Can you fix this?",negative,login
I have not received a response from support This happens repeatedly.,negative,support
"Today, the login page is not working I need assistance.",negative,login
"For some reason, something is broken in the application",negative,bug
I noticed that the search results are incorrect This is frustrating.,negative,bug
"Honestly, the app becomes slow during checkout This is frustrating.",negative,performance
"Unfortunately, the design is simple and user friendly I need assistance.",neutral,ui
"Recently, the application freezes frequently This happens repeatedly.",negative,performance
"For some reason, the app takes too long to load This happens repeatedly.",negative,performance
"Recently, every screen takes a long time to open",negative,performance
I noticed that i would like to schedule deliveries I need assistance.,neutral,feature_request
"Today, the app takes too long to load Please help.",negative,performance
"Today, i cannot complete the payment I need assistance.",negative,payment
"Unfortunately, the transaction was declined Can you fix this?",negative,payment
"Honestly, can you add fingerprint login Please help.",positive,feature_request
I noticed that the new interface looks clean,positive,ui
"Unfortunately, the support team did not resolve my problem Can you fix this?",positive,support
"Honestly, pages are loading slowly This is frustrating.",negative,performance
"Today, the buttons are difficult to find This is frustrating.",positive,ui
"Honestly, please add notifications for price changes I need assistance.",neutral,feature_request
"Recently, support took too long to respond Can you fix this?",negative,support
"For some reason, the application crashes when I open my profile This happens repeatedly.",negative,bug
"Honestly, please add more payment methods Can you fix this?",neutral,feature_request
"Recently, the support team solved my issue quickly Please look into it.",negative,support
I am having trouble because i am unable to access my account Can you fix this?,negative,login
"Honestly, the website is extremely slow today Please look into it.",negative,performance
"Recently, uPI payment is not going through",negative,payment
"Recently, the app logs me out whenever I try to sign in Please help.",negative,login
I noticed that please provide an option to change the language I need assistance.,neutral,feature_request
"For some reason, my account login keeps failing I need assistance.",negative,login
"For some reason, the password reset link is not working Can you fix this?",negative,login
I am having trouble because the buttons are difficult to find This is frustrating.,positive,ui
"Honestly, the transaction was declined Please look into it.",negative,payment
"For some reason, i cannot verify my account Please help.",negative,login
"For some reason, the application closes unexpectedly Please help.",neutral,bug
"For some reason, the order status is displaying incorrectly This is frustrating.",negative,bug
I noticed that the transaction was declined,negative,payment
"Today, the app crashes whenever I upload a file I need assistance.",negative,bug
"Unfortunately, the search results are incorrect Can you fix this?",negative,bug
"Today, login takes me back to the sign in page This is frustrating.",neutral,login
"Unfortunately, the app shows an error after checkout This is frustrating.",neutral,bug
I noticed that the application is very slow I need assistance.,negative,performance
"Unfortunately, money was deducted but the payment failed This is frustrating.",negative,payment
"For some reason, the transaction was declined Please look into it.",negative,payment
"Honestly, i forgot my password and cannot sign in Can you fix this?",negative,login
"Honestly, support took too long to respond",neutral,support
"Honestly, the app shows an error after checkout I need assistance.",negative,bug
The support staff were polite and professional Can you fix this?,positive,support
"Today, i have not received a response from support This is frustrating.",positive,support
I am having trouble because it would be useful to have a wishlist Please look into it.,positive,feature_request
I noticed that the menu layout is confusing Please look into it.,positive,ui
I noticed that the page becomes blank after clicking the button Please look into it.,negative,bug
"Honestly, the support staff were polite and professional Please look into it.",negative,support
I noticed that i would like an option to download invoices This happens repeatedly.,neutral,feature_request
"For some reason, my payment failed while placing the order I need assistance.",negative,payment
"Recently, please add more payment methods This happens repeatedly.",neutral,feature_request
I am having trouble because the app takes too long to load Please look into it.,neutral,performance
"Honestly, i cannot verify my account I need assistance.",neutral,login
"Honestly, the menu layout is confusing Can you fix this?",negative,ui
I am having trouble because i forgot my password and cannot sign in,negative,login
"Unfortunately, please provide an option to change the language Please help.",neutral,feature_request
"For some reason, the application closes unexpectedly",negative,bug
"Honestly, i found a bug in the checkout process Please look into it.",neutral,bug
"Recently, please add more payment methods This is frustrating.",positive,feature_request
"For some reason, please provide an option to change the language This happens repeatedly.",neutral,feature_request
"Honestly, i would like an option to download invoices This is frustrating.",neutral,feature_request
"Today, the application is very slow Please help.",negative,performance
"Honestly, my account login keeps failing Please help.",neutral,login
I am having trouble because i found a bug in the checkout process This happens repeatedly.,negative,bug
It would be great to have a dark theme This happens repeatedly.,neutral,feature_request
"Honestly, i was charged but the order was not placed Can you fix this?",negative,payment
I am having trouble because the order status is displaying incorrectly Please look into it.,negative,bug
"Unfortunately, customer service was very helpful Please help.",negative,support
"Honestly, the application closes unexpectedly I need assistance.",negative,bug
"Recently, the application freezes frequently Please look into it.",neutral,performance
I am having trouble because the app shows an error after checkout Can you fix this?,negative,bug
"Honestly, i am happy with the assistance I received I need assistance.",negative,support
"Honestly, the customer care representative was helpful",positive,support
"Unfortunately, i have not received a response from support",negative,support
"Recently, the app shows an error after checkout Can you fix this?",neutral,bug
I am having trouble because the dashboard looks great I need assistance.,negative,ui
I am having trouble because the support team solved my issue quickly Please look into it.,positive,support
I noticed that i cannot verify my account This happens repeatedly.,negative,login
"Today, it would be great to have a dark theme Please look into it.",neutral,feature_request
I noticed that every screen takes a long time to open Please look into it.,negative,performance
The notification is showing the wrong information This is frustrating.,negative,bug
"Today, i am unable to access my account This is frustrating.",negative,login
"Unfortunately, login takes me back to the sign in page This is frustrating.",negative,login
Money was deducted but the payment failed I need assistance.,negative,payment
I noticed that the application crashes when I open my profile Can you fix this?,neutral,bug
I am having trouble because something is broken in the application Please look into it.,negative,bug
I am having trouble because please add a filter for previous orders,neutral,feature_request
"Honestly, the app crashes whenever I upload a file I need assistance.",neutral,bug
Please add dark mode to the application Please look into it.,neutral,feature_request
"Today, the support team solved my issue quickly I need assistance.",negative,support
"Today, nobody from customer support has contacted me Can you fix this?",neutral,support
"Unfortunately, the website is extremely slow today I need assistance.",neutral,performance
My account login keeps failing Please look into it.,negative,login
"Today, i am unable to pay for my order Please look into it.",negative,payment
"Honestly, the app crashes whenever I upload a file This is frustrating.",negative,bug
I am having trouble because i am unable to access my account Can you fix this?,negative,login
I am having trouble because the dashboard looks great Can you fix this?,positive,ui
"Today, the dashboard looks great This happens repeatedly.",negative,ui
"Unfortunately, the support experience was disappointing This happens repeatedly.",positive,support
I noticed that the application is very slow This is frustrating.,neutral,performance
"Honestly, money was deducted but the payment failed",negative,payment
"Today, i cannot login to my account This happens repeatedly.",negative,login
"Honestly, i cannot verify my account I need assistance.",negative,login
"Today, please add a filter for previous orders This is frustrating.",neutral,feature_request
"Unfortunately, the application is very slow Please look into it.",negative,performance
"Unfortunately, the colors and layout make the app easy to use This is frustrating.",positive,ui
I am having trouble because the text on the screen is too small,positive,ui
"Recently, please add more payment methods I need assistance.",neutral,feature_request
I noticed that the support staff were polite and professional I need assistance.,negative,support
Login takes me back to the sign in page This happens repeatedly.,negative,login
I am having trouble because the search results are incorrect This happens repeatedly.,negative,bug
"Unfortunately, the website response time is very poor Please look into it.",negative,performance
"Honestly, the text on the screen is too small",negative,ui
"Honestly, i am unable to access my account I need assistance.",negative,login
"For some reason, the text on the screen is too small This is frustrating.",positive,ui
"Recently, the notification is showing the wrong information This is frustrating.",negative,bug
"Recently, i have not received a response from support Can you fix this?",negative,support
I noticed that the colors and layout make the app easy to use This happens repeatedly.,negative,ui
I noticed that i cannot complete the payment,negative,payment
"Today, the dashboard looks great",positive,ui
I am having trouble because the application interface is easy to use Please help.,positive,ui
"Today, the support team solved my issue quickly Please help.",negative,support
I noticed that customer service was very helpful This is frustrating.,positive,support
"Recently, my payment is stuck I need assistance.",negative,payment
"For some reason, i would like an option to download invoices Can you fix this?",neutral,feature_request
"Recently, the page becomes blank after clicking the button I need assistance.",negative,bug
"Honestly, the support staff were polite and professional Please look into it.",positive,support
I am having trouble because the menu layout is confusing This is frustrating.,negative,ui
"Today, the password reset link is not working Please help.",negative,login
"Today, the dashboard looks great Can you fix this?",negative,ui
"Honestly, the card payment keeps failing Can you fix this?",negative,payment
I noticed that please add a filter for previous orders Please help.,neutral,feature_request
"Unfortunately, i would like an option to download invoices Please look into it.",neutral,feature_request
I noticed that i cannot verify my account,negative,login
"Unfortunately, i have not received a response from support This happens repeatedly.",positive,support
"For some reason, the application closes unexpectedly This happens repeatedly.",negative,bug
The colors and layout make the app easy to use Please look into it.,negative,ui
"Today, my payment failed while placing the order This happens repeatedly.",negative,payment
I noticed that the application is very slow,negative,performance
"Honestly, i was charged but the order was not placed I need assistance.",negative,payment
"Honestly, the application freezes frequently This is frustrating.",negative,performance
"Honestly, the transaction was declined Can you fix this?",negative,payment
"Honestly, the payment page shows an error This is frustrating.",negative,payment
"Honestly, the application is very slow Please look into it.",negative,performance
The password reset link is not working Please look into it.,negative,login
"Unfortunately, i cannot complete the payment Can you fix this?",negative,payment
I am having trouble because i was charged but the order was not placed Can you fix this?,negative,payment
I am having trouble because the search results are incorrect Please look into it.,negative,bug
"For some reason, the app shows an error after checkout I need assistance.",negative,bug
"Honestly, the support experience was disappointing Please help.",neutral,support
I noticed that the menu layout is confusing Please help.,positive,ui
"Today, my account login keeps failing Please help.",negative,login
"Today, the notification is showing the wrong information This is frustrating.",negative,bug
"Today, i found a bug in the checkout process",negative,bug
I noticed that the buttons are difficult to find I need assistance.,positive,ui
"Unfortunately, i am unable to pay for my order This is frustrating.",negative,payment
Pages are loading slowly,negative,performance
I am having trouble because i would like to schedule deliveries I need assistance.,positive,feature_request
"Honestly, i cannot login to my account I need assistance.",negative,login
"Honestly, i forgot my password and cannot sign in Please look into it.",negative,login
"Recently, i would like to schedule deliveries This is frustrating.",neutral,feature_request
"Unfortunately, i found a bug in the checkout process This happens repeatedly.",negative,bug
"Recently, the app logs me out whenever I try to sign in",negative,login
"Today, the support staff were polite and professional Please look into it.",negative,support
I noticed that can you add fingerprint login This happens repeatedly.,positive,feature_request
The colors and layout make the app easy to use Please help.,positive,ui
"Honestly, the buttons are difficult to find Please look into it.",negative,ui
I noticed that my account login keeps failing Can you fix this?,negative,login
"Honestly, the transaction was declined This happens repeatedly.",negative,payment
I noticed that my account login keeps failing,negative,login
I noticed that it would be useful to have a wishlist Can you fix this?,neutral,feature_request
"Today, money was deducted but the payment failed",negative,payment
"Honestly, the login page is not working Please help.",negative,login
"Recently, the new interface looks clean Can you fix this?",neutral,ui
"Recently, the application interface is easy to use Please look into it.",negative,ui
"Honestly, i found a bug in the checkout process",neutral,bug
I am having trouble because i have not received a response from support Can you fix this?,positive,support
"For some reason, the login page is not working This is frustrating.",negative,login
Can you add fingerprint login I need assistance.,neutral,feature_request
"For some reason, i cannot complete the payment Please help.",negative,payment
"Unfortunately, the support team solved my issue quickly This is frustrating.",negative,support
I noticed that the application is lagging badly,negative,performance
"Unfortunately, i am unable to pay for my order Please look into it.",negative,payment
"Recently, i cannot login to my account Please look into it.",negative,login
"Today, the application is lagging badly I need assistance.",neutral,performance
The application crashes when I open my profile Please look into it.,negative,bug
I am having trouble because please add dark mode to the application Can you fix this?,positive,feature_request
"Today, my payment failed while placing the order Please look into it.",negative,payment
"Today, the password reset link is not working This happens repeatedly.",negative,login
"Recently, the navigation is difficult to understand Please help.",negative,ui
"For some reason, the text on the screen is too small Please look into it.",positive,ui
"Honestly, i cannot verify my account I need assistance.",negative,login
"Honestly, i am unable to access my account This happens repeatedly.",negative,login
"Today, the customer care representative was helpful This is frustrating.",negative,support
"Honestly, customer service was very helpful This is frustrating.",positive,support
"Honestly, i forgot my password and cannot sign in Can you fix this?",negative,login
"Honestly, the website response time is very poor Please look into it.",negative,performance
I noticed that the support team did not resolve my problem This is frustrating.,negative,support
"Recently, the customer care representative was helpful I need assistance.",negative,support
I noticed that the buttons are difficult to find Please help.,positive,ui
"Recently, login takes me back to the sign in page I need assistance.",negative,login
"Unfortunately, the login page is not working I need assistance.",negative,login
"Today, the password reset link is not working Can you fix this?",negative,login
I noticed that can you add fingerprint login Please help.,neutral,feature_request
"Today, it would be great to have a dark theme Please look into it.",positive,feature_request
I am having trouble because please add more payment methods Please help.,positive,feature_request
I cannot complete the payment Can you fix this?,neutral,payment
I have not received a response from support This is frustrating.,negative,support
"Recently, please add notifications for price changes Please help.",neutral,feature_request
I noticed that the interface needs improvement Can you fix this?,positive,ui
I am having trouble because the login page is not working Please look into it.,neutral,login
"Honestly, i cannot complete the payment Please look into it.",negative,payment
I noticed that the new interface looks clean This happens repeatedly.,positive,ui
"Recently, it would be great to have a dark theme Please look into it.",neutral,feature_request
"Unfortunately, my account login keeps failing Please look into it.",negative,login
"Today, i would like an option to download invoices Can you fix this?",neutral,feature_request
"Unfortunately, the application interface is easy to use This is frustrating.",positive,ui
"Recently, please add more payment methods",positive,feature_request
"Unfortunately, the colors and layout make the app easy to use This happens repeatedly.",positive,ui
"Recently, i cannot verify my account Please look into it.",negative,login
I noticed that something is broken in the application I need assistance.,negative,bug
"Honestly, the website is extremely slow today I need assistance.",negative,performance
I am having trouble because the notification is showing the wrong information This is frustrating.,negative,bug
"For some reason, the password reset link is not working Please help.",negative,login
"Honestly, the menu layout is confusing",negative,ui
"Recently, customer service was very helpful Can you fix this?",positive,support
The support staff were polite and professional Please help.,negative,support
The OTP is not arriving during login Please help.,negative,login
I am having trouble because the card payment keeps failing I need assistance.,negative,payment
"For some reason, the transaction was declined",neutral,payment
"Unfortunately, the login page is not working Please help.",negative,login
"Recently, the support staff were polite and professional Please help.",negative,support
I have not received a response from support Please help.,negative,support
"Today, i am unable to access my account Please help.",neutral,login
"Today, the website is extremely slow today Please look into it.",negative,performance
I cannot verify my account Can you fix this?,neutral,login
"Honestly, the text on the screen is too small I need assistance.",positive,ui
I am having trouble because the menu layout is confusing,neutral,ui
"Unfortunately, the support team did not resolve my problem Please help.",negative,support
"Unfortunately, the password reset link is not working This is frustrating.",negative,login
"Recently, it takes forever to open the dashboard I need assistance.",negative,performance
"Unfortunately, the application is very slow Please help.",negative,performance
I am having trouble because pages are loading slowly Can you fix this?,negative,performance
I am having trouble because the website is extremely slow today Please look into it.,negative,performance
"Unfortunately, the interface needs improvement This happens repeatedly.",negative,ui
"For some reason, the page becomes blank after clicking the button Can you fix this?",negative,bug
"For some reason, please add a filter for previous orders Can you fix this?",positive,feature_request
"Recently, the customer care representative was helpful Please help.",negative,support
"Unfortunately, i found a bug in the checkout process Please help.",negative,bug
"Unfortunately, the menu layout is confusing This happens repeatedly.",positive,ui
I noticed that the support team did not resolve my problem This happens repeatedly.,negative,support
Please add notifications for price changes This happens repeatedly.,neutral,feature_request
"Honestly, the password reset link is not working Please help.",negative,login
"Recently, i cannot login to my account This is frustrating.",negative,login
"For some reason, please add dark mode to the application Can you fix this?",neutral,feature_request
"Today, the dashboard looks great Please help.",positive,ui
I noticed that please add more payment methods This happens repeatedly.,neutral,feature_request
"Recently, the application interface is easy to use",positive,ui
"Recently, i cannot login to my account Can you fix this?",negative,login
"Unfortunately, my payment is stuck This happens repeatedly.",negative,payment
"Unfortunately, i was charged but the order was not placed This is frustrating.",negative,payment
The navigation is difficult to understand Can you fix this?,positive,ui
"Today, i am happy with the assistance I received I need assistance.",positive,support
I am having trouble because it would be useful to have a wishlist This happens repeatedly.,neutral,feature_request
"Unfortunately, the transaction was declined Can you fix this?",negative,payment
"For some reason, the support staff were polite and professional This happens repeatedly.",positive,support
I noticed that i cannot login to my account This is frustrating.,negative,login
I am having trouble because i would like to schedule deliveries,neutral,feature_request
"Today, the menu layout is confusing Can you fix this?",neutral,ui
"Unfortunately, the app takes too long to load",negative,performance
I noticed that i forgot my password and cannot sign in I need assistance.,negative,login
"Recently, the support team solved my issue quickly Please help.",positive,support
"Recently, i would like to schedule deliveries Please help.",neutral,feature_request
"Today, the search results are incorrect This happens repeatedly.",negative,bug
"Honestly, the support team did not resolve my problem Please help.",positive,support
"Honestly, i was charged but the order was not placed I need assistance.",negative,payment
Support took too long to respond I need assistance.,neutral,support
I noticed that i am unable to pay for my order I need assistance.,negative,payment
"Honestly, please add a filter for previous orders I need assistance.",neutral,feature_request
"Recently, nobody from customer support has contacted me This is frustrating.",negative,support
"Honestly, the password reset link is not working Can you fix this?",negative,login
I forgot my password and cannot sign in,negative,login
I noticed that the navigation is difficult to understand Please help.,negative,ui
"Recently, the text on the screen is too small Please help.",neutral,ui
"Honestly, i cannot verify my account This is frustrating.",negative,login
I noticed that the customer care representative was helpful Please look into it.,positive,support
"Today, my payment failed while placing the order Can you fix this?",negative,payment
I am having trouble because please provide an option to change the language This is frustrating.,neutral,feature_request
I noticed that please add more payment methods This is frustrating.,neutral,feature_request
"For some reason, my payment failed while placing the order This happens repeatedly.",negative,payment
I am having trouble because the search results are incorrect Please look into it.,negative,bug
I noticed that the login page is not working Can you fix this?,negative,login
"Honestly, my payment failed while placing the order Please look into it.",negative,payment
I noticed that the app crashes whenever I upload a file Please help.,neutral,bug
"For some reason, i have not received a response from support I need assistance.",negative,support
I noticed that the buttons are difficult to find This happens repeatedly.,positive,ui
The new interface looks clean Please help.,negative,ui
"Recently, my account login keeps failing This happens repeatedly.",negative,login
I noticed that the transaction was declined Please look into it.,negative,payment
"Honestly, the website response time is very poor Please help.",negative,performance
"Today, my payment failed while placing the order",negative,payment
I am having trouble because i forgot my password and cannot sign in Can you fix this?,negative,login
I noticed that the app crashes whenever I upload a file Can you fix this?,negative,bug
I noticed that the notification is showing the wrong information,negative,bug
"Today, the search results are incorrect Can you fix this?",negative,bug
"Honestly, the support staff were polite and professional",negative,support
I am having trouble because the order status is displaying incorrectly,negative,bug
"Unfortunately, it would be great to have a dark theme This is frustrating.",neutral,feature_request
"For some reason, i would like an option to download invoices Please look into it.",positive,feature_request
"Recently, i am unable to access my account This is frustrating.",neutral,login
I am having trouble because login takes me back to the sign in page Can you fix this?,negative,login
I noticed that money was deducted but the payment failed This is frustrating.,neutral,payment
"For some reason, the new interface looks clean Please help.",negative,ui
"Honestly, the buttons are difficult to find Can you fix this?",negative,ui
"Honestly, the application crashes when I open my profile This is frustrating.",negative,bug
I am having trouble because the transaction was declined This is frustrating.,negative,payment
I am unable to pay for my order Can you fix this?,negative,payment
I am having trouble because the support team solved my issue quickly I need assistance.,negative,support
"Today, the notification is showing the wrong information",negative,bug
"Unfortunately, i am happy with the assistance I received This is frustrating.",negative,support
I am having trouble because the order status is displaying incorrectly Please look into it.,negative,bug
"For some reason, i am happy with the assistance I received Can you fix this?",positive,support
Login takes me back to the sign in page Can you fix this?,negative,login
"Honestly, please add notifications for price changes This is frustrating.",neutral,feature_request
"Unfortunately, the buttons are difficult to find This is frustrating.",neutral,ui
"Today, the support team solved my issue quickly This happens repeatedly.",negative,support
"Recently, the text on the screen is too small",negative,ui
"Unfortunately, the website response time is very poor Please help.",negative,performance
I noticed that support took too long to respond Can you fix this?,negative,support
I am having trouble because the application freezes frequently Can you fix this?,neutral,performance
I noticed that the dashboard looks great This happens repeatedly.,positive,ui
I noticed that customer service was very helpful I need assistance.,negative,support
"Unfortunately, i forgot my password and cannot sign in Can you fix this?",negative,login
"Unfortunately, the application interface is easy to use Please help.",positive,ui
I found a bug in the checkout process Can you fix this?,negative,bug
"For some reason, the order status is displaying incorrectly This happens repeatedly.",negative,bug
"For some reason, it would be great to have a dark theme",positive,feature_request
"Honestly, the card payment keeps failing Can you fix this?",negative,payment
"Honestly, i am unable to pay for my order Please look into it.",negative,payment
"Recently, i was charged but the order was not placed",negative,payment
"Recently, the OTP is not arriving during login Please help.",negative,login
"For some reason, the card payment keeps failing This happens repeatedly.",negative,payment
"Today, the website is extremely slow today",negative,performance
"Honestly, i cannot login to my account This happens repeatedly.",negative,login
I noticed that i cannot verify my account Please help.,negative,login
"Today, customer service was very helpful Please look into it.",negative,support
I am having trouble because the application is lagging badly This is frustrating.,negative,performance
I am having trouble because please provide an option to change the language Please help.,neutral,feature_request
"Recently, the design is simple and user friendly Please help.",negative,ui
"For some reason, the application is lagging badly Please help.",negative,performance
I noticed that please add a filter for previous orders,positive,feature_request
I noticed that uPI payment is not going through This is frustrating.,negative,payment
Money was deducted but the payment failed This happens repeatedly.,negative,payment
"Recently, it would be useful to have a wishlist",neutral,feature_request
"Today, the buttons are difficult to find This is frustrating.",negative,ui
"Honestly, i cannot verify my account Can you fix this?",negative,login
Money was deducted but the payment failed Can you fix this?,neutral,payment
"For some reason, the support team did not resolve my problem Please look into it.",negative,support
I noticed that the website response time is very poor I need assistance.,negative,performance
"Recently, the OTP is not arriving during login Can you fix this?",negative,login
The page becomes blank after clicking the button This is frustrating.,negative,bug
"Recently, my payment is stuck This happens repeatedly.",negative,payment
I noticed that please add dark mode to the application This happens repeatedly.,neutral,feature_request
Please add notifications for price changes Can you fix this?,neutral,feature_request
"For some reason, the application closes unexpectedly Can you fix this?",negative,bug
"Unfortunately, the password reset link is not working This happens repeatedly.",negative,login
"Unfortunately, my payment failed while placing the order This happens repeatedly.",negative,payment
I am having trouble because i cannot login to my account This is frustrating.,neutral,login
I am having trouble because the payment page shows an error This happens repeatedly.,negative,payment
"Unfortunately, i cannot login to my account This is frustrating.",negative,login
"For some reason, the notification is showing the wrong information This is frustrating.",negative,bug
"Unfortunately, the new interface looks clean I need assistance.",positive,ui
"For some reason, i have not received a response from support",negative,support
"Recently, the buttons are difficult to find This is frustrating.",neutral,ui
I am having trouble because i am happy with the assistance I received This is frustrating.,positive,support
"Honestly, i am unable to access my account Can you fix this?",neutral,login
"Today, i was charged but the order was not placed",neutral,payment
The login page is not working Can you fix this?,negative,login
"Unfortunately, please add notifications for price changes Please help.",neutral,feature_request
"Recently, the support team solved my issue quickly",negative,support
"Honestly, the support team solved my issue quickly I need assistance.",negative,support
"Recently, the login page is not working Can you fix this?",negative,login
The support experience was disappointing This happens repeatedly.,negative,support
I noticed that can you add fingerprint login Can you fix this?,neutral,feature_request
"Honestly, the login page is not working I need assistance.",negative,login
"Unfortunately, the OTP is not arriving during login Can you fix this?",negative,login
I noticed that i would like to schedule deliveries,neutral,feature_request
"For some reason, the app shows an error after checkout Please look into it.",negative,bug
I noticed that it would be great to have a dark theme Please help.,neutral,feature_request
"Honestly, please provide an option to change the language This is frustrating.",neutral,feature_request
I noticed that the navigation is difficult to understand I need assistance.,negative,ui
"Honestly, the support team did not resolve my problem This is frustrating.",neutral,support
I noticed that the app takes too long to load Can you fix this?,negative,performance
I am having trouble because it would be useful to have a wishlist,neutral,feature_request
"Honestly, the app shows an error after checkout Please help.",negative,bug
I noticed that i was charged but the order was not placed Please look into it.,negative,payment
"For some reason, the colors and layout make the app easy to use Please look into it.",negative,ui
"Recently, the payment page shows an error This happens repeatedly.",negative,payment
"For some reason, the page becomes blank after clicking the button",neutral,bug
I noticed that the application closes unexpectedly Can you fix this?,neutral,bug
"Recently, the app crashes whenever I upload a file This happens repeatedly.",negative,bug
"Unfortunately, the page becomes blank after clicking the button Can you fix this?",negative,bug
"Today, the support team did not resolve my problem Can you fix this?",negative,support
I am having trouble because i am unable to pay for my order,negative,payment
"For some reason, please add more payment methods Please help.",neutral,feature_request
"Recently, it takes forever to open the dashboard Please help.",negative,performance
"Honestly, the dashboard looks great I need assistance.",positive,ui
"For some reason, the support team solved my issue quickly This is frustrating.",negative,support
"For some reason, the application interface is easy to use Please help.",negative,ui
"Today, the search results are incorrect This happens repeatedly.",negative,bug
I noticed that nobody from customer support has contacted me,negative,support
"Honestly, the text on the screen is too small Please help.",positive,ui
Please add notifications for price changes Can you fix this?,neutral,feature_request
"Today, the app becomes slow during checkout This is frustrating.",negative,performance
"Today, the menu layout is confusing This is frustrating.",neutral,ui
"Recently, please add notifications for price changes Can you fix this?",neutral,feature_request
"Honestly, my payment is stuck Please help.",negative,payment
"Honestly, the order status is displaying incorrectly This happens repeatedly.",negative,bug
I am having trouble because my payment is stuck This happens repeatedly.,negative,payment
"For some reason, the application is lagging badly This happens repeatedly.",negative,performance
"Recently, the OTP is not arriving during login Please look into it.",negative,login
"Honestly, the password reset link is not working",negative,login
I am having trouble because the new interface looks clean This happens repeatedly.,negative,ui
"Honestly, the transaction was declined Please help.",negative,payment
"Honestly, i cannot login to my account Please help.",negative,login
"Recently, i have not received a response from support Can you fix this?",neutral,support
Please add a filter for previous orders Please help.,neutral,feature_request
"Today, uPI payment is not going through This is frustrating.",negative,payment
"Unfortunately, the app becomes slow during checkout Please look into it.",negative,performance
"Honestly, the password reset link is not working Please help.",negative,login
"Unfortunately, every screen takes a long time to open Please help.",negative,performance
I am having trouble because please add more payment methods Please help.,neutral,feature_request
"Unfortunately, i found a bug in the checkout process I need assistance.",negative,bug
I noticed that the support team solved my issue quickly Please help.,negative,support
I found a bug in the checkout process This is frustrating.,negative,bug
"Recently, my account login keeps failing This is frustrating.",negative,login
I noticed that the app becomes slow during checkout I need assistance.,negative,performance
"For some reason, the design is simple and user friendly Please help.",positive,ui
"Recently, the support team solved my issue quickly This happens repeatedly.",positive,support
"Recently, the login page is not working This is frustrating.",negative,login
I noticed that the support team did not resolve my problem This happens repeatedly.,negative,support
I noticed that can you add fingerprint login,neutral,feature_request
It would be great to have a dark theme This happens repeatedly.,neutral,feature_request
"Unfortunately, it would be great to have a dark theme This happens repeatedly.",positive,feature_request
I noticed that i forgot my password and cannot sign in Please help.,negative,login
I am having trouble because the app takes too long to load Please look into it.,negative,performance
"For some reason, customer service was very helpful Can you fix this?",negative,support
"For some reason, the support staff were polite and professional Please look into it.",positive,support
"Recently, the payment page shows an error This is frustrating.",negative,payment
I am having trouble because the application crashes when I open my profile This is frustrating.,negative,bug
The support team solved my issue quickly Please look into it.,negative,support
I noticed that login takes me back to the sign in page This happens repeatedly.,negative,login
The page becomes blank after clicking the button Please help.,negative,bug
"Today, i am happy with the assistance I received This happens repeatedly.",negative,support
The menu layout is confusing Please look into it.,negative,ui
"Unfortunately, the interface needs improvement I need assistance.",negative,ui
I noticed that support took too long to respond Please help.,positive,support
"Recently, the new interface looks clean Please look into it.",positive,ui
I am having trouble because i am happy with the assistance I received Please look into it.,positive,support
"Unfortunately, the page becomes blank after clicking the button",negative,bug
I noticed that uPI payment is not going through This happens repeatedly.,neutral,payment
"Today, please add dark mode to the application Can you fix this?",neutral,feature_request
"For some reason, please add notifications for price changes",neutral,feature_request
"Recently, i was charged but the order was not placed This is frustrating.",negative,payment
"Recently, pages are loading slowly",negative,performance
"Recently, the order status is displaying incorrectly Can you fix this?",neutral,bug
"Recently, the support experience was disappointing I need assistance.",positive,support
The app crashes whenever I upload a file,negative,bug
"Today, the application is lagging badly This happens repeatedly.",neutral,performance
It would be great to have a dark theme This happens repeatedly.,neutral,feature_request
I am having trouble because i am happy with the assistance I received Can you fix this?,negative,support
I noticed that the support staff were polite and professional This happens repeatedly.,neutral,support
"Unfortunately, i cannot verify my account This happens repeatedly.",negative,login
"Honestly, the application crashes when I open my profile This happens repeatedly.",negative,bug
"Unfortunately, it takes forever to open the dashboard Please help.",negative,performance
"Recently, the application is very slow Can you fix this?",negative,performance
"Honestly, the new interface looks clean This happens repeatedly.",negative,ui
"Recently, i found a bug in the checkout process This happens repeatedly.",negative,bug
"For some reason, i found a bug in the checkout process This is frustrating.",negative,bug
"For some reason, the website response time is very poor Can you fix this?",negative,performance
"Unfortunately, please add a filter for previous orders Please look into it.",positive,feature_request
"Honestly, please add a filter for previous orders I need assistance.",positive,feature_request
"Honestly, login takes me back to the sign in page Can you fix this?",negative,login
"Unfortunately, the support team solved my issue quickly Please help.",positive,support
"Today, i would like an option to download invoices This is frustrating.",neutral,feature_request
"Honestly, pages are loading slowly Can you fix this?",negative,performance
"Recently, the customer care representative was helpful Please look into it.",neutral,support
"Recently, the support team solved my issue quickly This is frustrating.",neutral,support
"Today, the design is simple and user friendly Please help.",negative,ui
The payment page shows an error This is frustrating.,neutral,payment
I noticed that the app takes too long to load Please look into it.,negative,performance
"Today, the customer care representative was helpful Can you fix this?",negative,support
I am having trouble because i was charged but the order was not placed This happens repeatedly.,negative,payment
"Unfortunately, something is broken in the application Please look into it.",negative,bug
"Unfortunately, the navigation is difficult to understand Please look into it.",neutral,ui
The customer care representative was helpful,negative,support
"Today, i am happy with the assistance I received This happens repeatedly.",positive,support
"Honestly, i cannot verify my account Please look into it.",negative,login
"For some reason, i am unable to access my account Please look into it.",negative,login
I cannot verify my account I need assistance.,negative,login
"Honestly, the page becomes blank after clicking the button",negative,bug
I noticed that the app crashes whenever I upload a file Please look into it.,negative,bug
I am having trouble because the menu layout is confusing This happens repeatedly.,positive,ui
"Unfortunately, the app becomes slow during checkout I need assistance.",negative,performance
"Recently, the application crashes when I open my profile Can you fix this?",negative,bug
"Today, the OTP is not arriving during login This happens repeatedly.",negative,login
"Unfortunately, the application freezes frequently This is frustrating.",negative,performance
"Recently, i am unable to access my account Please help.",negative,login
"Honestly, the support staff were polite and professional Please help.",positive,support
"Today, the support staff were polite and professional This is frustrating.",positive,support
"For some reason, the transaction was declined This happens repeatedly.",negative,payment
I am having trouble because my payment failed while placing the order Please look into it.,negative,payment
"Honestly, pages are loading slowly",negative,performance
I am having trouble because i have not received a response from support Please look into it.,positive,support
"Today, i have not received a response from support Please look into it.",positive,support
I noticed that the support staff were polite and professional This happens repeatedly.,positive,support
"For some reason, the transaction was declined I need assistance.",negative,payment
I noticed that please add dark mode to the application This happens repeatedly.,neutral,feature_request
The card payment keeps failing This happens repeatedly.,negative,payment
I cannot complete the payment Please help.,negative,payment
I noticed that i would like to schedule deliveries Please help.,neutral,feature_request
I am having trouble because the application crashes when I open my profile This happens repeatedly.,negative,bug
"Honestly, the new interface looks clean This happens repeatedly.",positive,ui
"Today, my account login keeps failing This happens repeatedly.",negative,login
I noticed that the support staff were polite and professional I need assistance.,positive,support
The application crashes when I open my profile,negative,bug
"Unfortunately, i would like an option to download invoices This is frustrating.",neutral,feature_request
"Recently, uPI payment is not going through I need assistance.",negative,payment
"Unfortunately, the app takes too long to load Please look into it.",negative,performance
I noticed that i was charged but the order was not placed,negative,payment
"For some reason, the application crashes when I open my profile",negative,bug
"Recently, login takes me back to the sign in page This happens repeatedly.",negative,login
"Unfortunately, i forgot my password and cannot sign in Please look into it.",neutral,login
The text on the screen is too small I need assistance.,positive,ui
"Honestly, the order status is displaying incorrectly This is frustrating.",negative,bug
I noticed that my account login keeps failing,negative,login
I am having trouble because the login page is not working Please look into it.,negative,login
"For some reason, the support team solved my issue quickly",neutral,support
"Recently, i have not received a response from support",positive,support
"Unfortunately, please add notifications for price changes Can you fix this?",positive,feature_request
"Today, the order status is displaying incorrectly Please look into it.",negative,bug
I noticed that the support team solved my issue quickly This is frustrating.,positive,support
I noticed that my account login keeps failing Please help.,negative,login
"Unfortunately, the transaction was declined This is frustrating.",neutral,payment
"Recently, can you add fingerprint login Please help.",neutral,feature_request
"Recently, it takes forever to open the dashboard This is frustrating.",negative,performance
"Recently, i cannot verify my account I need assistance.",negative,login
"For some reason, can you add fingerprint login This happens repeatedly.",neutral,feature_request
"Today, the app becomes slow during checkout Please help.",negative,performance
The app takes too long to load This is frustrating.,negative,performance
"Unfortunately, my payment is stuck This happens repeatedly.",negative,payment
I noticed that please add a filter for previous orders Please help.,neutral,feature_request
"Unfortunately, i cannot verify my account",negative,login
"Unfortunately, money was deducted but the payment failed",negative,payment
"Unfortunately, i forgot my password and cannot sign in I need assistance.",negative,login
"For some reason, i would like to schedule deliveries Please look into it.",neutral,feature_request
The OTP is not arriving during login Please look into it.,negative,login
The transaction was declined I need assistance.,negative,payment
The application crashes when I open my profile This is frustrating.,neutral,bug
"Today, i am happy with the assistance I received This happens repeatedly.",positive,support
"Unfortunately, the login page is not working Please help.",negative,login
"Honestly, it would be useful to have a wishlist I need assistance.",neutral,feature_request
"Recently, the page becomes blank after clicking the button I need assistance.",negative,bug
"Honestly, can you add fingerprint login I need assistance.",neutral,feature_request
"For some reason, the app becomes slow during checkout",negative,performance
"Today, the support experience was disappointing This is frustrating.",negative,support
I am having trouble because the app logs me out whenever I try to sign in Please help.,negative,login
I am having trouble because the notification is showing the wrong information I need assistance.,negative,bug
"Unfortunately, the app shows an error after checkout This is frustrating.",negative,bug
"Today, i cannot login to my account Can you fix this?",negative,login
Please provide an option to change the language This happens repeatedly.,neutral,feature_request
I noticed that please add more payment methods This is frustrating.,neutral,feature_request
"Unfortunately, i was charged but the order was not placed This is frustrating.",negative,payment
I am happy with the assistance I received I need assistance.,positive,support
"For some reason, i forgot my password and cannot sign in Can you fix this?",negative,login
Can you add fingerprint login Please help.,neutral,feature_request
"For some reason, the application closes unexpectedly This happens repeatedly.",negative,bug
The app logs me out whenever I try to sign in Please look into it.,negative,login
"Unfortunately, it would be useful to have a wishlist I need assistance.",neutral,feature_request
"Recently, the application freezes frequently I need assistance.",neutral,performance
"Recently, please add more payment methods Please look into it.",neutral,feature_request
"Today, the password reset link is not working Please look into it.",negative,login
"Honestly, something is broken in the application I need assistance.",negative,bug
"Honestly, the support team did not resolve my problem Can you fix this?",negative,support
I forgot my password and cannot sign in This happens repeatedly.,negative,login
"Recently, the app shows an error after checkout Please help.",negative,bug
"For some reason, the new interface looks clean I need assistance.",positive,ui
I noticed that the application is lagging badly Can you fix this?,negative,performance
"For some reason, the login page is not working This happens repeatedly.",negative,login
"Today, i am happy with the assistance I received This is frustrating.",positive,support
I noticed that customer service was very helpful This is frustrating.,negative,support
I noticed that my payment failed while placing the order Please help.,neutral,payment
I am having trouble because the application crashes when I open my profile This happens repeatedly.,negative,bug
"Unfortunately, the app becomes slow during checkout Please look into it.",negative,performance
"Today, the application is lagging badly This is frustrating.",negative,performance
"Today, money was deducted but the payment failed I need assistance.",negative,payment
"Today, the application is lagging badly I need assistance.",negative,performance
I noticed that the support staff were polite and professional,negative,support
I am having trouble because it would be great to have a dark theme Please look into it.,neutral,feature_request
"Unfortunately, i am happy with the assistance I received Please look into it.",negative,support
I am having trouble because it takes forever to open the dashboard Please look into it.,neutral,performance
I am having trouble because i have not received a response from support Please look into it.,positive,support
"Unfortunately, i would like to schedule deliveries Please help.",positive,feature_request
I noticed that i cannot login to my account,negative,login
"Today, i would like an option to download invoices I need assistance.",neutral,feature_request
"For some reason, the OTP is not arriving during login Please look into it.",negative,login
"Recently, i am unable to access my account",negative,login
"Unfortunately, the support team did not resolve my problem Can you fix this?",positive,support
"Today, my payment failed while placing the order This is frustrating.",negative,payment
I am having trouble because the new interface looks clean,positive,ui
"Recently, the menu layout is confusing Can you fix this?",neutral,ui
"Honestly, i cannot login to my account Can you fix this?",negative,login
"Today, please add dark mode to the application",neutral,feature_request
"Unfortunately, the application is lagging badly Can you fix this?",negative,performance
"Unfortunately, the interface needs improvement This happens repeatedly.",neutral,ui
I noticed that i cannot login to my account I need assistance.,negative,login
"Honestly, the page becomes blank after clicking the button Please help.",negative,bug
I noticed that the page becomes blank after clicking the button I need assistance.,negative,bug
I noticed that it would be great to have a dark theme This is frustrating.,neutral,feature_request
I noticed that money was deducted but the payment failed,negative,payment
"For some reason, i have not received a response from support I need assistance.",negative,support
"Honestly, uPI payment is not going through This is frustrating.",negative,payment
The login page is not working,negative,login
"Recently, i was charged but the order was not placed",negative,payment
I noticed that login takes me back to the sign in page This happens repeatedly.,negative,login
The colors and layout make the app easy to use This is frustrating.,positive,ui
"Unfortunately, the website is extremely slow today Please help.",negative,performance
The login page is not working I need assistance.,negative,login
The transaction was declined,negative,payment
"Unfortunately, the order status is displaying incorrectly Please look into it.",negative,bug
"Recently, the colors and layout make the app easy to use",positive,ui
"Honestly, the card payment keeps failing",negative,payment
"Honestly, the colors and layout make the app easy to use This happens repeatedly.",negative,ui
I noticed that the support team did not resolve my problem This happens repeatedly.,negative,support
"Honestly, the payment page shows an error I need assistance.",negative,payment
"Recently, it takes forever to open the dashboard I need assistance.",negative,performance
The website response time is very poor Please help.,negative,performance
I am having trouble because the OTP is not arriving during login This is frustrating.,neutral,login
I am having trouble because the application freezes frequently,negative,performance
"For some reason, the application is very slow Please look into it.",negative,performance
"Today, the support experience was disappointing This happens repeatedly.",negative,support
"Today, support took too long to respond",positive,support
I noticed that login takes me back to the sign in page Please help.,negative,login
"Recently, the colors and layout make the app easy to use This is frustrating.",negative,ui
"Unfortunately, the application is lagging badly This is frustrating.",negative,performance
"For some reason, the application is very slow This happens repeatedly.",negative,performance
I noticed that the application closes unexpectedly Please help.,negative,bug
"Unfortunately, the buttons are difficult to find This is frustrating.",positive,ui
"Honestly, the search results are incorrect This happens repeatedly.",negative,bug
Please add notifications for price changes Please help.,neutral,feature_request
The application crashes when I open my profile,negative,bug
"For some reason, the support experience was disappointing Please look into it.",neutral,support
Money was deducted but the payment failed Can you fix this?,negative,payment
"Recently, the page becomes blank after clicking the button I need assistance.",negative,bug
"Recently, the application interface is easy to use I need assistance.",positive,ui
"Unfortunately, the card payment keeps failing This happens repeatedly.",negative,payment
"Honestly, the card payment keeps failing This is frustrating.",negative,payment
"Recently, pages are loading slowly I need assistance.",negative,performance
"Honestly, the application is lagging badly This is frustrating.",negative,performance
"For some reason, i was charged but the order was not placed This happens repeatedly.",negative,payment
"Recently, the search results are incorrect Can you fix this?",negative,bug
The login page is not working This happens repeatedly.,negative,login
"Honestly, the application is lagging badly",negative,performance
"Recently, the interface needs improvement Can you fix this?",negative,ui
"Today, the application closes unexpectedly Please look into it.",negative,bug
"Today, the support team solved my issue quickly Please look into it.",positive,support
I am having trouble because the text on the screen is too small This is frustrating.,negative,ui
I am having trouble because the login page is not working This is frustrating.,negative,login
"For some reason, i cannot complete the payment This happens repeatedly.",negative,payment
"Unfortunately, the app crashes whenever I upload a file",negative,bug
The new interface looks clean Please help.,negative,ui
I noticed that the interface needs improvement Can you fix this?,neutral,ui
I am having trouble because i have not received a response from support,negative,support
I am having trouble because i would like to schedule deliveries This is frustrating.,positive,feature_request
"For some reason, the website is extremely slow today",neutral,performance
"Honestly, the application closes unexpectedly I need assistance.",negative,bug
I noticed that the support team did not resolve my problem,negative,support
"Unfortunately, the card payment keeps failing Please look into it.",negative,payment
"Honestly, the app shows an error after checkout I need assistance.",negative,bug
I noticed that the new interface looks clean Please help.,negative,ui
I noticed that i am unable to access my account This is frustrating.,negative,login
I am having trouble because the text on the screen is too small This is frustrating.,negative,ui
"For some reason, pages are loading slowly",negative,performance
"For some reason, money was deducted but the payment failed Please look into it.",negative,payment
Support took too long to respond Please help.,negative,support
"Recently, the application is lagging badly",negative,performance
"Honestly, the application is very slow",negative,performance
"Honestly, the interface needs improvement Please look into it.",neutral,ui
"Today, i cannot complete the payment Can you fix this?",negative,payment
"Recently, the OTP is not arriving during login This happens repeatedly.",negative,login
"Honestly, it takes forever to open the dashboard Please help.",negative,performance
I am having trouble because i found a bug in the checkout process This happens repeatedly.,negative,bug
"Honestly, i cannot complete the payment Please look into it.",negative,payment
"For some reason, the card payment keeps failing Please help.",negative,payment
I noticed that the dashboard looks great This happens repeatedly.,negative,ui
"Honestly, the page becomes blank after clicking the button Please look into it.",negative,bug
"Honestly, the support staff were polite and professional This happens repeatedly.",neutral,support
"Honestly, i am unable to access my account I need assistance.",negative,login
I am having trouble because the interface needs improvement This is frustrating.,negative,ui
"For some reason, the order status is displaying incorrectly Can you fix this?",negative,bug
"Recently, the website is extremely slow today This happens repeatedly.",negative,performance
I noticed that the app logs me out whenever I try to sign in Can you fix this?,negative,login
I am unable to pay for my order,negative,payment
"Honestly, my payment is stuck This is frustrating.",negative,payment
"Honestly, the application freezes frequently",negative,performance
I noticed that the website response time is very poor This is frustrating.,negative,performance
"Recently, the app takes too long to load",negative,performance
I noticed that it takes forever to open the dashboard,negative,performance
"For some reason, the buttons are difficult to find Please help.",neutral,ui
"Unfortunately, the application freezes frequently",neutral,performance
"Honestly, the support team did not resolve my problem I need assistance.",positive,support
"Honestly, login takes me back to the sign in page Please help.",negative,login
"Honestly, i cannot complete the payment This happens repeatedly.",negative,payment
I am having trouble because the application closes unexpectedly Can you fix this?,negative,bug
I am having trouble because the transaction was declined This happens repeatedly.,negative,payment
I am having trouble because the notification is showing the wrong information Please look into it.,negative,bug
"Honestly, the order status is displaying incorrectly This happens repeatedly.",negative,bug
"Recently, the application freezes frequently Can you fix this?",negative,performance
I noticed that i would like an option to download invoices Please help.,neutral,feature_request
"For some reason, the support experience was disappointing This is frustrating.",negative,support
"Recently, the app takes too long to load",negative,performance
"Today, the website response time is very poor Please help.",neutral,performance
I noticed that the OTP is not arriving during login Can you fix this?,negative,login
I noticed that the buttons are difficult to find This happens repeatedly.,positive,ui
I noticed that i cannot login to my account Please look into it.,negative,login
"For some reason, please add dark mode to the application Can you fix this?",neutral,feature_request
I noticed that every screen takes a long time to open This is frustrating.,negative,performance
It would be great to have a dark theme This is frustrating.,neutral,feature_request
I would like to schedule deliveries,neutral,feature_request
"Recently, i cannot login to my account Please look into it.",negative,login
"Honestly, please add dark mode to the application Can you fix this?",neutral,feature_request
I noticed that the application crashes when I open my profile This is frustrating.,negative,bug
"Unfortunately, the payment page shows an error This happens repeatedly.",negative,payment
"For some reason, support took too long to respond I need assistance.",negative,support
"Unfortunately, the app crashes whenever I upload a file This happens repeatedly.",negative,bug
I am having trouble because please add a filter for previous orders Please look into it.,neutral,feature_request
I noticed that the password reset link is not working Can you fix this?,negative,login
I noticed that the colors and layout make the app easy to use Can you fix this?,neutral,ui
"Unfortunately, the search results are incorrect Please help.",negative,bug
"For some reason, the application closes unexpectedly Please look into it.",negative,bug
"Recently, the app crashes whenever I upload a file This happens repeatedly.",neutral,bug
"Honestly, the password reset link is not working This is frustrating.",negative,login
"Today, please provide an option to change the language Please help.",neutral,feature_request
"Honestly, please add dark mode to the application Can you fix this?",positive,feature_request
I noticed that customer service was very helpful This is frustrating.,positive,support
"For some reason, the app logs me out whenever I try to sign in I need assistance.",neutral,login
The menu layout is confusing I need assistance.,negative,ui
"Unfortunately, the notification is showing the wrong information Can you fix this?",negative,bug
"Unfortunately, i would like an option to download invoices Please look into it.",neutral,feature_request
"Today, something is broken in the application This happens repeatedly.",negative,bug
"Recently, please add more payment methods Please look into it.",positive,feature_request
"Honestly, the website response time is very poor",negative,performance
"Today, the app becomes slow during checkout Please look into it.",negative,performance
"Honestly, the support staff were polite and professional",positive,support
"Recently, the customer care representative was helpful This happens repeatedly.",negative,support
"Unfortunately, i forgot my password and cannot sign in I need assistance.",neutral,login
I noticed that the app becomes slow during checkout I need assistance.,neutral,performance
"Honestly, the support team did not resolve my problem",neutral,support
I noticed that the app crashes whenever I upload a file This is frustrating.,negative,bug
"For some reason, the support team solved my issue quickly Please help.",positive,support
"Today, i have not received a response from support This is frustrating.",negative,support
"Unfortunately, i am unable to pay for my order This is frustrating.",negative,payment
I noticed that the password reset link is not working,negative,login
"For some reason, my payment is stuck",negative,payment
I am having trouble because please add dark mode to the application I need assistance.,positive,feature_request
"Unfortunately, the application closes unexpectedly I need assistance.",neutral,bug
"For some reason, the OTP is not arriving during login Can you fix this?",negative,login
I am having trouble because the card payment keeps failing This is frustrating.,negative,payment
"Today, the app logs me out whenever I try to sign in This happens repeatedly.",negative,login
"For some reason, the text on the screen is too small This happens repeatedly.",negative,ui
Please add dark mode to the application Please help.,neutral,feature_request
"Honestly, the login page is not working Please help.",negative,login
"Today, i cannot login to my account Please look into it.",negative,login
I noticed that i cannot verify my account This happens repeatedly.,negative,login
"Today, the navigation is difficult to understand This happens repeatedly.",positive,ui
"Today, the page becomes blank after clicking the button Please help.",negative,bug
"For some reason, i cannot login to my account This is frustrating.",negative,login
I noticed that please add notifications for price changes I need assistance.,positive,feature_request
"Recently, the colors and layout make the app easy to use This happens repeatedly.",positive,ui
"Unfortunately, the colors and layout make the app easy to use Can you fix this?",positive,ui
"Today, my payment is stuck Please look into it.",negative,payment
"Today, the transaction was declined Can you fix this?",negative,payment
"Honestly, the OTP is not arriving during login Can you fix this?",negative,login
The interface needs improvement Please look into it.,negative,ui
I noticed that the support staff were polite and professional Please look into it.,negative,support
"Recently, the customer care representative was helpful I need assistance.",neutral,support
"For some reason, i forgot my password and cannot sign in Can you fix this?",negative,login
I noticed that the app logs me out whenever I try to sign in I need assistance.,negative,login
"For some reason, the app takes too long to load This is frustrating.",negative,performance
The app takes too long to load This happens repeatedly.,negative,performance
I am unable to access my account Please help.,negative,login
"Unfortunately, i am happy with the assistance I received Please help.",positive,support
"Unfortunately, my payment is stuck Please look into it.",negative,payment
"Recently, the text on the screen is too small Please help.",negative,ui
I am having trouble because the support staff were polite and professional Please look into it.,negative,support
"Honestly, the application interface is easy to use Can you fix this?",positive,ui
"For some reason, the support team solved my issue quickly Can you fix this?",negative,support
"For some reason, i am unable to pay for my order This happens repeatedly.",negative,payment
"Unfortunately, the transaction was declined This happens repeatedly.",negative,payment
I am having trouble because i cannot complete the payment,negative,payment
"For some reason, the page becomes blank after clicking the button This happens repeatedly.",negative,bug
The website is extremely slow today This happens repeatedly.,negative,performance
I am having trouble because the application freezes frequently This is frustrating.,neutral,performance
I noticed that the navigation is difficult to understand Please help.,neutral,ui
I noticed that i cannot login to my account This happens repeatedly.,negative,login
I am unable to pay for my order This happens repeatedly.,negative,payment
"Honestly, the password reset link is not working I need assistance.",negative,login
"Honestly, i would like to schedule deliveries Can you fix this?",neutral,feature_request
"Honestly, the design is simple and user friendly Can you fix this?",neutral,ui
I am having trouble because i am unable to access my account This is frustrating.,negative,login
The search results are incorrect Please look into it.,negative,bug
"Today, the colors and layout make the app easy to use",positive,ui
"Today, i cannot complete the payment This happens repeatedly.",negative,payment
"Today, pages are loading slowly Please help.",negative,performance
"Honestly, my payment is stuck This happens repeatedly.",negative,payment
The customer care representative was helpful This happens repeatedly.,neutral,support
"Today, please add a filter for previous orders",neutral,feature_request
"For some reason, i would like an option to download invoices I need assistance.",neutral,feature_request
"Honestly, the page becomes blank after clicking the button This happens repeatedly.",negative,bug
I am having trouble because i cannot complete the payment This happens repeatedly.,negative,payment
Please add more payment methods This is frustrating.,neutral,feature_request
I noticed that the search results are incorrect This is frustrating.,neutral,bug
I am having trouble because the colors and layout make the app easy to use I need assistance.,negative,ui
"Honestly, it would be useful to have a wishlist Can you fix this?",neutral,feature_request
I am having trouble because i would like to schedule deliveries Please look into it.,neutral,feature_request
"For some reason, support took too long to respond Can you fix this?",positive,support
"Honestly, i cannot verify my account Can you fix this?",negative,login
"Today, i am happy with the assistance I received Please help.",negative,support
I noticed that can you add fingerprint login,neutral,feature_request
"Today, the interface needs improvement This happens repeatedly.",neutral,ui
"Honestly, the website is extremely slow today Please look into it.",negative,performance
The search results are incorrect Please help.,negative,bug
The customer care representative was helpful Can you fix this?,negative,support
"For some reason, customer service was very helpful Please help.",negative,support
"Today, the app becomes slow during checkout Please help.",negative,performance
I am having trouble because pages are loading slowly,negative,performance
"Honestly, the login page is not working",negative,login
I noticed that the design is simple and user friendly,positive,ui
"Unfortunately, the support team did not resolve my problem This is frustrating.",negative,support
"For some reason, the support team did not resolve my problem",positive,support
I am having trouble because the application interface is easy to use This happens repeatedly.,positive,ui
"Today, the website is extremely slow today Can you fix this?",neutral,performance
"Honestly, the application is lagging badly Please help.",negative,performance
"Today, the transaction was declined Please help.",negative,payment
I am having trouble because support took too long to respond I need assistance.,negative,support
"For some reason, the application crashes when I open my profile",negative,bug
I am having trouble because my account login keeps failing Can you fix this?,negative,login
I am having trouble because i cannot complete the payment This happens repeatedly.,negative,payment
I am having trouble because the support experience was disappointing Can you fix this?,positive,support
"Unfortunately, the support team solved my issue quickly Please look into it.",positive,support
Please add more payment methods Please look into it.,neutral,feature_request
"Honestly, please add notifications for price changes This happens repeatedly.",neutral,feature_request
"For some reason, i am unable to pay for my order I need assistance.",negative,payment
The search results are incorrect Can you fix this?,negative,bug
"Honestly, the application closes unexpectedly Please help.",negative,bug
"Today, the app shows an error after checkout Please help.",negative,bug
My payment is stuck,negative,payment
I cannot complete the payment Please look into it.,negative,payment
"Unfortunately, i would like to schedule deliveries Please look into it.",positive,feature_request
Pages are loading slowly Please help.,negative,performance
I noticed that i have not received a response from support,negative,support
"Recently, i found a bug in the checkout process This happens repeatedly.",negative,bug
"Recently, the transaction was declined This happens repeatedly.",negative,payment
I am having trouble because i would like to schedule deliveries Can you fix this?,positive,feature_request
I forgot my password and cannot sign in Please look into it.,neutral,login
"Honestly, the card payment keeps failing Can you fix this?",negative,payment
"Today, the new interface looks clean",positive,ui
The app shows an error after checkout This happens repeatedly.,negative,bug
I am having trouble because the application crashes when I open my profile Please look into it.,negative,bug
"Recently, the app shows an error after checkout Can you fix this?",neutral,bug
"Honestly, the application is lagging badly",neutral,performance
I noticed that the application is lagging badly This is frustrating.,negative,performance
I am having trouble because every screen takes a long time to open This is frustrating.,negative,performance
"For some reason, the text on the screen is too small This is frustrating.",negative,ui
I am having trouble because please add more payment methods Can you fix this?,neutral,feature_request
"Today, my payment is stuck This is frustrating.",negative,payment
"For some reason, the application is very slow Can you fix this?",negative,performance
"Today, the buttons are difficult to find This is frustrating.",negative,ui
"Honestly, the OTP is not arriving during login Please look into it.",neutral,login
"Unfortunately, the text on the screen is too small Please help.",negative,ui
"Recently, every screen takes a long time to open This is frustrating.",negative,performance
I noticed that i am happy with the assistance I received Please help.,positive,support
"Today, it takes forever to open the dashboard Please help.",negative,performance
The order status is displaying incorrectly Please help.,negative,bug
I am having trouble because i was charged but the order was not placed Please look into it.,negative,payment
I am having trouble because support took too long to respond,neutral,support
"Recently, please add more payment methods I need assistance.",neutral,feature_request
I am having trouble because it would be great to have a dark theme I need assistance.,positive,feature_request
I am having trouble because something is broken in the application This is frustrating.,neutral,bug
"Honestly, i cannot login to my account Please help.",negative,login
"Unfortunately, it takes forever to open the dashboard I need assistance.",negative,performance
I am having trouble because the app shows an error after checkout Please help.,negative,bug
"Honestly, it takes forever to open the dashboard",neutral,performance
I am having trouble because every screen takes a long time to open Please look into it.,negative,performance
I am having trouble because i cannot login to my account Please look into it.,negative,login
"Recently, i cannot verify my account This happens repeatedly.",negative,login
I noticed that money was deducted but the payment failed Please help.,negative,payment
I noticed that nobody from customer support has contacted me Can you fix this?,neutral,support
I noticed that login takes me back to the sign in page Can you fix this?,neutral,login
"Unfortunately, my account login keeps failing Please help.",negative,login
Please add a filter for previous orders Please help.,neutral,feature_request
"Recently, the interface needs improvement Please look into it.",positive,ui
"Honestly, the card payment keeps failing Please help.",negative,payment
"Unfortunately, the application is lagging badly I need assistance.",negative,performance
I am having trouble because the application closes unexpectedly Please look into it.,negative,bug
"Recently, the app shows an error after checkout I need assistance.",negative,bug
I am having trouble because i would like to schedule deliveries Please look into it.,neutral,feature_request
"Recently, the notification is showing the wrong information",negative,bug
"Unfortunately, the application interface is easy to use This happens repeatedly.",positive,ui
"Honestly, the website response time is very poor Please help.",neutral,performance
"Honestly, the OTP is not arriving during login Can you fix this?",negative,login
I cannot complete the payment This happens repeatedly.,negative,payment
"For some reason, the search results are incorrect Please look into it.",negative,bug
"For some reason, it takes forever to open the dashboard Please look into it.",neutral,performance
"For some reason, the menu layout is confusing I need assistance.",negative,ui
"Honestly, please add dark mode to the application Can you fix this?",neutral,feature_request
"Recently, the dashboard looks great",neutral,ui
"Recently, the app shows an error after checkout This happens repeatedly.",neutral,bug
"For some reason, the app becomes slow during checkout Please help.",negative,performance
"Today, the application interface is easy to use",negative,ui
I am having trouble because the customer care representative was helpful This is frustrating.,negative,support
"Recently, please add more payment methods This is frustrating.",neutral,feature_request
"For some reason, the application interface is easy to use This happens repeatedly.",negative,ui
I am having trouble because i would like an option to download invoices This happens repeatedly.,neutral,feature_request
"Unfortunately, the app crashes whenever I upload a file Please look into it.",negative,bug
"For some reason, i cannot login to my account Please look into it.",negative,login
"For some reason, login takes me back to the sign in page Can you fix this?",negative,login
The payment page shows an error Can you fix this?,negative,payment
"Recently, please provide an option to change the language Please look into it.",neutral,feature_request
"Today, i would like an option to download invoices I need assistance.",neutral,feature_request
"Unfortunately, nobody from customer support has contacted me",positive,support
I am having trouble because it would be great to have a dark theme I need assistance.,neutral,feature_request
I noticed that please add more payment methods This is frustrating.,neutral,feature_request
I am having trouble because the colors and layout make the app easy to use Can you fix this?,neutral,ui
"For some reason, i cannot login to my account Please look into it.",negative,login
"For some reason, i have not received a response from support I need assistance.",positive,support
The app logs me out whenever I try to sign in This happens repeatedly.,negative,login
The interface needs improvement Please help.,positive,ui
"Honestly, customer service was very helpful Please help.",negative,support
I noticed that the design is simple and user friendly Can you fix this?,neutral,ui
"For some reason, the login page is not working This is frustrating.",negative,login
I was charged but the order was not placed This is frustrating.,negative,payment
"Honestly, please add dark mode to the application This is frustrating.",neutral,feature_request
"Recently, i was charged but the order was not placed Can you fix this?",negative,payment
"Today, i am happy with the assistance I received Can you fix this?",negative,support
"Recently, pages are loading slowly This happens repeatedly.",negative,performance
"Honestly, pages are loading slowly Can you fix this?",negative,performance
"Honestly, the dashboard looks great Can you fix this?",positive,ui
"Honestly, the support experience was disappointing Please look into it.",positive,support
"Honestly, i forgot my password and cannot sign in",negative,login
"Unfortunately, the page becomes blank after clicking the button Can you fix this?",negative,bug
I noticed that the website is extremely slow today This is frustrating.,negative,performance
"Today, customer service was very helpful This happens repeatedly.",negative,support
"Recently, the app shows an error after checkout This happens repeatedly.",negative,bug
"Unfortunately, the website is extremely slow today Can you fix this?",negative,performance
The app shows an error after checkout Please look into it.,negative,bug
"Today, i am unable to pay for my order Please look into it.",negative,payment
The card payment keeps failing Please look into it.,negative,payment
I am having trouble because i was charged but the order was not placed,neutral,payment
I am having trouble because the order status is displaying incorrectly Can you fix this?,negative,bug
"Unfortunately, i have not received a response from support This happens repeatedly.",negative,support
I am having trouble because the payment page shows an error This happens repeatedly.,negative,payment
I noticed that i cannot login to my account,negative,login
"Today, the support team did not resolve my problem I need assistance.",negative,support
"For some reason, the support experience was disappointing Please help.",neutral,support
I am happy with the assistance I received Please look into it.,negative,support
The card payment keeps failing This happens repeatedly.,negative,payment
"For some reason, the login page is not working Can you fix this?",negative,login
"Today, it takes forever to open the dashboard Please look into it.",negative,performance
"For some reason, the website response time is very poor I need assistance.",negative,performance
"For some reason, the customer care representative was helpful This is frustrating.",negative,support
I noticed that the navigation is difficult to understand I need assistance.,positive,ui
"Honestly, i would like to schedule deliveries This is frustrating.",neutral,feature_request
"Today, money was deducted but the payment failed",negative,payment
"Recently, nobody from customer support has contacted me Can you fix this?",positive,support
The application freezes frequently Please help.,negative,performance
I am having trouble because my account login keeps failing Please help.,negative,login
I am having trouble because please add a filter for previous orders,positive,feature_request
"Today, the app becomes slow during checkout",neutral,performance
"Today, the order status is displaying incorrectly I need assistance.",negative,bug
"Today, i cannot login to my account Please help.",negative,login
"Recently, the transaction was declined Please help.",negative,payment
The application crashes when I open my profile Please help.,negative,bug
"Recently, uPI payment is not going through Can you fix this?",neutral,payment
"For some reason, i found a bug in the checkout process",negative,bug
"Recently, the navigation is difficult to understand",negative,ui
I am having trouble because nobody from customer support has contacted me Please look into it.,positive,support
I noticed that i was charged but the order was not placed Please look into it.,negative,payment
"Unfortunately, the customer care representative was helpful This is frustrating.",neutral,support
"Today, i am happy with the assistance I received This happens repeatedly.",negative,support
I noticed that the app crashes whenever I upload a file,neutral,bug
I am having trouble because i would like an option to download invoices Please help.,neutral,feature_request
"Today, the buttons are difficult to find Please help.",positive,ui
I noticed that i forgot my password and cannot sign in Please help.,negative,login
"Unfortunately, i am happy with the assistance I received Please help.",negative,support
I have not received a response from support This is frustrating.,neutral,support
"Recently, the buttons are difficult to find Please help.",neutral,ui
Please add notifications for price changes Please look into it.,positive,feature_request
"Recently, the design is simple and user friendly I need assistance.",positive,ui
"For some reason, the card payment keeps failing This happens repeatedly.",negative,payment
I am having trouble because i would like an option to download invoices,neutral,feature_request
"Honestly, i cannot complete the payment This is frustrating.",neutral,payment
"For some reason, the design is simple and user friendly Can you fix this?",negative,ui
"Unfortunately, the support team did not resolve my problem This happens repeatedly.",positive,support
"For some reason, it would be useful to have a wishlist This happens repeatedly.",neutral,feature_request
"Honestly, the order status is displaying incorrectly Please help.",neutral,bug
"Honestly, please add dark mode to the application Please help.",neutral,feature_request
I am having trouble because the buttons are difficult to find Please look into it.,negative,ui
I am having trouble because my account login keeps failing,neutral,login
I am having trouble because i cannot complete the payment Please look into it.,negative,payment
"Today, the application closes unexpectedly Please help.",negative,bug
"Honestly, i am happy with the assistance I received",positive,support
"Honestly, the customer care representative was helpful Please help.",positive,support
"Recently, login takes me back to the sign in page I need assistance.",negative,login
I am having trouble because i am happy with the assistance I received,negative,support
"Honestly, it takes forever to open the dashboard Please help.",negative,performance
"Unfortunately, please add dark mode to the application This happens repeatedly.",neutral,feature_request
"Today, my payment is stuck",negative,payment
I noticed that login takes me back to the sign in page This is frustrating.,negative,login
I noticed that the support team did not resolve my problem I need assistance.,positive,support
My account login keeps failing This is frustrating.,negative,login
I noticed that the app takes too long to load Can you fix this?,negative,performance
"Today, the support team solved my issue quickly Please look into it.",negative,support
I noticed that my payment is stuck Can you fix this?,negative,payment
"Today, i am unable to pay for my order Please help.",negative,payment
"For some reason, the page becomes blank after clicking the button",negative,bug
I am having trouble because please provide an option to change the language I need assistance.,neutral,feature_request
"Unfortunately, it would be great to have a dark theme This is frustrating.",neutral,feature_request
"Unfortunately, can you add fingerprint login Please look into it.",neutral,feature_request
"Honestly, the application crashes when I open my profile This is frustrating.",negative,bug
I noticed that my account login keeps failing This is frustrating.,negative,login
"Today, the navigation is difficult to understand Please help.",negative,ui
I noticed that the application is lagging badly I need assistance.,negative,performance
I am having trouble because the menu layout is confusing Please look into it.,negative,ui
The application is lagging badly This is frustrating.,negative,performance
"Today, the card payment keeps failing Please help.",negative,payment
"Today, my account login keeps failing This is frustrating.",negative,login
UPI payment is not going through,negative,payment
"Honestly, the transaction was declined This is frustrating.",negative,payment
I am having trouble because the new interface looks clean This happens repeatedly.,positive,ui
"For some reason, customer service was very helpful I need assistance.",negative,support
I noticed that the payment page shows an error This happens repeatedly.,negative,payment
"For some reason, it takes forever to open the dashboard I need assistance.",negative,performance
"For some reason, the card payment keeps failing Please help.",negative,payment
"Recently, the interface needs improvement",negative,ui
"Honestly, login takes me back to the sign in page This is frustrating.",negative,login
"Unfortunately, the login page is not working I need assistance.",negative,login
"Recently, the support team solved my issue quickly Please help.",neutral,support
"Today, every screen takes a long time to open",negative,performance
"For some reason, the application interface is easy to use Can you fix this?",positive,ui
"Today, the text on the screen is too small Please look into it.",positive,ui
The app takes too long to load Can you fix this?,negative,performance
I am having trouble because i cannot login to my account This is frustrating.,negative,login
"Today, my payment failed while placing the order I need assistance.",negative,payment
"Unfortunately, the page becomes blank after clicking the button I need assistance.",negative,bug
"Today, money was deducted but the payment failed I need assistance.",neutral,payment
Pages are loading slowly I need assistance.,negative,performance
"Recently, the notification is showing the wrong information Can you fix this?",negative,bug
The app logs me out whenever I try to sign in Please look into it.,negative,login
"Honestly, my payment is stuck",negative,payment
I am having trouble because i cannot verify my account,negative,login
"Honestly, the navigation is difficult to understand Please look into it.",neutral,ui
"Unfortunately, please add notifications for price changes Please look into it.",neutral,feature_request
I noticed that the application closes unexpectedly Can you fix this?,negative,bug
"Recently, the application interface is easy to use Please look into it.",positive,ui
"For some reason, can you add fingerprint login I need assistance.",positive,feature_request
I noticed that the notification is showing the wrong information,negative,bug
The application crashes when I open my profile Please look into it.,neutral,bug
The support team solved my issue quickly I need assistance.,negative,support
I am having trouble because the application closes unexpectedly I need assistance.,negative,bug
"Today, can you add fingerprint login I need assistance.",neutral,feature_request
"Today, the search results are incorrect I need assistance.",negative,bug
"Honestly, the support experience was disappointing",negative,support
"Today, i found a bug in the checkout process Please help.",negative,bug
"Honestly, the support team solved my issue quickly I need assistance.",negative,support
Please add a filter for previous orders Please help.,neutral,feature_request
"Today, the app crashes whenever I upload a file I need assistance.",negative,bug
"Unfortunately, please add more payment methods",neutral,feature_request
"Today, customer service was very helpful Please help.",negative,support
I am having trouble because the card payment keeps failing I need assistance.,negative,payment
"For some reason, the application is lagging badly This happens repeatedly.",negative,performance
"Honestly, please provide an option to change the language Please help.",neutral,feature_request
"Honestly, the app becomes slow during checkout Can you fix this?",negative,performance
The app takes too long to load Can you fix this?,negative,performance
"Today, the OTP is not arriving during login Please help.",negative,login
The payment page shows an error,negative,payment
"Unfortunately, it would be great to have a dark theme Please help.",neutral,feature_request
"Unfortunately, i was charged but the order was not placed",neutral,payment
"Recently, i would like to schedule deliveries Can you fix this?",neutral,feature_request
The support staff were polite and professional This is frustrating.,positive,support
I am having trouble because the transaction was declined Please help.,negative,payment
The navigation is difficult to understand This is frustrating.,neutral,ui
"Today, the transaction was declined This happens repeatedly.",negative,payment
It would be useful to have a wishlist This is frustrating.,neutral,feature_request
"Today, it would be great to have a dark theme This happens repeatedly.",neutral,feature_request
I noticed that my payment failed while placing the order This is frustrating.,negative,payment
"Recently, the application interface is easy to use Can you fix this?",negative,ui
"Honestly, the transaction was declined Please look into it.",negative,payment
The application closes unexpectedly This happens repeatedly.,negative,bug
"For some reason, the search results are incorrect I need assistance.",negative,bug
"Honestly, i cannot login to my account Please help.",negative,login
"Unfortunately, the buttons are difficult to find Please help.",negative,ui
"Today, the menu layout is confusing This is frustrating.",negative,ui
I noticed that i found a bug in the checkout process Can you fix this?,negative,bug
I noticed that the support team did not resolve my problem I need assistance.,negative,support
I am having trouble because nobody from customer support has contacted me Please look into it.,negative,support
I cannot complete the payment Please help.,negative,payment
"Today, the design is simple and user friendly Please help.",neutral,ui
"Unfortunately, the page becomes blank after clicking the button I need assistance.",neutral,bug
The support staff were polite and professional I need assistance.,positive,support
"Today, the application interface is easy to use Please look into it.",negative,ui
"For some reason, every screen takes a long time to open Can you fix this?",neutral,performance
"Today, the text on the screen is too small Please help.",positive,ui
I am having trouble because my payment failed while placing the order Please look into it.,negative,payment
"Today, please add notifications for price changes This is frustrating.",neutral,feature_request
"Today, nobody from customer support has contacted me This is frustrating.",positive,support
"Unfortunately, the navigation is difficult to understand Please help.",positive,ui
"Unfortunately, support took too long to respond This happens repeatedly.",neutral,support
The colors and layout make the app easy to use,positive,ui
"Today, something is broken in the application Can you fix this?",negative,bug
Something is broken in the application Please look into it.,negative,bug
"Honestly, can you add fingerprint login This happens repeatedly.",neutral,feature_request
"For some reason, the page becomes blank after clicking the button Can you fix this?",negative,bug
"Honestly, it would be useful to have a wishlist Can you fix this?",neutral,feature_request
"Today, the buttons are difficult to find",neutral,ui
"Unfortunately, i have not received a response from support Please look into it.",positive,support
"Recently, the order status is displaying incorrectly Can you fix this?",negative,bug
I noticed that i cannot verify my account I need assistance.,negative,login
"Honestly, the application is lagging badly Please help.",negative,performance
I noticed that the card payment keeps failing I need assistance.,neutral,payment
I noticed that i am unable to pay for my order Please look into it.,negative,payment
"For some reason, the app takes too long to load",negative,performance
"Honestly, the app shows an error after checkout Please help.",negative,bug
"Honestly, please provide an option to change the language Can you fix this?",neutral,feature_request
I am having trouble because please add dark mode to the application Please help.,positive,feature_request
"Today, i found a bug in the checkout process Can you fix this?",negative,bug
"Recently, i am unable to pay for my order Please look into it.",neutral,payment
"Honestly, pages are loading slowly Please help.",negative,performance
"Unfortunately, the notification is showing the wrong information Can you fix this?",negative,bug
The payment page shows an error,negative,payment
I am unable to pay for my order This is frustrating.,negative,payment
I am unable to access my account This happens repeatedly.,negative,login
"Honestly, it takes forever to open the dashboard I need assistance.",negative,performance
"Unfortunately, the order status is displaying incorrectly Please look into it.",negative,bug
"Honestly, the notification is showing the wrong information Please help.",negative,bug
"Recently, my account login keeps failing This is frustrating.",negative,login
The support staff were polite and professional Can you fix this?,negative,support
The app takes too long to load,negative,performance
"For some reason, the page becomes blank after clicking the button Please help.",negative,bug
"Honestly, the app logs me out whenever I try to sign in Please help.",negative,login
The application interface is easy to use This happens repeatedly.,positive,ui
"Unfortunately, the website is extremely slow today Can you fix this?",negative,performance
"For some reason, please provide an option to change the language Can you fix this?",positive,feature_request
"Unfortunately, the payment page shows an error Please look into it.",negative,payment
"Unfortunately, the website is extremely slow today This is frustrating.",neutral,performance
I noticed that the password reset link is not working Can you fix this?,negative,login
I am having trouble because the design is simple and user friendly Please help.,positive,ui
"Honestly, the buttons are difficult to find This is frustrating.",negative,ui
"Today, i would like an option to download invoices",neutral,feature_request
"For some reason, support took too long to respond Please look into it.",negative,support
"Unfortunately, please add dark mode to the application Please help.",neutral,feature_request
"Honestly, the password reset link is not working Can you fix this?",negative,login
"For some reason, the application freezes frequently This is frustrating.",negative,performance
I am having trouble because my account login keeps failing Please look into it.,negative,login
I noticed that my account login keeps failing This is frustrating.,neutral,login
"Unfortunately, uPI payment is not going through Please look into it.",negative,payment
"Recently, i cannot complete the payment Please help.",negative,payment
"Unfortunately, the notification is showing the wrong information Please help.",negative,bug
I noticed that the card payment keeps failing I need assistance.,negative,payment
I noticed that please add a filter for previous orders I need assistance.,neutral,feature_request
"Honestly, the text on the screen is too small I need assistance.",neutral,ui
"Today, the login page is not working Can you fix this?",negative,login
The application interface is easy to use Can you fix this?,negative,ui
"Today, i am unable to access my account This is frustrating.",negative,login
The application is lagging badly I need assistance.,negative,performance
"Today, the app logs me out whenever I try to sign in This is frustrating.",negative,login
"Recently, the support staff were polite and professional I need assistance.",negative,support
I noticed that please add notifications for price changes I need assistance.,neutral,feature_request
"Honestly, the application is lagging badly This is frustrating.",negative,performance
"Today, the support staff were polite and professional This is frustrating.",negative,support
"Unfortunately, the design is simple and user friendly I need assistance.",positive,ui
I am having trouble because the app crashes whenever I upload a file This happens repeatedly.,negative,bug
"Unfortunately, uPI payment is not going through I need assistance.",negative,payment
The design is simple and user friendly Can you fix this?,negative,ui
I am having trouble because the page becomes blank after clicking the button Please look into it.,negative,bug
I am having trouble because the transaction was declined,negative,payment
The new interface looks clean,positive,ui
"Today, i am unable to pay for my order Please help.",negative,payment
"Recently, the app becomes slow during checkout Please look into it.",negative,performance
"Recently, the order status is displaying incorrectly This happens repeatedly.",negative,bug
"Recently, the menu layout is confusing Can you fix this?",positive,ui
"Today, the search results are incorrect Please help.",negative,bug
"Today, my payment is stuck Please look into it.",neutral,payment
"Honestly, the application crashes when I open my profile I need assistance.",negative,bug
"Honestly, the password reset link is not working Can you fix this?",neutral,login
"For some reason, the application is lagging badly This is frustrating.",negative,performance
"Today, the website response time is very poor Can you fix this?",negative,performance
"Today, i cannot login to my account I need assistance.",negative,login
"For some reason, my account login keeps failing I need assistance.",negative,login
"Today, the payment page shows an error This is frustrating.",negative,payment
"For some reason, the navigation is difficult to understand This is frustrating.",positive,ui
"Recently, the transaction was declined Please help.",negative,payment
I am having trouble because i forgot my password and cannot sign in Please look into it.,negative,login
"Unfortunately, the new interface looks clean This happens repeatedly.",negative,ui
"Honestly, i cannot verify my account Please help.",negative,login
"Honestly, the application interface is easy to use I need assistance.",negative,ui
"Honestly, something is broken in the application",negative,bug
"Honestly, the website response time is very poor This happens repeatedly.",negative,performance
"For some reason, the order status is displaying incorrectly Can you fix this?",negative,bug
"Recently, the application is very slow This happens repeatedly.",negative,performance
"Unfortunately, i found a bug in the checkout process I need assistance.",negative,bug
I am having trouble because i was charged but the order was not placed I need assistance.,negative,payment
I noticed that the order status is displaying incorrectly,negative,bug
"Recently, i cannot complete the payment I need assistance.",negative,payment
I noticed that customer service was very helpful I need assistance.,negative,support
"For some reason, the design is simple and user friendly Please look into it.",negative,ui
"Recently, the transaction was declined I need assistance.",negative,payment
"Honestly, i found a bug in the checkout process This happens repeatedly.",negative,bug
I noticed that it would be useful to have a wishlist This is frustrating.,neutral,feature_request
"Recently, the page becomes blank after clicking the button I need assistance.",neutral,bug
"Recently, it would be useful to have a wishlist This happens repeatedly.",positive,feature_request
"Recently, my payment failed while placing the order Please look into it.",negative,payment
"Today, pages are loading slowly Can you fix this?",negative,performance
I noticed that nobody from customer support has contacted me This happens repeatedly.,negative,support
"Honestly, the notification is showing the wrong information Can you fix this?",negative,bug
"Recently, the support staff were polite and professional Please help.",negative,support
The app logs me out whenever I try to sign in I need assistance.,negative,login
The support experience was disappointing Please look into it.,negative,support
"Today, i would like to schedule deliveries",neutral,feature_request
I am having trouble because it takes forever to open the dashboard This is frustrating.,negative,performance
"Honestly, the interface needs improvement",positive,ui
"Recently, i am unable to pay for my order",negative,payment
I noticed that every screen takes a long time to open This is frustrating.,negative,performance
"Recently, pages are loading slowly This is frustrating.",negative,performance
The buttons are difficult to find This is frustrating.,negative,ui
"Honestly, i was charged but the order was not placed This happens repeatedly.",negative,payment
"For some reason, please add more payment methods I need assistance.",positive,feature_request
"Recently, i cannot complete the payment Please look into it.",neutral,payment
I am having trouble because the app crashes whenever I upload a file Can you fix this?,negative,bug
I am having trouble because something is broken in the application Please help.,negative,bug
"For some reason, the password reset link is not working",negative,login
"Unfortunately, i cannot login to my account Please help.",negative,login
"Honestly, i would like to schedule deliveries This is frustrating.",positive,feature_request
I noticed that it would be great to have a dark theme This is frustrating.,neutral,feature_request
I forgot my password and cannot sign in,negative,login
"Today, the OTP is not arriving during login Please look into it.",negative,login
"Honestly, i cannot verify my account Please help.",neutral,login
"Recently, nobody from customer support has contacted me I need assistance.",negative,support
"For some reason, i forgot my password and cannot sign in I need assistance.",negative,login
"Recently, i found a bug in the checkout process I need assistance.",negative,bug
"Recently, something is broken in the application Please help.",negative,bug
I am having trouble because the app crashes whenever I upload a file,negative,bug
"For some reason, the page becomes blank after clicking the button This happens repeatedly.",negative,bug
"For some reason, support took too long to respond Please help.",positive,support
I noticed that i found a bug in the checkout process This is frustrating.,negative,bug
"Unfortunately, the app crashes whenever I upload a file Please look into it.",negative,bug
"Unfortunately, the app becomes slow during checkout This is frustrating.",negative,performance
"Unfortunately, please add more payment methods I need assistance.",neutral,feature_request
"Honestly, the page becomes blank after clicking the button Can you fix this?",negative,bug
"Recently, i cannot login to my account Can you fix this?",neutral,login
I noticed that the application crashes when I open my profile Can you fix this?,negative,bug
"For some reason, the colors and layout make the app easy to use Please look into it.",positive,ui
The customer care representative was helpful I need assistance.,negative,support
Login takes me back to the sign in page Please look into it.,negative,login
"For some reason, the interface needs improvement Please help.",neutral,ui
I noticed that i cannot complete the payment This happens repeatedly.,negative,payment
"For some reason, the buttons are difficult to find This is frustrating.",positive,ui
"For some reason, the OTP is not arriving during login Please look into it.",negative,login
I noticed that please add dark mode to the application,positive,feature_request
"For some reason, the support team did not resolve my problem This happens repeatedly.",negative,support
"Today, the application is very slow Please help.",negative,performance
I am having trouble because please add dark mode to the application I need assistance.,neutral,feature_request
I noticed that please add a filter for previous orders This is frustrating.,neutral,feature_request
"Unfortunately, the app becomes slow during checkout This is frustrating.",neutral,performance
I am having trouble because login takes me back to the sign in page Please help.,negative,login
I am having trouble because i am unable to access my account,negative,login
"For some reason, money was deducted but the payment failed",negative,payment
"Unfortunately, every screen takes a long time to open Please look into it.",negative,performance
"For some reason, money was deducted but the payment failed Can you fix this?",negative,payment
"For some reason, the card payment keeps failing",negative,payment
"Unfortunately, the application freezes frequently Please look into it.",negative,performance
I am having trouble because every screen takes a long time to open Please look into it.,negative,performance
"For some reason, money was deducted but the payment failed This happens repeatedly.",negative,payment
Money was deducted but the payment failed Please look into it.,negative,payment
The search results are incorrect Can you fix this?,negative,bug
I noticed that money was deducted but the payment failed This is frustrating.,negative,payment
I noticed that i am happy with the assistance I received Please help.,negative,support
The application is lagging badly Can you fix this?,negative,performance
"Recently, my payment failed while placing the order Please help.",negative,payment
"For some reason, the app crashes whenever I upload a file This happens repeatedly.",neutral,bug
I am having trouble because the app shows an error after checkout Can you fix this?,negative,bug
"Unfortunately, please add a filter for previous orders This happens repeatedly.",positive,feature_request
"Unfortunately, please provide an option to change the language I need assistance.",neutral,feature_request
"Honestly, it takes forever to open the dashboard I need assistance.",negative,performance
The application closes unexpectedly This is frustrating.,negative,bug
I would like to schedule deliveries Can you fix this?,positive,feature_request
"Honestly, the navigation is difficult to understand This happens repeatedly.",negative,ui
"Unfortunately, the order status is displaying incorrectly Please help.",negative,bug
"Today, the application closes unexpectedly Please help.",neutral,bug
"For some reason, the application is very slow This happens repeatedly.",negative,performance
"Recently, the transaction was declined Please look into it.",negative,payment
"Unfortunately, the customer care representative was helpful This happens repeatedly.",negative,support
I cannot complete the payment Please look into it.,negative,payment
"Unfortunately, the password reset link is not working Can you fix this?",negative,login
The website is extremely slow today Can you fix this?,neutral,performance
I noticed that the new interface looks clean Can you fix this?,negative,ui
I am having trouble because money was deducted but the payment failed Can you fix this?,negative,payment
I noticed that the website response time is very poor Please look into it.,neutral,performance
I am having trouble because the colors and layout make the app easy to use,neutral,ui
"Today, the buttons are difficult to find This is frustrating.",neutral,ui
I noticed that please provide an option to change the language Can you fix this?,neutral,feature_request
I am happy with the assistance I received I need assistance.,negative,support
I am having trouble because login takes me back to the sign in page Please help.,negative,login
"Recently, the app takes too long to load",negative,performance
I noticed that uPI payment is not going through Can you fix this?,negative,payment
"Honestly, the order status is displaying incorrectly This is frustrating.",negative,bug
"Today, i would like to schedule deliveries This happens repeatedly.",neutral,feature_request
"Unfortunately, the customer care representative was helpful I need assistance.",positive,support
"Unfortunately, the app logs me out whenever I try to sign in I need assistance.",negative,login
"Honestly, i cannot verify my account Please help.",negative,login
"Today, the support staff were polite and professional Can you fix this?",negative,support
"For some reason, the support experience was disappointing This happens repeatedly.",negative,support
Pages are loading slowly,negative,performance
The application is lagging badly I need assistance.,negative,performance
"For some reason, the buttons are difficult to find Can you fix this?",positive,ui
"Honestly, i would like to schedule deliveries Please help.",neutral,feature_request
The customer care representative was helpful,positive,support
The application closes unexpectedly This happens repeatedly.,negative,bug
I noticed that i am unable to pay for my order This happens repeatedly.,negative,payment
I noticed that the buttons are difficult to find Please look into it.,positive,ui
"Recently, the dashboard looks great Please look into it.",negative,ui
"Today, i have not received a response from support Please look into it.",negative,support
I am having trouble because the application interface is easy to use This is frustrating.,negative,ui
I noticed that please add dark mode to the application This happens repeatedly.,neutral,feature_request
I noticed that can you add fingerprint login Please help.,neutral,feature_request
"Today, i cannot verify my account I need assistance.",negative,login
I noticed that the new interface looks clean,positive,ui
"Honestly, the design is simple and user friendly Can you fix this?",negative,ui
"Honestly, the login page is not working This happens repeatedly.",neutral,login
"Today, the application crashes when I open my profile Please help.",negative,bug
"Unfortunately, the support staff were polite and professional I need assistance.",positive,support
"Unfortunately, the app shows an error after checkout I need assistance.",negative,bug
I noticed that i was charged but the order was not placed This happens repeatedly.,negative,payment
"Today, support took too long to respond Please look into it.",negative,support
"Recently, please provide an option to change the language I need assistance.",neutral,feature_request
"For some reason, the website response time is very poor This is frustrating.",negative,performance
"Honestly, the payment page shows an error Please help.",negative,payment
"For some reason, i am unable to pay for my order I need assistance.",negative,payment
"For some reason, the application freezes frequently",negative,performance
I am having trouble because the customer care representative was helpful Can you fix this?,negative,support
"Recently, it would be great to have a dark theme Can you fix this?",neutral,feature_request
"For some reason, the dashboard looks great Can you fix this?",positive,ui
"For some reason, the login page is not working This is frustrating.",negative,login
"For some reason, the application crashes when I open my profile This is frustrating.",neutral,bug
I am having trouble because the payment page shows an error,negative,payment
I noticed that the OTP is not arriving during login Can you fix this?,negative,login
"Recently, the dashboard looks great Please help.",negative,ui
"For some reason, the menu layout is confusing This happens repeatedly.",positive,ui
Money was deducted but the payment failed Please look into it.,negative,payment
"Unfortunately, my payment is stuck This happens repeatedly.",negative,payment
I forgot my password and cannot sign in Please help.,negative,login
Login takes me back to the sign in page Please help.,negative,login
"Honestly, the application is lagging badly Please help.",negative,performance
"Today, i cannot complete the payment This happens repeatedly.",negative,payment
"Unfortunately, the transaction was declined",negative,payment
I noticed that support took too long to respond This happens repeatedly.,positive,support
The website is extremely slow today Can you fix this?,neutral,performance
"Today, money was deducted but the payment failed Can you fix this?",negative,payment
"Unfortunately, i was charged but the order was not placed This happens repeatedly.",negative,payment
"Unfortunately, the interface needs improvement I need assistance.",neutral,ui
The application closes unexpectedly Can you fix this?,negative,bug
"Today, please add notifications for price changes Please look into it.",neutral,feature_request
"Today, the website response time is very poor This happens repeatedly.",negative,performance
Please add more payment methods This happens repeatedly.,neutral,feature_request
The login page is not working,negative,login
"Today, the menu layout is confusing Can you fix this?",negative,ui
"Today, please provide an option to change the language Please help.",neutral,feature_request
"Honestly, the application is very slow Please look into it.",negative,performance
"Recently, the application is very slow",negative,performance
I am having trouble because the application interface is easy to use This is frustrating.,negative,ui
I cannot verify my account,negative,login
"Recently, the support team did not resolve my problem This is frustrating.",negative,support
"Today, please provide an option to change the language Please help.",neutral,feature_request
"Honestly, the website is extremely slow today Please look into it.",negative,performance
"Honestly, my account login keeps failing Can you fix this?",neutral,login
"Today, the app crashes whenever I upload a file Can you fix this?",negative,bug
I am having trouble because the application is lagging badly This is frustrating.,negative,performance
"Today, please add dark mode to the application I need assistance.",neutral,feature_request
I am having trouble because the password reset link is not working Can you fix this?,negative,login
I noticed that customer service was very helpful Please look into it.,positive,support
I cannot verify my account This happens repeatedly.,negative,login
The buttons are difficult to find I need assistance.,positive,ui
"For some reason, the OTP is not arriving during login Can you fix this?",neutral,login
"Honestly, the app takes too long to load",negative,performance
The page becomes blank after clicking the button This happens repeatedly.,negative,bug
The interface needs improvement This is frustrating.,neutral,ui
I am having trouble because the text on the screen is too small This happens repeatedly.,negative,ui
"Honestly, i forgot my password and cannot sign in This happens repeatedly.",neutral,login
"Today, it takes forever to open the dashboard Please help.",negative,performance
I am having trouble because can you add fingerprint login This happens repeatedly.,neutral,feature_request
"Recently, i am happy with the assistance I received This happens repeatedly.",neutral,support
"Today, i cannot verify my account Please look into it.",negative,login
"Recently, the colors and layout make the app easy to use Please look into it.",negative,ui
"Unfortunately, i was charged but the order was not placed Please help.",negative,payment
"Recently, i am happy with the assistance I received This is frustrating.",positive,support
The dashboard looks great This is frustrating.,positive,ui
The text on the screen is too small Please look into it.,negative,ui
I noticed that it takes forever to open the dashboard I need assistance.,negative,performance
"Unfortunately, please add notifications for price changes",neutral,feature_request
"Recently, the support staff were polite and professional This happens repeatedly.",negative,support
I am having trouble because the support team did not resolve my problem Please look into it.,negative,support
"Recently, something is broken in the application This is frustrating.",neutral,bug
"For some reason, i was charged but the order was not placed I need assistance.",negative,payment
"Today, my payment is stuck",neutral,payment
"Recently, i cannot login to my account This happens repeatedly.",negative,login
"For some reason, the password reset link is not working Can you fix this?",negative,login
I am having trouble because it takes forever to open the dashboard I need assistance.,negative,performance
The website is extremely slow today Please help.,negative,performance
"Unfortunately, the interface needs improvement This is frustrating.",positive,ui
"Recently, something is broken in the application Please look into it.",neutral,bug
"Honestly, i have not received a response from support This happens repeatedly.",positive,support
"For some reason, i would like an option to download invoices This happens repeatedly.",neutral,feature_request
"Today, my payment is stuck Can you fix this?",neutral,payment
"Recently, customer service was very helpful Can you fix this?",positive,support
I forgot my password and cannot sign in Please look into it.,negative,login
I noticed that nobody from customer support has contacted me I need assistance.,negative,support
"Recently, uPI payment is not going through Please look into it.",negative,payment
I noticed that can you add fingerprint login Please help.,neutral,feature_request
The application closes unexpectedly I need assistance.,negative,bug
Login takes me back to the sign in page Please help.,negative,login
"Recently, pages are loading slowly Please help.",negative,performance
I noticed that my payment is stuck Please look into it.,negative,payment
I noticed that support took too long to respond This is frustrating.,positive,support
"Today, i would like an option to download invoices This is frustrating.",neutral,feature_request
"Today, please add notifications for price changes",neutral,feature_request
I noticed that please add a filter for previous orders This happens repeatedly.,neutral,feature_request
"For some reason, the password reset link is not working Please look into it.",negative,login
"Unfortunately, the customer care representative was helpful Please look into it.",positive,support
"Honestly, i was charged but the order was not placed This is frustrating.",negative,payment
I noticed that login takes me back to the sign in page Please look into it.,negative,login
"For some reason, uPI payment is not going through Please help.",negative,payment
I am having trouble because please add notifications for price changes Please help.,neutral,feature_request
The app shows an error after checkout Please look into it.,negative,bug
"For some reason, please add dark mode to the application",neutral,feature_request
"Today, the new interface looks clean This is frustrating.",positive,ui
"For some reason, i am unable to access my account Can you fix this?",negative,login
I noticed that login takes me back to the sign in page Please look into it.,negative,login
"Honestly, the application closes unexpectedly This happens repeatedly.",neutral,bug
"For some reason, i would like to schedule deliveries This happens repeatedly.",neutral,feature_request
"Today, the application crashes when I open my profile This happens repeatedly.",negative,bug
"Honestly, the design is simple and user friendly I need assistance.",negative,ui
"Honestly, the design is simple and user friendly I need assistance.",positive,ui
"Unfortunately, the navigation is difficult to understand This happens repeatedly.",negative,ui
"Unfortunately, the navigation is difficult to understand Can you fix this?",positive,ui
"Unfortunately, the application is very slow Please help.",negative,performance
I noticed that the OTP is not arriving during login I need assistance.,negative,login
"Honestly, the support experience was disappointing",positive,support
"Unfortunately, the application is very slow I need assistance.",negative,performance
"Honestly, uPI payment is not going through I need assistance.",negative,payment
"For some reason, my payment failed while placing the order This happens repeatedly.",negative,payment
"Unfortunately, uPI payment is not going through This happens repeatedly.",negative,payment
"Honestly, i am unable to pay for my order This happens repeatedly.",neutral,payment
"For some reason, login takes me back to the sign in page This happens repeatedly.",negative,login
"For some reason, my account login keeps failing This happens repeatedly.",negative,login
"Unfortunately, the buttons are difficult to find Please help.",negative,ui
I am having trouble because i was charged but the order was not placed Please help.,negative,payment
"Unfortunately, every screen takes a long time to open",negative,performance
"Unfortunately, i would like to schedule deliveries Please help.",neutral,feature_request
I cannot complete the payment Can you fix this?,negative,payment
I am having trouble because the support team did not resolve my problem I need assistance.,positive,support
I noticed that the app logs me out whenever I try to sign in,negative,login
I noticed that the app crashes whenever I upload a file This is frustrating.,negative,bug
"Recently, please provide an option to change the language",neutral,feature_request
"Today, the navigation is difficult to understand This is frustrating.",negative,ui
"Recently, the design is simple and user friendly Please help.",positive,ui
"Unfortunately, it would be great to have a dark theme Please look into it.",neutral,feature_request
"Honestly, the new interface looks clean This is frustrating.",negative,ui
"Today, the transaction was declined",negative,payment
I am having trouble because the website response time is very poor Please help.,negative,performance
"Today, the navigation is difficult to understand Can you fix this?",positive,ui
"Honestly, please add dark mode to the application I need assistance.",neutral,feature_request
"Honestly, support took too long to respond Please look into it.",negative,support
"Recently, the app shows an error after checkout",negative,bug
"For some reason, the password reset link is not working This happens repeatedly.",negative,login
"For some reason, customer service was very helpful",neutral,support
"For some reason, the customer care representative was helpful I need assistance.",negative,support
I noticed that the order status is displaying incorrectly I need assistance.,neutral,bug
"Honestly, the colors and layout make the app easy to use This is frustrating.",neutral,ui
"Today, something is broken in the application Can you fix this?",negative,bug
I noticed that my payment is stuck This happens repeatedly.,negative,payment
I am having trouble because the application is lagging badly This happens repeatedly.,negative,performance
"Recently, the support staff were polite and professional Please look into it.",negative,support
"For some reason, support took too long to respond This happens repeatedly.",negative,support
I am having trouble because i would like to schedule deliveries,neutral,feature_request
"Unfortunately, the design is simple and user friendly This happens repeatedly.",neutral,ui
"Honestly, support took too long to respond Please help.",neutral,support
"Unfortunately, the app takes too long to load Please look into it.",negative,performance
"Honestly, the notification is showing the wrong information This happens repeatedly.",negative,bug
I noticed that the interface needs improvement Can you fix this?,negative,ui
"Today, the search results are incorrect I need assistance.",negative,bug
"Today, the application is lagging badly Please look into it.",negative,performance
"Today, the app takes too long to load Can you fix this?",negative,performance
I am having trouble because the payment page shows an error,negative,payment
"For some reason, i was charged but the order was not placed This happens repeatedly.",negative,payment
"Honestly, the payment page shows an error I need assistance.",negative,payment
"Honestly, support took too long to respond",negative,support
"Honestly, the text on the screen is too small",neutral,ui
"For some reason, please add a filter for previous orders This happens repeatedly.",neutral,feature_request
"Unfortunately, the text on the screen is too small Please look into it.",positive,ui
I am having trouble because something is broken in the application Can you fix this?,negative,bug
I am having trouble because the payment page shows an error This is frustrating.,neutral,payment
Money was deducted but the payment failed I need assistance.,negative,payment
"Unfortunately, the website response time is very poor Can you fix this?",negative,performance
"Honestly, the password reset link is not working This is frustrating.",negative,login
"For some reason, the application is very slow Please look into it.",neutral,performance
"Honestly, the application is very slow Can you fix this?",negative,performance
"Unfortunately, my payment is stuck This is frustrating.",negative,payment
"Recently, i cannot complete the payment Can you fix this?",neutral,payment
"Honestly, i cannot verify my account Can you fix this?",negative,login
"For some reason, the customer care representative was helpful",negative,support
I noticed that the dashboard looks great Please look into it.,negative,ui
I noticed that money was deducted but the payment failed Please help.,negative,payment
I noticed that the design is simple and user friendly This happens repeatedly.,negative,ui
I noticed that the dashboard looks great Please help.,positive,ui
"Recently, my account login keeps failing Please help.",negative,login
I noticed that i am unable to pay for my order I need assistance.,negative,payment
"For some reason, please provide an option to change the language",neutral,feature_request
I am having trouble because the order status is displaying incorrectly This happens repeatedly.,negative,bug
"Today, the app logs me out whenever I try to sign in This is frustrating.",negative,login
"Honestly, i would like to schedule deliveries Can you fix this?",neutral,feature_request
The interface needs improvement Please look into it.,negative,ui
"Today, it takes forever to open the dashboard Please look into it.",negative,performance
"For some reason, the support team did not resolve my problem Please look into it.",negative,support
"For some reason, the payment page shows an error Can you fix this?",negative,payment
"For some reason, it takes forever to open the dashboard Please look into it.",negative,performance
"Recently, the customer care representative was helpful Please look into it.",positive,support
"Unfortunately, the website is extremely slow today",negative,performance
"Recently, the OTP is not arriving during login I need assistance.",negative,login
I am having trouble because the colors and layout make the app easy to use This is frustrating.,positive,ui
I am having trouble because the password reset link is not working Please help.,negative,login
I would like to schedule deliveries Please help.,positive,feature_request
I am having trouble because i cannot verify my account I need assistance.,negative,login
"Today, can you add fingerprint login This happens repeatedly.",neutral,feature_request
"Recently, it would be useful to have a wishlist Please help.",neutral,feature_request
"Today, i cannot verify my account Please look into it.",neutral,login
"Today, i would like to schedule deliveries",positive,feature_request
I am having trouble because i would like an option to download invoices This happens repeatedly.,positive,feature_request
The menu layout is confusing I need assistance.,neutral,ui
"For some reason, the app crashes whenever I upload a file Can you fix this?",negative,bug
I am having trouble because the interface needs improvement,positive,ui
"Today, i would like to schedule deliveries Can you fix this?",neutral,feature_request
"Honestly, the customer care representative was helpful",negative,support
"Today, the application is lagging badly I need assistance.",neutral,performance
I am having trouble because the app takes too long to load,negative,performance
"Today, it would be great to have a dark theme This is frustrating.",positive,feature_request
"Recently, the card payment keeps failing This happens repeatedly.",negative,payment
"Today, the page becomes blank after clicking the button I need assistance.",negative,bug
"Honestly, the application freezes frequently I need assistance.",negative,performance
Nobody from customer support has contacted me I need assistance.,positive,support
"Unfortunately, please add a filter for previous orders Please help.",neutral,feature_request
"Today, i forgot my password and cannot sign in Please look into it.",neutral,login
I noticed that i was charged but the order was not placed Please help.,negative,payment
Money was deducted but the payment failed I need assistance.,negative,payment
The support experience was disappointing,negative,support
"Unfortunately, i was charged but the order was not placed This is frustrating.",negative,payment
I noticed that the support team did not resolve my problem This is frustrating.,positive,support
"Today, something is broken in the application Please help.",negative,bug
Please add more payment methods Please look into it.,neutral,feature_request
"Recently, it takes forever to open the dashboard Can you fix this?",negative,performance
"Honestly, it takes forever to open the dashboard I need assistance.",negative,performance
"Honestly, the customer care representative was helpful This happens repeatedly.",negative,support
"Today, my payment is stuck I need assistance.",negative,payment
"Today, the application is lagging badly This happens repeatedly.",negative,performance
"Today, i cannot complete the payment Please look into it.",negative,payment
"Today, i would like an option to download invoices Please help.",neutral,feature_request
"Unfortunately, nobody from customer support has contacted me",negative,support
"Honestly, the order status is displaying incorrectly",negative,bug
"For some reason, the support team solved my issue quickly Can you fix this?",negative,support
I am having trouble because the support team did not resolve my problem This is frustrating.,neutral,support
"Today, the support staff were polite and professional This happens repeatedly.",negative,support
"Today, the support staff were polite and professional This is frustrating.",negative,support
"Today, the support staff were polite and professional Can you fix this?",neutral,support
"Today, the transaction was declined This is frustrating.",negative,payment
"Recently, the support team solved my issue quickly I need assistance.",negative,support
I am having trouble because the application freezes frequently,negative,performance
"Recently, the menu layout is confusing Please look into it.",negative,ui
"For some reason, i was charged but the order was not placed This is frustrating.",negative,payment
I noticed that the application freezes frequently,negative,performance
I noticed that the buttons are difficult to find This happens repeatedly.,positive,ui
I noticed that it would be useful to have a wishlist Can you fix this?,neutral,feature_request
I am having trouble because the application is lagging badly Please help.,negative,performance
"For some reason, the menu layout is confusing Can you fix this?",positive,ui
"Recently, the card payment keeps failing This happens repeatedly.",negative,payment
I forgot my password and cannot sign in This happens repeatedly.,negative,login
I am having trouble because the application is lagging badly,negative,performance
"Recently, it would be useful to have a wishlist",positive,feature_request
"Today, can you add fingerprint login This happens repeatedly.",neutral,feature_request
"For some reason, i was charged but the order was not placed Please look into it.",negative,payment
I have not received a response from support Please look into it.,negative,support
"Unfortunately, the search results are incorrect Can you fix this?",negative,bug
"Unfortunately, the support experience was disappointing Can you fix this?",neutral,support
"Recently, the application freezes frequently This is frustrating.",negative,performance
"Unfortunately, it would be great to have a dark theme This is frustrating.",neutral,feature_request
"Unfortunately, the support experience was disappointing This happens repeatedly.",positive,support
"For some reason, the transaction was declined Please help.",negative,payment
"Today, the page becomes blank after clicking the button I need assistance.",negative,bug
"Honestly, the application interface is easy to use This is frustrating.",positive,ui
"Unfortunately, the notification is showing the wrong information This happens repeatedly.",negative,bug
"Honestly, the application crashes when I open my profile Can you fix this?",negative,bug
"For some reason, the text on the screen is too small Can you fix this?",positive,ui
"Honestly, the password reset link is not working Can you fix this?",negative,login
I am having trouble because the navigation is difficult to understand This is frustrating.,negative,ui
"Honestly, login takes me back to the sign in page Please look into it.",negative,login
The page becomes blank after clicking the button,negative,bug
"Recently, the app takes too long to load This happens repeatedly.",negative,performance
I am having trouble because the website is extremely slow today This is frustrating.,negative,performance
I noticed that the support team did not resolve my problem Can you fix this?,negative,support
"Recently, the website is extremely slow today",neutral,performance
"Today, i cannot login to my account This is frustrating.",negative,login
I noticed that the app crashes whenever I upload a file This happens repeatedly.,negative,bug
The website is extremely slow today This is frustrating.,negative,performance
"Honestly, please add notifications for price changes This happens repeatedly.",positive,feature_request
The navigation is difficult to understand This happens repeatedly.,positive,ui
I am having trouble because the app crashes whenever I upload a file Can you fix this?,negative,bug
"Unfortunately, uPI payment is not going through This happens repeatedly.",negative,payment
I am having trouble because the transaction was declined,negative,payment
"For some reason, the support team did not resolve my problem I need assistance.",negative,support
"For some reason, the support staff were polite and professional I need assistance.",positive,support
I noticed that the order status is displaying incorrectly Please look into it.,negative,bug
I am having trouble because the application freezes frequently Can you fix this?,negative,performance
"For some reason, the page becomes blank after clicking the button This happens repeatedly.",negative,bug
"Today, uPI payment is not going through Can you fix this?",negative,payment
"Today, the customer care representative was helpful Please look into it.",negative,support
"Unfortunately, the payment page shows an error Please help.",negative,payment
I noticed that my account login keeps failing Can you fix this?,negative,login
I am having trouble because it takes forever to open the dashboard,negative,performance
I noticed that i cannot login to my account Please help.,negative,login
"Today, the application crashes when I open my profile Please help.",negative,bug
"Recently, please add more payment methods",positive,feature_request
"For some reason, uPI payment is not going through Please look into it.",negative,payment
"Recently, the page becomes blank after clicking the button I need assistance.",negative,bug
I am having trouble because the application interface is easy to use Please help.,positive,ui
"For some reason, it takes forever to open the dashboard Please look into it.",negative,performance
"Honestly, please add notifications for price changes Please look into it.",positive,feature_request
I noticed that i would like to schedule deliveries This happens repeatedly.,positive,feature_request
"Unfortunately, the application crashes when I open my profile Please help.",neutral,bug
"Unfortunately, i would like an option to download invoices Please help.",neutral,feature_request
Please add notifications for price changes I need assistance.,neutral,feature_request
"Unfortunately, i forgot my password and cannot sign in I need assistance.",neutral,login
I noticed that the menu layout is confusing This happens repeatedly.,positive,ui
"Today, the page becomes blank after clicking the button Please help.",negative,bug
"Today, i cannot complete the payment",negative,payment
"Honestly, please provide an option to change the language Can you fix this?",positive,feature_request
The app shows an error after checkout,negative,bug
I am having trouble because i cannot login to my account Please look into it.,negative,login
I am having trouble because pages are loading slowly Please help.,negative,performance
"For some reason, please add a filter for previous orders This happens repeatedly.",neutral,feature_request
The menu layout is confusing,positive,ui
I noticed that the application is lagging badly Please help.,negative,performance
I noticed that the application is very slow Can you fix this?,negative,performance
"Today, please add dark mode to the application Please help.",neutral,feature_request
"Honestly, the application freezes frequently This is frustrating.",negative,performance
I am having trouble because money was deducted but the payment failed This is frustrating.,negative,payment
I have not received a response from support Please help.,negative,support
"Unfortunately, the application interface is easy to use Can you fix this?",neutral,ui
"For some reason, the order status is displaying incorrectly Can you fix this?",negative,bug
"Recently, the app takes too long to load I need assistance.",negative,performance
"Today, something is broken in the application This is frustrating.",negative,bug
I am having trouble because my payment is stuck This is frustrating.,negative,payment
I noticed that the payment page shows an error Please help.,negative,payment
"Honestly, i was charged but the order was not placed",negative,payment
"Recently, the app crashes whenever I upload a file This happens repeatedly.",negative,bug
"Honestly, the app crashes whenever I upload a file I need assistance.",negative,bug
"Unfortunately, the colors and layout make the app easy to use Can you fix this?",positive,ui
"Honestly, the colors and layout make the app easy to use Please help.",positive,ui
"Recently, the support staff were polite and professional This is frustrating.",negative,support
"Honestly, the website response time is very poor I need assistance.",negative,performance
"Today, the payment page shows an error Please help.",negative,payment
"Unfortunately, the transaction was declined",negative,payment
I noticed that the app becomes slow during checkout This happens repeatedly.,negative,performance
I noticed that please add a filter for previous orders Can you fix this?,neutral,feature_request
I noticed that the app takes too long to load This happens repeatedly.,neutral,performance
"Today, uPI payment is not going through Please help.",negative,payment
I have not received a response from support Please help.,positive,support
"Honestly, please add a filter for previous orders Can you fix this?",neutral,feature_request
I am unable to pay for my order Please look into it.,negative,payment
The new interface looks clean,negative,ui
"For some reason, i cannot verify my account Please look into it.",neutral,login
"For some reason, the application is lagging badly Can you fix this?",negative,performance
"Unfortunately, it would be useful to have a wishlist",neutral,feature_request
I noticed that i forgot my password and cannot sign in Please look into it.,negative,login
"Honestly, the search results are incorrect Can you fix this?",negative,bug
I am having trouble because please add a filter for previous orders Please help.,neutral,feature_request
I am having trouble because the website response time is very poor Please look into it.,negative,performance
"Unfortunately, the colors and layout make the app easy to use This is frustrating.",positive,ui
"Unfortunately, the application interface is easy to use Please help.",positive,ui
"For some reason, i am happy with the assistance I received This happens repeatedly.",neutral,support
"Honestly, the dashboard looks great Please help.",negative,ui
"Today, the design is simple and user friendly Please help.",positive,ui
"Unfortunately, the payment page shows an error",negative,payment
I am having trouble because the app crashes whenever I upload a file Can you fix this?,negative,bug
I am having trouble because something is broken in the application Can you fix this?,neutral,bug
I noticed that it takes forever to open the dashboard Please help.,negative,performance
"Today, i would like to schedule deliveries This is frustrating.",neutral,feature_request
I noticed that the support experience was disappointing Please help.,negative,support
"Today, can you add fingerprint login Can you fix this?",neutral,feature_request
"For some reason, please add dark mode to the application Please look into it.",neutral,feature_request
Every screen takes a long time to open I need assistance.,negative,performance
I noticed that the website response time is very poor Please help.,negative,performance
I noticed that customer service was very helpful I need assistance.,negative,support
I noticed that the buttons are difficult to find This happens repeatedly.,neutral,ui
I noticed that the page becomes blank after clicking the button Please help.,negative,bug
"Today, the application interface is easy to use Please look into it.",neutral,ui
"Honestly, i would like to schedule deliveries",neutral,feature_request
I am having trouble because the application crashes when I open my profile I need assistance.,negative,bug
I noticed that the text on the screen is too small This happens repeatedly.,positive,ui
"Honestly, i cannot login to my account This is frustrating.",negative,login
The application is very slow I need assistance.,negative,performance
"Honestly, the application is lagging badly This happens repeatedly.",negative,performance
I would like an option to download invoices,neutral,feature_request
"Recently, the application freezes frequently This is frustrating.",negative,performance
The app crashes whenever I upload a file Can you fix this?,negative,bug
I am having trouble because i would like an option to download invoices I need assistance.,neutral,feature_request
"Unfortunately, uPI payment is not going through This happens repeatedly.",negative,payment
"Today, the text on the screen is too small",neutral,ui
I am having trouble because the password reset link is not working Please look into it.,negative,login
I forgot my password and cannot sign in I need assistance.,negative,login
My payment is stuck This happens repeatedly.,negative,payment
The password reset link is not working Please look into it.,negative,login
"Unfortunately, the notification is showing the wrong information This happens repeatedly.",negative,bug
The app becomes slow during checkout I need assistance.,negative,performance
"Today, the application interface is easy to use Can you fix this?",positive,ui
"For some reason, i am unable to pay for my order This happens repeatedly.",neutral,payment
"Today, the buttons are difficult to find This happens repeatedly.",positive,ui
"Today, the application crashes when I open my profile Can you fix this?",negative,bug
"For some reason, the buttons are difficult to find I need assistance.",positive,ui
"Today, the application freezes frequently Please look into it.",negative,performance
"For some reason, the application freezes frequently",negative,performance
"Honestly, the navigation is difficult to understand This happens repeatedly.",neutral,ui
I cannot complete the payment This happens repeatedly.,negative,payment
I am having trouble because the application freezes frequently I need assistance.,negative,performance
"For some reason, something is broken in the application This is frustrating.",neutral,bug
The app shows an error after checkout I need assistance.,negative,bug
"Recently, i cannot verify my account Please help.",negative,login
"Honestly, my account login keeps failing",neutral,login
"For some reason, the search results are incorrect This happens repeatedly.",negative,bug
My payment is stuck Can you fix this?,negative,payment
It takes forever to open the dashboard Can you fix this?,negative,performance
I am having trouble because the app takes too long to load,negative,performance
The menu layout is confusing Can you fix this?,negative,ui
I found a bug in the checkout process I need assistance.,negative,bug
I noticed that the page becomes blank after clicking the button,negative,bug
"For some reason, the app shows an error after checkout Please look into it.",negative,bug
"For some reason, i am happy with the assistance I received This happens repeatedly.",negative,support
I am having trouble because i was charged but the order was not placed I need assistance.,negative,payment
"Honestly, i was charged but the order was not placed Please look into it.",negative,payment
"Recently, the new interface looks clean",negative,ui
"Unfortunately, every screen takes a long time to open This is frustrating.",negative,performance
"Unfortunately, it would be useful to have a wishlist This is frustrating.",neutral,feature_request
"Unfortunately, the app takes too long to load This is frustrating.",negative,performance
It would be great to have a dark theme Please look into it.,neutral,feature_request
"Unfortunately, please add notifications for price changes Please look into it.",neutral,feature_request
I noticed that i cannot complete the payment,negative,payment
I am having trouble because please add more payment methods Please look into it.,neutral,feature_request
I am having trouble because please add notifications for price changes This is frustrating.,neutral,feature_request
"Recently, support took too long to respond Please look into it.",positive,support
"Recently, my account login keeps failing Can you fix this?",negative,login
"Today, the support staff were polite and professional Can you fix this?",negative,support
I noticed that the payment page shows an error Can you fix this?,negative,payment
"Unfortunately, the app logs me out whenever I try to sign in This happens repeatedly.",negative,login
"Today, the notification is showing the wrong information I need assistance.",negative,bug
"Honestly, the support experience was disappointing I need assistance.",negative,support
I am having trouble because support took too long to respond Please look into it.,negative,support
I noticed that please provide an option to change the language This happens repeatedly.,positive,feature_request
I noticed that the support team solved my issue quickly Please help.,neutral,support
I am having trouble because login takes me back to the sign in page I need assistance.,negative,login
"Today, the website response time is very poor",negative,performance
I noticed that the text on the screen is too small Can you fix this?,positive,ui
"For some reason, my account login keeps failing Please look into it.",negative,login
"Today, the support experience was disappointing Please look into it.",negative,support
"Today, the application is very slow Please look into it.",negative,performance
The payment page shows an error Please look into it.,negative,payment
"Unfortunately, login takes me back to the sign in page This is frustrating.",negative,login
I am having trouble because the password reset link is not working This is frustrating.,negative,login
"Today, i cannot complete the payment This is frustrating.",negative,payment
"Unfortunately, the order status is displaying incorrectly",negative,bug
I noticed that please add dark mode to the application,neutral,feature_request
I am having trouble because the colors and layout make the app easy to use,negative,ui
"Unfortunately, please provide an option to change the language Please look into it.",neutral,feature_request
"Unfortunately, pages are loading slowly I need assistance.",negative,performance
I noticed that uPI payment is not going through,negative,payment
I forgot my password and cannot sign in Please look into it.,negative,login
The app becomes slow during checkout This happens repeatedly.,negative,performance
I am having trouble because the colors and layout make the app easy to use Please help.,negative,ui
"For some reason, my payment is stuck This happens repeatedly.",negative,payment
"Honestly, the app logs me out whenever I try to sign in Can you fix this?",negative,login
"Honestly, the application is lagging badly This happens repeatedly.",negative,performance
"Unfortunately, the app shows an error after checkout This happens repeatedly.",negative,bug
I noticed that i found a bug in the checkout process Please look into it.,negative,bug
I noticed that the application is very slow Please look into it.,negative,performance
Please add more payment methods I need assistance.,neutral,feature_request
"For some reason, the support team did not resolve my problem Please look into it.",positive,support
"Honestly, the app logs me out whenever I try to sign in",negative,login
I noticed that the app becomes slow during checkout I need assistance.,neutral,performance
"For some reason, the new interface looks clean",positive,ui
I am having trouble because i am unable to access my account Can you fix this?,negative,login
"Recently, i am happy with the assistance I received This happens repeatedly.",positive,support
"Unfortunately, the interface needs improvement I need assistance.",negative,ui
I am having trouble because the navigation is difficult to understand,negative,ui
The application interface is easy to use This happens repeatedly.,positive,ui
Customer service was very helpful Please look into it.,positive,support
"Today, the design is simple and user friendly This is frustrating.",positive,ui
"Recently, the menu layout is confusing Please look into it.",negative,ui
"Recently, please add dark mode to the application I need assistance.",positive,feature_request
"For some reason, the application interface is easy to use Please help.",neutral,ui
"Today, the interface needs improvement This happens repeatedly.",positive,ui
I noticed that nobody from customer support has contacted me I need assistance.,negative,support
"Honestly, my payment is stuck",negative,payment
"Recently, the website response time is very poor Please help.",negative,performance
"Today, it takes forever to open the dashboard",negative,performance
I am having trouble because the app takes too long to load This happens repeatedly.,negative,performance
"Today, i am happy with the assistance I received Can you fix this?",positive,support
"Today, i am unable to access my account This happens repeatedly.",negative,login
"For some reason, i would like to schedule deliveries This happens repeatedly.",neutral,feature_request
The OTP is not arriving during login This happens repeatedly.,negative,login
"Honestly, i forgot my password and cannot sign in This happens repeatedly.",negative,login
"Today, can you add fingerprint login I need assistance.",positive,feature_request
"Recently, i was charged but the order was not placed Please look into it.",negative,payment
"Recently, the payment page shows an error Please help.",negative,payment
"Unfortunately, the new interface looks clean I need assistance.",positive,ui
My payment failed while placing the order This is frustrating.,negative,payment
I am having trouble because the application closes unexpectedly Please help.,negative,bug
"Recently, i am unable to access my account Please look into it.",negative,login
"For some reason, the app takes too long to load Please look into it.",negative,performance
"Honestly, the search results are incorrect",negative,bug
Pages are loading slowly Please look into it.,negative,performance
"Honestly, please add notifications for price changes I need assistance.",neutral,feature_request
"For some reason, the app crashes whenever I upload a file Please look into it.",negative,bug
I noticed that it takes forever to open the dashboard Can you fix this?,negative,performance
"Recently, my payment is stuck This happens repeatedly.",negative,payment
I noticed that the OTP is not arriving during login This happens repeatedly.,negative,login
I noticed that please add more payment methods Can you fix this?,neutral,feature_request
"Honestly, the text on the screen is too small Can you fix this?",negative,ui
"For some reason, the application crashes when I open my profile This happens repeatedly.",negative,bug
"Recently, the app shows an error after checkout This happens repeatedly.",negative,bug
The support team did not resolve my problem Please look into it.,negative,support
"Unfortunately, uPI payment is not going through",negative,payment
I am having trouble because the colors and layout make the app easy to use This is frustrating.,negative,ui
I am having trouble because the website response time is very poor This is frustrating.,negative,performance
"Today, please add more payment methods Please help.",neutral,feature_request
"Honestly, i forgot my password and cannot sign in Please look into it.",negative,login
Support took too long to respond This is frustrating.,negative,support
"Unfortunately, can you add fingerprint login This happens repeatedly.",neutral,feature_request
The text on the screen is too small This happens repeatedly.,negative,ui
"Honestly, the app becomes slow during checkout",negative,performance
I noticed that the application freezes frequently,neutral,performance
"Honestly, the app logs me out whenever I try to sign in This is frustrating.",neutral,login
"Honestly, support took too long to respond",positive,support
The order status is displaying incorrectly,negative,bug
"Honestly, the new interface looks clean",negative,ui
"Unfortunately, login takes me back to the sign in page This is frustrating.",negative,login
"For some reason, can you add fingerprint login Please look into it.",neutral,feature_request
I noticed that it would be useful to have a wishlist This is frustrating.,positive,feature_request
"Recently, the notification is showing the wrong information This is frustrating.",negative,bug
I noticed that the text on the screen is too small I need assistance.,negative,ui
I noticed that the website response time is very poor This is frustrating.,negative,performance
"Honestly, the transaction was declined This is frustrating.",negative,payment
"Unfortunately, nobody from customer support has contacted me This is frustrating.",negative,support
"Recently, the text on the screen is too small Please look into it.",positive,ui
"Honestly, the application closes unexpectedly Please help.",negative,bug
I am having trouble because the text on the screen is too small Can you fix this?,negative,ui
I am having trouble because uPI payment is not going through This is frustrating.,negative,payment
"Today, uPI payment is not going through I need assistance.",negative,payment
"For some reason, it takes forever to open the dashboard This happens repeatedly.",negative,performance
The application closes unexpectedly This is frustrating.,negative,bug
"Honestly, the OTP is not arriving during login This is frustrating.",neutral,login
I am having trouble because i forgot my password and cannot sign in Please help.,negative,login
I am having trouble because i was charged but the order was not placed Please look into it.,negative,payment
"Unfortunately, i would like to schedule deliveries Please help.",neutral,feature_request
I noticed that the support staff were polite and professional Can you fix this?,negative,support
The application freezes frequently Please help.,negative,performance
"Unfortunately, the application interface is easy to use Can you fix this?",neutral,ui
"Recently, the application freezes frequently Can you fix this?",negative,performance
"Recently, customer service was very helpful Please look into it.",negative,support
The application is lagging badly This is frustrating.,negative,performance
"Recently, money was deducted but the payment failed I need assistance.",negative,payment
"Honestly, every screen takes a long time to open I need assistance.",neutral,performance
"Today, i cannot login to my account I need assistance.",negative,login
"Recently, the menu layout is confusing Can you fix this?",positive,ui
I am having trouble because every screen takes a long time to open,negative,performance
"Unfortunately, pages are loading slowly I need assistance.",negative,performance
The application interface is easy to use Please look into it.,negative,ui
"For some reason, i forgot my password and cannot sign in I need assistance.",negative,login
"Honestly, the card payment keeps failing Please help.",negative,payment
"Unfortunately, the website is extremely slow today This is frustrating.",negative,performance
"Today, the text on the screen is too small Please look into it.",positive,ui
"Recently, please add dark mode to the application",positive,feature_request
"Recently, something is broken in the application",negative,bug
"Today, the support experience was disappointing This happens repeatedly.",positive,support
I am having trouble because can you add fingerprint login Can you fix this?,neutral,feature_request
I am having trouble because my payment is stuck This is frustrating.,negative,payment
"For some reason, the design is simple and user friendly This is frustrating.",negative,ui
"Honestly, i cannot verify my account This is frustrating.",negative,login
I am having trouble because please add more payment methods Can you fix this?,neutral,feature_request
Login takes me back to the sign in page This is frustrating.,negative,login
"Today, the support staff were polite and professional",negative,support
I am having trouble because the password reset link is not working I need assistance.,negative,login
"Today, the app shows an error after checkout This happens repeatedly.",negative,bug
I noticed that i cannot verify my account I need assistance.,neutral,login
"For some reason, pages are loading slowly This is frustrating.",negative,performance
I am having trouble because the design is simple and user friendly,negative,ui
"Honestly, it would be useful to have a wishlist Please help.",neutral,feature_request
I am having trouble because it would be great to have a dark theme This happens repeatedly.,neutral,feature_request
"Honestly, every screen takes a long time to open",negative,performance
"Today, please add dark mode to the application This happens repeatedly.",neutral,feature_request
"Recently, the search results are incorrect This happens repeatedly.",negative,bug
"Unfortunately, the app shows an error after checkout This is frustrating.",neutral,bug
"For some reason, the order status is displaying incorrectly",negative,bug
My payment is stuck Please look into it.,negative,payment
I noticed that i cannot login to my account This is frustrating.,negative,login
"Recently, please add notifications for price changes Can you fix this?",positive,feature_request
"For some reason, i am unable to access my account Please look into it.",negative,login
It would be great to have a dark theme Can you fix this?,neutral,feature_request
I am having trouble because the dashboard looks great Please look into it.,positive,ui
"For some reason, support took too long to respond I need assistance.",negative,support
I am having trouble because i am unable to access my account I need assistance.,negative,login
"Unfortunately, money was deducted but the payment failed Can you fix this?",negative,payment
"Honestly, the menu layout is confusing Can you fix this?",positive,ui
"Honestly, the new interface looks clean",positive,ui
I am having trouble because the application is very slow,negative,performance
I noticed that the application is very slow This is frustrating.,negative,performance
"Today, i was charged but the order was not placed This is frustrating.",negative,payment
"Honestly, uPI payment is not going through Please help.",negative,payment
I noticed that the buttons are difficult to find I need assistance.,neutral,ui
I am having trouble because the customer care representative was helpful Can you fix this?,negative,support
"Recently, i cannot complete the payment I need assistance.",negative,payment
"Unfortunately, please provide an option to change the language I need assistance.",neutral,feature_request
"Unfortunately, something is broken in the application I need assistance.",negative,bug
It takes forever to open the dashboard I need assistance.,neutral,performance
"Recently, please provide an option to change the language I need assistance.",neutral,feature_request
The buttons are difficult to find Please help.,negative,ui
I am having trouble because i would like to schedule deliveries This is frustrating.,neutral,feature_request
"Honestly, the OTP is not arriving during login Can you fix this?",negative,login
The customer care representative was helpful Please look into it.,negative,support
"Honestly, the application interface is easy to use I need assistance.",positive,ui
"Recently, the dashboard looks great Please help.",negative,ui
I noticed that the application is lagging badly This happens repeatedly.,negative,performance
I noticed that i would like to schedule deliveries Please help.,neutral,feature_request
"For some reason, my payment failed while placing the order",negative,payment
I noticed that the app takes too long to load I need assistance.,negative,performance
"For some reason, can you add fingerprint login Please look into it.",neutral,feature_request
"Today, the password reset link is not working Please help.",negative,login
"Unfortunately, the OTP is not arriving during login Can you fix this?",negative,login
"Honestly, i am happy with the assistance I received Please help.",positive,support
The interface needs improvement Please help.,positive,ui
I noticed that i have not received a response from support Please look into it.,negative,support
"Recently, the design is simple and user friendly Can you fix this?",negative,ui
"Honestly, please add notifications for price changes I need assistance.",neutral,feature_request
"Unfortunately, i cannot verify my account Please help.",negative,login
I am having trouble because i cannot verify my account Please help.,neutral,login
"Today, i am happy with the assistance I received This happens repeatedly.",negative,support
"Unfortunately, the support staff were polite and professional This is frustrating.",positive,support
"For some reason, the search results are incorrect Please help.",negative,bug
I noticed that login takes me back to the sign in page I need assistance.,negative,login
I am having trouble because the text on the screen is too small,positive,ui
I am having trouble because i am unable to access my account I need assistance.,negative,login
"Unfortunately, the application interface is easy to use Please help.",neutral,ui
"Honestly, the password reset link is not working Please help.",negative,login
I noticed that money was deducted but the payment failed,negative,payment
The support team solved my issue quickly This is frustrating.,positive,support
I am having trouble because the text on the screen is too small Please help.,positive,ui
"Today, it takes forever to open the dashboard Please look into it.",negative,performance
I cannot complete the payment Please look into it.,negative,payment
"Unfortunately, support took too long to respond Can you fix this?",negative,support
"For some reason, the application crashes when I open my profile I need assistance.",negative,bug
I noticed that it would be great to have a dark theme I need assistance.,neutral,feature_request
"Today, every screen takes a long time to open",negative,performance
I am having trouble because the payment page shows an error,negative,payment
I am having trouble because support took too long to respond This is frustrating.,negative,support
I noticed that the login page is not working This is frustrating.,negative,login
I noticed that the menu layout is confusing Please look into it.,positive,ui
"Recently, i am unable to pay for my order Please look into it.",negative,payment
"Honestly, the OTP is not arriving during login",negative,login
The colors and layout make the app easy to use Please look into it.,negative,ui
"Unfortunately, the application is lagging badly This is frustrating.",negative,performance
The order status is displaying incorrectly Please help.,negative,bug
"Today, nobody from customer support has contacted me Can you fix this?",negative,support
"For some reason, i found a bug in the checkout process This is frustrating.",negative,bug
"Honestly, the application interface is easy to use I need assistance.",positive,ui
"Recently, the OTP is not arriving during login Can you fix this?",negative,login
"Unfortunately, every screen takes a long time to open This happens repeatedly.",negative,performance
I am happy with the assistance I received Please look into it.,negative,support
I noticed that it would be great to have a dark theme Please look into it.,neutral,feature_request
"Honestly, the design is simple and user friendly This is frustrating.",negative,ui
"Unfortunately, the application interface is easy to use This is frustrating.",negative,ui
I cannot login to my account This happens repeatedly.,negative,login
I cannot complete the payment This happens repeatedly.,negative,payment
"Unfortunately, please add a filter for previous orders",neutral,feature_request
"Honestly, the interface needs improvement This happens repeatedly.",negative,ui
The app takes too long to load Can you fix this?,negative,performance
"For some reason, can you add fingerprint login Can you fix this?",positive,feature_request
I noticed that i am happy with the assistance I received Can you fix this?,positive,support
I noticed that the design is simple and user friendly Please look into it.,negative,ui
I am having trouble because i forgot my password and cannot sign in This is frustrating.,negative,login
"Honestly, the app logs me out whenever I try to sign in Can you fix this?",negative,login
I am having trouble because the buttons are difficult to find Can you fix this?,neutral,ui
"Recently, i have not received a response from support Please look into it.",negative,support
I am having trouble because the navigation is difficult to understand Please look into it.,negative,ui
"Unfortunately, i was charged but the order was not placed Please look into it.",negative,payment
"Unfortunately, something is broken in the application Please help.",negative,bug
I am having trouble because please add notifications for price changes Can you fix this?,positive,feature_request
I noticed that i cannot complete the payment Please look into it.,negative,payment
"Recently, i cannot verify my account",negative,login
I noticed that the application freezes frequently,neutral,performance
"Unfortunately, the interface needs improvement Please help.",negative,ui
I noticed that the customer care representative was helpful,negative,support
I noticed that the new interface looks clean This happens repeatedly.,neutral,ui
The interface needs improvement Please look into it.,positive,ui
"For some reason, customer service was very helpful Can you fix this?",neutral,support
"Today, the transaction was declined I need assistance.",negative,payment
"Recently, something is broken in the application Please look into it.",negative,bug
"For some reason, it takes forever to open the dashboard This is frustrating.",neutral,performance
"Unfortunately, i cannot verify my account This is frustrating.",negative,login
"Today, money was deducted but the payment failed Please help.",negative,payment
"Unfortunately, the customer care representative was helpful Please look into it.",positive,support
"Today, the transaction was declined This happens repeatedly.",negative,payment
"For some reason, please add a filter for previous orders Please help.",neutral,feature_request
"For some reason, the card payment keeps failing This is frustrating.",negative,payment
I am having trouble because please provide an option to change the language,positive,feature_request
"Unfortunately, the app crashes whenever I upload a file",negative,bug
"For some reason, the new interface looks clean Can you fix this?",positive,ui
Can you add fingerprint login I need assistance.,neutral,feature_request
I noticed that the notification is showing the wrong information Can you fix this?,negative,bug
I noticed that please add notifications for price changes Please help.,neutral,feature_request
"Today, the support staff were polite and professional",positive,support
"Recently, my account login keeps failing",negative,login
Something is broken in the application Can you fix this?,negative,bug
"Recently, money was deducted but the payment failed Can you fix this?",negative,payment
"Recently, please add more payment methods Please help.",positive,feature_request
"Recently, nobody from customer support has contacted me This happens repeatedly.",negative,support
The app takes too long to load This happens repeatedly.,negative,performance
"For some reason, the design is simple and user friendly Can you fix this?",neutral,ui
"Honestly, my account login keeps failing",negative,login
"Honestly, i forgot my password and cannot sign in Can you fix this?",neutral,login
I noticed that the interface needs improvement This happens repeatedly.,positive,ui
I am having trouble because please provide an option to change the language,neutral,feature_request
"Recently, the application is lagging badly",neutral,performance
"Unfortunately, the notification is showing the wrong information Can you fix this?",negative,bug
"Unfortunately, the app takes too long to load",negative,performance
"Recently, the application crashes when I open my profile Please help.",negative,bug
"For some reason, the app logs me out whenever I try to sign in Please look into it.",negative,login
"Honestly, the search results are incorrect Please help.",neutral,bug
"Honestly, i found a bug in the checkout process Please help.",negative,bug
"For some reason, every screen takes a long time to open I need assistance.",negative,performance
"Recently, support took too long to respond This is frustrating.",negative,support
"For some reason, the navigation is difficult to understand",negative,ui
"Honestly, the support staff were polite and professional I need assistance.",positive,support
I am having trouble because the menu layout is confusing Please help.,negative,ui
"Honestly, the support experience was disappointing This happens repeatedly.",positive,support
I noticed that the support staff were polite and professional I need assistance.,positive,support
"For some reason, please add notifications for price changes Can you fix this?",neutral,feature_request
I noticed that the application crashes when I open my profile,negative,bug
"Recently, the login page is not working This is frustrating.",negative,login
"Today, the app becomes slow during checkout Can you fix this?",negative,performance
"Honestly, nobody from customer support has contacted me Please help.",positive,support
I noticed that the app crashes whenever I upload a file This happens repeatedly.,negative,bug
"Honestly, the app shows an error after checkout Please look into it.",negative,bug
"Unfortunately, please add a filter for previous orders Can you fix this?",neutral,feature_request
My account login keeps failing Please help.,negative,login
"Recently, i was charged but the order was not placed I need assistance.",neutral,payment
I am having trouble because i have not received a response from support Please help.,negative,support
"Today, the app takes too long to load Please help.",negative,performance
"Recently, my payment is stuck",negative,payment
"Unfortunately, the application interface is easy to use This is frustrating.",neutral,ui
"Honestly, my payment failed while placing the order",negative,payment
I noticed that i was charged but the order was not placed This is frustrating.,negative,payment
"Today, the app logs me out whenever I try to sign in Can you fix this?",negative,login
"Recently, the website response time is very poor Please look into it.",negative,performance
I am having trouble because support took too long to respond Please look into it.,negative,support
I noticed that the application freezes frequently This happens repeatedly.,negative,performance
The payment page shows an error This is frustrating.,negative,payment
"For some reason, the app shows an error after checkout",negative,bug
"Recently, the app crashes whenever I upload a file I need assistance.",negative,bug
"Honestly, the card payment keeps failing I need assistance.",negative,payment
"Honestly, i cannot verify my account",negative,login
"Recently, the app crashes whenever I upload a file I need assistance.",negative,bug
"Today, the application freezes frequently I need assistance.",negative,performance
"Honestly, it takes forever to open the dashboard I need assistance.",negative,performance
I noticed that the menu layout is confusing This is frustrating.,positive,ui
I forgot my password and cannot sign in I need assistance.,negative,login
Please add a filter for previous orders This is frustrating.,positive,feature_request
"Recently, please add more payment methods I need assistance.",neutral,feature_request
"For some reason, please add dark mode to the application Please look into it.",positive,feature_request
"Unfortunately, it takes forever to open the dashboard Please help.",negative,performance
"Today, please add more payment methods",neutral,feature_request
"Today, the menu layout is confusing This happens repeatedly.",negative,ui
I am having trouble because the card payment keeps failing I need assistance.,negative,payment
I am having trouble because every screen takes a long time to open Can you fix this?,negative,performance
I am happy with the assistance I received This is frustrating.,negative,support
I noticed that the application closes unexpectedly This is frustrating.,negative,bug
I noticed that the app shows an error after checkout,negative,bug
I am having trouble because i would like to schedule deliveries This is frustrating.,positive,feature_request
I am having trouble because support took too long to respond I need assistance.,negative,support
I noticed that the support team solved my issue quickly Please look into it.,negative,support
"Honestly, the notification is showing the wrong information Can you fix this?",negative,bug
I am having trouble because every screen takes a long time to open This happens repeatedly.,negative,performance
"Today, can you add fingerprint login This happens repeatedly.",neutral,feature_request
"Unfortunately, i was charged but the order was not placed Please help.",negative,payment
My account login keeps failing This is frustrating.,negative,login
I am having trouble because the colors and layout make the app easy to use I need assistance.,positive,ui
"Honestly, the search results are incorrect This happens repeatedly.",negative,bug
"Recently, i cannot login to my account Please look into it.",negative,login
I am having trouble because the support staff were polite and professional Can you fix this?,positive,support
"For some reason, the search results are incorrect I need assistance.",negative,bug
I am unable to pay for my order I need assistance.,negative,payment
"Unfortunately, the login page is not working Can you fix this?",negative,login
I noticed that the menu layout is confusing I need assistance.,negative,ui
"Honestly, the colors and layout make the app easy to use",positive,ui
"For some reason, the website is extremely slow today This is frustrating.",negative,performance
"Recently, the support team solved my issue quickly I need assistance.",positive,support
"Recently, the design is simple and user friendly I need assistance.",positive,ui
"Recently, i am happy with the assistance I received This is frustrating.",negative,support
"For some reason, the support staff were polite and professional This is frustrating.",positive,support
I noticed that login takes me back to the sign in page Please look into it.,negative,login
"Unfortunately, something is broken in the application",negative,bug
"Today, i cannot login to my account",negative,login
"Today, it would be useful to have a wishlist Please help.",neutral,feature_request
It would be great to have a dark theme Can you fix this?,neutral,feature_request
"For some reason, something is broken in the application Please look into it.",negative,bug
"Unfortunately, the buttons are difficult to find This happens repeatedly.",negative,ui
"Unfortunately, every screen takes a long time to open This happens repeatedly.",negative,performance
"Unfortunately, please add notifications for price changes This is frustrating.",positive,feature_request
"Today, the interface needs improvement Please look into it.",positive,ui
"For some reason, please add a filter for previous orders This happens repeatedly.",neutral,feature_request
I am having trouble because pages are loading slowly Please look into it.,negative,performance
The order status is displaying incorrectly Please help.,negative,bug
"For some reason, i am unable to access my account Can you fix this?",negative,login
"Today, please add more payment methods Can you fix this?",neutral,feature_request
I noticed that customer service was very helpful Can you fix this?,positive,support
"Recently, the colors and layout make the app easy to use Can you fix this?",negative,ui
"Unfortunately, the website is extremely slow today I need assistance.",negative,performance
"For some reason, please add more payment methods",neutral,feature_request
"Unfortunately, the login page is not working This happens repeatedly.",negative,login
I noticed that the application crashes when I open my profile Please look into it.,neutral,bug
I forgot my password and cannot sign in This happens repeatedly.,negative,login
"Recently, pages are loading slowly I need assistance.",negative,performance
"Honestly, the app logs me out whenever I try to sign in Can you fix this?",negative,login
Please add a filter for previous orders Can you fix this?,neutral,feature_request
"Honestly, my payment failed while placing the order I need assistance.",negative,payment
"Recently, the application crashes when I open my profile I need assistance.",negative,bug
I noticed that i would like to schedule deliveries Please help.,neutral,feature_request
"Unfortunately, please add dark mode to the application This is frustrating.",neutral,feature_request
"Honestly, i am unable to pay for my order I need assistance.",negative,payment
"Honestly, it would be useful to have a wishlist This is frustrating.",positive,feature_request
Something is broken in the application I need assistance.,negative,bug
"Honestly, the application crashes when I open my profile Can you fix this?",negative,bug
"For some reason, customer service was very helpful",negative,support
"Recently, nobody from customer support has contacted me This is frustrating.",positive,support
"For some reason, the colors and layout make the app easy to use I need assistance.",negative,ui
I noticed that my payment is stuck Please look into it.,negative,payment
"For some reason, the navigation is difficult to understand",negative,ui
"For some reason, it would be useful to have a wishlist Please look into it.",neutral,feature_request
"Honestly, support took too long to respond Can you fix this?",negative,support
I am having trouble because the OTP is not arriving during login This is frustrating.,negative,login
I noticed that the search results are incorrect I need assistance.,negative,bug
"For some reason, the card payment keeps failing",negative,payment
I noticed that the customer care representative was helpful Please help.,positive,support
"Honestly, the application closes unexpectedly This happens repeatedly.",negative,bug
"Recently, the navigation is difficult to understand I need assistance.",neutral,ui
Something is broken in the application I need assistance.,negative,bug
I noticed that i found a bug in the checkout process Please help.,negative,bug
I noticed that i would like an option to download invoices Please help.,neutral,feature_request
"Unfortunately, i am unable to pay for my order",negative,payment
I noticed that support took too long to respond Please help.,negative,support
"Today, the buttons are difficult to find Please help.",negative,ui
"For some reason, the app shows an error after checkout This happens repeatedly.",negative,bug
I noticed that please add notifications for price changes Can you fix this?,positive,feature_request
I noticed that please add dark mode to the application,neutral,feature_request
"Honestly, it takes forever to open the dashboard This happens repeatedly.",negative,performance
"Honestly, the application crashes when I open my profile Can you fix this?",negative,bug
Every screen takes a long time to open I need assistance.,negative,performance
Nobody from customer support has contacted me This happens repeatedly.,negative,support
The colors and layout make the app easy to use Please help.,negative,ui
"Recently, my account login keeps failing Please help.",negative,login
"Honestly, the payment page shows an error Please look into it.",negative,payment
I noticed that please add a filter for previous orders This happens repeatedly.,neutral,feature_request
I noticed that the login page is not working Please look into it.,negative,login
"Recently, the order status is displaying incorrectly Please help.",negative,bug
"Unfortunately, please add a filter for previous orders I need assistance.",neutral,feature_request
I am having trouble because please add a filter for previous orders,neutral,feature_request
"Honestly, the payment page shows an error This happens repeatedly.",negative,payment
I am having trouble because the support team did not resolve my problem Please look into it.,negative,support
"For some reason, i have not received a response from support This happens repeatedly.",negative,support
"Honestly, my payment failed while placing the order",negative,payment
"Recently, the application crashes when I open my profile This happens repeatedly.",negative,bug
I cannot verify my account,negative,login
I am having trouble because i found a bug in the checkout process This happens repeatedly.,negative,bug
"For some reason, my account login keeps failing This happens repeatedly.",negative,login
"Unfortunately, the notification is showing the wrong information Please look into it.",negative,bug
The buttons are difficult to find Can you fix this?,positive,ui
I noticed that please provide an option to change the language,neutral,feature_request
I noticed that the interface needs improvement,negative,ui
"Unfortunately, the application closes unexpectedly This is frustrating.",neutral,bug
"Honestly, nobody from customer support has contacted me This happens repeatedly.",neutral,support
The order status is displaying incorrectly This happens repeatedly.,negative,bug
"Honestly, the app crashes whenever I upload a file I need assistance.",negative,bug
I am having trouble because the website response time is very poor This is frustrating.,negative,performance
I am having trouble because the app takes too long to load This happens repeatedly.,negative,performance
The card payment keeps failing I need assistance.,negative,payment
I noticed that i am unable to pay for my order This is frustrating.,negative,payment
I noticed that the app shows an error after checkout Please look into it.,negative,bug
"Unfortunately, the design is simple and user friendly I need assistance.",neutral,ui
I noticed that login takes me back to the sign in page,negative,login
I noticed that the page becomes blank after clicking the button This happens repeatedly.,neutral,bug
"Recently, pages are loading slowly Please help.",negative,performance
"For some reason, the menu layout is confusing I need assistance.",negative,ui
"Today, i have not received a response from support This is frustrating.",negative,support
"Unfortunately, i would like to schedule deliveries Can you fix this?",neutral,feature_request
"Honestly, it would be great to have a dark theme This is frustrating.",neutral,feature_request
"Unfortunately, the app crashes whenever I upload a file I need assistance.",negative,bug
"Unfortunately, the application closes unexpectedly This is frustrating.",negative,bug
I noticed that the app shows an error after checkout Please look into it.,negative,bug
I am having trouble because the support experience was disappointing I need assistance.,negative,support
I am having trouble because i have not received a response from support This happens repeatedly.,negative,support
I noticed that the application crashes when I open my profile This happens repeatedly.,negative,bug
"Recently, the app logs me out whenever I try to sign in Can you fix this?",negative,login
"Unfortunately, i have not received a response from support Please look into it.",neutral,support
"Unfortunately, the payment page shows an error This is frustrating.",negative,payment
"Honestly, i cannot complete the payment Please help.",negative,payment
"Today, it would be great to have a dark theme Please look into it.",neutral,feature_request
I am having trouble because the support staff were polite and professional This is frustrating.,positive,support
I am having trouble because please add dark mode to the application,neutral,feature_request
"Unfortunately, my payment is stuck Please look into it.",negative,payment
"For some reason, i cannot login to my account Please help.",negative,login
"Honestly, i was charged but the order was not placed This is frustrating.",negative,payment
I noticed that i cannot complete the payment Please help.,negative,payment
"Recently, the app logs me out whenever I try to sign in I need assistance.",negative,login
"For some reason, the page becomes blank after clicking the button Please help.",negative,bug
Please add a filter for previous orders This happens repeatedly.,neutral,feature_request
"For some reason, the login page is not working This happens repeatedly.",negative,login
"For some reason, the menu layout is confusing Please look into it.",neutral,ui
I noticed that please add more payment methods Please look into it.,neutral,feature_request
"Honestly, customer service was very helpful Please look into it.",negative,support
"For some reason, the page becomes blank after clicking the button Please look into it.",negative,bug
"Unfortunately, the login page is not working I need assistance.",neutral,login
"Today, uPI payment is not going through This happens repeatedly.",negative,payment
I am having trouble because the website response time is very poor I need assistance.,negative,performance
"Recently, the password reset link is not working Can you fix this?",negative,login
UPI payment is not going through I need assistance.,neutral,payment
"Today, the page becomes blank after clicking the button Can you fix this?",negative,bug
I have not received a response from support Please look into it.,positive,support
"Recently, my payment failed while placing the order Please help.",negative,payment
"Unfortunately, please add more payment methods I need assistance.",neutral,feature_request
"For some reason, the application is lagging badly Please look into it.",negative,performance
"Recently, the interface needs improvement",positive,ui
"Today, the application is very slow Please look into it.",negative,performance
"Honestly, please add a filter for previous orders Please look into it.",neutral,feature_request
I noticed that pages are loading slowly This is frustrating.,negative,performance
"For some reason, please add dark mode to the application",neutral,feature_request
"Unfortunately, the application is very slow This is frustrating.",negative,performance
"Today, pages are loading slowly Please help.",negative,performance
I am having trouble because the app shows an error after checkout This happens repeatedly.,negative,bug
"Unfortunately, i cannot login to my account This happens repeatedly.",neutral,login
"Honestly, the website response time is very poor This is frustrating.",negative,performance
"Recently, the password reset link is not working Can you fix this?",negative,login
"Today, the application crashes when I open my profile Please look into it.",negative,bug
Customer service was very helpful Please look into it.,positive,support
"Recently, i am unable to access my account Can you fix this?",negative,login
I was charged but the order was not placed This happens repeatedly.,negative,payment
"Honestly, the notification is showing the wrong information Please help.",neutral,bug
I am having trouble because the support experience was disappointing Please look into it.,negative,support
"Unfortunately, the customer care representative was helpful Can you fix this?",neutral,support
"Today, the application is lagging badly Please help.",negative,performance
I am having trouble because the application is lagging badly Please look into it.,negative,performance
I am having trouble because i cannot complete the payment I need assistance.,negative,payment
"Unfortunately, the application freezes frequently Please look into it.",negative,performance
"Unfortunately, the application closes unexpectedly I need assistance.",negative,bug
"Honestly, the application is lagging badly This happens repeatedly.",negative,performance
"For some reason, i have not received a response from support Can you fix this?",positive,support
"Recently, the new interface looks clean",negative,ui
"Honestly, login takes me back to the sign in page Please help.",negative,login
I noticed that the website response time is very poor Please help.,negative,performance
I am having trouble because please add a filter for previous orders,positive,feature_request
"Recently, customer service was very helpful This is frustrating.",negative,support
"For some reason, the card payment keeps failing Please look into it.",negative,payment
I am having trouble because my payment failed while placing the order This happens repeatedly.,negative,payment
"For some reason, the navigation is difficult to understand Please look into it.",negative,ui
I noticed that i would like an option to download invoices I need assistance.,neutral,feature_request
"Today, i found a bug in the checkout process Can you fix this?",neutral,bug
"Recently, i would like to schedule deliveries This is frustrating.",neutral,feature_request
The password reset link is not working Please look into it.,negative,login
The application closes unexpectedly,neutral,bug
I noticed that the order status is displaying incorrectly This happens repeatedly.,negative,bug
"Today, the customer care representative was helpful This is frustrating.",negative,support
"For some reason, the page becomes blank after clicking the button This happens repeatedly.",negative,bug
"Unfortunately, nobody from customer support has contacted me Please look into it.",negative,support
"For some reason, the app logs me out whenever I try to sign in I need assistance.",negative,login
"Today, the application is lagging badly",negative,performance
"Unfortunately, please add dark mode to the application I need assistance.",neutral,feature_request
"For some reason, the page becomes blank after clicking the button I need assistance.",negative,bug
"For some reason, the app shows an error after checkout Please help.",negative,bug
I am having trouble because i cannot verify my account Can you fix this?,negative,login
"Honestly, the app shows an error after checkout Please help.",negative,bug
I noticed that i have not received a response from support This is frustrating.,negative,support
I am having trouble because money was deducted but the payment failed Please help.,negative,payment
"For some reason, the support experience was disappointing I need assistance.",neutral,support
"Today, uPI payment is not going through Please look into it.",negative,payment
"Recently, the dashboard looks great Can you fix this?",positive,ui
I noticed that i cannot verify my account Can you fix this?,negative,login
I have not received a response from support This happens repeatedly.,positive,support
"For some reason, the support team solved my issue quickly This is frustrating.",neutral,support
The support staff were polite and professional Please help.,negative,support
I am having trouble because i cannot complete the payment Please look into it.,negative,payment
"Today, the menu layout is confusing This is frustrating.",negative,ui
"Unfortunately, the login page is not working Please look into it.",negative,login
My payment is stuck I need assistance.,negative,payment
I noticed that the website response time is very poor Can you fix this?,neutral,performance
I am having trouble because support took too long to respond This happens repeatedly.,positive,support
"Today, the website is extremely slow today I need assistance.",negative,performance
I was charged but the order was not placed This happens repeatedly.,negative,payment
"Today, the app shows an error after checkout Please help.",negative,bug
I am having trouble because i forgot my password and cannot sign in This happens repeatedly.,neutral,login
"Recently, the navigation is difficult to understand",neutral,ui
I am having trouble because my payment failed while placing the order,negative,payment
My payment failed while placing the order This is frustrating.,negative,payment
I am having trouble because every screen takes a long time to open This is frustrating.,negative,performance
"Recently, nobody from customer support has contacted me I need assistance.",positive,support
"Unfortunately, pages are loading slowly",negative,performance
I noticed that the search results are incorrect I need assistance.,negative,bug
I noticed that the customer care representative was helpful I need assistance.,positive,support
I am having trouble because the buttons are difficult to find I need assistance.,positive,ui
I noticed that the menu layout is confusing Can you fix this?,negative,ui
"For some reason, the password reset link is not working This happens repeatedly.",negative,login
"Unfortunately, the support experience was disappointing Please help.",negative,support
I would like an option to download invoices Please look into it.,positive,feature_request
The website response time is very poor This happens repeatedly.,negative,performance
I am having trouble because please add notifications for price changes Please help.,neutral,feature_request
"Recently, the page becomes blank after clicking the button Please help.",negative,bug
"Unfortunately, the app takes too long to load",negative,performance
"Today, the password reset link is not working I need assistance.",negative,login
I am having trouble because every screen takes a long time to open Can you fix this?,negative,performance
I noticed that the search results are incorrect Please help.,negative,bug
"For some reason, the card payment keeps failing This happens repeatedly.",negative,payment
"For some reason, it would be great to have a dark theme",neutral,feature_request
"Honestly, i would like to schedule deliveries This happens repeatedly.",neutral,feature_request
"For some reason, please add dark mode to the application Please help.",positive,feature_request
I noticed that i found a bug in the checkout process,negative,bug
"Unfortunately, i have not received a response from support I need assistance.",positive,support
I am having trouble because something is broken in the application This is frustrating.,negative,bug
"Recently, the website response time is very poor Can you fix this?",negative,performance
"Honestly, i would like an option to download invoices This is frustrating.",neutral,feature_request
I noticed that something is broken in the application Please look into it.,negative,bug
"Unfortunately, the application freezes frequently",negative,performance
"For some reason, uPI payment is not going through Please help.",negative,payment
I am having trouble because i cannot complete the payment Can you fix this?,negative,payment
The application freezes frequently Please help.,neutral,performance
Can you add fingerprint login Please help.,neutral,feature_request
"For some reason, my payment failed while placing the order Please look into it.",negative,payment
"Unfortunately, the transaction was declined This is frustrating.",neutral,payment
"Recently, i was charged but the order was not placed I need assistance.",negative,payment
"Honestly, i am unable to pay for my order This happens repeatedly.",negative,payment
I noticed that the application freezes frequently Please help.,negative,performance
"For some reason, the website is extremely slow today This happens repeatedly.",negative,performance
I found a bug in the checkout process Please look into it.,neutral,bug
"For some reason, the order status is displaying incorrectly This is frustrating.",negative,bug
"Today, the support team did not resolve my problem Please help.",positive,support
"Unfortunately, the payment page shows an error Please help.",negative,payment
"Recently, please add dark mode to the application Can you fix this?",neutral,feature_request
I am having trouble because the app logs me out whenever I try to sign in Can you fix this?,negative,login
I forgot my password and cannot sign in,negative,login
"Unfortunately, i am unable to access my account I need assistance.",negative,login
I would like to schedule deliveries,positive,feature_request
"Honestly, my account login keeps failing This is frustrating.",neutral,login
I noticed that the order status is displaying incorrectly Can you fix this?,negative,bug
"Recently, the design is simple and user friendly Please help.",positive,ui
It takes forever to open the dashboard This is frustrating.,negative,performance
I am having trouble because the support team solved my issue quickly,positive,support
"Honestly, i was charged but the order was not placed Please help.",negative,payment
"Honestly, the app takes too long to load Please look into it.",negative,performance
I noticed that the design is simple and user friendly I need assistance.,negative,ui
"Honestly, support took too long to respond Please look into it.",positive,support
The website response time is very poor This is frustrating.,negative,performance
I forgot my password and cannot sign in Please look into it.,negative,login
"Recently, i found a bug in the checkout process This happens repeatedly.",negative,bug
"Unfortunately, the search results are incorrect Can you fix this?",negative,bug
I am having trouble because every screen takes a long time to open Please help.,negative,performance
"Unfortunately, the buttons are difficult to find Please help.",negative,ui
"Honestly, i cannot verify my account This is frustrating.",negative,login
"Today, the app becomes slow during checkout This happens repeatedly.",negative,performance
My payment is stuck This happens repeatedly.,negative,payment
I am having trouble because i would like to schedule deliveries This is frustrating.,neutral,feature_request
"Today, money was deducted but the payment failed Can you fix this?",negative,payment
"Unfortunately, i am unable to access my account This happens repeatedly.",negative,login
I cannot verify my account Please help.,negative,login
I am having trouble because i found a bug in the checkout process This is frustrating.,negative,bug
"Recently, it would be useful to have a wishlist Please look into it.",neutral,feature_request
I noticed that the app becomes slow during checkout Can you fix this?,negative,performance
"Recently, i have not received a response from support This happens repeatedly.",positive,support
"Honestly, please add more payment methods I need assistance.",neutral,feature_request
I noticed that i am happy with the assistance I received Please help.,negative,support
I noticed that login takes me back to the sign in page This happens repeatedly.,negative,login
I am having trouble because my payment is stuck This is frustrating.,negative,payment
"Unfortunately, the navigation is difficult to understand I need assistance.",positive,ui
"Honestly, support took too long to respond This is frustrating.",negative,support
"Unfortunately, every screen takes a long time to open Please help.",negative,performance
"Recently, i cannot complete the payment This is frustrating.",negative,payment
"Recently, i am unable to access my account This happens repeatedly.",negative,login
"Honestly, the app takes too long to load Please look into it.",negative,performance
"Unfortunately, the design is simple and user friendly This is frustrating.",positive,ui
"Recently, the card payment keeps failing Can you fix this?",negative,payment
I am having trouble because the navigation is difficult to understand Can you fix this?,positive,ui
"Recently, every screen takes a long time to open This happens repeatedly.",negative,performance
"Today, i would like to schedule deliveries Can you fix this?",neutral,feature_request
"Today, the application interface is easy to use Can you fix this?",positive,ui
I noticed that it takes forever to open the dashboard This is frustrating.,negative,performance
I am having trouble because the app shows an error after checkout Please look into it.,negative,bug
"Recently, i was charged but the order was not placed This is frustrating.",negative,payment
"Today, can you add fingerprint login I need assistance.",neutral,feature_request
The order status is displaying incorrectly Please look into it.,negative,bug
"Recently, every screen takes a long time to open This happens repeatedly.",negative,performance
"Today, the menu layout is confusing This is frustrating.",positive,ui
"For some reason, the card payment keeps failing Can you fix this?",negative,payment
"For some reason, i cannot verify my account Can you fix this?",negative,login
I noticed that the support team solved my issue quickly Please look into it.,positive,support
I am having trouble because the order status is displaying incorrectly Please look into it.,negative,bug
I am having trouble because it takes forever to open the dashboard I need assistance.,neutral,performance
"Recently, the page becomes blank after clicking the button This is frustrating.",negative,bug
I am having trouble because the navigation is difficult to understand I need assistance.,positive,ui
"Honestly, my payment failed while placing the order This happens repeatedly.",negative,payment
I am having trouble because i would like an option to download invoices This happens repeatedly.,neutral,feature_request
"For some reason, please add a filter for previous orders This happens repeatedly.",neutral,feature_request
"Recently, the new interface looks clean Please look into it.",positive,ui
"Recently, the website response time is very poor Can you fix this?",negative,performance
I am having trouble because i cannot complete the payment This happens repeatedly.,negative,payment
"Honestly, the text on the screen is too small",neutral,ui
"Honestly, please add more payment methods Please help.",neutral,feature_request
"For some reason, i have not received a response from support This happens repeatedly.",positive,support
I noticed that the support experience was disappointing,neutral,support
"Today, i have not received a response from support This is frustrating.",positive,support
"Recently, i am unable to pay for my order Please look into it.",negative,payment
I am having trouble because the support team solved my issue quickly Please help.,negative,support
I noticed that money was deducted but the payment failed This is frustrating.,negative,payment
"For some reason, i cannot verify my account This happens repeatedly.",negative,login
"Recently, it takes forever to open the dashboard Please help.",negative,performance
I am having trouble because i found a bug in the checkout process This happens repeatedly.,negative,bug
"For some reason, the interface needs improvement",positive,ui
"Unfortunately, the transaction was declined",negative,payment
"Unfortunately, the app logs me out whenever I try to sign in I need assistance.",negative,login
"Unfortunately, the support team did not resolve my problem Can you fix this?",negative,support
I am having trouble because i forgot my password and cannot sign in,negative,login
"Today, my account login keeps failing This happens repeatedly.",negative,login
"Today, the app crashes whenever I upload a file Please help.",negative,bug
"For some reason, i am happy with the assistance I received",negative,support
"Recently, i have not received a response from support Please help.",negative,support
"For some reason, i cannot complete the payment Please look into it.",negative,payment
I am having trouble because please add a filter for previous orders,neutral,feature_request
"Recently, i am unable to pay for my order I need assistance.",negative,payment
I would like to schedule deliveries I need assistance.,positive,feature_request
"Honestly, i am unable to pay for my order I need assistance.",negative,payment
"For some reason, i forgot my password and cannot sign in",negative,login
The dashboard looks great I need assistance.,neutral,ui
"For some reason, the page becomes blank after clicking the button",negative,bug
The text on the screen is too small,negative,ui
"Honestly, the application crashes when I open my profile Please help.",negative,bug
"Today, pages are loading slowly Please help.",negative,performance
"For some reason, every screen takes a long time to open Can you fix this?",negative,performance
"Unfortunately, the login page is not working This happens repeatedly.",negative,login
"Recently, the transaction was declined I need assistance.",negative,payment
"Recently, the menu layout is confusing Please look into it.",positive,ui
I noticed that i cannot verify my account Please help.,negative,login
"Honestly, the customer care representative was helpful Please help.",positive,support
I am having trouble because i cannot verify my account Please look into it.,negative,login
"Honestly, nobody from customer support has contacted me Please help.",positive,support
I am having trouble because please provide an option to change the language,neutral,feature_request
Please add notifications for price changes I need assistance.,positive,feature_request
Support took too long to respond Please help.,negative,support
"Unfortunately, support took too long to respond This happens repeatedly.",positive,support
"Today, please add notifications for price changes Please help.",neutral,feature_request
"Unfortunately, my account login keeps failing I need assistance.",neutral,login
"Honestly, my payment is stuck This is frustrating.",negative,payment
"Unfortunately, the notification is showing the wrong information This is frustrating.",negative,bug
"Honestly, the website is extremely slow today Please help.",negative,performance
"Today, it would be useful to have a wishlist Please help.",positive,feature_request
"For some reason, the support experience was disappointing This is frustrating.",neutral,support
"Today, the support experience was disappointing Can you fix this?",negative,support
"Honestly, it takes forever to open the dashboard",negative,performance
"Unfortunately, the payment page shows an error Can you fix this?",negative,payment
I am having trouble because the app crashes whenever I upload a file This is frustrating.,negative,bug
"Recently, the text on the screen is too small I need assistance.",positive,ui
I am having trouble because the login page is not working I need assistance.,negative,login
"Honestly, support took too long to respond Please look into it.",positive,support
"Today, the interface needs improvement Please help.",positive,ui
"Unfortunately, the colors and layout make the app easy to use Please look into it.",positive,ui
I noticed that the OTP is not arriving during login This is frustrating.,negative,login
The application is lagging badly I need assistance.,negative,performance
"Today, my payment failed while placing the order Can you fix this?",negative,payment
"Honestly, the app takes too long to load This is frustrating.",neutral,performance
I am having trouble because every screen takes a long time to open This is frustrating.,neutral,performance
I noticed that i would like an option to download invoices Please look into it.,neutral,feature_request
"Recently, the app becomes slow during checkout I need assistance.",negative,performance
"Unfortunately, the new interface looks clean I need assistance.",positive,ui
"Recently, the app takes too long to load Please look into it.",negative,performance
The app crashes whenever I upload a file Please help.,negative,bug
I noticed that it takes forever to open the dashboard,negative,performance
My payment is stuck Can you fix this?,negative,payment
I noticed that the application is very slow Please look into it.,negative,performance
"Today, it takes forever to open the dashboard I need assistance.",negative,performance
"For some reason, please add a filter for previous orders This is frustrating.",neutral,feature_request
I noticed that the application crashes when I open my profile Please help.,negative,bug
"Unfortunately, i cannot complete the payment Please look into it.",neutral,payment
"Unfortunately, the login page is not working",negative,login
"Unfortunately, i would like to schedule deliveries Can you fix this?",positive,feature_request
"Recently, i am unable to access my account",negative,login
"Recently, the navigation is difficult to understand This is frustrating.",positive,ui
"For some reason, support took too long to respond Can you fix this?",positive,support
"Recently, the OTP is not arriving during login This is frustrating.",negative,login
"Recently, the buttons are difficult to find This happens repeatedly.",negative,ui
I noticed that i cannot complete the payment This is frustrating.,negative,payment
"Today, the app logs me out whenever I try to sign in This happens repeatedly.",negative,login
"Today, my payment failed while placing the order This happens repeatedly.",negative,payment
I am having trouble because the app shows an error after checkout This happens repeatedly.,negative,bug
"For some reason, the card payment keeps failing Can you fix this?",negative,payment
I noticed that the website response time is very poor,negative,performance
The website is extremely slow today Please help.,negative,performance
"Today, i would like an option to download invoices This happens repeatedly.",neutral,feature_request
I noticed that the application interface is easy to use This is frustrating.,negative,ui
"Unfortunately, my account login keeps failing Can you fix this?",negative,login
"Unfortunately, please add dark mode to the application This is frustrating.",neutral,feature_request
"For some reason, the payment page shows an error Please look into it.",negative,payment
"Recently, the OTP is not arriving during login Please help.",negative,login
"Today, my payment is stuck This happens repeatedly.",negative,payment
I am having trouble because the app becomes slow during checkout Please look into it.,negative,performance
The interface needs improvement Can you fix this?,positive,ui
The buttons are difficult to find Please help.,negative,ui
"For some reason, the order status is displaying incorrectly Can you fix this?",negative,bug
"For some reason, the app logs me out whenever I try to sign in Can you fix this?",neutral,login
"Recently, the app logs me out whenever I try to sign in Can you fix this?",negative,login
"For some reason, the customer care representative was helpful This happens repeatedly.",negative,support
"For some reason, the new interface looks clean Please look into it.",negative,ui
I am having trouble because the application crashes when I open my profile,negative,bug
"For some reason, the app takes too long to load Please look into it.",negative,performance
"Recently, it takes forever to open the dashboard Please help.",negative,performance
"Today, the notification is showing the wrong information Please help.",negative,bug
I am having trouble because pages are loading slowly Can you fix this?,negative,performance
"For some reason, the support team did not resolve my problem Please help.",negative,support
Please add more payment methods Please help.,neutral,feature_request
"Recently, the navigation is difficult to understand Please help.",positive,ui
"Honestly, the support experience was disappointing Can you fix this?",negative,support
"Today, the support team solved my issue quickly",negative,support
"Recently, uPI payment is not going through Please look into it.",negative,payment
I am having trouble because the app shows an error after checkout,negative,bug
"Unfortunately, uPI payment is not going through This is frustrating.",negative,payment
Please add a filter for previous orders Can you fix this?,neutral,feature_request
"For some reason, uPI payment is not going through Can you fix this?",negative,payment
"Today, the application interface is easy to use Please help.",positive,ui
"Recently, please add more payment methods I need assistance.",neutral,feature_request
"For some reason, the application interface is easy to use Please help.",neutral,ui
"Unfortunately, login takes me back to the sign in page",negative,login
"For some reason, login takes me back to the sign in page Please look into it.",negative,login
"Today, pages are loading slowly Can you fix this?",negative,performance
I noticed that the menu layout is confusing This is frustrating.,neutral,ui
I am having trouble because the payment page shows an error I need assistance.,negative,payment
"Recently, the website is extremely slow today",negative,performance
"Honestly, the card payment keeps failing This happens repeatedly.",negative,payment
"For some reason, the app crashes whenever I upload a file I need assistance.",negative,bug
"Unfortunately, the website response time is very poor I need assistance.",negative,performance
The support staff were polite and professional Can you fix this?,positive,support
"Unfortunately, the design is simple and user friendly This is frustrating.",neutral,ui
"Honestly, my payment is stuck Please look into it.",negative,payment
I am having trouble because the payment page shows an error This is frustrating.,negative,payment
I am unable to access my account This happens repeatedly.,negative,login
I am having trouble because pages are loading slowly,negative,performance
"For some reason, nobody from customer support has contacted me This happens repeatedly.",negative,support
I noticed that the application is very slow Please help.,neutral,performance
"Today, the application freezes frequently Please look into it.",negative,performance
I am having trouble because the navigation is difficult to understand This happens repeatedly.,negative,ui
I am having trouble because i am happy with the assistance I received Please look into it.,positive,support
"Unfortunately, the dashboard looks great This is frustrating.",negative,ui
"Recently, the colors and layout make the app easy to use Can you fix this?",positive,ui
"Today, it takes forever to open the dashboard This happens repeatedly.",negative,performance
I was charged but the order was not placed This is frustrating.,negative,payment
"Recently, the website is extremely slow today Can you fix this?",negative,performance
"For some reason, the buttons are difficult to find Please look into it.",positive,ui
"Honestly, nobody from customer support has contacted me This happens repeatedly.",negative,support
I am having trouble because the buttons are difficult to find This is frustrating.,neutral,ui
"Today, the login page is not working Please look into it.",negative,login
The app takes too long to load I need assistance.,negative,performance
The app takes too long to load Please help.,negative,performance
I am having trouble because the buttons are difficult to find This is frustrating.,neutral,ui
"For some reason, the app crashes whenever I upload a file This happens repeatedly.",negative,bug
"Today, i have not received a response from support Can you fix this?",negative,support
"Recently, the payment page shows an error This is frustrating.",neutral,payment
"Recently, the support staff were polite and professional Please help.",positive,support
I noticed that the support team solved my issue quickly Please look into it.,negative,support
I am having trouble because customer service was very helpful I need assistance.,neutral,support
"Recently, the text on the screen is too small I need assistance.",negative,ui
"Unfortunately, please add notifications for price changes I need assistance.",neutral,feature_request
I noticed that please add more payment methods Can you fix this?,neutral,feature_request
"For some reason, the support team did not resolve my problem Can you fix this?",positive,support
"For some reason, i cannot complete the payment Can you fix this?",negative,payment
I noticed that uPI payment is not going through This is frustrating.,negative,payment
"Honestly, the app shows an error after checkout Please look into it.",negative,bug
The app crashes whenever I upload a file Please look into it.,negative,bug
I am having trouble because it takes forever to open the dashboard This happens repeatedly.,neutral,performance
"Honestly, the payment page shows an error This is frustrating.",negative,payment
"Recently, the support team solved my issue quickly I need assistance.",negative,support
"Today, please add notifications for price changes Please help.",neutral,feature_request
"Recently, the order status is displaying incorrectly",negative,bug
I noticed that the design is simple and user friendly Please look into it.,positive,ui
I am unable to pay for my order I need assistance.,negative,payment
"Recently, it takes forever to open the dashboard I need assistance.",negative,performance
"For some reason, the support team solved my issue quickly",negative,support
"Unfortunately, the menu layout is confusing This is frustrating.",positive,ui
"Unfortunately, i found a bug in the checkout process Please help.",neutral,bug
"Today, every screen takes a long time to open I need assistance.",neutral,performance
"Recently, the search results are incorrect Please help.",negative,bug
"Today, my account login keeps failing This is frustrating.",neutral,login
"Honestly, it takes forever to open the dashboard",negative,performance
"Recently, i am unable to pay for my order I need assistance.",negative,payment
The support experience was disappointing Please help.,neutral,support
"Recently, i am unable to pay for my order I need assistance.",negative,payment
I noticed that the app shows an error after checkout This is frustrating.,negative,bug
"Honestly, the card payment keeps failing I need assistance.",negative,payment
Please add more payment methods,neutral,feature_request
"Today, the new interface looks clean I need assistance.",negative,ui
Please add a filter for previous orders This is frustrating.,neutral,feature_request
I am having trouble because the transaction was declined Can you fix this?,negative,payment
"For some reason, can you add fingerprint login This is frustrating.",neutral,feature_request
"Today, i am unable to pay for my order This happens repeatedly.",negative,payment
The application is very slow Please help.,negative,performance
"Honestly, the support team solved my issue quickly Please look into it.",neutral,support
"Today, i am happy with the assistance I received",negative,support
"Honestly, the support team did not resolve my problem Can you fix this?",positive,support
"Unfortunately, uPI payment is not going through",negative,payment
"Honestly, the menu layout is confusing I need assistance.",positive,ui
"Honestly, i am unable to access my account I need assistance.",negative,login
"Unfortunately, my payment failed while placing the order Please look into it.",negative,payment
I cannot complete the payment Can you fix this?,negative,payment
"Unfortunately, i am happy with the assistance I received This happens repeatedly.",positive,support
"For some reason, the text on the screen is too small Please help.",positive,ui
"Honestly, the support team solved my issue quickly This is frustrating.",positive,support
"For some reason, my payment is stuck",negative,payment
I am having trouble because the support team solved my issue quickly,positive,support
"Unfortunately, the menu layout is confusing Can you fix this?",positive,ui
"Honestly, the interface needs improvement This happens repeatedly.",negative,ui
"Today, my payment failed while placing the order This is frustrating.",negative,payment
"Unfortunately, the application closes unexpectedly Can you fix this?",negative,bug
I was charged but the order was not placed Please help.,negative,payment
"Today, pages are loading slowly I need assistance.",negative,performance
I am having trouble because i am happy with the assistance I received Please look into it.,negative,support
I noticed that login takes me back to the sign in page Can you fix this?,negative,login
I noticed that customer service was very helpful I need assistance.,negative,support
I am having trouble because it would be useful to have a wishlist This happens repeatedly.,neutral,feature_request
"Honestly, i am unable to pay for my order Please help.",negative,payment
"For some reason, i am unable to pay for my order This happens repeatedly.",negative,payment
The application is lagging badly Can you fix this?,negative,performance
"For some reason, i am unable to access my account I need assistance.",negative,login
I noticed that it takes forever to open the dashboard,neutral,performance
Can you add fingerprint login I need assistance.,positive,feature_request
I noticed that can you add fingerprint login This happens repeatedly.,neutral,feature_request
I noticed that the application crashes when I open my profile Can you fix this?,negative,bug
I am having trouble because the notification is showing the wrong information Please help.,negative,bug
"Recently, pages are loading slowly Can you fix this?",negative,performance
"Honestly, i am unable to access my account Can you fix this?",negative,login
"For some reason, the transaction was declined This is frustrating.",negative,payment
I am having trouble because support took too long to respond I need assistance.,negative,support
"Honestly, please add more payment methods Please look into it.",positive,feature_request
"For some reason, login takes me back to the sign in page This is frustrating.",negative,login
"Unfortunately, i would like an option to download invoices I need assistance.",positive,feature_request
I noticed that i would like an option to download invoices This is frustrating.,positive,feature_request
I am having trouble because the new interface looks clean Can you fix this?,positive,ui
I cannot login to my account Can you fix this?,negative,login
I would like to schedule deliveries,neutral,feature_request
"Honestly, the interface needs improvement This happens repeatedly.",positive,ui
The card payment keeps failing,negative,payment
"Unfortunately, login takes me back to the sign in page This happens repeatedly.",negative,login
I am having trouble because the OTP is not arriving during login This happens repeatedly.,negative,login
"For some reason, the new interface looks clean I need assistance.",negative,ui
The support staff were polite and professional This is frustrating.,neutral,support
I am having trouble because it would be useful to have a wishlist,neutral,feature_request
I am having trouble because uPI payment is not going through I need assistance.,negative,payment
"Today, something is broken in the application This happens repeatedly.",negative,bug
"Honestly, the customer care representative was helpful This happens repeatedly.",negative,support
"Honestly, uPI payment is not going through I need assistance.",negative,payment
"Recently, i forgot my password and cannot sign in This is frustrating.",negative,login
"For some reason, my account login keeps failing",negative,login
"Unfortunately, the new interface looks clean Can you fix this?",negative,ui
I am having trouble because the application interface is easy to use Can you fix this?,positive,ui
"Recently, the application is very slow",negative,performance
It would be useful to have a wishlist,neutral,feature_request
I am having trouble because please add a filter for previous orders,neutral,feature_request
"For some reason, something is broken in the application This happens repeatedly.",neutral,bug
I noticed that nobody from customer support has contacted me Can you fix this?,neutral,support
"Today, the password reset link is not working",negative,login
"Today, support took too long to respond This is frustrating.",positive,support
"Unfortunately, the customer care representative was helpful Can you fix this?",negative,support
I noticed that every screen takes a long time to open,neutral,performance
"Unfortunately, the order status is displaying incorrectly Can you fix this?",negative,bug
"For some reason, the interface needs improvement",negative,ui
"Honestly, i forgot my password and cannot sign in Please help.",negative,login
I noticed that i am unable to pay for my order Please help.,neutral,payment
"Honestly, the payment page shows an error I need assistance.",negative,payment
"Today, it would be useful to have a wishlist",positive,feature_request
"Today, something is broken in the application This is frustrating.",neutral,bug
"Honestly, the support team solved my issue quickly Please help.",positive,support
"Recently, i found a bug in the checkout process This happens repeatedly.",negative,bug
"Today, uPI payment is not going through This happens repeatedly.",negative,payment
"Unfortunately, customer service was very helpful This is frustrating.",positive,support
I noticed that the colors and layout make the app easy to use Can you fix this?,negative,ui
"Today, the order status is displaying incorrectly",negative,bug
"Unfortunately, it would be useful to have a wishlist Please help.",neutral,feature_request
"Recently, the menu layout is confusing This happens repeatedly.",positive,ui
"Honestly, i am unable to access my account Please look into it.",neutral,login
"Recently, please provide an option to change the language This is frustrating.",positive,feature_request
"Recently, i have not received a response from support This happens repeatedly.",positive,support
"For some reason, the order status is displaying incorrectly This is frustrating.",negative,bug
I noticed that the app logs me out whenever I try to sign in This is frustrating.,negative,login
"Recently, the card payment keeps failing Can you fix this?",negative,payment
"Unfortunately, the support experience was disappointing Please help.",neutral,support
"Today, the application is very slow Can you fix this?",negative,performance
"For some reason, the OTP is not arriving during login This happens repeatedly.",negative,login
"Unfortunately, the app shows an error after checkout Can you fix this?",negative,bug
"Honestly, the application freezes frequently I need assistance.",negative,performance
"Honestly, support took too long to respond I need assistance.",positive,support
"For some reason, the customer care representative was helpful",positive,support
I am happy with the assistance I received This is frustrating.,neutral,support
"Unfortunately, something is broken in the application This happens repeatedly.",negative,bug
"Recently, i found a bug in the checkout process Please look into it.",negative,bug
"Today, it would be useful to have a wishlist",neutral,feature_request
"Honestly, it takes forever to open the dashboard",negative,performance
I noticed that the support team solved my issue quickly,negative,support
I noticed that the design is simple and user friendly Please look into it.,negative,ui
"Unfortunately, the password reset link is not working Can you fix this?",neutral,login
"Recently, it would be great to have a dark theme Please look into it.",neutral,feature_request
I noticed that the buttons are difficult to find Can you fix this?,positive,ui
"Honestly, the buttons are difficult to find Please help.",positive,ui
"Honestly, the navigation is difficult to understand Can you fix this?",negative,ui
I noticed that the card payment keeps failing Can you fix this?,negative,payment
I am having trouble because the card payment keeps failing Can you fix this?,negative,payment
Customer service was very helpful This is frustrating.,positive,support
I noticed that please add a filter for previous orders Please help.,neutral,feature_request
"Today, customer service was very helpful This is frustrating.",negative,support
"Honestly, the transaction was declined",negative,payment
"For some reason, the payment page shows an error Please help.",negative,payment
"Today, the password reset link is not working Please help.",negative,login
"For some reason, my account login keeps failing Please look into it.",negative,login
I noticed that the website response time is very poor Please look into it.,negative,performance
"For some reason, my payment failed while placing the order Please help.",negative,payment
I noticed that the design is simple and user friendly This is frustrating.,positive,ui
"Honestly, the card payment keeps failing Please help.",negative,payment
"For some reason, the password reset link is not working Please look into it.",negative,login
I am having trouble because support took too long to respond This happens repeatedly.,negative,support
"Recently, the password reset link is not working This is frustrating.",negative,login
"Unfortunately, the application is lagging badly I need assistance.",negative,performance
"Honestly, the menu layout is confusing This happens repeatedly.",positive,ui
"Unfortunately, my account login keeps failing Can you fix this?",negative,login
"For some reason, the transaction was declined Can you fix this?",neutral,payment
"Today, my account login keeps failing I need assistance.",negative,login
The dashboard looks great Please look into it.,negative,ui
I noticed that the navigation is difficult to understand I need assistance.,positive,ui
I noticed that the notification is showing the wrong information Can you fix this?,negative,bug
"Honestly, i cannot complete the payment I need assistance.",negative,payment
I noticed that the password reset link is not working Can you fix this?,negative,login
"Recently, i am unable to pay for my order This happens repeatedly.",negative,payment
I am having trouble because the password reset link is not working Can you fix this?,negative,login
The text on the screen is too small I need assistance.,positive,ui
"For some reason, the application freezes frequently Please help.",negative,performance
"For some reason, the website response time is very poor",negative,performance
"Recently, customer service was very helpful This happens repeatedly.",negative,support
"Today, something is broken in the application Please help.",negative,bug
"Today, login takes me back to the sign in page This happens repeatedly.",negative,login
The dashboard looks great This is frustrating.,negative,ui
I am having trouble because please provide an option to change the language I need assistance.,neutral,feature_request
"Recently, something is broken in the application This is frustrating.",negative,bug
"Honestly, i was charged but the order was not placed Please look into it.",negative,payment
"Unfortunately, i cannot complete the payment Can you fix this?",negative,payment
Please add a filter for previous orders I need assistance.,positive,feature_request
"For some reason, the colors and layout make the app easy to use Please look into it.",negative,ui
"For some reason, please provide an option to change the language Can you fix this?",neutral,feature_request
I am having trouble because i was charged but the order was not placed This is frustrating.,negative,payment
I noticed that the website response time is very poor This happens repeatedly.,negative,performance
"Recently, the menu layout is confusing This is frustrating.",neutral,ui
"Today, it takes forever to open the dashboard Please help.",negative,performance
"Recently, my payment is stuck I need assistance.",negative,payment
The text on the screen is too small Can you fix this?,negative,ui
I am having trouble because please add a filter for previous orders Please help.,positive,feature_request
"Today, i am unable to pay for my order",negative,payment
"For some reason, the application is very slow Can you fix this?",negative,performance
"Recently, please add dark mode to the application I need assistance.",neutral,feature_request
The transaction was declined I need assistance.,negative,payment
"For some reason, please add notifications for price changes Can you fix this?",neutral,feature_request
"Unfortunately, the app takes too long to load",negative,performance
"For some reason, the application closes unexpectedly Please help.",negative,bug
I noticed that the application crashes when I open my profile Please help.,negative,bug
"Honestly, the card payment keeps failing This happens repeatedly.",negative,payment
I noticed that please add notifications for price changes Can you fix this?,neutral,feature_request
"Unfortunately, it takes forever to open the dashboard Please look into it.",neutral,performance
The notification is showing the wrong information This happens repeatedly.,negative,bug
"For some reason, i would like to schedule deliveries Can you fix this?",neutral,feature_request
"Honestly, the app crashes whenever I upload a file Can you fix this?",negative,bug
"For some reason, the card payment keeps failing",negative,payment
I am having trouble because the login page is not working Please help.,negative,login
"Unfortunately, the app takes too long to load This happens repeatedly.",negative,performance
"Honestly, the payment page shows an error Please look into it.",negative,payment
Please add more payment methods Please look into it.,neutral,feature_request
I noticed that nobody from customer support has contacted me This happens repeatedly.,positive,support
The navigation is difficult to understand,positive,ui
"Recently, i cannot complete the payment This is frustrating.",negative,payment
"Recently, my payment failed while placing the order I need assistance.",negative,payment
"For some reason, it would be useful to have a wishlist Can you fix this?",neutral,feature_request
"For some reason, the text on the screen is too small Please look into it.",positive,ui
"Unfortunately, the payment page shows an error",negative,payment
I am having trouble because please add more payment methods Can you fix this?,neutral,feature_request
"Recently, i am unable to pay for my order Please look into it.",negative,payment
I noticed that it would be great to have a dark theme Can you fix this?,neutral,feature_request
"Recently, the app becomes slow during checkout Please look into it.",negative,performance
"Unfortunately, it would be useful to have a wishlist Can you fix this?",neutral,feature_request
"Today, the website is extremely slow today",negative,performance
"Today, i would like an option to download invoices Please look into it.",positive,feature_request
It would be useful to have a wishlist This happens repeatedly.,neutral,feature_request
"For some reason, every screen takes a long time to open",negative,performance
"For some reason, it takes forever to open the dashboard Please help.",negative,performance
The search results are incorrect Can you fix this?,negative,bug
I noticed that the application is lagging badly I need assistance.,negative,performance
The app shows an error after checkout I need assistance.,negative,bug
"Unfortunately, the app crashes whenever I upload a file",negative,bug
I noticed that i would like an option to download invoices,neutral,feature_request
"Honestly, my payment is stuck Please look into it.",negative,payment
"For some reason, i am unable to pay for my order This happens repeatedly.",negative,payment
"Today, can you add fingerprint login Please look into it.",positive,feature_request
"Unfortunately, please add dark mode to the application Please look into it.",positive,feature_request
"Honestly, the notification is showing the wrong information This is frustrating.",negative,bug
I noticed that the app shows an error after checkout Please help.,negative,bug
"For some reason, the app crashes whenever I upload a file",negative,bug
I noticed that i cannot login to my account Please help.,negative,login
"Today, i cannot login to my account This happens repeatedly.",neutral,login
I noticed that the order status is displaying incorrectly Can you fix this?,negative,bug
I noticed that the password reset link is not working Can you fix this?,negative,login
"Today, the support experience was disappointing I need assistance.",negative,support
"Honestly, the application interface is easy to use",neutral,ui
"Recently, i was charged but the order was not placed",negative,payment
"Unfortunately, the customer care representative was helpful This is frustrating.",negative,support
"Unfortunately, i cannot verify my account",negative,login
"Recently, customer service was very helpful",negative,support
"For some reason, please provide an option to change the language",neutral,feature_request
"Honestly, i have not received a response from support This happens repeatedly.",positive,support
"Unfortunately, the notification is showing the wrong information Please help.",negative,bug
I noticed that please add dark mode to the application This happens repeatedly.,positive,feature_request
"Honestly, i forgot my password and cannot sign in This happens repeatedly.",negative,login
"For some reason, the application closes unexpectedly This is frustrating.",negative,bug
"Today, the dashboard looks great Please look into it.",negative,ui
"For some reason, please add notifications for price changes This is frustrating.",positive,feature_request
I am having trouble because the support experience was disappointing,positive,support
"Honestly, uPI payment is not going through I need assistance.",negative,payment
The search results are incorrect,negative,bug
"Unfortunately, pages are loading slowly I need assistance.",negative,performance
"Recently, the page becomes blank after clicking the button Please help.",negative,bug
"For some reason, the colors and layout make the app easy to use Please help.",negative,ui
"Today, the application freezes frequently This is frustrating.",neutral,performance
"Today, it would be useful to have a wishlist This is frustrating.",neutral,feature_request
"Today, the transaction was declined I need assistance.",negative,payment
I have not received a response from support Can you fix this?,negative,support
"Unfortunately, the app shows an error after checkout This happens repeatedly.",negative,bug
Pages are loading slowly Please look into it.,negative,performance
I am happy with the assistance I received Please look into it.,positive,support
I am having trouble because can you add fingerprint login Can you fix this?,neutral,feature_request
"Recently, please add more payment methods This happens repeatedly.",neutral,feature_request
"Honestly, support took too long to respond Please look into it.",positive,support
The app becomes slow during checkout Please look into it.,negative,performance
"Today, the application interface is easy to use I need assistance.",neutral,ui
Can you add fingerprint login,neutral,feature_request
I noticed that my account login keeps failing,neutral,login
"Unfortunately, my payment failed while placing the order I need assistance.",negative,payment
"Honestly, it would be useful to have a wishlist Please help.",neutral,feature_request
"Unfortunately, the support team solved my issue quickly This happens repeatedly.",negative,support
"Honestly, something is broken in the application Please look into it.",neutral,bug
"For some reason, i forgot my password and cannot sign in This happens repeatedly.",negative,login
"Recently, the design is simple and user friendly Please look into it.",positive,ui
"Honestly, the support experience was disappointing This is frustrating.",positive,support
"Unfortunately, the customer care representative was helpful I need assistance.",negative,support
"Recently, the payment page shows an error Please look into it.",negative,payment
"Today, the text on the screen is too small Please help.",negative,ui
"Honestly, the customer care representative was helpful This is frustrating.",positive,support
"Unfortunately, the support experience was disappointing Please look into it.",positive,support
"Unfortunately, every screen takes a long time to open I need assistance.",negative,performance
"Recently, the order status is displaying incorrectly This is frustrating.",neutral,bug
"Today, the app becomes slow during checkout This happens repeatedly.",negative,performance
"Today, the application crashes when I open my profile Can you fix this?",negative,bug
I am happy with the assistance I received,negative,support
I was charged but the order was not placed Please look into it.,negative,payment
"For some reason, the support team did not resolve my problem Please help.",negative,support
"Unfortunately, i forgot my password and cannot sign in This is frustrating.",negative,login
"Recently, pages are loading slowly Can you fix this?",neutral,performance
"For some reason, the application closes unexpectedly Please help.",negative,bug
"Unfortunately, the app takes too long to load I need assistance.",negative,performance
"Unfortunately, please add notifications for price changes Please look into it.",neutral,feature_request
I noticed that the app takes too long to load Can you fix this?,negative,performance
"Recently, i would like an option to download invoices I need assistance.",neutral,feature_request
"For some reason, money was deducted but the payment failed Can you fix this?",negative,payment
"For some reason, the text on the screen is too small",negative,ui
"Today, the app becomes slow during checkout Can you fix this?",neutral,performance
The application interface is easy to use This happens repeatedly.,negative,ui
"Recently, nobody from customer support has contacted me This happens repeatedly.",neutral,support
"Recently, the support team did not resolve my problem Please help.",positive,support
"For some reason, the app logs me out whenever I try to sign in I need assistance.",negative,login
"Unfortunately, the page becomes blank after clicking the button Please look into it.",negative,bug
"Today, please add more payment methods This happens repeatedly.",neutral,feature_request
"Today, the application is very slow",negative,performance
"Today, the notification is showing the wrong information This happens repeatedly.",negative,bug
"Today, something is broken in the application Please look into it.",negative,bug
"Today, the card payment keeps failing",negative,payment
"Honestly, it would be useful to have a wishlist",positive,feature_request
"Recently, nobody from customer support has contacted me This happens repeatedly.",positive,support
I am having trouble because the buttons are difficult to find Can you fix this?,positive,ui
The order status is displaying incorrectly This is frustrating.,negative,bug
Nobody from customer support has contacted me Please look into it.,positive,support
"Recently, the new interface looks clean Please look into it.",negative,ui
"For some reason, i forgot my password and cannot sign in This is frustrating.",negative,login
"Today, it takes forever to open the dashboard This happens repeatedly.",negative,performance
"Unfortunately, the app becomes slow during checkout This happens repeatedly.",negative,performance
"For some reason, the application crashes when I open my profile Please look into it.",neutral,bug
"Unfortunately, i am unable to pay for my order Please look into it.",neutral,payment
"Unfortunately, the application is lagging badly I need assistance.",negative,performance
"Honestly, the application freezes frequently This happens repeatedly.",negative,performance
"For some reason, the support team did not resolve my problem This is frustrating.",negative,support
"For some reason, the text on the screen is too small",negative,ui
"For some reason, uPI payment is not going through",negative,payment
"Recently, the password reset link is not working Please help.",negative,login
I noticed that the application crashes when I open my profile Please help.,negative,bug
I noticed that the support team solved my issue quickly Please help.,positive,support
"Unfortunately, it would be useful to have a wishlist Please help.",neutral,feature_request
"For some reason, the app crashes whenever I upload a file Please help.",negative,bug
I am having trouble because the menu layout is confusing Please help.,positive,ui
"Today, please add a filter for previous orders Please help.",positive,feature_request
"For some reason, the password reset link is not working This happens repeatedly.",negative,login
"Today, the transaction was declined This happens repeatedly.",negative,payment
Pages are loading slowly,negative,performance
I noticed that i have not received a response from support Can you fix this?,negative,support
"Unfortunately, i cannot login to my account This happens repeatedly.",negative,login
"Today, my payment is stuck Please look into it.",negative,payment
"Unfortunately, the buttons are difficult to find This happens repeatedly.",positive,ui
I noticed that it would be great to have a dark theme This happens repeatedly.,neutral,feature_request
"Today, pages are loading slowly Please help.",negative,performance
"For some reason, the website response time is very poor This happens repeatedly.",negative,performance
The dashboard looks great Please help.,neutral,ui
I am having trouble because it would be useful to have a wishlist,neutral,feature_request
"Honestly, the support experience was disappointing Please look into it.",positive,support
I am having trouble because i am unable to access my account Please look into it.,negative,login
"For some reason, my account login keeps failing Please look into it.",negative,login
"Honestly, customer service was very helpful Please look into it.",negative,support
"Today, the page becomes blank after clicking the button I need assistance.",negative,bug
"Honestly, i would like to schedule deliveries",positive,feature_request
"For some reason, the design is simple and user friendly",positive,ui
"Unfortunately, please add a filter for previous orders",neutral,feature_request
"For some reason, the page becomes blank after clicking the button Please help.",negative,bug
"Honestly, i have not received a response from support This is frustrating.",negative,support
I found a bug in the checkout process Can you fix this?,negative,bug
"Honestly, the menu layout is confusing",negative,ui
I noticed that every screen takes a long time to open,negative,performance
"Unfortunately, please add notifications for price changes I need assistance.",positive,feature_request
I am having trouble because the interface needs improvement I need assistance.,negative,ui
I would like to schedule deliveries This happens repeatedly.,neutral,feature_request
I am having trouble because please add dark mode to the application Please help.,positive,feature_request
I am having trouble because it would be useful to have a wishlist Please look into it.,positive,feature_request
"Honestly, customer service was very helpful",negative,support
I noticed that the app shows an error after checkout This is frustrating.,negative,bug
Please provide an option to change the language,neutral,feature_request
I noticed that it would be useful to have a wishlist Please look into it.,neutral,feature_request
"Today, the navigation is difficult to understand This happens repeatedly.",neutral,ui
"Recently, the menu layout is confusing This happens repeatedly.",neutral,ui
"For some reason, the application closes unexpectedly Please look into it.",negative,bug
I noticed that i would like to schedule deliveries Can you fix this?,positive,feature_request
"Today, please provide an option to change the language Can you fix this?",neutral,feature_request
I am having trouble because every screen takes a long time to open,negative,performance
"Honestly, i cannot verify my account",negative,login
I noticed that support took too long to respond Can you fix this?,negative,support
"Today, the navigation is difficult to understand",neutral,ui
"Today, the app takes too long to load This is frustrating.",neutral,performance
"Today, i found a bug in the checkout process Can you fix this?",negative,bug
"For some reason, the application interface is easy to use Please help.",negative,ui
I noticed that the app logs me out whenever I try to sign in I need assistance.,negative,login
I am having trouble because i cannot login to my account Please help.,negative,login
"Today, the page becomes blank after clicking the button This happens repeatedly.",negative,bug
"Honestly, it takes forever to open the dashboard I need assistance.",negative,performance
"Today, it would be great to have a dark theme Please help.",positive,feature_request
"Unfortunately, i cannot complete the payment This is frustrating.",negative,payment
"Honestly, please add notifications for price changes",neutral,feature_request
"Recently, pages are loading slowly Please look into it.",negative,performance
I cannot verify my account This is frustrating.,negative,login
It would be great to have a dark theme,neutral,feature_request
"Unfortunately, it takes forever to open the dashboard Please look into it.",negative,performance
"Unfortunately, the new interface looks clean Please help.",positive,ui
"For some reason, the application is lagging badly I need assistance.",negative,performance
"Unfortunately, the application is very slow",neutral,performance
"Today, the password reset link is not working Please look into it.",negative,login
"Today, customer service was very helpful",neutral,support
I am having trouble because the card payment keeps failing Please help.,negative,payment
"Recently, it takes forever to open the dashboard I need assistance.",negative,performance
"Unfortunately, login takes me back to the sign in page I need assistance.",negative,login
I noticed that the interface needs improvement This happens repeatedly.,positive,ui
I am having trouble because login takes me back to the sign in page Please help.,negative,login
I noticed that i found a bug in the checkout process I need assistance.,negative,bug
"Recently, i found a bug in the checkout process This is frustrating.",negative,bug
"Today, the app shows an error after checkout",neutral,bug
UPI payment is not going through Can you fix this?,negative,payment
"Unfortunately, i would like to schedule deliveries Please help.",neutral,feature_request
The application is lagging badly This is frustrating.,negative,performance
I noticed that the customer care representative was helpful Please look into it.,negative,support
"Today, the navigation is difficult to understand Can you fix this?",positive,ui
The text on the screen is too small I need assistance.,positive,ui
The password reset link is not working I need assistance.,negative,login
"Unfortunately, the text on the screen is too small I need assistance.",negative,ui
I found a bug in the checkout process,negative,bug
"Recently, the dashboard looks great",positive,ui
"Recently, the application is very slow Can you fix this?",negative,performance
"Honestly, can you add fingerprint login Please help.",neutral,feature_request
"For some reason, i cannot verify my account Please look into it.",negative,login
"Today, the app crashes whenever I upload a file This happens repeatedly.",negative,bug
"Honestly, the application interface is easy to use This happens repeatedly.",negative,ui
I am having trouble because the navigation is difficult to understand I need assistance.,positive,ui
"Today, something is broken in the application Please help.",negative,bug
"Today, i found a bug in the checkout process This happens repeatedly.",negative,bug
"Unfortunately, i was charged but the order was not placed This is frustrating.",negative,payment
I am having trouble because i cannot complete the payment,negative,payment
I noticed that money was deducted but the payment failed Can you fix this?,negative,payment
"Honestly, please add dark mode to the application Please help.",neutral,feature_request
I noticed that i am happy with the assistance I received Please look into it.,neutral,support
"Unfortunately, the support experience was disappointing This happens repeatedly.",neutral,support
I am having trouble because the website is extremely slow today I need assistance.,negative,performance
"Today, the application crashes when I open my profile Can you fix this?",negative,bug
"For some reason, i found a bug in the checkout process",neutral,bug
I am having trouble because please add notifications for price changes Can you fix this?,neutral,feature_request
I am having trouble because i was charged but the order was not placed Please look into it.,negative,payment
I am having trouble because the application is lagging badly,negative,performance
"For some reason, please add notifications for price changes Can you fix this?",neutral,feature_request
I am having trouble because i found a bug in the checkout process Can you fix this?,neutral,bug
"Unfortunately, the application is lagging badly",negative,performance
"Honestly, the transaction was declined",negative,payment
"Honestly, my payment is stuck",negative,payment
"For some reason, the website is extremely slow today Can you fix this?",negative,performance
I noticed that the app becomes slow during checkout Can you fix this?,negative,performance
"For some reason, the payment page shows an error Can you fix this?",neutral,payment
"Recently, the customer care representative was helpful Please look into it.",positive,support
"Today, the website is extremely slow today This is frustrating.",negative,performance
"Honestly, the website is extremely slow today This happens repeatedly.",negative,performance
I noticed that the application is very slow This happens repeatedly.,negative,performance
"Today, please provide an option to change the language I need assistance.",positive,feature_request
I am having trouble because i am unable to pay for my order I need assistance.,negative,payment
I noticed that the transaction was declined Please look into it.,negative,payment
"Honestly, please add more payment methods Please look into it.",neutral,feature_request
"Recently, the colors and layout make the app easy to use Can you fix this?",positive,ui
"Today, the OTP is not arriving during login This happens repeatedly.",negative,login
"Today, i am happy with the assistance I received Please help.",negative,support
I noticed that the application is lagging badly Please look into it.,negative,performance
"Today, the search results are incorrect I need assistance.",negative,bug
I am having trouble because please provide an option to change the language Please look into it.,positive,feature_request
"Honestly, the login page is not working Please look into it.",negative,login
"Honestly, i am happy with the assistance I received This happens repeatedly.",negative,support
I am having trouble because the app shows an error after checkout I need assistance.,negative,bug
"For some reason, the design is simple and user friendly Can you fix this?",positive,ui
"For some reason, the menu layout is confusing Please look into it.",neutral,ui
"Honestly, the app crashes whenever I upload a file This is frustrating.",negative,bug
"For some reason, i cannot complete the payment I need assistance.",negative,payment
"Honestly, the application freezes frequently This happens repeatedly.",neutral,performance
"For some reason, pages are loading slowly Please help.",negative,performance
"Honestly, login takes me back to the sign in page Can you fix this?",negative,login
"Recently, money was deducted but the payment failed Can you fix this?",negative,payment
"Honestly, the application is lagging badly This is frustrating.",negative,performance
"Today, i was charged but the order was not placed Can you fix this?",negative,payment
"Today, my payment is stuck I need assistance.",negative,payment
"For some reason, the card payment keeps failing This is frustrating.",negative,payment
"Unfortunately, something is broken in the application This happens repeatedly.",neutral,bug
I noticed that the interface needs improvement I need assistance.,negative,ui
"Today, i am happy with the assistance I received This happens repeatedly.",positive,support
"Today, the support team did not resolve my problem This happens repeatedly.",positive,support
"Today, my payment failed while placing the order This happens repeatedly.",negative,payment
"Honestly, the application interface is easy to use This is frustrating.",neutral,ui
"Honestly, every screen takes a long time to open",negative,performance
The design is simple and user friendly,negative,ui
"Honestly, the password reset link is not working I need assistance.",negative,login
I noticed that the support team solved my issue quickly I need assistance.,neutral,support
"Honestly, i have not received a response from support Can you fix this?",neutral,support
The app takes too long to load I need assistance.,negative,performance
"Honestly, can you add fingerprint login This happens repeatedly.",positive,feature_request
"For some reason, i would like an option to download invoices Please look into it.",neutral,feature_request
I noticed that please add notifications for price changes Can you fix this?,neutral,feature_request
"Recently, the application is lagging badly Please look into it.",negative,performance
"Honestly, something is broken in the application This happens repeatedly.",negative,bug
"Today, i am happy with the assistance I received Can you fix this?",positive,support
I am having trouble because my account login keeps failing This is frustrating.,negative,login
The colors and layout make the app easy to use,positive,ui
I noticed that the application closes unexpectedly This happens repeatedly.,negative,bug
I noticed that my payment failed while placing the order This is frustrating.,negative,payment
"For some reason, the support team solved my issue quickly Please look into it.",negative,support
"Today, the page becomes blank after clicking the button Please help.",negative,bug
The text on the screen is too small I need assistance.,negative,ui
"For some reason, the app takes too long to load Can you fix this?",negative,performance
Please add notifications for price changes,neutral,feature_request
The support experience was disappointing Please look into it.,positive,support
The new interface looks clean Can you fix this?,positive,ui
The app becomes slow during checkout I need assistance.,negative,performance
"Today, i forgot my password and cannot sign in Please look into it.",negative,login
"Honestly, support took too long to respond This happens repeatedly.",negative,support
I noticed that the website response time is very poor Please help.,negative,performance
I am having trouble because the dashboard looks great I need assistance.,neutral,ui
"Honestly, the navigation is difficult to understand This is frustrating.",positive,ui
"For some reason, the app logs me out whenever I try to sign in This happens repeatedly.",negative,login
I am having trouble because customer service was very helpful,positive,support
I forgot my password and cannot sign in,negative,login
"Today, the OTP is not arriving during login Please look into it.",negative,login
"Unfortunately, the login page is not working Can you fix this?",negative,login
"Today, pages are loading slowly Can you fix this?",negative,performance
Please add notifications for price changes,neutral,feature_request
The application is very slow Please look into it.,negative,performance
"Unfortunately, the website is extremely slow today Can you fix this?",negative,performance
Please add notifications for price changes This happens repeatedly.,neutral,feature_request
"For some reason, i cannot login to my account Please look into it.",negative,login
"Today, customer service was very helpful This is frustrating.",negative,support
"Honestly, money was deducted but the payment failed Can you fix this?",negative,payment
"Recently, my payment is stuck Can you fix this?",negative,payment
I noticed that the app takes too long to load This happens repeatedly.,negative,performance
"For some reason, the support staff were polite and professional This is frustrating.",negative,support
I am having trouble because the OTP is not arriving during login This happens repeatedly.,negative,login
"For some reason, customer service was very helpful",positive,support
"Honestly, every screen takes a long time to open Can you fix this?",neutral,performance
"For some reason, the application interface is easy to use I need assistance.",negative,ui
"Unfortunately, i have not received a response from support",positive,support
I am having trouble because the navigation is difficult to understand I need assistance.,negative,ui
"For some reason, it would be great to have a dark theme This is frustrating.",neutral,feature_request
"For some reason, the order status is displaying incorrectly Can you fix this?",negative,bug
"Today, the password reset link is not working This is frustrating.",negative,login
I noticed that the colors and layout make the app easy to use This is frustrating.,negative,ui
"Unfortunately, the order status is displaying incorrectly I need assistance.",negative,bug
I noticed that please add dark mode to the application Please look into it.,neutral,feature_request
The OTP is not arriving during login This is frustrating.,negative,login
"Unfortunately, the OTP is not arriving during login This is frustrating.",negative,login
I found a bug in the checkout process This happens repeatedly.,neutral,bug
"For some reason, i cannot login to my account I need assistance.",neutral,login
I am having trouble because the dashboard looks great,negative,ui
"Today, the application freezes frequently",negative,performance
"Recently, the search results are incorrect Can you fix this?",negative,bug
"Today, it would be useful to have a wishlist This is frustrating.",neutral,feature_request
"Today, the support team did not resolve my problem",positive,support
I am having trouble because the payment page shows an error This is frustrating.,neutral,payment
"Honestly, pages are loading slowly Please help.",negative,performance
"For some reason, it would be great to have a dark theme Please look into it.",positive,feature_request
"For some reason, the app logs me out whenever I try to sign in This happens repeatedly.",negative,login
I noticed that i cannot login to my account Please look into it.,negative,login
"Honestly, customer service was very helpful This is frustrating.",negative,support
The dashboard looks great,positive,ui
I noticed that the OTP is not arriving during login,negative,login
I noticed that i cannot verify my account This is frustrating.,negative,login
"Unfortunately, please add dark mode to the application Please look into it.",neutral,feature_request
"Unfortunately, i cannot complete the payment",negative,payment
"For some reason, the app logs me out whenever I try to sign in I need assistance.",negative,login
"Honestly, the dashboard looks great Can you fix this?",neutral,ui
I am having trouble because the customer care representative was helpful Please look into it.,positive,support
"For some reason, please add a filter for previous orders Can you fix this?",positive,feature_request
"Honestly, the colors and layout make the app easy to use",neutral,ui
I am having trouble because i cannot complete the payment This is frustrating.,negative,payment
"Unfortunately, the text on the screen is too small This is frustrating.",negative,ui
"Today, the app takes too long to load Can you fix this?",negative,performance
I noticed that the app crashes whenever I upload a file This happens repeatedly.,neutral,bug
The colors and layout make the app easy to use This happens repeatedly.,negative,ui
"Unfortunately, the search results are incorrect Please help.",negative,bug
I noticed that the text on the screen is too small This happens repeatedly.,negative,ui
"Recently, i would like an option to download invoices This is frustrating.",neutral,feature_request
I am having trouble because i cannot verify my account I need assistance.,negative,login
"Unfortunately, please add a filter for previous orders Can you fix this?",neutral,feature_request
Please add notifications for price changes Please look into it.,neutral,feature_request
Please add dark mode to the application Please look into it.,neutral,feature_request
"Today, i would like an option to download invoices Please help.",positive,feature_request
I am having trouble because my account login keeps failing Can you fix this?,negative,login
I am having trouble because the application is lagging badly This happens repeatedly.,negative,performance
Something is broken in the application This is frustrating.,negative,bug
"Unfortunately, the application is lagging badly Please look into it.",negative,performance
"Recently, i am unable to access my account This is frustrating.",negative,login
I noticed that the app shows an error after checkout I need assistance.,negative,bug
"Honestly, the card payment keeps failing Please look into it.",negative,payment
"For some reason, please add a filter for previous orders Please help.",positive,feature_request
I noticed that the dashboard looks great This happens repeatedly.,negative,ui
"Today, the application crashes when I open my profile This is frustrating.",negative,bug
I noticed that the application crashes when I open my profile Please help.,negative,bug
"For some reason, the app logs me out whenever I try to sign in I need assistance.",negative,login
"Recently, the support staff were polite and professional I need assistance.",positive,support
The payment page shows an error I need assistance.,negative,payment
"Today, login takes me back to the sign in page This is frustrating.",negative,login
"Today, the app shows an error after checkout Can you fix this?",negative,bug
The new interface looks clean Please look into it.,negative,ui
"Honestly, can you add fingerprint login I need assistance.",neutral,feature_request
I noticed that i cannot login to my account This happens repeatedly.,negative,login
The buttons are difficult to find I need assistance.,positive,ui
I am having trouble because my payment is stuck This is frustrating.,negative,payment
"For some reason, the app takes too long to load Please help.",neutral,performance
The page becomes blank after clicking the button This happens repeatedly.,neutral,bug
"Today, the application is very slow This happens repeatedly.",negative,performance
"Today, i am happy with the assistance I received Can you fix this?",positive,support
"Honestly, support took too long to respond",positive,support
I am having trouble because the transaction was declined,negative,payment
"Honestly, i cannot login to my account Can you fix this?",negative,login
"For some reason, the buttons are difficult to find",negative,ui
I noticed that the application is very slow This happens repeatedly.,negative,performance
"Honestly, nobody from customer support has contacted me",negative,support
The page becomes blank after clicking the button,negative,bug
I am having trouble because the application interface is easy to use Please help.,negative,ui
"Recently, something is broken in the application",negative,bug
I am having trouble because i am happy with the assistance I received Can you fix this?,negative,support
"Today, my account login keeps failing This is frustrating.",negative,login
"Today, uPI payment is not going through This is frustrating.",negative,payment
I noticed that the OTP is not arriving during login,negative,login
I cannot verify my account,negative,login
"Unfortunately, the application crashes when I open my profile I need assistance.",negative,bug
"Unfortunately, the design is simple and user friendly This happens repeatedly.",neutral,ui
"Recently, i am unable to pay for my order This happens repeatedly.",negative,payment
"For some reason, the order status is displaying incorrectly This happens repeatedly.",negative,bug
I noticed that the search results are incorrect,negative,bug
"Honestly, it would be great to have a dark theme Please look into it.",neutral,feature_request
"Recently, my account login keeps failing This happens repeatedly.",neutral,login
"Honestly, the interface needs improvement",positive,ui
"Honestly, the navigation is difficult to understand This happens repeatedly.",positive,ui
The support team did not resolve my problem I need assistance.,negative,support
The OTP is not arriving during login Please look into it.,negative,login
"Honestly, the design is simple and user friendly Please help.",positive,ui
"Honestly, the menu layout is confusing",positive,ui
"Recently, the support team did not resolve my problem This is frustrating.",positive,support
Please add a filter for previous orders Please help.,neutral,feature_request
"Today, the support staff were polite and professional This happens repeatedly.",negative,support
I would like to schedule deliveries Please help.,neutral,feature_request
"Recently, i cannot complete the payment This is frustrating.",negative,payment
"Today, the new interface looks clean",negative,ui
"Unfortunately, the new interface looks clean This happens repeatedly.",neutral,ui
I am having trouble because the menu layout is confusing This is frustrating.,positive,ui
"Today, the support staff were polite and professional",positive,support
"Today, i was charged but the order was not placed This is frustrating.",negative,payment
The new interface looks clean This happens repeatedly.,positive,ui
"Unfortunately, i cannot login to my account I need assistance.",negative,login
"For some reason, i am unable to access my account",negative,login
"Recently, the OTP is not arriving during login Please look into it.",negative,login
"For some reason, the text on the screen is too small Please look into it.",neutral,ui
"For some reason, the support team did not resolve my problem Can you fix this?",negative,support
"Today, the app logs me out whenever I try to sign in This happens repeatedly.",negative,login
"Unfortunately, the buttons are difficult to find Please help.",negative,ui
"Today, the support staff were polite and professional This happens repeatedly.",negative,support
I am having trouble because please add notifications for price changes Please help.,neutral,feature_request
"For some reason, the order status is displaying incorrectly",negative,bug
The application freezes frequently I need assistance.,neutral,performance
"Unfortunately, please add a filter for previous orders I need assistance.",neutral,feature_request
The design is simple and user friendly Can you fix this?,negative,ui
I am having trouble because it would be useful to have a wishlist I need assistance.,neutral,feature_request
"Unfortunately, the interface needs improvement Please look into it.",positive,ui
I noticed that the app takes too long to load I need assistance.,negative,performance
"Honestly, uPI payment is not going through This happens repeatedly.",negative,payment
"For some reason, can you add fingerprint login This happens repeatedly.",neutral,feature_request
"Recently, please add notifications for price changes Please help.",neutral,feature_request
The application freezes frequently This is frustrating.,negative,performance
The menu layout is confusing This happens repeatedly.,positive,ui
The password reset link is not working Please help.,neutral,login
"Honestly, the application interface is easy to use Please look into it.",neutral,ui
"Recently, the application is very slow This happens repeatedly.",negative,performance
"Unfortunately, it would be useful to have a wishlist I need assistance.",neutral,feature_request
My account login keeps failing This is frustrating.,negative,login
"For some reason, the interface needs improvement This happens repeatedly.",positive,ui
"Today, money was deducted but the payment failed This happens repeatedly.",neutral,payment
"Unfortunately, the password reset link is not working Please help.",negative,login
"Recently, the app becomes slow during checkout I need assistance.",negative,performance
The app takes too long to load This happens repeatedly.,negative,performance
I noticed that please add dark mode to the application Can you fix this?,neutral,feature_request
I am having trouble because please add dark mode to the application Can you fix this?,neutral,feature_request
"Recently, the interface needs improvement",negative,ui
The notification is showing the wrong information This happens repeatedly.,negative,bug
"Recently, the application freezes frequently This happens repeatedly.",neutral,performance
"For some reason, the support staff were polite and professional",neutral,support
"Recently, i cannot login to my account I need assistance.",negative,login
"Honestly, the transaction was declined I need assistance.",negative,payment
I noticed that the application is very slow Can you fix this?,negative,performance
"For some reason, the interface needs improvement This is frustrating.",negative,ui
"Recently, the colors and layout make the app easy to use Please look into it.",neutral,ui
I am having trouble because the application is very slow,negative,performance
I am having trouble because i would like to schedule deliveries Can you fix this?,neutral,feature_request
"Today, the application crashes when I open my profile I need assistance.",negative,bug
The new interface looks clean Please help.,negative,ui
I am having trouble because i cannot verify my account I need assistance.,negative,login
"Honestly, please add dark mode to the application",neutral,feature_request
"For some reason, i cannot login to my account This happens repeatedly.",negative,login
I noticed that please add notifications for price changes This happens repeatedly.,positive,feature_request
"Today, pages are loading slowly This happens repeatedly.",negative,performance
"Honestly, the login page is not working Please look into it.",negative,login
The website response time is very poor Please look into it.,neutral,performance
"Recently, the payment page shows an error Please look into it.",negative,payment
"Today, i am happy with the assistance I received",positive,support
"For some reason, i found a bug in the checkout process This happens repeatedly.",negative,bug
I am having trouble because i cannot verify my account This is frustrating.,neutral,login
"Unfortunately, the interface needs improvement This is frustrating.",negative,ui
"For some reason, money was deducted but the payment failed",negative,payment
I noticed that please provide an option to change the language Please help.,neutral,feature_request
I am having trouble because i cannot complete the payment Please help.,negative,payment
"Honestly, uPI payment is not going through This happens repeatedly.",negative,payment
"Recently, the support staff were polite and professional",negative,support
"Unfortunately, please add more payment methods I need assistance.",neutral,feature_request
I noticed that the application is lagging badly This is frustrating.,negative,performance
"Today, support took too long to respond Please look into it.",positive,support
"Honestly, the navigation is difficult to understand Can you fix this?",negative,ui
I am having trouble because the payment page shows an error This is frustrating.,negative,payment
"Unfortunately, the support team solved my issue quickly Can you fix this?",positive,support
"For some reason, please add a filter for previous orders I need assistance.",neutral,feature_request
"Unfortunately, customer service was very helpful I need assistance.",negative,support
"Today, the app becomes slow during checkout Please help.",negative,performance
I am unable to pay for my order This happens repeatedly.,negative,payment
"Recently, the OTP is not arriving during login",negative,login
"Honestly, the new interface looks clean Please look into it.",positive,ui
"Unfortunately, please add more payment methods This happens repeatedly.",neutral,feature_request
"Unfortunately, please add dark mode to the application Can you fix this?",neutral,feature_request
"Today, the notification is showing the wrong information Please help.",neutral,bug
"Unfortunately, the customer care representative was helpful This is frustrating.",positive,support
"For some reason, my payment is stuck Please help.",negative,payment
"Unfortunately, please add a filter for previous orders This is frustrating.",positive,feature_request
"For some reason, i am unable to access my account Can you fix this?",neutral,login
"Recently, please provide an option to change the language This happens repeatedly.",positive,feature_request
"Unfortunately, the application freezes frequently Can you fix this?",negative,performance
"Honestly, the application crashes when I open my profile Can you fix this?",negative,bug
"Recently, the page becomes blank after clicking the button I need assistance.",negative,bug
I noticed that i was charged but the order was not placed I need assistance.,negative,payment
Every screen takes a long time to open Please look into it.,negative,performance
The application freezes frequently Can you fix this?,negative,performance
I noticed that i have not received a response from support This is frustrating.,neutral,support
I am having trouble because support took too long to respond This happens repeatedly.,positive,support
It would be great to have a dark theme Please look into it.,neutral,feature_request
"Today, the colors and layout make the app easy to use Please look into it.",positive,ui
"For some reason, the card payment keeps failing Can you fix this?",negative,payment
"Unfortunately, login takes me back to the sign in page Please help.",negative,login
"Unfortunately, my payment failed while placing the order This happens repeatedly.",negative,payment
I noticed that the app crashes whenever I upload a file This is frustrating.,negative,bug
"Honestly, the OTP is not arriving during login This is frustrating.",negative,login
I noticed that the password reset link is not working Please look into it.,negative,login
"Today, i cannot complete the payment I need assistance.",negative,payment
"For some reason, nobody from customer support has contacted me",negative,support
"For some reason, i would like to schedule deliveries This is frustrating.",neutral,feature_request
"For some reason, i am unable to access my account Can you fix this?",neutral,login
"Unfortunately, i found a bug in the checkout process Please help.",negative,bug
I am having trouble because money was deducted but the payment failed,negative,payment
"Recently, the application crashes when I open my profile Please help.",negative,bug
"Unfortunately, can you add fingerprint login",neutral,feature_request
"Honestly, the order status is displaying incorrectly Can you fix this?",negative,bug
"Today, i have not received a response from support I need assistance.",positive,support
"For some reason, my account login keeps failing Please look into it.",negative,login
"Unfortunately, the app becomes slow during checkout This happens repeatedly.",negative,performance
I am having trouble because the app crashes whenever I upload a file This happens repeatedly.,negative,bug
"Recently, the interface needs improvement Please look into it.",negative,ui
"Recently, i cannot complete the payment This is frustrating.",negative,payment
I noticed that i cannot verify my account Please look into it.,negative,login
I am having trouble because support took too long to respond This is frustrating.,neutral,support
"Recently, the notification is showing the wrong information",negative,bug
I am having trouble because i cannot verify my account,negative,login
"Honestly, i would like an option to download invoices Please help.",positive,feature_request
"Recently, the dashboard looks great Please help.",positive,ui
"Recently, it takes forever to open the dashboard Please help.",negative,performance
I noticed that the text on the screen is too small,positive,ui
"Today, it takes forever to open the dashboard Please help.",negative,performance
"For some reason, the website is extremely slow today This happens repeatedly.",negative,performance
"Honestly, money was deducted but the payment failed Can you fix this?",neutral,payment
"For some reason, the navigation is difficult to understand This happens repeatedly.",negative,ui
"For some reason, the support team solved my issue quickly This happens repeatedly.",negative,support
"Unfortunately, please add a filter for previous orders Please look into it.",positive,feature_request
"Recently, the support team did not resolve my problem Please look into it.",positive,support
I am having trouble because i would like to schedule deliveries Please help.,positive,feature_request
I am having trouble because customer service was very helpful This happens repeatedly.,positive,support
"Recently, the app shows an error after checkout This happens repeatedly.",negative,bug
I noticed that the app takes too long to load,neutral,performance
I am having trouble because i am happy with the assistance I received This happens repeatedly.,negative,support
I noticed that the search results are incorrect This happens repeatedly.,negative,bug
The search results are incorrect This happens repeatedly.,neutral,bug
I am having trouble because the page becomes blank after clicking the button Can you fix this?,negative,bug
"Honestly, i am unable to pay for my order",negative,payment
"For some reason, the support experience was disappointing Can you fix this?",neutral,support
I am having trouble because the login page is not working,negative,login
"Unfortunately, i am unable to access my account Please help.",negative,login
The buttons are difficult to find,negative,ui
"Honestly, the search results are incorrect Can you fix this?",negative,bug
The support staff were polite and professional I need assistance.,positive,support
"For some reason, the text on the screen is too small Can you fix this?",negative,ui
"Honestly, the login page is not working Please look into it.",negative,login
I noticed that the new interface looks clean Please help.,positive,ui
"For some reason, please add more payment methods",neutral,feature_request
I noticed that the navigation is difficult to understand This happens repeatedly.,neutral,ui
"Today, nobody from customer support has contacted me Please help.",positive,support
"Unfortunately, the login page is not working Please help.",negative,login
I noticed that the menu layout is confusing This is frustrating.,neutral,ui
"Unfortunately, i forgot my password and cannot sign in Please help.",negative,login
"For some reason, customer service was very helpful I need assistance.",positive,support
"Unfortunately, nobody from customer support has contacted me",negative,support
I noticed that the design is simple and user friendly This happens repeatedly.,positive,ui
"For some reason, it would be useful to have a wishlist This happens repeatedly.",neutral,feature_request
I noticed that the dashboard looks great Can you fix this?,negative,ui
"For some reason, please add notifications for price changes Please look into it.",neutral,feature_request
I am having trouble because the application closes unexpectedly Can you fix this?,negative,bug
I am having trouble because i have not received a response from support Can you fix this?,negative,support
I noticed that the payment page shows an error I need assistance.,negative,payment
I noticed that the website response time is very poor Please look into it.,negative,performance
"Today, the application interface is easy to use Please help.",positive,ui
I am having trouble because the order status is displaying incorrectly This is frustrating.,negative,bug
I noticed that i cannot verify my account Please look into it.,negative,login
I am having trouble because i am unable to pay for my order This happens repeatedly.,negative,payment
The design is simple and user friendly This is frustrating.,negative,ui
I noticed that the colors and layout make the app easy to use Please look into it.,neutral,ui
"For some reason, i am unable to access my account Can you fix this?",negative,login
Support took too long to respond Please look into it.,positive,support
I noticed that the colors and layout make the app easy to use Please look into it.,positive,ui
I noticed that my account login keeps failing Can you fix this?,negative,login
"Unfortunately, the design is simple and user friendly I need assistance.",negative,ui
I noticed that the app crashes whenever I upload a file Can you fix this?,negative,bug
"Recently, the support team did not resolve my problem This is frustrating.",neutral,support
I noticed that the buttons are difficult to find,negative,ui
"For some reason, the menu layout is confusing Please help.",negative,ui
"Today, uPI payment is not going through Please look into it.",negative,payment
Please add more payment methods This happens repeatedly.,neutral,feature_request
"Unfortunately, the app logs me out whenever I try to sign in This happens repeatedly.",negative,login
"Honestly, customer service was very helpful This is frustrating.",negative,support
I noticed that pages are loading slowly This happens repeatedly.,negative,performance
"Honestly, the colors and layout make the app easy to use Can you fix this?",positive,ui
"Honestly, i cannot login to my account This happens repeatedly.",negative,login
The interface needs improvement I need assistance.,negative,ui
"Today, the app crashes whenever I upload a file Please help.",neutral,bug
"Recently, uPI payment is not going through This is frustrating.",negative,payment
I noticed that the design is simple and user friendly,negative,ui
The menu layout is confusing This is frustrating.,negative,ui
"Honestly, the menu layout is confusing Please help.",positive,ui
"For some reason, the payment page shows an error This is frustrating.",negative,payment
The app shows an error after checkout Please help.,negative,bug
I am having trouble because pages are loading slowly This is frustrating.,negative,performance
"Honestly, pages are loading slowly",negative,performance
I noticed that i am unable to access my account Can you fix this?,negative,login
I noticed that i cannot verify my account Please help.,negative,login
"Today, the order status is displaying incorrectly Please help.",negative,bug
I noticed that the application crashes when I open my profile This happens repeatedly.,negative,bug
"Honestly, the colors and layout make the app easy to use This is frustrating.",negative,ui
"Today, the buttons are difficult to find Please look into it.",positive,ui
"Unfortunately, the application closes unexpectedly This happens repeatedly.",negative,bug
"Honestly, it would be great to have a dark theme Please help.",positive,feature_request
Pages are loading slowly,negative,performance
"Honestly, the website response time is very poor Please help.",negative,performance
"Today, i forgot my password and cannot sign in I need assistance.",negative,login
"Today, the payment page shows an error I need assistance.",negative,payment
The dashboard looks great I need assistance.,negative,ui
"Recently, the app logs me out whenever I try to sign in Please look into it.",negative,login
I noticed that it would be useful to have a wishlist,positive,feature_request
I am having trouble because i cannot verify my account,negative,login
"Today, the interface needs improvement I need assistance.",negative,ui
I am having trouble because i cannot verify my account Please help.,negative,login
"Today, i am unable to pay for my order This is frustrating.",negative,payment
"Honestly, my payment failed while placing the order Please look into it.",negative,payment
"For some reason, money was deducted but the payment failed This happens repeatedly.",negative,payment
"Unfortunately, my payment failed while placing the order I need assistance.",negative,payment
"Recently, login takes me back to the sign in page",negative,login
"Today, the password reset link is not working Please help.",negative,login
"Recently, uPI payment is not going through This is frustrating.",negative,payment
"For some reason, the application interface is easy to use This happens repeatedly.",negative,ui
I noticed that the support experience was disappointing,negative,support
"Today, the new interface looks clean Can you fix this?",neutral,ui
"Today, i am unable to pay for my order I need assistance.",negative,payment
"Honestly, the application crashes when I open my profile I need assistance.",negative,bug
The app crashes whenever I upload a file Can you fix this?,negative,bug
The navigation is difficult to understand This is frustrating.,negative,ui
"Recently, the new interface looks clean This is frustrating.",neutral,ui
I am having trouble because the new interface looks clean Please look into it.,positive,ui
The app crashes whenever I upload a file Please help.,negative,bug
"For some reason, the application crashes when I open my profile Please look into it.",negative,bug
I cannot login to my account I need assistance.,negative,login
I noticed that it would be useful to have a wishlist This happens repeatedly.,positive,feature_request
Please add a filter for previous orders This happens repeatedly.,neutral,feature_request
"Unfortunately, the application freezes frequently",negative,performance
"Honestly, the login page is not working Please help.",negative,login
"Recently, the interface needs improvement This is frustrating.",negative,ui
"Recently, i have not received a response from support This happens repeatedly.",negative,support
"Today, please add notifications for price changes Please look into it.",neutral,feature_request
"Recently, please add dark mode to the application I need assistance.",neutral,feature_request
"Today, it would be great to have a dark theme This is frustrating.",neutral,feature_request
I noticed that the app crashes whenever I upload a file Please look into it.,negative,bug
"For some reason, the support staff were polite and professional Please help.",negative,support
I am having trouble because can you add fingerprint login I need assistance.,neutral,feature_request
I noticed that the new interface looks clean Please look into it.,neutral,ui
I am having trouble because the interface needs improvement I need assistance.,negative,ui
"Today, pages are loading slowly",neutral,performance
"Recently, customer service was very helpful",positive,support
"Today, my payment failed while placing the order Please look into it.",negative,payment
My payment is stuck I need assistance.,negative,payment
"Unfortunately, i am unable to pay for my order Please look into it.",negative,payment
I noticed that the application freezes frequently This is frustrating.,negative,performance
"Honestly, it takes forever to open the dashboard Can you fix this?",negative,performance
"Honestly, the order status is displaying incorrectly This is frustrating.",negative,bug
"Honestly, the payment page shows an error This happens repeatedly.",negative,payment
"Honestly, the support team did not resolve my problem This happens repeatedly.",positive,support
"Unfortunately, please add notifications for price changes Can you fix this?",neutral,feature_request
I am having trouble because i have not received a response from support Please help.,negative,support
"Unfortunately, i have not received a response from support Please help.",negative,support
"Today, i was charged but the order was not placed I need assistance.",negative,payment
The app takes too long to load Can you fix this?,negative,performance
"For some reason, the menu layout is confusing",negative,ui
"Honestly, please add a filter for previous orders",neutral,feature_request
"Unfortunately, the application closes unexpectedly This is frustrating.",negative,bug
"Recently, i have not received a response from support I need assistance.",negative,support
"For some reason, the text on the screen is too small This happens repeatedly.",neutral,ui
The application closes unexpectedly Please help.,negative,bug
"Today, the transaction was declined Please help.",negative,payment
The app becomes slow during checkout Can you fix this?,negative,performance
"Unfortunately, i cannot verify my account This happens repeatedly.",neutral,login
The website is extremely slow today This is frustrating.,negative,performance
"Today, please add notifications for price changes Please look into it.",neutral,feature_request
The support staff were polite and professional This happens repeatedly.,negative,support
"Honestly, the password reset link is not working",negative,login
I am having trouble because the website is extremely slow today Please look into it.,negative,performance
"For some reason, the app shows an error after checkout Please look into it.",negative,bug
"Unfortunately, the buttons are difficult to find Please look into it.",neutral,ui
I noticed that the customer care representative was helpful This is frustrating.,negative,support
I noticed that the login page is not working,negative,login
I am having trouble because the order status is displaying incorrectly This is frustrating.,negative,bug
"Recently, the search results are incorrect This happens repeatedly.",negative,bug
"Unfortunately, my payment is stuck",negative,payment
I am having trouble because the app crashes whenever I upload a file I need assistance.,neutral,bug
"Honestly, the OTP is not arriving during login Please help.",negative,login
The website is extremely slow today Please look into it.,negative,performance
"Honestly, the app takes too long to load This happens repeatedly.",negative,performance
"Unfortunately, the login page is not working",neutral,login
"For some reason, the navigation is difficult to understand",positive,ui
"Today, please add more payment methods Can you fix this?",neutral,feature_request
"Recently, i have not received a response from support This is frustrating.",negative,support
I am unable to access my account This is frustrating.,negative,login
I am having trouble because customer service was very helpful,positive,support
"For some reason, please add dark mode to the application This happens repeatedly.",neutral,feature_request
The support team solved my issue quickly Please help.,positive,support
The application crashes when I open my profile Can you fix this?,neutral,bug
UPI payment is not going through,negative,payment
I am having trouble because i forgot my password and cannot sign in This is frustrating.,negative,login
"Honestly, the application freezes frequently",negative,performance
"Today, the menu layout is confusing Please look into it.",positive,ui
The navigation is difficult to understand I need assistance.,negative,ui
"Today, the menu layout is confusing This is frustrating.",negative,ui
"For some reason, it would be great to have a dark theme I need assistance.",neutral,feature_request
"Unfortunately, the buttons are difficult to find Please look into it.",negative,ui
"Unfortunately, the colors and layout make the app easy to use Can you fix this?",positive,ui
"Today, please add dark mode to the application Can you fix this?",neutral,feature_request
The app logs me out whenever I try to sign in I need assistance.,negative,login
The application crashes when I open my profile This is frustrating.,negative,bug
I noticed that the password reset link is not working,negative,login
"Today, please add notifications for price changes This is frustrating.",neutral,feature_request
I am having trouble because the application is very slow I need assistance.,negative,performance
"Honestly, the notification is showing the wrong information Please help.",negative,bug
"Honestly, the support experience was disappointing Please look into it.",negative,support
I am having trouble because the app crashes whenever I upload a file,negative,bug
I noticed that please add dark mode to the application Can you fix this?,neutral,feature_request
"Today, i would like to schedule deliveries",neutral,feature_request
"Recently, i have not received a response from support Please help.",positive,support
"For some reason, the support team solved my issue quickly Please help.",negative,support
"For some reason, something is broken in the application Please look into it.",negative,bug
"Unfortunately, the search results are incorrect",negative,bug
"Honestly, the design is simple and user friendly",negative,ui
I am having trouble because the buttons are difficult to find Can you fix this?,negative,ui
"Unfortunately, i am unable to pay for my order This happens repeatedly.",negative,payment
"Recently, the website is extremely slow today I need assistance.",negative,performance
I am having trouble because every screen takes a long time to open,negative,performance
I noticed that the support staff were polite and professional,negative,support
"For some reason, i cannot complete the payment Can you fix this?",negative,payment
I am having trouble because the login page is not working Please look into it.,negative,login
"Unfortunately, the text on the screen is too small This happens repeatedly.",negative,ui
"Unfortunately, i would like to schedule deliveries Please help.",neutral,feature_request
"For some reason, the page becomes blank after clicking the button Can you fix this?",negative,bug
I am having trouble because the app crashes whenever I upload a file Can you fix this?,negative,bug
"Recently, the new interface looks clean Please look into it.",positive,ui
"Recently, the application is very slow",negative,performance
I noticed that i would like to schedule deliveries This is frustrating.,neutral,feature_request
"Today, the text on the screen is too small",neutral,ui
"Today, please add a filter for previous orders Please look into it.",neutral,feature_request
"Today, the text on the screen is too small This happens repeatedly.",positive,ui
I noticed that login takes me back to the sign in page,negative,login
"Today, the website response time is very poor Please look into it.",negative,performance
"Honestly, the design is simple and user friendly Can you fix this?",positive,ui
I am having trouble because it would be useful to have a wishlist Can you fix this?,neutral,feature_request
"Today, the website response time is very poor",negative,performance
"Honestly, the login page is not working Please look into it.",negative,login
I noticed that it would be useful to have a wishlist I need assistance.,neutral,feature_request
"Honestly, i forgot my password and cannot sign in I need assistance.",negative,login
I am having trouble because the support staff were polite and professional I need assistance.,neutral,support
"Honestly, it would be useful to have a wishlist Can you fix this?",neutral,feature_request
I cannot login to my account I need assistance.,negative,login
"Honestly, i am happy with the assistance I received",negative,support
"Recently, the website response time is very poor This happens repeatedly.",negative,performance
I am having trouble because the application closes unexpectedly Can you fix this?,negative,bug
"Today, the application interface is easy to use",negative,ui
"For some reason, the application crashes when I open my profile Please help.",negative,bug
"Today, pages are loading slowly This is frustrating.",negative,performance
"Recently, the app becomes slow during checkout Please help.",negative,performance
"Recently, i am happy with the assistance I received This is frustrating.",negative,support
"Today, the login page is not working Please look into it.",neutral,login
Login takes me back to the sign in page Please look into it.,negative,login
"Recently, the application interface is easy to use Please help.",positive,ui
I am having trouble because can you add fingerprint login Can you fix this?,positive,feature_request
"Unfortunately, i am happy with the assistance I received I need assistance.",negative,support
"Honestly, please add more payment methods This is frustrating.",positive,feature_request
"Honestly, the menu layout is confusing This happens repeatedly.",positive,ui
"Today, customer service was very helpful This is frustrating.",negative,support
I am having trouble because the application is lagging badly This happens repeatedly.,negative,performance
"Recently, money was deducted but the payment failed Please look into it.",negative,payment
"Today, it would be great to have a dark theme",neutral,feature_request
"Honestly, my payment is stuck This is frustrating.",negative,payment
"Honestly, my payment failed while placing the order Can you fix this?",negative,payment
Login takes me back to the sign in page I need assistance.,negative,login
I noticed that i would like an option to download invoices Please help.,neutral,feature_request
I noticed that the support team did not resolve my problem This is frustrating.,negative,support
"For some reason, please add a filter for previous orders I need assistance.",neutral,feature_request
"Today, customer service was very helpful Please look into it.",negative,support
I would like to schedule deliveries This happens repeatedly.,neutral,feature_request
I am having trouble because every screen takes a long time to open Please help.,negative,performance
"For some reason, please add a filter for previous orders This happens repeatedly.",neutral,feature_request
"Today, uPI payment is not going through This is frustrating.",negative,payment
I am having trouble because the password reset link is not working This happens repeatedly.,negative,login
"Today, the application is very slow This is frustrating.",negative,performance
"For some reason, the app crashes whenever I upload a file Please look into it.",negative,bug
The app crashes whenever I upload a file Please look into it.,negative,bug
"Today, the OTP is not arriving during login",negative,login
I noticed that my payment is stuck I need assistance.,negative,payment
I am having trouble because the app logs me out whenever I try to sign in This happens repeatedly.,negative,login
"Honestly, i cannot verify my account This is frustrating.",negative,login
"Recently, the support team did not resolve my problem This is frustrating.",positive,support
"Recently, the app crashes whenever I upload a file Please look into it.",negative,bug
"Today, the website is extremely slow today I need assistance.",negative,performance
"Unfortunately, the text on the screen is too small Can you fix this?",positive,ui
"Unfortunately, the interface needs improvement Can you fix this?",positive,ui
"Today, can you add fingerprint login Can you fix this?",neutral,feature_request
I am unable to access my account,negative,login
"For some reason, the customer care representative was helpful Please look into it.",negative,support
"Unfortunately, please add a filter for previous orders I need assistance.",neutral,feature_request
"Unfortunately, the app takes too long to load This is frustrating.",negative,performance
"Unfortunately, the customer care representative was helpful",positive,support
I noticed that the colors and layout make the app easy to use I need assistance.,negative,ui
"Honestly, i was charged but the order was not placed Please help.",negative,payment
"Honestly, my payment failed while placing the order This is frustrating.",negative,payment
"Honestly, i forgot my password and cannot sign in This is frustrating.",negative,login
"Today, i would like to schedule deliveries Please help.",neutral,feature_request
"Today, the app logs me out whenever I try to sign in Please help.",neutral,login
I noticed that i am unable to access my account Can you fix this?,negative,login
I am having trouble because the application freezes frequently,negative,performance
I would like an option to download invoices Please look into it.,neutral,feature_request
I noticed that i was charged but the order was not placed This happens repeatedly.,negative,payment
"Recently, my payment is stuck Can you fix this?",negative,payment
"Unfortunately, i cannot verify my account",negative,login
"For some reason, the website response time is very poor This happens repeatedly.",negative,performance
"Recently, the application freezes frequently Please look into it.",negative,performance
"Today, the application crashes when I open my profile Please help.",neutral,bug
I am having trouble because my payment failed while placing the order This happens repeatedly.,negative,payment
"Today, the colors and layout make the app easy to use Please help.",neutral,ui
I am having trouble because the order status is displaying incorrectly Please help.,negative,bug
"Today, the app crashes whenever I upload a file Please help.",negative,bug
"Honestly, every screen takes a long time to open This is frustrating.",negative,performance
I am having trouble because i am unable to access my account,negative,login
"Honestly, the support experience was disappointing This happens repeatedly.",positive,support
"Recently, the interface needs improvement Please look into it.",negative,ui
"Unfortunately, the new interface looks clean",positive,ui
"Recently, the new interface looks clean This happens repeatedly.",positive,ui
"Honestly, the application freezes frequently This happens repeatedly.",negative,performance
"Today, i found a bug in the checkout process Please help.",negative,bug
I noticed that i found a bug in the checkout process,negative,bug
"Honestly, please provide an option to change the language Please help.",neutral,feature_request
I noticed that it would be great to have a dark theme Please help.,neutral,feature_request
"For some reason, the website is extremely slow today This is frustrating.",negative,performance
"Recently, please add more payment methods Please look into it.",positive,feature_request
I noticed that the login page is not working Can you fix this?,neutral,login
The application closes unexpectedly Please help.,negative,bug
"Recently, the search results are incorrect This happens repeatedly.",negative,bug
I am having trouble because every screen takes a long time to open Please look into it.,negative,performance
"Unfortunately, the navigation is difficult to understand This happens repeatedly.",positive,ui
I am having trouble because i would like an option to download invoices,neutral,feature_request
"Unfortunately, the app logs me out whenever I try to sign in This is frustrating.",negative,login
"For some reason, my payment failed while placing the order I need assistance.",negative,payment
My payment failed while placing the order This happens repeatedly.,negative,payment
"Today, the search results are incorrect This happens repeatedly.",negative,bug
I noticed that the app shows an error after checkout Please help.,negative,bug
"Honestly, customer service was very helpful Can you fix this?",positive,support
"For some reason, the customer care representative was helpful Can you fix this?",negative,support
"Unfortunately, the app shows an error after checkout Please help.",negative,bug
"Recently, please add more payment methods Please help.",neutral,feature_request
"Today, the dashboard looks great I need assistance.",positive,ui
"Today, nobody from customer support has contacted me Please help.",negative,support
"Today, i am unable to access my account Can you fix this?",negative,login
"Recently, nobody from customer support has contacted me",positive,support
"Honestly, the website response time is very poor Can you fix this?",negative,performance
"Today, the dashboard looks great Please look into it.",negative,ui
The navigation is difficult to understand Please help.,positive,ui
"Unfortunately, the app becomes slow during checkout Please help.",negative,performance
"Unfortunately, the app crashes whenever I upload a file This happens repeatedly.",negative,bug
"For some reason, please add notifications for price changes This happens repeatedly.",positive,feature_request
I noticed that i would like to schedule deliveries This happens repeatedly.,neutral,feature_request
"Recently, customer service was very helpful This happens repeatedly.",negative,support
"Unfortunately, my payment is stuck Please look into it.",negative,payment
I have not received a response from support Please help.,negative,support
The order status is displaying incorrectly This happens repeatedly.,neutral,bug
I cannot complete the payment Please look into it.,negative,payment
"For some reason, the customer care representative was helpful",negative,support
"Honestly, the order status is displaying incorrectly This happens repeatedly.",negative,bug
"Today, the app becomes slow during checkout This happens repeatedly.",negative,performance
"Honestly, the app logs me out whenever I try to sign in",negative,login
"Unfortunately, the notification is showing the wrong information This happens repeatedly.",negative,bug
"Today, please add a filter for previous orders This happens repeatedly.",neutral,feature_request
I am having trouble because the new interface looks clean I need assistance.,neutral,ui
It takes forever to open the dashboard Please look into it.,negative,performance
"Recently, the text on the screen is too small This happens repeatedly.",negative,ui
"Today, money was deducted but the payment failed Can you fix this?",neutral,payment
I noticed that the application closes unexpectedly,negative,bug
"Honestly, i am happy with the assistance I received",neutral,support
"For some reason, the payment page shows an error Please help.",negative,payment
"Unfortunately, the order status is displaying incorrectly Can you fix this?",negative,bug
"Honestly, the notification is showing the wrong information This happens repeatedly.",negative,bug
"For some reason, the password reset link is not working",negative,login
"Recently, the buttons are difficult to find Please help.",positive,ui
I am having trouble because i found a bug in the checkout process I need assistance.,neutral,bug
"Today, something is broken in the application",negative,bug
"Honestly, uPI payment is not going through This happens repeatedly.",negative,payment
I am having trouble because login takes me back to the sign in page I need assistance.,negative,login
"Unfortunately, the dashboard looks great This happens repeatedly.",negative,ui
"Honestly, the OTP is not arriving during login I need assistance.",negative,login
"Recently, every screen takes a long time to open",negative,performance
I noticed that pages are loading slowly This happens repeatedly.,negative,performance
I am having trouble because it would be useful to have a wishlist This happens repeatedly.,neutral,feature_request
"Unfortunately, the application interface is easy to use",negative,ui
"Honestly, the app crashes whenever I upload a file Can you fix this?",negative,bug
"For some reason, the notification is showing the wrong information This happens repeatedly.",negative,bug
It would be great to have a dark theme,neutral,feature_request
"Unfortunately, the buttons are difficult to find This happens repeatedly.",positive,ui
I noticed that the text on the screen is too small Can you fix this?,neutral,ui
I am having trouble because the app logs me out whenever I try to sign in Please look into it.,negative,login
"Recently, the payment page shows an error This happens repeatedly.",negative,payment
"Honestly, the page becomes blank after clicking the button This happens repeatedly.",negative,bug
"Honestly, the colors and layout make the app easy to use Please look into it.",positive,ui
"Unfortunately, the app crashes whenever I upload a file Can you fix this?",negative,bug
"Honestly, my payment failed while placing the order Please help.",negative,payment
I am unable to access my account This happens repeatedly.,neutral,login
"Unfortunately, the login page is not working This happens repeatedly.",negative,login
I noticed that money was deducted but the payment failed Please look into it.,negative,payment
I noticed that my account login keeps failing I need assistance.,negative,login
I noticed that i found a bug in the checkout process Please help.,negative,bug
"Recently, i cannot complete the payment Please help.",negative,payment
"Unfortunately, i cannot complete the payment Please help.",negative,payment
"Today, the application freezes frequently",negative,performance
"Honestly, the search results are incorrect",negative,bug
I am having trouble because the app logs me out whenever I try to sign in This happens repeatedly.,negative,login
"Unfortunately, please add notifications for price changes This happens repeatedly.",neutral,feature_request
I noticed that every screen takes a long time to open I need assistance.,negative,performance
"For some reason, the login page is not working This happens repeatedly.",negative,login
"For some reason, the app shows an error after checkout This is frustrating.",neutral,bug
I am having trouble because the text on the screen is too small This is frustrating.,neutral,ui
"Unfortunately, the support staff were polite and professional This happens repeatedly.",neutral,support
"Unfortunately, the payment page shows an error This happens repeatedly.",negative,payment
The page becomes blank after clicking the button This is frustrating.,neutral,bug
Login takes me back to the sign in page This happens repeatedly.,negative,login
I am having trouble because the app becomes slow during checkout Please look into it.,negative,performance
I noticed that it would be useful to have a wishlist Please help.,neutral,feature_request
"For some reason, i have not received a response from support I need assistance.",negative,support
"Unfortunately, the interface needs improvement Please help.",neutral,ui
I noticed that i found a bug in the checkout process Please help.,negative,bug
My account login keeps failing Can you fix this?,negative,login
"Recently, please add more payment methods Please look into it.",neutral,feature_request
"For some reason, the interface needs improvement Please look into it.",negative,ui
"Unfortunately, the transaction was declined Please help.",negative,payment
"For some reason, the menu layout is confusing This is frustrating.",neutral,ui
I am having trouble because i am unable to pay for my order I need assistance.,negative,payment
"Honestly, it takes forever to open the dashboard This is frustrating.",negative,performance
I am having trouble because the app logs me out whenever I try to sign in This is frustrating.,neutral,login
I am having trouble because support took too long to respond Please look into it.,positive,support
"Recently, can you add fingerprint login Please look into it.",neutral,feature_request
Please add a filter for previous orders Please help.,positive,feature_request
"Honestly, customer service was very helpful I need assistance.",positive,support
"For some reason, i cannot verify my account",negative,login
"Honestly, the support experience was disappointing I need assistance.",positive,support
I noticed that the order status is displaying incorrectly Please look into it.,negative,bug
"For some reason, please provide an option to change the language Please look into it.",neutral,feature_request
I am having trouble because the website is extremely slow today This is frustrating.,negative,performance
I am having trouble because every screen takes a long time to open Please look into it.,negative,performance
"Honestly, login takes me back to the sign in page This happens repeatedly.",neutral,login
"Today, the app becomes slow during checkout This happens repeatedly.",negative,performance
"For some reason, uPI payment is not going through Please look into it.",negative,payment
I noticed that my account login keeps failing This happens repeatedly.,negative,login
"Unfortunately, i found a bug in the checkout process I need assistance.",negative,bug
"Recently, i cannot complete the payment I need assistance.",negative,payment
"Honestly, the application freezes frequently This happens repeatedly.",negative,performance
"Honestly, i cannot verify my account Can you fix this?",negative,login
I am having trouble because uPI payment is not going through I need assistance.,negative,payment
"Honestly, the app takes too long to load",negative,performance
I noticed that the app takes too long to load,negative,performance
"Honestly, can you add fingerprint login This is frustrating.",neutral,feature_request
"Unfortunately, the password reset link is not working",negative,login
"Honestly, the payment page shows an error Can you fix this?",negative,payment
I am having trouble because i was charged but the order was not placed Can you fix this?,negative,payment
"Recently, support took too long to respond Please look into it.",negative,support
"Honestly, i would like an option to download invoices",neutral,feature_request
"For some reason, login takes me back to the sign in page Please look into it.",negative,login
"Honestly, the text on the screen is too small Please help.",neutral,ui
I noticed that please add more payment methods Please look into it.,neutral,feature_request
I noticed that the application is lagging badly,negative,performance
"Recently, the new interface looks clean Can you fix this?",negative,ui
"Unfortunately, please add more payment methods Can you fix this?",neutral,feature_request
"Unfortunately, the application is lagging badly This is frustrating.",negative,performance
I noticed that the menu layout is confusing This is frustrating.,negative,ui
I am having trouble because the application is very slow This is frustrating.,negative,performance
The transaction was declined This is frustrating.,negative,payment
"Recently, the password reset link is not working This happens repeatedly.",negative,login
"For some reason, something is broken in the application This happens repeatedly.",negative,bug
"Recently, every screen takes a long time to open Please look into it.",negative,performance
I am having trouble because the application is lagging badly Please help.,negative,performance
I am having trouble because the support staff were polite and professional Please look into it.,positive,support
I am having trouble because please add a filter for previous orders Please help.,neutral,feature_request
It takes forever to open the dashboard Can you fix this?,negative,performance
My account login keeps failing I need assistance.,negative,login
The order status is displaying incorrectly Please look into it.,negative,bug
I noticed that uPI payment is not going through Please look into it.,negative,payment
"Recently, the support team did not resolve my problem",neutral,support
"Recently, the interface needs improvement Please look into it.",negative,ui
"Recently, please add a filter for previous orders This happens repeatedly.",neutral,feature_request
The app takes too long to load Can you fix this?,negative,performance
I am having trouble because my payment is stuck This happens repeatedly.,negative,payment
"Honestly, the application crashes when I open my profile This is frustrating.",negative,bug
"Recently, i am unable to pay for my order Can you fix this?",negative,payment
"Unfortunately, please add a filter for previous orders This happens repeatedly.",neutral,feature_request
"Recently, the buttons are difficult to find This happens repeatedly.",negative,ui
"Today, the OTP is not arriving during login This is frustrating.",negative,login
"For some reason, nobody from customer support has contacted me",positive,support
"For some reason, please add notifications for price changes This is frustrating.",neutral,feature_request
"Recently, the interface needs improvement I need assistance.",negative,ui
"Today, please provide an option to change the language Please look into it.",neutral,feature_request
I noticed that the support experience was disappointing Please help.,negative,support
I am having trouble because please add dark mode to the application,neutral,feature_request
"Unfortunately, support took too long to respond Please help.",negative,support
I am having trouble because my account login keeps failing Can you fix this?,neutral,login
I am having trouble because the colors and layout make the app easy to use This is frustrating.,negative,ui
"Recently, please add notifications for price changes Can you fix this?",neutral,feature_request
"For some reason, my payment is stuck Please help.",negative,payment
I noticed that i forgot my password and cannot sign in I need assistance.,negative,login
"Honestly, i am unable to access my account",negative,login
I would like to schedule deliveries Please look into it.,positive,feature_request
I am having trouble because my payment is stuck,negative,payment
I am having trouble because the support team did not resolve my problem This is frustrating.,negative,support
Something is broken in the application Can you fix this?,negative,bug
"Honestly, the text on the screen is too small Please look into it.",negative,ui
"Honestly, the app takes too long to load",neutral,performance
"Today, please add notifications for price changes Please help.",neutral,feature_request
"Honestly, can you add fingerprint login Please look into it.",neutral,feature_request
I am having trouble because the notification is showing the wrong information Please look into it.,negative,bug
"Unfortunately, i cannot login to my account This is frustrating.",negative,login
"Today, please add notifications for price changes Please look into it.",neutral,feature_request
I noticed that it would be useful to have a wishlist Please help.,neutral,feature_request
"Today, uPI payment is not going through This happens repeatedly.",negative,payment
The password reset link is not working Please help.,negative,login
"Today, the support team did not resolve my problem",neutral,support
"Honestly, the application interface is easy to use Please help.",negative,ui
"Honestly, the password reset link is not working This happens repeatedly.",negative,login
"Honestly, the app crashes whenever I upload a file Please look into it.",negative,bug
"Unfortunately, the support team solved my issue quickly Can you fix this?",negative,support
I noticed that support took too long to respond Please look into it.,negative,support
"For some reason, every screen takes a long time to open This is frustrating.",negative,performance
I am having trouble because the interface needs improvement Please help.,negative,ui
"Today, please add a filter for previous orders This is frustrating.",neutral,feature_request
The card payment keeps failing Can you fix this?,negative,payment
"For some reason, i am unable to access my account",negative,login
"Today, the order status is displaying incorrectly Please look into it.",negative,bug
"Today, pages are loading slowly I need assistance.",negative,performance
I noticed that the menu layout is confusing This happens repeatedly.,negative,ui
"Today, the application crashes when I open my profile Can you fix this?",negative,bug
The search results are incorrect,negative,bug
"Today, the transaction was declined This happens repeatedly.",negative,payment
I am unable to access my account Please help.,negative,login
"Unfortunately, my account login keeps failing",negative,login
"Honestly, the application crashes when I open my profile Please look into it.",negative,bug
I noticed that every screen takes a long time to open This is frustrating.,negative,performance
I noticed that the support team did not resolve my problem This is frustrating.,negative,support
"Honestly, the page becomes blank after clicking the button Can you fix this?",negative,bug
"Today, the application is lagging badly Can you fix this?",negative,performance
"Today, the new interface looks clean I need assistance.",negative,ui
The navigation is difficult to understand,positive,ui
"Honestly, pages are loading slowly Can you fix this?",neutral,performance
I noticed that the application crashes when I open my profile I need assistance.,negative,bug
"Recently, the application freezes frequently I need assistance.",negative,performance
"For some reason, it would be useful to have a wishlist This happens repeatedly.",neutral,feature_request
"Honestly, the app shows an error after checkout",negative,bug
"Recently, i found a bug in the checkout process Please look into it.",negative,bug
"Unfortunately, the OTP is not arriving during login This happens repeatedly.",negative,login
Money was deducted but the payment failed Can you fix this?,neutral,payment
"Unfortunately, please add dark mode to the application Can you fix this?",neutral,feature_request
I noticed that the search results are incorrect I need assistance.,negative,bug
"For some reason, my payment is stuck This happens repeatedly.",neutral,payment
"Today, can you add fingerprint login",neutral,feature_request
I noticed that the interface needs improvement This happens repeatedly.,negative,ui
"Recently, my account login keeps failing This is frustrating.",negative,login
I forgot my password and cannot sign in,negative,login
"Today, the dashboard looks great I need assistance.",neutral,ui
"Recently, the page becomes blank after clicking the button This is frustrating.",negative,bug
"Recently, nobody from customer support has contacted me This happens repeatedly.",negative,support
I am having trouble because i have not received a response from support This happens repeatedly.,positive,support
"Honestly, support took too long to respond This happens repeatedly.",negative,support
I noticed that pages are loading slowly I need assistance.,negative,performance
I noticed that the transaction was declined Please help.,negative,payment
"Recently, the application is very slow Please look into it.",negative,performance
"For some reason, the customer care representative was helpful This happens repeatedly.",negative,support
"Unfortunately, the password reset link is not working I need assistance.",neutral,login
"Recently, the search results are incorrect I need assistance.",negative,bug
The dashboard looks great,neutral,ui
"For some reason, i would like an option to download invoices Please help.",neutral,feature_request
The support team solved my issue quickly I need assistance.,positive,support
"Unfortunately, my payment is stuck Please help.",negative,payment
"Honestly, my account login keeps failing This is frustrating.",negative,login
"For some reason, the text on the screen is too small",positive,ui
"Unfortunately, the app crashes whenever I upload a file Can you fix this?",negative,bug
"For some reason, the design is simple and user friendly This is frustrating.",positive,ui
"Recently, the app crashes whenever I upload a file Please help.",negative,bug
I am having trouble because the app shows an error after checkout This is frustrating.,negative,bug
"Honestly, pages are loading slowly Please look into it.",neutral,performance
"Unfortunately, my payment is stuck This happens repeatedly.",negative,payment
"Unfortunately, it would be useful to have a wishlist This happens repeatedly.",neutral,feature_request
I noticed that the OTP is not arriving during login,negative,login
It would be useful to have a wishlist This is frustrating.,neutral,feature_request
I am having trouble because i cannot verify my account This happens repeatedly.,negative,login
"Today, customer service was very helpful I need assistance.",negative,support
I noticed that the buttons are difficult to find Please help.,positive,ui
"Honestly, the app logs me out whenever I try to sign in This is frustrating.",negative,login
I am having trouble because the application crashes when I open my profile I need assistance.,negative,bug
I noticed that i have not received a response from support I need assistance.,positive,support
I noticed that the application freezes frequently Can you fix this?,neutral,performance
"Unfortunately, money was deducted but the payment failed Please look into it.",negative,payment
I noticed that i am unable to pay for my order This happens repeatedly.,negative,payment
"Recently, the application interface is easy to use Can you fix this?",positive,ui
"Unfortunately, the payment page shows an error This happens repeatedly.",negative,payment
"Recently, the page becomes blank after clicking the button I need assistance.",negative,bug
"For some reason, the application is lagging badly I need assistance.",negative,performance
"Recently, the order status is displaying incorrectly This is frustrating.",negative,bug
"Unfortunately, the OTP is not arriving during login",negative,login
"Recently, the customer care representative was helpful Please help.",negative,support
"Recently, something is broken in the application",negative,bug
I noticed that please add notifications for price changes This is frustrating.,positive,feature_request
"For some reason, the app becomes slow during checkout Please help.",negative,performance
"Unfortunately, the support team solved my issue quickly This is frustrating.",negative,support
"Recently, please add a filter for previous orders",positive,feature_request
"Recently, the support staff were polite and professional Please help.",positive,support
"For some reason, i forgot my password and cannot sign in Please look into it.",negative,login
The application is very slow Can you fix this?,negative,performance
"Recently, i would like to schedule deliveries",neutral,feature_request
"Unfortunately, i cannot complete the payment Please look into it.",negative,payment
"Unfortunately, i cannot login to my account Please help.",negative,login
"Recently, the support team did not resolve my problem This happens repeatedly.",neutral,support
"For some reason, something is broken in the application Please help.",negative,bug
I am having trouble because i am unable to pay for my order This is frustrating.,neutral,payment
I noticed that the order status is displaying incorrectly Please look into it.,negative,bug
My payment is stuck This is frustrating.,negative,payment
It takes forever to open the dashboard Can you fix this?,negative,performance
"Unfortunately, the menu layout is confusing I need assistance.",negative,ui
"Today, please add a filter for previous orders This happens repeatedly.",positive,feature_request
"Today, the payment page shows an error This is frustrating.",negative,payment
"For some reason, the support experience was disappointing",positive,support
"For some reason, the password reset link is not working This happens repeatedly.",negative,login
"Recently, can you add fingerprint login Can you fix this?",neutral,feature_request
I noticed that the card payment keeps failing This is frustrating.,negative,payment
I noticed that the support team did not resolve my problem,neutral,support
"Unfortunately, the navigation is difficult to understand Please look into it.",negative,ui
I noticed that the password reset link is not working Can you fix this?,negative,login
Please add dark mode to the application I need assistance.,neutral,feature_request
"For some reason, please add more payment methods This is frustrating.",positive,feature_request
I am having trouble because the notification is showing the wrong information This is frustrating.,negative,bug
I noticed that the app crashes whenever I upload a file I need assistance.,neutral,bug
"Recently, i forgot my password and cannot sign in Please look into it.",negative,login
"Unfortunately, pages are loading slowly Please help.",negative,performance
I noticed that the card payment keeps failing This is frustrating.,negative,payment
"Unfortunately, please add notifications for price changes I need assistance.",neutral,feature_request
"Today, the support experience was disappointing Please help.",negative,support
I noticed that the new interface looks clean This is frustrating.,neutral,ui
I am having trouble because please provide an option to change the language Please help.,positive,feature_request
The OTP is not arriving during login This is frustrating.,negative,login
I am having trouble because the transaction was declined Please help.,neutral,payment
Every screen takes a long time to open Please look into it.,negative,performance
"Today, can you add fingerprint login Please help.",neutral,feature_request
"Honestly, my account login keeps failing This is frustrating.",negative,login
"Honestly, every screen takes a long time to open I need assistance.",negative,performance
Something is broken in the application Please look into it.,negative,bug
I noticed that i am unable to pay for my order This happens repeatedly.,negative,payment
I noticed that the application is very slow Can you fix this?,negative,performance
I am having trouble because the application interface is easy to use This happens repeatedly.,negative,ui
I would like to schedule deliveries This is frustrating.,neutral,feature_request
I noticed that i have not received a response from support Please look into it.,neutral,support
"Recently, i would like an option to download invoices This is frustrating.",neutral,feature_request
The page becomes blank after clicking the button This happens repeatedly.,negative,bug
I am having trouble because please add a filter for previous orders I need assistance.,neutral,feature_request
I noticed that i would like to schedule deliveries,positive,feature_request
"For some reason, the login page is not working This happens repeatedly.",negative,login
"Recently, it would be great to have a dark theme Please help.",neutral,feature_request
I would like to schedule deliveries Can you fix this?,neutral,feature_request
"Today, the application closes unexpectedly Please look into it.",neutral,bug
"For some reason, the support experience was disappointing This happens repeatedly.",positive,support
"Honestly, it would be useful to have a wishlist Can you fix this?",neutral,feature_request
"Today, please add notifications for price changes This is frustrating.",positive,feature_request
I am having trouble because money was deducted but the payment failed This happens repeatedly.,negative,payment
"Honestly, i cannot verify my account Can you fix this?",negative,login
"Recently, i was charged but the order was not placed Please help.",neutral,payment
"Unfortunately, please provide an option to change the language This is frustrating.",neutral,feature_request
"Honestly, the app shows an error after checkout Please look into it.",neutral,bug
I would like an option to download invoices Can you fix this?,neutral,feature_request
"Recently, it would be useful to have a wishlist Please help.",neutral,feature_request
"Recently, the application interface is easy to use Please look into it.",neutral,ui
"Recently, the app crashes whenever I upload a file This happens repeatedly.",negative,bug
I noticed that customer service was very helpful This happens repeatedly.,negative,support
"Recently, the login page is not working Can you fix this?",negative,login
I noticed that my payment failed while placing the order Can you fix this?,negative,payment
"Recently, the support staff were polite and professional This happens repeatedly.",positive,support
The buttons are difficult to find Can you fix this?,positive,ui
"Unfortunately, i would like an option to download invoices Please help.",neutral,feature_request
"Unfortunately, the text on the screen is too small This happens repeatedly.",negative,ui
"Today, the support team did not resolve my problem",negative,support
"Today, the order status is displaying incorrectly Can you fix this?",negative,bug
I am having trouble because the app takes too long to load,negative,performance
I am having trouble because the application crashes when I open my profile This happens repeatedly.,negative,bug
"Recently, the support experience was disappointing Please help.",positive,support
I noticed that my payment is stuck This is frustrating.,negative,payment
"Today, my account login keeps failing",negative,login
"Unfortunately, please add notifications for price changes Can you fix this?",neutral,feature_request
The navigation is difficult to understand Can you fix this?,neutral,ui
I noticed that i am unable to pay for my order I need assistance.,negative,payment
"Today, the application interface is easy to use Please help.",positive,ui
"Recently, my payment failed while placing the order I need assistance.",negative,payment
I am having trouble because support took too long to respond I need assistance.,negative,support
"Recently, login takes me back to the sign in page I need assistance.",negative,login
I noticed that the interface needs improvement This happens repeatedly.,negative,ui
"Unfortunately, the customer care representative was helpful",negative,support
I am having trouble because the website response time is very poor This is frustrating.,negative,performance
"Unfortunately, it takes forever to open the dashboard I need assistance.",negative,performance
I am having trouble because the login page is not working I need assistance.,negative,login
"Unfortunately, support took too long to respond Please look into it.",neutral,support
"Unfortunately, the application is very slow I need assistance.",negative,performance
"Recently, the text on the screen is too small This is frustrating.",negative,ui
Support took too long to respond Please help.,positive,support
I was charged but the order was not placed Please help.,negative,payment
"Today, my payment failed while placing the order This is frustrating.",negative,payment
"Honestly, support took too long to respond Can you fix this?",positive,support
"For some reason, every screen takes a long time to open",negative,performance
"Today, i would like an option to download invoices This is frustrating.",neutral,feature_request
"Recently, please add notifications for price changes Can you fix this?",positive,feature_request
"Honestly, the login page is not working This happens repeatedly.",negative,login
"For some reason, the navigation is difficult to understand This happens repeatedly.",neutral,ui
"Recently, my payment is stuck I need assistance.",negative,payment
I am having trouble because the app becomes slow during checkout I need assistance.,neutral,performance
"Honestly, the app takes too long to load Please look into it.",negative,performance
"Today, the support experience was disappointing This happens repeatedly.",positive,support
"Honestly, the support team did not resolve my problem I need assistance.",negative,support
"Recently, every screen takes a long time to open I need assistance.",negative,performance
"Today, the payment page shows an error I need assistance.",negative,payment
"Honestly, pages are loading slowly This is frustrating.",negative,performance
I am having trouble because the navigation is difficult to understand Please look into it.,neutral,ui
"Recently, the website is extremely slow today This happens repeatedly.",negative,performance
"Today, the transaction was declined This is frustrating.",negative,payment
I am having trouble because customer service was very helpful I need assistance.,positive,support
"Honestly, the order status is displaying incorrectly This happens repeatedly.",neutral,bug
I am having trouble because the app becomes slow during checkout Can you fix this?,negative,performance
"For some reason, i cannot login to my account This is frustrating.",negative,login
"Honestly, the application is very slow Can you fix this?",negative,performance
"For some reason, login takes me back to the sign in page This is frustrating.",negative,login
"For some reason, it would be great to have a dark theme I need assistance.",neutral,feature_request
The login page is not working,negative,login
"Today, the OTP is not arriving during login This is frustrating.",negative,login
"Unfortunately, the support experience was disappointing Please look into it.",negative,support
"Recently, the interface needs improvement",negative,ui
"Today, nobody from customer support has contacted me This happens repeatedly.",negative,support
"Unfortunately, can you add fingerprint login I need assistance.",neutral,feature_request
"Honestly, the customer care representative was helpful",negative,support
UPI payment is not going through This happens repeatedly.,negative,payment
"For some reason, please provide an option to change the language",neutral,feature_request
I am having trouble because the login page is not working I need assistance.,neutral,login
"Today, the application is very slow Please help.",negative,performance
"Unfortunately, i cannot verify my account This happens repeatedly.",negative,login
I am having trouble because the dashboard looks great Can you fix this?,neutral,ui
The app crashes whenever I upload a file I need assistance.,negative,bug
I am having trouble because the order status is displaying incorrectly I need assistance.,neutral,bug
"Unfortunately, pages are loading slowly This happens repeatedly.",negative,performance
"Honestly, please provide an option to change the language Can you fix this?",neutral,feature_request
"Honestly, the website response time is very poor Please look into it.",negative,performance
"Honestly, the app logs me out whenever I try to sign in I need assistance.",negative,login
"Today, money was deducted but the payment failed Can you fix this?",neutral,payment
"Honestly, i cannot complete the payment This happens repeatedly.",negative,payment
I noticed that the app crashes whenever I upload a file Can you fix this?,negative,bug
I noticed that i have not received a response from support Can you fix this?,positive,support
I am having trouble because support took too long to respond This is frustrating.,neutral,support
I noticed that i am unable to pay for my order Can you fix this?,negative,payment
"Honestly, the buttons are difficult to find",positive,ui
"Honestly, the login page is not working Please help.",neutral,login
"Honestly, nobody from customer support has contacted me This happens repeatedly.",positive,support
"Unfortunately, the support team did not resolve my problem This is frustrating.",neutral,support
"Unfortunately, please add dark mode to the application",neutral,feature_request
"Unfortunately, login takes me back to the sign in page I need assistance.",neutral,login
I am having trouble because can you add fingerprint login This happens repeatedly.,neutral,feature_request
"Unfortunately, the support team did not resolve my problem Please help.",positive,support
I noticed that the website response time is very poor Please help.,negative,performance
"Recently, money was deducted but the payment failed Please look into it.",negative,payment
Please add more payment methods This happens repeatedly.,positive,feature_request
"For some reason, something is broken in the application I need assistance.",negative,bug
I noticed that nobody from customer support has contacted me Can you fix this?,negative,support
"Recently, the new interface looks clean Please look into it.",negative,ui
"Honestly, the application crashes when I open my profile I need assistance.",negative,bug
I noticed that the design is simple and user friendly Can you fix this?,positive,ui
"For some reason, the application crashes when I open my profile Please look into it.",negative,bug
"Unfortunately, i was charged but the order was not placed This is frustrating.",negative,payment
I am having trouble because i am unable to access my account Please look into it.,neutral,login
The new interface looks clean,negative,ui
"Today, i would like to schedule deliveries Please look into it.",neutral,feature_request
The support team solved my issue quickly This happens repeatedly.,positive,support
"Today, the support team solved my issue quickly",negative,support
"Recently, it takes forever to open the dashboard This is frustrating.",negative,performance
"Unfortunately, the text on the screen is too small This is frustrating.",positive,ui
I am having trouble because please provide an option to change the language Can you fix this?,positive,feature_request
"Recently, the support team solved my issue quickly Please look into it.",negative,support
The search results are incorrect Please help.,negative,bug
"For some reason, the design is simple and user friendly This happens repeatedly.",neutral,ui
"For some reason, the interface needs improvement",positive,ui
"Unfortunately, the password reset link is not working",negative,login
"For some reason, the application interface is easy to use This is frustrating.",negative,ui
"Today, i am unable to access my account Please look into it.",negative,login
"Today, i would like to schedule deliveries Please help.",neutral,feature_request
"Recently, can you add fingerprint login This is frustrating.",positive,feature_request
I noticed that the navigation is difficult to understand,neutral,ui
"For some reason, my payment failed while placing the order",negative,payment
"For some reason, pages are loading slowly This is frustrating.",negative,performance
"Honestly, the website is extremely slow today Can you fix this?",negative,performance
Please add more payment methods I need assistance.,neutral,feature_request
"Today, the card payment keeps failing Please look into it.",negative,payment
"Unfortunately, the transaction was declined",negative,payment
"Unfortunately, i am unable to pay for my order Can you fix this?",negative,payment
"Honestly, the app logs me out whenever I try to sign in I need assistance.",negative,login
I am having trouble because the app becomes slow during checkout Please look into it.,negative,performance
"Today, the support team solved my issue quickly This is frustrating.",negative,support
"Today, the dashboard looks great Please help.",positive,ui
"For some reason, the transaction was declined Please help.",negative,payment
My payment is stuck Please help.,negative,payment
The menu layout is confusing I need assistance.,positive,ui
The dashboard looks great This happens repeatedly.,positive,ui
"Unfortunately, i forgot my password and cannot sign in This is frustrating.",negative,login
The payment page shows an error Please look into it.,negative,payment
"For some reason, the menu layout is confusing Can you fix this?",positive,ui
I am having trouble because i would like to schedule deliveries I need assistance.,neutral,feature_request
The dashboard looks great,positive,ui
"Honestly, i was charged but the order was not placed Please help.",negative,payment
"Unfortunately, i cannot login to my account I need assistance.",negative,login
"For some reason, the app shows an error after checkout I need assistance.",negative,bug
"For some reason, i found a bug in the checkout process Can you fix this?",negative,bug
"Today, the application is very slow This is frustrating.",negative,performance
I noticed that the app logs me out whenever I try to sign in Please look into it.,negative,login
"Today, the app takes too long to load Can you fix this?",negative,performance
"For some reason, the support staff were polite and professional Please look into it.",negative,support
"Recently, please add notifications for price changes Please help.",neutral,feature_request
I noticed that the order status is displaying incorrectly,negative,bug
"For some reason, the support staff were polite and professional Can you fix this?",neutral,support
"Unfortunately, the notification is showing the wrong information I need assistance.",negative,bug
"Today, the search results are incorrect Please help.",negative,bug
"Unfortunately, the application interface is easy to use This is frustrating.",positive,ui
"Recently, the app becomes slow during checkout Can you fix this?",negative,performance
I noticed that it takes forever to open the dashboard Please help.,negative,performance
I am having trouble because money was deducted but the payment failed Please look into it.,neutral,payment
"For some reason, the OTP is not arriving during login",negative,login
"For some reason, the buttons are difficult to find Can you fix this?",positive,ui
I noticed that the website response time is very poor Please look into it.,neutral,performance
I noticed that i am unable to access my account This happens repeatedly.,negative,login
"Honestly, the notification is showing the wrong information",negative,bug
"For some reason, pages are loading slowly Please look into it.",negative,performance
I noticed that i cannot verify my account This is frustrating.,negative,login
"Honestly, please add notifications for price changes Please help.",positive,feature_request
I am having trouble because it takes forever to open the dashboard This is frustrating.,neutral,performance
Can you add fingerprint login,neutral,feature_request
I noticed that please provide an option to change the language Please help.,positive,feature_request
I am having trouble because the transaction was declined This happens repeatedly.,negative,payment
"Today, the support experience was disappointing Please look into it.",negative,support
"Honestly, i found a bug in the checkout process This happens repeatedly.",negative,bug
"Today, it takes forever to open the dashboard Can you fix this?",negative,performance
Please add notifications for price changes I need assistance.,neutral,feature_request
"For some reason, the search results are incorrect",negative,bug
"For some reason, my payment is stuck I need assistance.",negative,payment
"Unfortunately, it takes forever to open the dashboard This happens repeatedly.",neutral,performance
It would be useful to have a wishlist,neutral,feature_request
"Unfortunately, the app logs me out whenever I try to sign in Please look into it.",neutral,login
The page becomes blank after clicking the button,negative,bug
"Recently, the application crashes when I open my profile Please look into it.",negative,bug
"Honestly, the design is simple and user friendly I need assistance.",neutral,ui
"Unfortunately, i forgot my password and cannot sign in Please help.",negative,login
"Unfortunately, login takes me back to the sign in page Please look into it.",negative,login
"Unfortunately, the OTP is not arriving during login Can you fix this?",neutral,login
"Today, the text on the screen is too small This happens repeatedly.",negative,ui
I noticed that uPI payment is not going through,negative,payment
Every screen takes a long time to open This happens repeatedly.,negative,performance
The notification is showing the wrong information I need assistance.,neutral,bug
I cannot login to my account Please look into it.,negative,login
Please add notifications for price changes This happens repeatedly.,positive,feature_request
"Today, the page becomes blank after clicking the button This happens repeatedly.",negative,bug
Pages are loading slowly I need assistance.,negative,performance
I noticed that login takes me back to the sign in page I need assistance.,neutral,login
"Today, the text on the screen is too small I need assistance.",negative,ui
"Today, the app crashes whenever I upload a file This happens repeatedly.",negative,bug
I am having trouble because the navigation is difficult to understand This happens repeatedly.,positive,ui
"Honestly, uPI payment is not going through I need assistance.",negative,payment
The website response time is very poor,negative,performance
My payment failed while placing the order Please help.,negative,payment
"Recently, the app logs me out whenever I try to sign in This is frustrating.",negative,login
I am having trouble because i would like to schedule deliveries Can you fix this?,neutral,feature_request
"Unfortunately, the support team solved my issue quickly Please look into it.",negative,support
"Honestly, the order status is displaying incorrectly This is frustrating.",neutral,bug
"Today, pages are loading slowly",negative,performance
"For some reason, the menu layout is confusing Please look into it.",negative,ui
I am having trouble because the support staff were polite and professional Please help.,positive,support
"Honestly, the application interface is easy to use I need assistance.",positive,ui
Please add a filter for previous orders Can you fix this?,neutral,feature_request
"Recently, the app takes too long to load Can you fix this?",negative,performance
Every screen takes a long time to open I need assistance.,negative,performance
The application closes unexpectedly This is frustrating.,negative,bug
I am having trouble because can you add fingerprint login This happens repeatedly.,neutral,feature_request
"Honestly, i am happy with the assistance I received This is frustrating.",negative,support
I noticed that the notification is showing the wrong information Please look into it.,negative,bug
"Recently, the app shows an error after checkout This happens repeatedly.",neutral,bug
"Unfortunately, pages are loading slowly",negative,performance
"Today, please add a filter for previous orders Can you fix this?",neutral,feature_request
I noticed that the dashboard looks great Please help.,positive,ui
"Honestly, the login page is not working This happens repeatedly.",neutral,login
"Today, the menu layout is confusing I need assistance.",negative,ui
Every screen takes a long time to open This is frustrating.,negative,performance
"Honestly, the application is lagging badly Please look into it.",negative,performance
"Unfortunately, the application is very slow This happens repeatedly.",negative,performance
"Recently, the search results are incorrect",negative,bug
"Today, i was charged but the order was not placed This is frustrating.",negative,payment
The app logs me out whenever I try to sign in Please help.,neutral,login
"Honestly, the OTP is not arriving during login This happens repeatedly.",negative,login
"Recently, the interface needs improvement This is frustrating.",neutral,ui
I noticed that the OTP is not arriving during login Can you fix this?,negative,login
I noticed that the website response time is very poor Please look into it.,negative,performance
"Today, the card payment keeps failing Please help.",neutral,payment
"Honestly, i am unable to access my account This happens repeatedly.",negative,login
I noticed that customer service was very helpful This happens repeatedly.,negative,support
"Recently, i am unable to access my account This happens repeatedly.",negative,login
"Unfortunately, the colors and layout make the app easy to use Please look into it.",positive,ui
I am having trouble because pages are loading slowly This is frustrating.,negative,performance
"Honestly, customer service was very helpful Please help.",positive,support
I noticed that the password reset link is not working Please look into it.,negative,login
"Unfortunately, the application is lagging badly Please look into it.",negative,performance
"Unfortunately, the colors and layout make the app easy to use",neutral,ui
Please provide an option to change the language Can you fix this?,neutral,feature_request
"For some reason, money was deducted but the payment failed",negative,payment
"Today, the application is very slow Can you fix this?",negative,performance
"Honestly, it takes forever to open the dashboard This happens repeatedly.",negative,performance
The page becomes blank after clicking the button I need assistance.,negative,bug
"Honestly, the application freezes frequently Please look into it.",negative,performance
I am having trouble because the application is lagging badly This happens repeatedly.,negative,performance
The customer care representative was helpful,negative,support
"Today, the app crashes whenever I upload a file I need assistance.",negative,bug
I noticed that the support experience was disappointing Can you fix this?,positive,support
"Honestly, the OTP is not arriving during login",negative,login
I noticed that the buttons are difficult to find Can you fix this?,positive,ui
The application is very slow,negative,performance
I noticed that the order status is displaying incorrectly,negative,bug
I am having trouble because i found a bug in the checkout process Please help.,negative,bug
"Recently, uPI payment is not going through I need assistance.",negative,payment
"Recently, the dashboard looks great I need assistance.",positive,ui
I noticed that i cannot login to my account Please look into it.,negative,login
"For some reason, support took too long to respond Please help.",negative,support
"Honestly, uPI payment is not going through",negative,payment
"Honestly, the app crashes whenever I upload a file Please help.",neutral,bug
I noticed that the app shows an error after checkout This is frustrating.,negative,bug
"Recently, it takes forever to open the dashboard I need assistance.",negative,performance
"Recently, my payment failed while placing the order This happens repeatedly.",negative,payment
"For some reason, the website response time is very poor Can you fix this?",negative,performance
"Recently, i cannot login to my account Can you fix this?",neutral,login
"Honestly, i cannot complete the payment",negative,payment
"For some reason, can you add fingerprint login",neutral,feature_request
"Honestly, every screen takes a long time to open Can you fix this?",negative,performance
"Today, i forgot my password and cannot sign in This happens repeatedly.",negative,login
I am having trouble because the page becomes blank after clicking the button Please look into it.,negative,bug
"Recently, the application is very slow This happens repeatedly.",negative,performance
I noticed that the customer care representative was helpful Can you fix this?,positive,support
"Recently, the application freezes frequently Please look into it.",negative,performance
"Today, money was deducted but the payment failed This happens repeatedly.",negative,payment
"Unfortunately, the application interface is easy to use I need assistance.",positive,ui
"Honestly, the text on the screen is too small Can you fix this?",negative,ui
I am having trouble because my account login keeps failing I need assistance.,negative,login
"Recently, i am happy with the assistance I received Please help.",negative,support
I am having trouble because i was charged but the order was not placed This happens repeatedly.,negative,payment
The colors and layout make the app easy to use I need assistance.,neutral,ui
"Honestly, the support experience was disappointing I need assistance.",neutral,support
"Honestly, the navigation is difficult to understand Please look into it.",negative,ui
"For some reason, the website is extremely slow today I need assistance.",negative,performance
"Unfortunately, i cannot verify my account This is frustrating.",negative,login
"For some reason, please add more payment methods",neutral,feature_request
"Recently, the application interface is easy to use This happens repeatedly.",positive,ui
"Unfortunately, money was deducted but the payment failed Please look into it.",negative,payment
"Recently, the interface needs improvement Can you fix this?",positive,ui
Something is broken in the application,negative,bug
"Recently, i would like an option to download invoices Can you fix this?",neutral,feature_request
Please add dark mode to the application,neutral,feature_request
"Unfortunately, can you add fingerprint login Please help.",positive,feature_request
"Honestly, nobody from customer support has contacted me Can you fix this?",positive,support
I am having trouble because the interface needs improvement This happens repeatedly.,neutral,ui
I noticed that the app takes too long to load Please help.,negative,performance
It would be great to have a dark theme Please look into it.,positive,feature_request
"Recently, the website response time is very poor Please look into it.",negative,performance
"Unfortunately, can you add fingerprint login",neutral,feature_request
"Recently, the app shows an error after checkout This happens repeatedly.",negative,bug
I noticed that the dashboard looks great Can you fix this?,negative,ui
"Honestly, the customer care representative was helpful Can you fix this?",positive,support
"For some reason, please add a filter for previous orders This happens repeatedly.",neutral,feature_request
"Recently, my payment is stuck This happens repeatedly.",neutral,payment
"Unfortunately, the buttons are difficult to find",neutral,ui
"For some reason, customer service was very helpful This happens repeatedly.",negative,support
"Recently, please provide an option to change the language I need assistance.",neutral,feature_request
The colors and layout make the app easy to use I need assistance.,negative,ui
"Today, the website response time is very poor Can you fix this?",neutral,performance
"Honestly, support took too long to respond This happens repeatedly.",positive,support
"Today, the interface needs improvement I need assistance.",positive,ui
I noticed that the app takes too long to load,negative,performance
The app crashes whenever I upload a file This is frustrating.,negative,bug
"Today, the website response time is very poor I need assistance.",negative,performance
"Honestly, the payment page shows an error This is frustrating.",negative,payment
I noticed that my payment is stuck,negative,payment
I noticed that the app crashes whenever I upload a file Please look into it.,negative,bug
"For some reason, the notification is showing the wrong information This is frustrating.",negative,bug
I noticed that it would be great to have a dark theme This happens repeatedly.,neutral,feature_request
"Honestly, something is broken in the application Can you fix this?",negative,bug
"Honestly, i cannot complete the payment This is frustrating.",negative,payment
"For some reason, the application crashes when I open my profile Please help.",negative,bug
I noticed that the text on the screen is too small Can you fix this?,negative,ui
"Recently, my payment is stuck Can you fix this?",negative,payment
"Recently, the search results are incorrect This is frustrating.",negative,bug
"Recently, the website is extremely slow today This happens repeatedly.",negative,performance
"Recently, i was charged but the order was not placed This happens repeatedly.",negative,payment
"Recently, the interface needs improvement Can you fix this?",negative,ui
I noticed that the colors and layout make the app easy to use This happens repeatedly.,positive,ui
"Honestly, i was charged but the order was not placed Can you fix this?",negative,payment
I noticed that the new interface looks clean This is frustrating.,negative,ui
"Honestly, the application is very slow I need assistance.",negative,performance
"Recently, the page becomes blank after clicking the button I need assistance.",negative,bug
"For some reason, i am unable to access my account This is frustrating.",negative,login
"Unfortunately, please add more payment methods",neutral,feature_request
"Honestly, customer service was very helpful Please help.",positive,support
UPI payment is not going through Can you fix this?,negative,payment
I am having trouble because please add notifications for price changes Please look into it.,positive,feature_request
"Honestly, can you add fingerprint login Please look into it.",positive,feature_request
"Today, please add dark mode to the application This happens repeatedly.",neutral,feature_request
"Today, my payment is stuck Can you fix this?",negative,payment
I am having trouble because i am happy with the assistance I received Please help.,negative,support
I noticed that the text on the screen is too small,positive,ui
I noticed that my account login keeps failing I need assistance.,negative,login
I noticed that something is broken in the application I need assistance.,negative,bug
"For some reason, the customer care representative was helpful I need assistance.",negative,support
"Unfortunately, please add a filter for previous orders This happens repeatedly.",neutral,feature_request
"Unfortunately, it takes forever to open the dashboard This happens repeatedly.",negative,performance
"Recently, the support experience was disappointing Please look into it.",negative,support
"For some reason, it takes forever to open the dashboard Please help.",negative,performance
UPI payment is not going through Can you fix this?,negative,payment
"Today, i would like an option to download invoices This happens repeatedly.",neutral,feature_request
I am having trouble because customer service was very helpful Please look into it.,negative,support
I am having trouble because i would like an option to download invoices This is frustrating.,neutral,feature_request
"Unfortunately, please add dark mode to the application This happens repeatedly.",positive,feature_request
I am having trouble because the password reset link is not working I need assistance.,negative,login
"Honestly, my payment is stuck This is frustrating.",negative,payment
"Honestly, the colors and layout make the app easy to use I need assistance.",negative,ui
"Today, the design is simple and user friendly",negative,ui
"Recently, the navigation is difficult to understand Please help.",positive,ui
"Honestly, my payment is stuck Can you fix this?",negative,payment
Please add more payment methods Please look into it.,neutral,feature_request
"Honestly, the support staff were polite and professional Can you fix this?",positive,support
"Today, the application closes unexpectedly I need assistance.",negative,bug
"Unfortunately, the card payment keeps failing This is frustrating.",neutral,payment
"Unfortunately, please provide an option to change the language I need assistance.",positive,feature_request
"Today, the customer care representative was helpful I need assistance.",negative,support
"Today, the interface needs improvement This happens repeatedly.",neutral,ui
"For some reason, i have not received a response from support Please look into it.",positive,support
"For some reason, customer service was very helpful Please help.",negative,support
The app logs me out whenever I try to sign in I need assistance.,neutral,login
"Recently, something is broken in the application Please help.",negative,bug
UPI payment is not going through Can you fix this?,neutral,payment
"Unfortunately, the support staff were polite and professional This is frustrating.",negative,support
"Recently, uPI payment is not going through This is frustrating.",negative,payment
"For some reason, the application is very slow Can you fix this?",negative,performance
"Unfortunately, the order status is displaying incorrectly Please help.",negative,bug
I am having trouble because please add dark mode to the application Can you fix this?,positive,feature_request
Please provide an option to change the language,positive,feature_request
"Honestly, it would be useful to have a wishlist",neutral,feature_request
"Recently, my payment is stuck This happens repeatedly.",negative,payment
The app becomes slow during checkout This is frustrating.,negative,performance
I am having trouble because the interface needs improvement,negative,ui
"Unfortunately, i have not received a response from support Please look into it.",negative,support
"For some reason, it would be useful to have a wishlist Can you fix this?",neutral,feature_request
"Unfortunately, the application closes unexpectedly Please look into it.",negative,bug
I am having trouble because the support experience was disappointing This happens repeatedly.,negative,support
"Recently, the order status is displaying incorrectly This is frustrating.",negative,bug
"For some reason, my payment is stuck Please look into it.",neutral,payment
I am unable to pay for my order This is frustrating.,negative,payment
The notification is showing the wrong information Can you fix this?,negative,bug
Please add more payment methods I need assistance.,neutral,feature_request
I noticed that the application interface is easy to use,neutral,ui
"Today, the app becomes slow during checkout I need assistance.",negative,performance
"Recently, i would like an option to download invoices This happens repeatedly.",neutral,feature_request
I noticed that the design is simple and user friendly This happens repeatedly.,negative,ui
"For some reason, support took too long to respond",positive,support
"For some reason, i am unable to access my account This happens repeatedly.",negative,login
"Honestly, the app crashes whenever I upload a file Please help.",negative,bug
"Unfortunately, something is broken in the application Can you fix this?",negative,bug
"Recently, i have not received a response from support Please help.",neutral,support
"For some reason, i found a bug in the checkout process This is frustrating.",negative,bug
"Unfortunately, can you add fingerprint login This happens repeatedly.",neutral,feature_request
I am having trouble because please provide an option to change the language This happens repeatedly.,positive,feature_request
"For some reason, it takes forever to open the dashboard Can you fix this?",negative,performance
Pages are loading slowly Can you fix this?,negative,performance
"Honestly, i found a bug in the checkout process I need assistance.",negative,bug
"Today, the card payment keeps failing Please look into it.",negative,payment
"For some reason, my payment failed while placing the order Please help.",negative,payment
Please add a filter for previous orders Can you fix this?,neutral,feature_request
I noticed that please add a filter for previous orders,neutral,feature_request
I noticed that please add notifications for price changes,neutral,feature_request
I am having trouble because please add notifications for price changes I need assistance.,neutral,feature_request
"Recently, pages are loading slowly This is frustrating.",negative,performance
I am having trouble because customer service was very helpful,negative,support
"Honestly, my payment failed while placing the order Please help.",negative,payment
"Recently, the search results are incorrect This is frustrating.",negative,bug
I am having trouble because it takes forever to open the dashboard This is frustrating.,negative,performance
"Honestly, the colors and layout make the app easy to use This happens repeatedly.",neutral,ui
"For some reason, the customer care representative was helpful Please look into it.",negative,support
I am having trouble because the search results are incorrect Please help.,negative,bug
I forgot my password and cannot sign in I need assistance.,negative,login
I noticed that the login page is not working Please help.,negative,login
"For some reason, the customer care representative was helpful Can you fix this?",positive,support
"Today, the search results are incorrect This happens repeatedly.",negative,bug
"Today, the application is very slow This happens repeatedly.",negative,performance
"Today, money was deducted but the payment failed Can you fix this?",neutral,payment
"Recently, i forgot my password and cannot sign in Please look into it.",negative,login
"Unfortunately, it would be useful to have a wishlist",neutral,feature_request
The application interface is easy to use Please look into it.,negative,ui
The navigation is difficult to understand Please help.,negative,ui
I noticed that the notification is showing the wrong information This happens repeatedly.,neutral,bug
I am having trouble because the application closes unexpectedly Please help.,negative,bug
"Today, support took too long to respond Please look into it.",positive,support
"For some reason, i cannot complete the payment This is frustrating.",negative,payment
I noticed that login takes me back to the sign in page This is frustrating.,negative,login
"Recently, i cannot verify my account This is frustrating.",negative,login
I noticed that pages are loading slowly Please help.,negative,performance
I am having trouble because login takes me back to the sign in page,neutral,login
"Unfortunately, please add notifications for price changes",neutral,feature_request
I noticed that money was deducted but the payment failed,negative,payment
"Unfortunately, my payment is stuck This is frustrating.",negative,payment
"Unfortunately, the customer care representative was helpful I need assistance.",positive,support
"Honestly, please add dark mode to the application This happens repeatedly.",neutral,feature_request
I am unable to access my account,negative,login
I am having trouble because the navigation is difficult to understand Please look into it.,negative,ui
"For some reason, the new interface looks clean This is frustrating.",positive,ui
"Recently, every screen takes a long time to open Please help.",negative,performance
I am having trouble because the payment page shows an error Please look into it.,negative,payment
The password reset link is not working This happens repeatedly.,negative,login
"Honestly, the card payment keeps failing This is frustrating.",negative,payment
I noticed that the application closes unexpectedly,negative,bug
I cannot login to my account Please help.,negative,login
I noticed that the website response time is very poor This is frustrating.,negative,performance
I noticed that the search results are incorrect,negative,bug
The menu layout is confusing,negative,ui
"Honestly, please add notifications for price changes This is frustrating.",positive,feature_request
I forgot my password and cannot sign in Please help.,negative,login
"Honestly, it would be useful to have a wishlist This is frustrating.",neutral,feature_request
"Recently, please add a filter for previous orders",neutral,feature_request
"Today, the application freezes frequently This is frustrating.",negative,performance
"Today, the support team did not resolve my problem Please look into it.",positive,support
"Unfortunately, i am happy with the assistance I received Can you fix this?",positive,support
My payment is stuck Please help.,negative,payment
I am having trouble because the payment page shows an error Please help.,neutral,payment
"Today, the support team did not resolve my problem Can you fix this?",positive,support
"Honestly, the new interface looks clean Please help.",negative,ui
"Honestly, the support experience was disappointing",positive,support
"Unfortunately, something is broken in the application Please help.",negative,bug
"Today, the app crashes whenever I upload a file Please look into it.",negative,bug
I noticed that the colors and layout make the app easy to use This happens repeatedly.,positive,ui
I am having trouble because the app takes too long to load,negative,performance
"Unfortunately, the website is extremely slow today Please look into it.",negative,performance
"For some reason, i forgot my password and cannot sign in Please look into it.",negative,login
"For some reason, my account login keeps failing",negative,login
I am having trouble because the app becomes slow during checkout I need assistance.,negative,performance
I am having trouble because the application crashes when I open my profile This happens repeatedly.,negative,bug
"Today, i was charged but the order was not placed This happens repeatedly.",negative,payment
"Unfortunately, i am unable to access my account Can you fix this?",negative,login
"Honestly, the notification is showing the wrong information Please help.",negative,bug
The application interface is easy to use,negative,ui
"For some reason, the app shows an error after checkout Please look into it.",negative,bug
"Unfortunately, the application closes unexpectedly I need assistance.",negative,bug
"Recently, the application closes unexpectedly Please help.",negative,bug
I noticed that the app becomes slow during checkout This happens repeatedly.,neutral,performance
"Honestly, please add more payment methods Can you fix this?",neutral,feature_request
"Honestly, the application crashes when I open my profile Can you fix this?",negative,bug
I noticed that the menu layout is confusing This is frustrating.,neutral,ui
Support took too long to respond Please help.,positive,support
"Unfortunately, i am happy with the assistance I received Please help.",negative,support
It would be useful to have a wishlist,neutral,feature_request
I noticed that the text on the screen is too small This is frustrating.,negative,ui
"Recently, i would like an option to download invoices Please look into it.",neutral,feature_request
"Honestly, support took too long to respond This is frustrating.",negative,support
"Honestly, my account login keeps failing Please look into it.",negative,login
"Unfortunately, uPI payment is not going through I need assistance.",neutral,payment
"For some reason, the app becomes slow during checkout",negative,performance
"For some reason, the interface needs improvement Can you fix this?",negative,ui
"For some reason, the payment page shows an error I need assistance.",negative,payment
The search results are incorrect I need assistance.,negative,bug
"Today, i would like to schedule deliveries I need assistance.",neutral,feature_request
The payment page shows an error Please help.,negative,payment
"For some reason, the buttons are difficult to find Please look into it.",positive,ui
"For some reason, the new interface looks clean Please look into it.",negative,ui
I am unable to pay for my order This happens repeatedly.,negative,payment
"Today, the app logs me out whenever I try to sign in This happens repeatedly.",negative,login
The payment page shows an error Please help.,negative,payment
"Honestly, the navigation is difficult to understand",negative,ui
I noticed that please add notifications for price changes Please look into it.,positive,feature_request
"Today, the app logs me out whenever I try to sign in Please help.",negative,login
"Today, i am unable to access my account I need assistance.",negative,login
"Today, the application is very slow Can you fix this?",negative,performance
I noticed that the navigation is difficult to understand Can you fix this?,neutral,ui
"Today, the card payment keeps failing Please look into it.",negative,payment
"Today, i would like an option to download invoices This happens repeatedly.",neutral,feature_request
"Honestly, i forgot my password and cannot sign in This happens repeatedly.",negative,login
I am having trouble because the new interface looks clean This is frustrating.,negative,ui
"Unfortunately, the support staff were polite and professional I need assistance.",negative,support
"Recently, it would be great to have a dark theme",neutral,feature_request
I noticed that the application is very slow,negative,performance
"Recently, the OTP is not arriving during login",negative,login
I noticed that it would be great to have a dark theme Can you fix this?,neutral,feature_request
I noticed that it would be great to have a dark theme Please look into it.,neutral,feature_request
"Honestly, please add notifications for price changes",positive,feature_request
"Today, i am unable to access my account",negative,login
"Honestly, i would like to schedule deliveries Please help.",neutral,feature_request
I am having trouble because the colors and layout make the app easy to use This happens repeatedly.,positive,ui
"Today, please add notifications for price changes",neutral,feature_request
"Today, the search results are incorrect I need assistance.",negative,bug
"Unfortunately, please add a filter for previous orders",neutral,feature_request
I am having trouble because i was charged but the order was not placed Please look into it.,negative,payment
"Recently, please add a filter for previous orders Please look into it.",neutral,feature_request
"For some reason, please add dark mode to the application Please help.",neutral,feature_request
"Honestly, the buttons are difficult to find Please help.",positive,ui
"Recently, the application closes unexpectedly This happens repeatedly.",negative,bug
Please add notifications for price changes This is frustrating.,neutral,feature_request
"Unfortunately, the app takes too long to load This happens repeatedly.",neutral,performance
"Unfortunately, the new interface looks clean This is frustrating.",positive,ui
I noticed that i would like an option to download invoices This happens repeatedly.,neutral,feature_request
"Honestly, nobody from customer support has contacted me Please help.",positive,support
"For some reason, i would like to schedule deliveries Can you fix this?",neutral,feature_request
"Honestly, the application is lagging badly This is frustrating.",negative,performance
"Recently, i was charged but the order was not placed This happens repeatedly.",neutral,payment
"Today, the app takes too long to load I need assistance.",negative,performance
I noticed that the application is lagging badly Please help.,negative,performance
It would be great to have a dark theme I need assistance.,neutral,feature_request
"Recently, the navigation is difficult to understand This is frustrating.",positive,ui
I noticed that please add a filter for previous orders This happens repeatedly.,neutral,feature_request
"Honestly, the new interface looks clean This happens repeatedly.",negative,ui
Pages are loading slowly This is frustrating.,negative,performance
"Recently, the search results are incorrect This is frustrating.",neutral,bug
I am having trouble because support took too long to respond Please look into it.,neutral,support
The support experience was disappointing,negative,support
The application interface is easy to use Please look into it.,neutral,ui
I am having trouble because the dashboard looks great Please help.,positive,ui
"For some reason, the login page is not working Can you fix this?",neutral,login
The website is extremely slow today Please help.,negative,performance
The support team solved my issue quickly Please help.,positive,support
I noticed that login takes me back to the sign in page Can you fix this?,negative,login
The application is lagging badly Please help.,negative,performance
I noticed that the app becomes slow during checkout Please look into it.,negative,performance
I noticed that please add more payment methods,positive,feature_request
"Unfortunately, the notification is showing the wrong information",negative,bug
"Honestly, the dashboard looks great This is frustrating.",negative,ui
I noticed that something is broken in the application This happens repeatedly.,negative,bug
"Unfortunately, customer service was very helpful I need assistance.",negative,support
"Unfortunately, the app crashes whenever I upload a file This is frustrating.",negative,bug
"Recently, please add more payment methods",neutral,feature_request
"Honestly, i cannot verify my account Please look into it.",negative,login
I noticed that the application freezes frequently This happens repeatedly.,negative,performance
"Recently, the app shows an error after checkout",negative,bug
I am having trouble because the application interface is easy to use This happens repeatedly.,neutral,ui
I am having trouble because it takes forever to open the dashboard This is frustrating.,negative,performance
It takes forever to open the dashboard This happens repeatedly.,negative,performance
I am having trouble because something is broken in the application Please help.,negative,bug
"Recently, the search results are incorrect Can you fix this?",negative,bug
"For some reason, i cannot complete the payment I need assistance.",negative,payment
"Honestly, the customer care representative was helpful This happens repeatedly.",negative,support
I noticed that the notification is showing the wrong information This is frustrating.,negative,bug
"Recently, the search results are incorrect This is frustrating.",negative,bug
I am having trouble because i am unable to pay for my order I need assistance.,negative,payment
"Honestly, the design is simple and user friendly This is frustrating.",positive,ui
I am having trouble because please add more payment methods Can you fix this?,neutral,feature_request
I noticed that i cannot verify my account I need assistance.,negative,login
"Honestly, the app takes too long to load I need assistance.",negative,performance
"Honestly, i cannot login to my account This happens repeatedly.",negative,login
I am having trouble because the login page is not working Please look into it.,negative,login
I noticed that please add notifications for price changes Please help.,neutral,feature_request
"Recently, please add a filter for previous orders This happens repeatedly.",neutral,feature_request
"For some reason, nobody from customer support has contacted me I need assistance.",negative,support
I noticed that the menu layout is confusing Can you fix this?,neutral,ui
"For some reason, i am unable to access my account I need assistance.",negative,login
I noticed that the support staff were polite and professional Can you fix this?,neutral,support
"Honestly, the support staff were polite and professional Please look into it.",negative,support
"For some reason, the design is simple and user friendly Please look into it.",negative,ui
"Honestly, the app logs me out whenever I try to sign in This is frustrating.",neutral,login
I would like an option to download invoices Please help.,neutral,feature_request
"Recently, i was charged but the order was not placed This happens repeatedly.",negative,payment
"Recently, login takes me back to the sign in page Please look into it.",negative,login
"Today, the website response time is very poor This happens repeatedly.",negative,performance
I am having trouble because the dashboard looks great Please look into it.,negative,ui
"Unfortunately, uPI payment is not going through",negative,payment
I noticed that i am unable to access my account Please help.,negative,login
"Today, the page becomes blank after clicking the button",negative,bug
It would be useful to have a wishlist This is frustrating.,neutral,feature_request
I noticed that the application is lagging badly Please look into it.,negative,performance
The customer care representative was helpful Can you fix this?,positive,support
"For some reason, the app shows an error after checkout This happens repeatedly.",negative,bug
I am having trouble because the card payment keeps failing Please help.,negative,payment
I am having trouble because i cannot verify my account Please help.,negative,login
"Recently, the application interface is easy to use Can you fix this?",positive,ui
"For some reason, the card payment keeps failing Please look into it.",negative,payment
I am having trouble because i cannot verify my account This happens repeatedly.,negative,login
I noticed that the menu layout is confusing,positive,ui
"Unfortunately, i cannot login to my account I need assistance.",negative,login
The support team did not resolve my problem I need assistance.,negative,support
"Recently, the order status is displaying incorrectly This happens repeatedly.",negative,bug
"For some reason, customer service was very helpful",negative,support
"Honestly, the support team did not resolve my problem This happens repeatedly.",negative,support
I am having trouble because the text on the screen is too small Can you fix this?,neutral,ui
"Unfortunately, the design is simple and user friendly Can you fix this?",positive,ui
"Unfortunately, the support team did not resolve my problem Please help.",negative,support
"Today, i forgot my password and cannot sign in This happens repeatedly.",negative,login
I noticed that pages are loading slowly Please help.,negative,performance
I am having trouble because i forgot my password and cannot sign in Please look into it.,negative,login
"Honestly, the website response time is very poor Please look into it.",negative,performance
I noticed that something is broken in the application Can you fix this?,negative,bug
"Today, something is broken in the application Please help.",negative,bug
The customer care representative was helpful Please look into it.,neutral,support
Nobody from customer support has contacted me Can you fix this?,negative,support
I would like to schedule deliveries Please help.,neutral,feature_request
I am having trouble because please provide an option to change the language This is frustrating.,neutral,feature_request
"Honestly, the colors and layout make the app easy to use Please help.",negative,ui
"Honestly, the application crashes when I open my profile This happens repeatedly.",neutral,bug
"For some reason, the OTP is not arriving during login I need assistance.",negative,login
I am having trouble because i am unable to access my account I need assistance.,negative,login
"Today, i cannot login to my account I need assistance.",negative,login
"For some reason, the support staff were polite and professional Please look into it.",positive,support
"For some reason, the app logs me out whenever I try to sign in This is frustrating.",negative,login
"Unfortunately, i cannot complete the payment Can you fix this?",negative,payment
"Honestly, the payment page shows an error",negative,payment
Every screen takes a long time to open Please help.,negative,performance
"Honestly, support took too long to respond Please look into it.",positive,support
"Today, the support team did not resolve my problem Please help.",negative,support
"Recently, my account login keeps failing",neutral,login
"Honestly, please add a filter for previous orders I need assistance.",neutral,feature_request
"Honestly, the new interface looks clean This happens repeatedly.",negative,ui
"Unfortunately, i have not received a response from support Please help.",neutral,support
The website is extremely slow today Can you fix this?,neutral,performance
"Recently, the website is extremely slow today This is frustrating.",negative,performance
"Honestly, the text on the screen is too small I need assistance.",negative,ui
I noticed that it would be great to have a dark theme I need assistance.,neutral,feature_request
"Unfortunately, my account login keeps failing Please help.",neutral,login
The notification is showing the wrong information I need assistance.,negative,bug
I noticed that i cannot login to my account Can you fix this?,negative,login
"Honestly, the app shows an error after checkout This is frustrating.",negative,bug
The order status is displaying incorrectly This is frustrating.,negative,bug
"Recently, the support staff were polite and professional This is frustrating.",neutral,support
I noticed that the transaction was declined Can you fix this?,negative,payment
I noticed that the application closes unexpectedly Please look into it.,negative,bug
I am having trouble because can you add fingerprint login This is frustrating.,positive,feature_request
I noticed that the payment page shows an error Please look into it.,negative,payment
"Recently, the dashboard looks great Please help.",positive,ui
"Unfortunately, please provide an option to change the language Please look into it.",positive,feature_request
"Unfortunately, the app crashes whenever I upload a file Please look into it.",neutral,bug
"Today, i was charged but the order was not placed This is frustrating.",negative,payment
"Recently, the support staff were polite and professional Please help.",positive,support
Please add more payment methods Can you fix this?,neutral,feature_request
The navigation is difficult to understand,negative,ui
"Recently, the application interface is easy to use Please look into it.",negative,ui
"For some reason, i cannot complete the payment",negative,payment
I am having trouble because the transaction was declined Can you fix this?,negative,payment
Login takes me back to the sign in page Please help.,negative,login
Every screen takes a long time to open Please look into it.,negative,performance
"Honestly, the application is lagging badly Please look into it.",negative,performance
The application is very slow Please help.,negative,performance
"Today, i would like to schedule deliveries Please help.",positive,feature_request
"Honestly, i am unable to pay for my order",negative,payment
"Honestly, the website is extremely slow today Can you fix this?",negative,performance
"Recently, the support staff were polite and professional Please help.",positive,support
I am having trouble because the support team solved my issue quickly This happens repeatedly.,positive,support
"Unfortunately, the support experience was disappointing This is frustrating.",neutral,support
"Honestly, the application interface is easy to use Please help.",positive,ui
I am having trouble because my payment failed while placing the order I need assistance.,negative,payment
I am having trouble because the menu layout is confusing Please help.,positive,ui
"Recently, the login page is not working I need assistance.",negative,login
I am having trouble because i cannot verify my account Please help.,negative,login
"Today, the app takes too long to load Can you fix this?",neutral,performance
I am having trouble because the application is lagging badly I need assistance.,negative,performance
I am having trouble because the support team solved my issue quickly This happens repeatedly.,neutral,support
"Unfortunately, i am unable to access my account This is frustrating.",negative,login
The support team solved my issue quickly This is frustrating.,negative,support
I noticed that the application is lagging badly This happens repeatedly.,negative,performance
I am having trouble because the card payment keeps failing Please help.,negative,payment
"Recently, it takes forever to open the dashboard Please help.",negative,performance
I am having trouble because nobody from customer support has contacted me Please look into it.,negative,support
I have not received a response from support This is frustrating.,neutral,support
The navigation is difficult to understand I need assistance.,positive,ui
I noticed that uPI payment is not going through Please look into it.,neutral,payment
I noticed that the dashboard looks great Please help.,positive,ui
I am having trouble because i forgot my password and cannot sign in This is frustrating.,negative,login
"For some reason, the application is very slow This happens repeatedly.",negative,performance
"For some reason, i have not received a response from support Please look into it.",negative,support
I am having trouble because my payment failed while placing the order I need assistance.,negative,payment
The application crashes when I open my profile,negative,bug
"For some reason, the search results are incorrect This is frustrating.",negative,bug
I noticed that the menu layout is confusing This happens repeatedly.,positive,ui
"Honestly, can you add fingerprint login Please look into it.",neutral,feature_request
It would be great to have a dark theme Can you fix this?,neutral,feature_request
I noticed that the app becomes slow during checkout Please help.,negative,performance
"Recently, i cannot verify my account Please help.",negative,login
I noticed that the page becomes blank after clicking the button Please look into it.,negative,bug
"Honestly, the transaction was declined I need assistance.",neutral,payment
"Recently, the password reset link is not working This happens repeatedly.",negative,login
I noticed that nobody from customer support has contacted me This happens repeatedly.,positive,support
"Today, it would be great to have a dark theme I need assistance.",neutral,feature_request
"Unfortunately, money was deducted but the payment failed Please help.",negative,payment
"Today, the OTP is not arriving during login Please look into it.",negative,login
I noticed that the search results are incorrect This is frustrating.,negative,bug
"Honestly, the buttons are difficult to find",positive,ui
"Recently, the password reset link is not working Please help.",negative,login
"For some reason, login takes me back to the sign in page",negative,login
"Today, the application interface is easy to use Can you fix this?",positive,ui
"Honestly, the support staff were polite and professional",negative,support
"Honestly, the app shows an error after checkout Please look into it.",negative,bug
"Unfortunately, login takes me back to the sign in page Can you fix this?",negative,login
"Today, something is broken in the application This is frustrating.",negative,bug
"Recently, the support experience was disappointing Can you fix this?",negative,support
I noticed that the text on the screen is too small Please help.,positive,ui
"For some reason, the app crashes whenever I upload a file This is frustrating.",negative,bug
I am having trouble because the interface needs improvement Please help.,negative,ui
I noticed that i am happy with the assistance I received I need assistance.,negative,support
"For some reason, the order status is displaying incorrectly Can you fix this?",negative,bug
"For some reason, the payment page shows an error This happens repeatedly.",negative,payment
"Recently, please add a filter for previous orders",positive,feature_request
"For some reason, the support staff were polite and professional Please look into it.",positive,support
"Unfortunately, the support team did not resolve my problem Please help.",negative,support
I noticed that the application is very slow Can you fix this?,negative,performance
"For some reason, i am unable to access my account Please help.",negative,login
"Recently, it would be useful to have a wishlist Can you fix this?",neutral,feature_request
I noticed that the notification is showing the wrong information Please look into it.,negative,bug
"Today, the design is simple and user friendly Please help.",negative,ui
Something is broken in the application I need assistance.,negative,bug
"Today, i am unable to pay for my order",negative,payment
I noticed that please add dark mode to the application Can you fix this?,neutral,feature_request
I noticed that please add more payment methods This is frustrating.,neutral,feature_request
Please add more payment methods This is frustrating.,neutral,feature_request
"Honestly, the notification is showing the wrong information I need assistance.",negative,bug
"Recently, the menu layout is confusing This happens repeatedly.",positive,ui
"Unfortunately, i have not received a response from support This is frustrating.",negative,support
"Recently, the application freezes frequently I need assistance.",negative,performance
I am having trouble because the customer care representative was helpful This happens repeatedly.,negative,support
"Unfortunately, login takes me back to the sign in page Please help.",negative,login
I noticed that the buttons are difficult to find Can you fix this?,negative,ui
"Recently, login takes me back to the sign in page I need assistance.",negative,login
"Recently, please provide an option to change the language Can you fix this?",positive,feature_request
"Honestly, i cannot verify my account Can you fix this?",negative,login
"Recently, the OTP is not arriving during login Please look into it.",negative,login
"For some reason, i am unable to pay for my order",negative,payment
I am having trouble because my account login keeps failing Please help.,negative,login
I am having trouble because please add dark mode to the application Please help.,neutral,feature_request
"Unfortunately, the application interface is easy to use Please look into it.",positive,ui
"Honestly, the transaction was declined Please look into it.",negative,payment
I am having trouble because the website response time is very poor Can you fix this?,negative,performance
I noticed that the application closes unexpectedly Please look into it.,negative,bug
"Today, the navigation is difficult to understand",neutral,ui
I am having trouble because it would be great to have a dark theme,positive,feature_request
"Honestly, it would be great to have a dark theme This happens repeatedly.",neutral,feature_request
"For some reason, the support experience was disappointing Please look into it.",negative,support
"For some reason, i cannot login to my account Please help.",negative,login
"Unfortunately, the support team did not resolve my problem This is frustrating.",positive,support
"Unfortunately, i would like an option to download invoices",positive,feature_request
"Today, the application interface is easy to use",negative,ui
The application closes unexpectedly Please help.,negative,bug
I noticed that i forgot my password and cannot sign in This is frustrating.,neutral,login
"Today, the app becomes slow during checkout This happens repeatedly.",negative,performance
"Honestly, the application freezes frequently Please help.",negative,performance
I noticed that i am unable to pay for my order Please help.,negative,payment
"Honestly, the colors and layout make the app easy to use Please help.",neutral,ui
I noticed that the password reset link is not working This is frustrating.,negative,login
"For some reason, the password reset link is not working Can you fix this?",negative,login
"Today, the password reset link is not working Please look into it.",negative,login
"Recently, i am happy with the assistance I received Please look into it.",negative,support
"For some reason, the application is very slow",negative,performance
I noticed that the buttons are difficult to find,neutral,ui
"Unfortunately, the password reset link is not working Please help.",negative,login
"For some reason, i found a bug in the checkout process Please look into it.",negative,bug
"Unfortunately, i am unable to pay for my order Please look into it.",negative,payment
"Honestly, the password reset link is not working This happens repeatedly.",negative,login
I am having trouble because i am unable to access my account I need assistance.,negative,login
I noticed that the card payment keeps failing This is frustrating.,negative,payment
I am having trouble because the application freezes frequently Please help.,negative,performance
"Recently, i would like an option to download invoices This is frustrating.",neutral,feature_request
I am having trouble because the app logs me out whenever I try to sign in I need assistance.,negative,login
"Recently, the search results are incorrect Please look into it.",negative,bug
"For some reason, login takes me back to the sign in page This happens repeatedly.",negative,login
"For some reason, the transaction was declined",negative,payment
"Today, something is broken in the application Please help.",negative,bug
I noticed that i cannot verify my account Please look into it.,neutral,login
"Unfortunately, i cannot login to my account This happens repeatedly.",negative,login
I noticed that the app shows an error after checkout,negative,bug
"Honestly, my account login keeps failing This is frustrating.",negative,login
"Today, the app logs me out whenever I try to sign in Can you fix this?",negative,login
"Unfortunately, support took too long to respond This is frustrating.",positive,support
"Unfortunately, the application is very slow This happens repeatedly.",negative,performance
"Unfortunately, the app becomes slow during checkout This is frustrating.",negative,performance
"Recently, it would be great to have a dark theme I need assistance.",neutral,feature_request
I am having trouble because i am happy with the assistance I received,positive,support
"Unfortunately, support took too long to respond Please look into it.",negative,support
"Honestly, i am unable to access my account I need assistance.",negative,login
I noticed that my payment failed while placing the order Can you fix this?,negative,payment
I am having trouble because the application freezes frequently This happens repeatedly.,negative,performance
"Today, i cannot verify my account",negative,login
"Honestly, the search results are incorrect Please help.",negative,bug
I noticed that the page becomes blank after clicking the button Please help.,negative,bug
"Today, the OTP is not arriving during login Please help.",negative,login
I noticed that the app takes too long to load I need assistance.,negative,performance
"Unfortunately, my payment is stuck Please help.",negative,payment
"Recently, my payment failed while placing the order Please look into it.",negative,payment
I noticed that the application closes unexpectedly Please look into it.,negative,bug
"Recently, the support staff were polite and professional",positive,support
I am having trouble because i am happy with the assistance I received,negative,support
"Unfortunately, please add dark mode to the application Please look into it.",neutral,feature_request
"Recently, the navigation is difficult to understand This happens repeatedly.",negative,ui
I noticed that the dashboard looks great Please help.,negative,ui
"Today, please add a filter for previous orders",neutral,feature_request
"Unfortunately, the application freezes frequently This is frustrating.",negative,performance
"Honestly, the buttons are difficult to find Please look into it.",negative,ui
"Honestly, the application closes unexpectedly Please look into it.",negative,bug
I am having trouble because the app becomes slow during checkout This happens repeatedly.,negative,performance
"Unfortunately, money was deducted but the payment failed Please look into it.",neutral,payment
"Unfortunately, the application freezes frequently Please look into it.",negative,performance
"Recently, support took too long to respond Please help.",negative,support
I noticed that please add a filter for previous orders I need assistance.,neutral,feature_request
I noticed that the support team solved my issue quickly This is frustrating.,positive,support
"Honestly, please add dark mode to the application This is frustrating.",neutral,feature_request
"Today, the customer care representative was helpful This is frustrating.",negative,support
"Recently, i was charged but the order was not placed This happens repeatedly.",negative,payment
"Recently, the application closes unexpectedly Please look into it.",negative,bug
I noticed that it would be great to have a dark theme This happens repeatedly.,positive,feature_request
The text on the screen is too small This happens repeatedly.,neutral,ui
"For some reason, i am unable to pay for my order I need assistance.",negative,payment
"Unfortunately, i would like to schedule deliveries This happens repeatedly.",neutral,feature_request
"Honestly, the new interface looks clean This is frustrating.",positive,ui
"Recently, the OTP is not arriving during login",negative,login
The application freezes frequently Can you fix this?,negative,performance
"Recently, the menu layout is confusing This happens repeatedly.",negative,ui
I noticed that nobody from customer support has contacted me,negative,support
"Unfortunately, the menu layout is confusing Please help.",neutral,ui
"Recently, the app becomes slow during checkout Please help.",negative,performance
"Today, my payment failed while placing the order",negative,payment
"Recently, the order status is displaying incorrectly Please look into it.",negative,bug
I noticed that i would like to schedule deliveries This is frustrating.,neutral,feature_request
I noticed that my payment failed while placing the order I need assistance.,negative,payment
I noticed that please add dark mode to the application This is frustrating.,neutral,feature_request
"Today, the buttons are difficult to find Please help.",positive,ui
"Honestly, the website response time is very poor Please look into it.",negative,performance
I have not received a response from support I need assistance.,negative,support
"Today, the app crashes whenever I upload a file",negative,bug
I noticed that please provide an option to change the language Please look into it.,neutral,feature_request
"Honestly, something is broken in the application Can you fix this?",negative,bug
I am having trouble because support took too long to respond This is frustrating.,negative,support
"For some reason, i am unable to pay for my order",negative,payment
"Unfortunately, i am happy with the assistance I received I need assistance.",positive,support
"Honestly, the navigation is difficult to understand Please look into it.",positive,ui
"Unfortunately, my account login keeps failing This happens repeatedly.",negative,login
"Recently, the menu layout is confusing This is frustrating.",negative,ui
The OTP is not arriving during login Please help.,negative,login
"For some reason, the menu layout is confusing I need assistance.",positive,ui
"Today, the design is simple and user friendly I need assistance.",negative,ui
I noticed that the design is simple and user friendly,negative,ui
I am having trouble because i cannot login to my account Please look into it.,negative,login
I am having trouble because it takes forever to open the dashboard Please look into it.,negative,performance
"For some reason, the password reset link is not working This happens repeatedly.",negative,login
"Today, i found a bug in the checkout process This happens repeatedly.",negative,bug
I would like an option to download invoices This happens repeatedly.,positive,feature_request
"Recently, nobody from customer support has contacted me Can you fix this?",positive,support
I am having trouble because the password reset link is not working This is frustrating.,negative,login
The interface needs improvement I need assistance.,negative,ui
"Unfortunately, my account login keeps failing Can you fix this?",negative,login
I am having trouble because i am unable to pay for my order Please look into it.,negative,payment
I am having trouble because i found a bug in the checkout process This is frustrating.,negative,bug
I am having trouble because the search results are incorrect This happens repeatedly.,negative,bug
"Today, i would like to schedule deliveries This is frustrating.",neutral,feature_request
I am having trouble because can you add fingerprint login,neutral,feature_request
I noticed that i am unable to pay for my order This is frustrating.,negative,payment
I am having trouble because the application is very slow This is frustrating.,negative,performance
"Unfortunately, i would like an option to download invoices",neutral,feature_request
"Unfortunately, i cannot login to my account I need assistance.",negative,login
I am having trouble because the transaction was declined Please help.,negative,payment
"Unfortunately, the support team did not resolve my problem Can you fix this?",neutral,support
I cannot complete the payment Can you fix this?,negative,payment
"Honestly, uPI payment is not going through This happens repeatedly.",negative,payment
"Recently, the dashboard looks great Please help.",negative,ui
The interface needs improvement Please look into it.,positive,ui
I am having trouble because my payment is stuck I need assistance.,negative,payment
"Today, the app becomes slow during checkout Please help.",negative,performance
"Today, i would like an option to download invoices",neutral,feature_request
"Recently, the app takes too long to load Please look into it.",negative,performance
"Recently, uPI payment is not going through Can you fix this?",negative,payment
I noticed that the colors and layout make the app easy to use This happens repeatedly.,negative,ui
"Recently, i am unable to pay for my order Can you fix this?",negative,payment
"Recently, i forgot my password and cannot sign in Please help.",negative,login
"Recently, the customer care representative was helpful I need assistance.",negative,support
"Unfortunately, my payment failed while placing the order Can you fix this?",negative,payment
"For some reason, the app takes too long to load",negative,performance
I am having trouble because the navigation is difficult to understand Please help.,negative,ui
I noticed that the application is lagging badly This is frustrating.,negative,performance
"Today, i have not received a response from support",negative,support
"Honestly, the customer care representative was helpful This is frustrating.",positive,support
"Unfortunately, i cannot verify my account Please look into it.",negative,login
I noticed that please add dark mode to the application,neutral,feature_request
The customer care representative was helpful,negative,support
I noticed that i cannot complete the payment Please look into it.,negative,payment
I am having trouble because support took too long to respond This is frustrating.,positive,support
"Unfortunately, please add dark mode to the application",neutral,feature_request
The login page is not working Can you fix this?,negative,login
"Unfortunately, the application crashes when I open my profile This is frustrating.",negative,bug
"Honestly, please add notifications for price changes I need assistance.",neutral,feature_request
I am having trouble because the support experience was disappointing Can you fix this?,positive,support
"Unfortunately, every screen takes a long time to open",negative,performance
"Unfortunately, the application interface is easy to use",positive,ui
"For some reason, the interface needs improvement Please help.",positive,ui
"For some reason, the dashboard looks great This is frustrating.",negative,ui
"Recently, the payment page shows an error This happens repeatedly.",negative,payment
"Honestly, please add more payment methods Can you fix this?",neutral,feature_request
"For some reason, the transaction was declined This is frustrating.",negative,payment
"Unfortunately, i would like to schedule deliveries Can you fix this?",neutral,feature_request
"Unfortunately, please add notifications for price changes This happens repeatedly.",positive,feature_request
I am having trouble because please provide an option to change the language I need assistance.,positive,feature_request
I noticed that it would be useful to have a wishlist Can you fix this?,neutral,feature_request
I am having trouble because the card payment keeps failing,neutral,payment
"Unfortunately, my payment failed while placing the order Please help.",negative,payment
"Recently, it takes forever to open the dashboard Please look into it.",negative,performance
"Honestly, every screen takes a long time to open Please help.",negative,performance
I am having trouble because the card payment keeps failing Can you fix this?,negative,payment
I am having trouble because the application closes unexpectedly Can you fix this?,negative,bug
"Recently, i cannot login to my account I need assistance.",negative,login
"For some reason, the search results are incorrect Please help.",negative,bug
"Unfortunately, i cannot verify my account This happens repeatedly.",negative,login
"Today, the support team solved my issue quickly Can you fix this?",positive,support
"For some reason, i cannot complete the payment This is frustrating.",negative,payment
I am having trouble because i am unable to pay for my order Please help.,negative,payment
"Today, the password reset link is not working I need assistance.",negative,login
"Honestly, it takes forever to open the dashboard This happens repeatedly.",negative,performance
Customer service was very helpful Can you fix this?,negative,support
"For some reason, please add notifications for price changes Please look into it.",neutral,feature_request
My account login keeps failing,negative,login
"Recently, the transaction was declined Can you fix this?",negative,payment
My payment failed while placing the order This happens repeatedly.,negative,payment
"Today, it would be useful to have a wishlist",neutral,feature_request
I noticed that i am unable to pay for my order This happens repeatedly.,negative,payment
"Today, the application crashes when I open my profile I need assistance.",negative,bug
The card payment keeps failing This happens repeatedly.,negative,payment
"Honestly, support took too long to respond Can you fix this?",negative,support
I noticed that the menu layout is confusing This happens repeatedly.,negative,ui
"Recently, the app becomes slow during checkout Please help.",negative,performance
"Honestly, the OTP is not arriving during login Please look into it.",negative,login
"For some reason, my payment is stuck Please help.",negative,payment
I noticed that the app becomes slow during checkout,negative,performance
"Unfortunately, the support team solved my issue quickly This is frustrating.",neutral,support
I noticed that the application crashes when I open my profile Please help.,negative,bug
"For some reason, the password reset link is not working This happens repeatedly.",negative,login
"For some reason, the dashboard looks great Can you fix this?",positive,ui
"Today, the application freezes frequently This is frustrating.",negative,performance
"Recently, my payment is stuck Please help.",negative,payment
I noticed that the design is simple and user friendly,positive,ui
"For some reason, i am unable to pay for my order Please help.",neutral,payment
"Honestly, i would like to schedule deliveries This is frustrating.",neutral,feature_request
"Recently, pages are loading slowly",negative,performance
My payment is stuck This is frustrating.,negative,payment
"Today, the application closes unexpectedly Can you fix this?",negative,bug
"Honestly, it takes forever to open the dashboard I need assistance.",neutral,performance
"Today, the application is very slow Please help.",negative,performance
"Today, the OTP is not arriving during login Can you fix this?",negative,login
"Recently, the search results are incorrect",negative,bug
"Today, i am unable to pay for my order This is frustrating.",neutral,payment
"Unfortunately, money was deducted but the payment failed Please help.",negative,payment
"Today, i am happy with the assistance I received",positive,support
"Unfortunately, the app shows an error after checkout",negative,bug
I noticed that the app becomes slow during checkout I need assistance.,negative,performance
Please add notifications for price changes Please help.,neutral,feature_request
"Today, i am unable to access my account I need assistance.",negative,login
I noticed that my payment failed while placing the order Please help.,negative,payment
I am having trouble because the text on the screen is too small Please look into it.,positive,ui
I noticed that i have not received a response from support I need assistance.,negative,support
The app crashes whenever I upload a file I need assistance.,neutral,bug
"Today, it would be great to have a dark theme Please look into it.",neutral,feature_request
"Recently, the application is lagging badly This is frustrating.",negative,performance
"For some reason, i was charged but the order was not placed This is frustrating.",negative,payment
I noticed that the support team did not resolve my problem I need assistance.,negative,support
I am having trouble because the interface needs improvement Please look into it.,neutral,ui
I am having trouble because the page becomes blank after clicking the button Please look into it.,negative,bug
"Today, support took too long to respond This happens repeatedly.",negative,support
My payment failed while placing the order This is frustrating.,negative,payment
I am having trouble because the payment page shows an error Please help.,negative,payment
"Today, please add dark mode to the application Please look into it.",neutral,feature_request
I am having trouble because it would be useful to have a wishlist This is frustrating.,neutral,feature_request
I noticed that i found a bug in the checkout process This happens repeatedly.,negative,bug
"Today, i would like to schedule deliveries Please help.",neutral,feature_request
"Honestly, money was deducted but the payment failed This is frustrating.",negative,payment
I am having trouble because the password reset link is not working Can you fix this?,negative,login
I am having trouble because my account login keeps failing I need assistance.,negative,login
I noticed that the support staff were polite and professional This happens repeatedly.,positive,support
"Today, customer service was very helpful Please help.",positive,support
I noticed that the application freezes frequently This is frustrating.,negative,performance
I am having trouble because nobody from customer support has contacted me This is frustrating.,negative,support
I am having trouble because the payment page shows an error Can you fix this?,negative,payment
I noticed that it takes forever to open the dashboard This is frustrating.,negative,performance
"Honestly, the text on the screen is too small Can you fix this?",negative,ui
"Honestly, the customer care representative was helpful This happens repeatedly.",positive,support
"For some reason, i cannot complete the payment",negative,payment
"Today, it would be great to have a dark theme I need assistance.",neutral,feature_request
"Recently, the application interface is easy to use",negative,ui
I am having trouble because support took too long to respond Please look into it.,neutral,support
I noticed that i forgot my password and cannot sign in Can you fix this?,negative,login
I noticed that the transaction was declined Can you fix this?,negative,payment
"Today, uPI payment is not going through Please help.",negative,payment
"Unfortunately, i have not received a response from support Please look into it.",positive,support
I am happy with the assistance I received Can you fix this?,positive,support
"Honestly, something is broken in the application Can you fix this?",negative,bug
"Unfortunately, i cannot login to my account Please look into it.",negative,login
"Honestly, i have not received a response from support This happens repeatedly.",negative,support
I noticed that please add dark mode to the application Please look into it.,neutral,feature_request
"Today, my account login keeps failing This happens repeatedly.",negative,login
"Unfortunately, i was charged but the order was not placed This happens repeatedly.",negative,payment
I noticed that i cannot complete the payment This happens repeatedly.,negative,payment
"Unfortunately, please add dark mode to the application This is frustrating.",neutral,feature_request
"For some reason, the login page is not working",neutral,login
I am having trouble because login takes me back to the sign in page Can you fix this?,negative,login
"For some reason, the customer care representative was helpful This is frustrating.",positive,support
I am having trouble because customer service was very helpful Please help.,positive,support
I noticed that uPI payment is not going through Please help.,negative,payment
"Honestly, the support staff were polite and professional This happens repeatedly.",positive,support
The app crashes whenever I upload a file This happens repeatedly.,negative,bug
"Today, please add dark mode to the application Can you fix this?",neutral,feature_request
"Honestly, the navigation is difficult to understand",positive,ui
"For some reason, the navigation is difficult to understand",negative,ui
Please add more payment methods Please look into it.,neutral,feature_request
The design is simple and user friendly This is frustrating.,negative,ui
"Honestly, i am unable to pay for my order",neutral,payment
I noticed that the page becomes blank after clicking the button,negative,bug
"Today, the support staff were polite and professional This happens repeatedly.",negative,support
I noticed that please add notifications for price changes This is frustrating.,neutral,feature_request
"Today, the support experience was disappointing This happens repeatedly.",negative,support
I am having trouble because the app shows an error after checkout This is frustrating.,negative,bug
"Today, i am happy with the assistance I received Please look into it.",positive,support
"Today, the support team did not resolve my problem Please look into it.",negative,support
"Today, something is broken in the application I need assistance.",negative,bug
"Unfortunately, the customer care representative was helpful This is frustrating.",negative,support
Please provide an option to change the language Please help.,neutral,feature_request
I am having trouble because the app logs me out whenever I try to sign in,negative,login
"Unfortunately, please add notifications for price changes",positive,feature_request
"Honestly, it takes forever to open the dashboard Please help.",negative,performance
I am having trouble because the transaction was declined Can you fix this?,negative,payment
"Today, please add notifications for price changes Please look into it.",neutral,feature_request
I noticed that the application closes unexpectedly Please help.,negative,bug
I am having trouble because i was charged but the order was not placed,negative,payment
"Today, it would be great to have a dark theme I need assistance.",neutral,feature_request
"Recently, the menu layout is confusing I need assistance.",neutral,ui
"Unfortunately, the OTP is not arriving during login This happens repeatedly.",negative,login
Customer service was very helpful Can you fix this?,negative,support
I am having trouble because support took too long to respond Can you fix this?,positive,support
I am having trouble because the text on the screen is too small Please look into it.,negative,ui
I noticed that the app becomes slow during checkout This is frustrating.,negative,performance
"Unfortunately, pages are loading slowly This happens repeatedly.",neutral,performance
The support team did not resolve my problem Please look into it.,positive,support
"For some reason, it would be useful to have a wishlist",neutral,feature_request
"Unfortunately, i was charged but the order was not placed Can you fix this?",negative,payment
"Today, the card payment keeps failing This is frustrating.",negative,payment
"Honestly, it would be great to have a dark theme I need assistance.",neutral,feature_request
"Unfortunately, it takes forever to open the dashboard",negative,performance
I noticed that the application is lagging badly Can you fix this?,negative,performance
"Unfortunately, the notification is showing the wrong information Please help.",negative,bug
"For some reason, uPI payment is not going through This happens repeatedly.",negative,payment
"Honestly, the support team solved my issue quickly This is frustrating.",negative,support
I am having trouble because the colors and layout make the app easy to use This happens repeatedly.,positive,ui
"Recently, i cannot complete the payment Can you fix this?",neutral,payment
"Unfortunately, the payment page shows an error",negative,payment
"For some reason, it would be useful to have a wishlist This happens repeatedly.",positive,feature_request
I am having trouble because the website is extremely slow today Please help.,negative,performance
I am having trouble because the app shows an error after checkout This happens repeatedly.,negative,bug
I noticed that please add dark mode to the application I need assistance.,neutral,feature_request
"Recently, money was deducted but the payment failed Please look into it.",negative,payment
"Unfortunately, the website is extremely slow today Please look into it.",negative,performance
"Honestly, the transaction was declined Please help.",negative,payment
"Recently, i am unable to pay for my order Please help.",negative,payment
"Unfortunately, i am unable to access my account I need assistance.",negative,login
"Recently, the search results are incorrect This is frustrating.",negative,bug
I cannot login to my account I need assistance.,negative,login
I am having trouble because the colors and layout make the app easy to use,neutral,ui
"Honestly, please add more payment methods Please look into it.",neutral,feature_request
I noticed that the payment page shows an error Please help.,negative,payment
I noticed that i found a bug in the checkout process,negative,bug
I am having trouble because the application is lagging badly Please look into it.,negative,performance
I noticed that i cannot login to my account,negative,login
I am having trouble because every screen takes a long time to open Please look into it.,negative,performance
"Recently, i am unable to pay for my order Please help.",negative,payment
"Recently, the password reset link is not working I need assistance.",negative,login
I am having trouble because the support team solved my issue quickly Can you fix this?,positive,support
"Recently, something is broken in the application This is frustrating.",negative,bug
Login takes me back to the sign in page Please look into it.,negative,login
The text on the screen is too small This happens repeatedly.,negative,ui
I noticed that i have not received a response from support This happens repeatedly.,negative,support
"Recently, pages are loading slowly This is frustrating.",negative,performance
"For some reason, my account login keeps failing This happens repeatedly.",negative,login
"Unfortunately, the colors and layout make the app easy to use This is frustrating.",negative,ui
The navigation is difficult to understand Please look into it.,positive,ui
I am having trouble because please add dark mode to the application I need assistance.,neutral,feature_request
"Today, please add more payment methods I need assistance.",neutral,feature_request
I noticed that it takes forever to open the dashboard This is frustrating.,negative,performance
"For some reason, something is broken in the application This happens repeatedly.",negative,bug
"Recently, i forgot my password and cannot sign in I need assistance.",negative,login
Please add dark mode to the application,neutral,feature_request
I forgot my password and cannot sign in Please look into it.,negative,login
"For some reason, the transaction was declined I need assistance.",negative,payment
I forgot my password and cannot sign in Can you fix this?,negative,login
"For some reason, the app takes too long to load I need assistance.",negative,performance
"Today, the card payment keeps failing I need assistance.",negative,payment
I am having trouble because customer service was very helpful Please help.,neutral,support
"Today, pages are loading slowly Can you fix this?",negative,performance
I am having trouble because the application is lagging badly,negative,performance
Customer service was very helpful Can you fix this?,positive,support
I am having trouble because it would be great to have a dark theme I need assistance.,neutral,feature_request
"For some reason, i have not received a response from support Please help.",positive,support
"Unfortunately, the support experience was disappointing Please look into it.",neutral,support
"Unfortunately, the website response time is very poor I need assistance.",negative,performance
"Honestly, the dashboard looks great I need assistance.",negative,ui
I am having trouble because the order status is displaying incorrectly Can you fix this?,negative,bug
"Today, please add more payment methods Can you fix this?",neutral,feature_request
It would be useful to have a wishlist,positive,feature_request
"Recently, the card payment keeps failing Can you fix this?",negative,payment
I noticed that the text on the screen is too small,negative,ui
"Today, every screen takes a long time to open I need assistance.",negative,performance
I noticed that nobody from customer support has contacted me I need assistance.,negative,support
"For some reason, the text on the screen is too small Can you fix this?",positive,ui
I noticed that the order status is displaying incorrectly,negative,bug
I am unable to access my account This is frustrating.,negative,login
I am having trouble because the website response time is very poor Please help.,neutral,performance
The order status is displaying incorrectly,negative,bug
"Honestly, i cannot login to my account",negative,login
"Honestly, the application is lagging badly Can you fix this?",neutral,performance
I am happy with the assistance I received Please look into it.,positive,support
"Honestly, the app becomes slow during checkout This is frustrating.",negative,performance
"For some reason, the menu layout is confusing I need assistance.",negative,ui
I cannot verify my account Please help.,negative,login
The search results are incorrect Please help.,negative,bug
"Today, please add a filter for previous orders This is frustrating.",neutral,feature_request
Support took too long to respond Can you fix this?,negative,support
"For some reason, the application crashes when I open my profile I need assistance.",negative,bug
I noticed that the password reset link is not working I need assistance.,neutral,login
Can you add fingerprint login,neutral,feature_request
"For some reason, the application freezes frequently Please help.",negative,performance
Pages are loading slowly This happens repeatedly.,neutral,performance
I noticed that my payment is stuck This happens repeatedly.,neutral,payment
I am having trouble because please add dark mode to the application Please look into it.,neutral,feature_request
"Honestly, the support team did not resolve my problem Please help.",negative,support
"Unfortunately, the search results are incorrect This is frustrating.",neutral,bug
"Honestly, the notification is showing the wrong information This happens repeatedly.",negative,bug
I would like to schedule deliveries I need assistance.,positive,feature_request
"Unfortunately, the dashboard looks great Please help.",positive,ui
"Today, my payment is stuck Can you fix this?",negative,payment
"Honestly, the customer care representative was helpful Please help.",positive,support
"Honestly, i forgot my password and cannot sign in Please look into it.",negative,login
"Recently, support took too long to respond",neutral,support
The payment page shows an error Please look into it.,negative,payment
The design is simple and user friendly I need assistance.,negative,ui
"For some reason, money was deducted but the payment failed Can you fix this?",negative,payment
I am having trouble because the application crashes when I open my profile,negative,bug
"Unfortunately, support took too long to respond Please look into it.",positive,support
"Recently, the menu layout is confusing Please look into it.",negative,ui
My payment is stuck This happens repeatedly.,negative,payment
"Today, i cannot complete the payment I need assistance.",negative,payment
"Honestly, it would be great to have a dark theme I need assistance.",neutral,feature_request
"For some reason, i cannot login to my account This happens repeatedly.",neutral,login
"Honestly, i cannot login to my account Can you fix this?",negative,login
I am having trouble because the navigation is difficult to understand This happens repeatedly.,positive,ui
I am having trouble because something is broken in the application Please help.,negative,bug
"Today, the new interface looks clean Please help.",neutral,ui
"Honestly, my account login keeps failing Please help.",negative,login
"Unfortunately, can you add fingerprint login Please help.",neutral,feature_request
"For some reason, please add dark mode to the application",neutral,feature_request
I noticed that the transaction was declined I need assistance.,neutral,payment
I noticed that the website is extremely slow today Please help.,neutral,performance
"Unfortunately, the app shows an error after checkout Please help.",negative,bug
I am having trouble because the login page is not working Please help.,negative,login
"Today, i am unable to access my account Can you fix this?",neutral,login
I am having trouble because customer service was very helpful Please look into it.,neutral,support
I noticed that i forgot my password and cannot sign in This is frustrating.,negative,login
"Honestly, the app logs me out whenever I try to sign in Please look into it.",negative,login
I noticed that the menu layout is confusing This happens repeatedly.,positive,ui
"Unfortunately, i found a bug in the checkout process Can you fix this?",negative,bug
"Unfortunately, the support team did not resolve my problem Please help.",neutral,support
Pages are loading slowly Can you fix this?,negative,performance
"Today, uPI payment is not going through I need assistance.",negative,payment
"Unfortunately, the new interface looks clean I need assistance.",positive,ui
"Recently, the design is simple and user friendly Please look into it.",neutral,ui
The text on the screen is too small,positive,ui
"Honestly, money was deducted but the payment failed I need assistance.",negative,payment
"Honestly, every screen takes a long time to open This happens repeatedly.",negative,performance
I noticed that my payment failed while placing the order Can you fix this?,negative,payment
I am having trouble because the application freezes frequently Please look into it.,negative,performance
The website response time is very poor Please help.,negative,performance
"Recently, login takes me back to the sign in page I need assistance.",neutral,login
"Unfortunately, the OTP is not arriving during login Please help.",negative,login
I noticed that i am unable to access my account This happens repeatedly.,negative,login
I am having trouble because the notification is showing the wrong information This is frustrating.,negative,bug
"Recently, can you add fingerprint login",neutral,feature_request
I noticed that the application is lagging badly This happens repeatedly.,negative,performance
The transaction was declined Please look into it.,negative,payment
I noticed that my payment is stuck Please look into it.,neutral,payment
Login takes me back to the sign in page Can you fix this?,negative,login
"Unfortunately, nobody from customer support has contacted me",neutral,support
"For some reason, pages are loading slowly Can you fix this?",neutral,performance
"Honestly, the website response time is very poor I need assistance.",negative,performance
"Today, the transaction was declined This is frustrating.",negative,payment
The app shows an error after checkout,negative,bug
"Recently, the payment page shows an error",negative,payment
"Honestly, the menu layout is confusing I need assistance.",negative,ui
"For some reason, i have not received a response from support I need assistance.",positive,support
"For some reason, i cannot login to my account",negative,login
"For some reason, the support staff were polite and professional This happens repeatedly.",negative,support
"Recently, i was charged but the order was not placed",negative,payment
"For some reason, the new interface looks clean I need assistance.",negative,ui
I am having trouble because my account login keeps failing This happens repeatedly.,negative,login
"Today, the application closes unexpectedly Please look into it.",negative,bug
"For some reason, uPI payment is not going through I need assistance.",negative,payment
The customer care representative was helpful Can you fix this?,negative,support
I noticed that i am unable to access my account This is frustrating.,negative,login
The payment page shows an error,negative,payment
"For some reason, the order status is displaying incorrectly Please look into it.",negative,bug
I noticed that i found a bug in the checkout process Can you fix this?,negative,bug
"Honestly, the text on the screen is too small This is frustrating.",negative,ui
"Unfortunately, the application is lagging badly This is frustrating.",negative,performance
The notification is showing the wrong information,negative,bug
I am having trouble because please add notifications for price changes This happens repeatedly.,neutral,feature_request
I am having trouble because the application is very slow This happens repeatedly.,negative,performance
I am having trouble because i was charged but the order was not placed Please help.,negative,payment
"Recently, the design is simple and user friendly Can you fix this?",neutral,ui
"Unfortunately, every screen takes a long time to open",negative,performance
I noticed that i cannot complete the payment,negative,payment
I am having trouble because i was charged but the order was not placed I need assistance.,negative,payment
"Unfortunately, the buttons are difficult to find I need assistance.",negative,ui
"Honestly, money was deducted but the payment failed Please help.",negative,payment
"Today, pages are loading slowly This happens repeatedly.",negative,performance
The application crashes when I open my profile Please look into it.,negative,bug
"Recently, the OTP is not arriving during login Please look into it.",negative,login
I am having trouble because support took too long to respond Please help.,negative,support
Pages are loading slowly This is frustrating.,negative,performance
"Honestly, the customer care representative was helpful I need assistance.",neutral,support
"Honestly, the app takes too long to load Please help.",negative,performance
"Today, the design is simple and user friendly",negative,ui
"Today, the menu layout is confusing I need assistance.",negative,ui
I am having trouble because the app shows an error after checkout,negative,bug
"Recently, the search results are incorrect Please look into it.",negative,bug
"Recently, the menu layout is confusing This happens repeatedly.",positive,ui
"Today, the application freezes frequently",negative,performance
"Today, the login page is not working Please help.",negative,login
I am having trouble because i forgot my password and cannot sign in Can you fix this?,negative,login
"For some reason, the support team solved my issue quickly This is frustrating.",negative,support
I noticed that the payment page shows an error Please look into it.,negative,payment
The text on the screen is too small Can you fix this?,neutral,ui
"Honestly, i would like to schedule deliveries Please look into it.",neutral,feature_request
I noticed that money was deducted but the payment failed This is frustrating.,negative,payment
"Today, please provide an option to change the language This happens repeatedly.",neutral,feature_request
"Honestly, the menu layout is confusing Please help.",negative,ui
I noticed that the app takes too long to load Please help.,negative,performance
"For some reason, please add a filter for previous orders This happens repeatedly.",neutral,feature_request
"Recently, the search results are incorrect Please help.",negative,bug
I cannot complete the payment Please help.,negative,payment
I am having trouble because the support staff were polite and professional Can you fix this?,negative,support
"Today, i would like to schedule deliveries This is frustrating.",neutral,feature_request
"Unfortunately, the page becomes blank after clicking the button Can you fix this?",negative,bug
I am having trouble because i forgot my password and cannot sign in This happens repeatedly.,neutral,login
I noticed that something is broken in the application This happens repeatedly.,negative,bug
I am having trouble because the text on the screen is too small Please look into it.,negative,ui
I noticed that the application is very slow This is frustrating.,negative,performance
"For some reason, i was charged but the order was not placed I need assistance.",negative,payment
"Today, i am happy with the assistance I received This is frustrating.",positive,support
"Recently, i was charged but the order was not placed I need assistance.",negative,payment
"Today, the payment page shows an error This is frustrating.",negative,payment
I am happy with the assistance I received This happens repeatedly.,negative,support
"For some reason, login takes me back to the sign in page I need assistance.",negative,login
"Unfortunately, please provide an option to change the language This happens repeatedly.",positive,feature_request
"For some reason, the navigation is difficult to understand Can you fix this?",negative,ui
I noticed that the app becomes slow during checkout Can you fix this?,negative,performance
I noticed that uPI payment is not going through Please help.,negative,payment
"Unfortunately, customer service was very helpful I need assistance.",negative,support
I noticed that i have not received a response from support Please help.,negative,support
"Recently, i was charged but the order was not placed Please help.",negative,payment
I am having trouble because the colors and layout make the app easy to use Can you fix this?,negative,ui
"Today, the dashboard looks great This happens repeatedly.",negative,ui
"For some reason, the app takes too long to load I need assistance.",negative,performance
I noticed that the application crashes when I open my profile This happens repeatedly.,negative,bug
I noticed that please add dark mode to the application This happens repeatedly.,neutral,feature_request
The app shows an error after checkout This happens repeatedly.,negative,bug
"Recently, the app takes too long to load This is frustrating.",negative,performance
Nobody from customer support has contacted me I need assistance.,negative,support
"Today, my account login keeps failing Can you fix this?",negative,login
"Recently, it would be useful to have a wishlist Please help.",neutral,feature_request
"Honestly, uPI payment is not going through I need assistance.",negative,payment
"Today, please provide an option to change the language Please look into it.",positive,feature_request
"Today, my account login keeps failing Please help.",negative,login
"For some reason, the design is simple and user friendly Please help.",negative,ui
"For some reason, the support experience was disappointing This is frustrating.",positive,support
"For some reason, the payment page shows an error Please help.",negative,payment
"For some reason, the app takes too long to load",negative,performance
I noticed that the application crashes when I open my profile I need assistance.,negative,bug
"Today, i would like an option to download invoices Please help.",neutral,feature_request
"Recently, the application closes unexpectedly",negative,bug
"Today, the application interface is easy to use Please look into it.",positive,ui
"Today, uPI payment is not going through This is frustrating.",negative,payment
"For some reason, i cannot verify my account Please help.",negative,login
"Recently, pages are loading slowly",negative,performance
"Honestly, the colors and layout make the app easy to use This is frustrating.",negative,ui
I am unable to pay for my order Can you fix this?,neutral,payment
"Recently, the dashboard looks great Can you fix this?",positive,ui
"Honestly, support took too long to respond This happens repeatedly.",positive,support
I am having trouble because the transaction was declined,negative,payment
"Honestly, the interface needs improvement Please help.",negative,ui
"Today, i would like to schedule deliveries Please help.",neutral,feature_request
"Recently, customer service was very helpful",positive,support
"For some reason, i cannot complete the payment Please look into it.",negative,payment
"Today, the colors and layout make the app easy to use Please look into it.",neutral,ui
"Today, the page becomes blank after clicking the button Can you fix this?",negative,bug
"Unfortunately, the order status is displaying incorrectly Can you fix this?",negative,bug
"Honestly, the support team did not resolve my problem I need assistance.",negative,support
"Unfortunately, my payment is stuck Can you fix this?",negative,payment
"Recently, it would be great to have a dark theme This is frustrating.",neutral,feature_request
"Honestly, it would be useful to have a wishlist This happens repeatedly.",positive,feature_request
"Honestly, nobody from customer support has contacted me Can you fix this?",positive,support
"Unfortunately, customer service was very helpful Please look into it.",negative,support
"Unfortunately, please add dark mode to the application Can you fix this?",neutral,feature_request
"Today, the page becomes blank after clicking the button Please look into it.",negative,bug
"Unfortunately, the app crashes whenever I upload a file Can you fix this?",negative,bug
I am having trouble because it would be useful to have a wishlist Please look into it.,positive,feature_request
"Unfortunately, pages are loading slowly Please help.",negative,performance
"Honestly, the OTP is not arriving during login This happens repeatedly.",negative,login
I noticed that please provide an option to change the language Can you fix this?,neutral,feature_request
Please add more payment methods This happens repeatedly.,neutral,feature_request
"Unfortunately, the menu layout is confusing Please help.",negative,ui
"Recently, money was deducted but the payment failed Can you fix this?",negative,payment
"Recently, my payment is stuck This is frustrating.",negative,payment
"Today, the support team solved my issue quickly",positive,support
"For some reason, my account login keeps failing This is frustrating.",negative,login
"Today, please add notifications for price changes This is frustrating.",neutral,feature_request
"Recently, i have not received a response from support",positive,support
"Today, support took too long to respond This happens repeatedly.",positive,support
My payment is stuck Please look into it.,negative,payment
The order status is displaying incorrectly Please look into it.,negative,bug
"Today, the support team did not resolve my problem Please help.",neutral,support
"Unfortunately, please add notifications for price changes Can you fix this?",neutral,feature_request
"For some reason, i have not received a response from support",negative,support
"Honestly, it would be useful to have a wishlist",neutral,feature_request
"For some reason, the website response time is very poor This is frustrating.",negative,performance
"Honestly, the navigation is difficult to understand",positive,ui
I noticed that support took too long to respond Please help.,negative,support
"Honestly, the app logs me out whenever I try to sign in This happens repeatedly.",negative,login
"Recently, i cannot complete the payment",negative,payment
"Today, the new interface looks clean",neutral,ui
"Today, something is broken in the application This happens repeatedly.",negative,bug
"Unfortunately, the support experience was disappointing Can you fix this?",negative,support
"For some reason, the application interface is easy to use This is frustrating.",negative,ui
I noticed that the page becomes blank after clicking the button Please help.,negative,bug
"Recently, the application closes unexpectedly I need assistance.",negative,bug
I noticed that the search results are incorrect,negative,bug
"Today, i am unable to pay for my order This happens repeatedly.",neutral,payment
I am having trouble because money was deducted but the payment failed Please help.,negative,payment
"Recently, the login page is not working Can you fix this?",negative,login
The app crashes whenever I upload a file This is frustrating.,negative,bug
"Unfortunately, can you add fingerprint login Please help.",neutral,feature_request
"Unfortunately, the application is lagging badly I need assistance.",neutral,performance
"Unfortunately, i cannot login to my account Can you fix this?",negative,login
"Today, i was charged but the order was not placed Can you fix this?",negative,payment
I noticed that i am unable to pay for my order I need assistance.,negative,payment
"Recently, the text on the screen is too small",positive,ui
The support team did not resolve my problem Can you fix this?,positive,support
"Recently, i forgot my password and cannot sign in Please help.",negative,login
I noticed that money was deducted but the payment failed I need assistance.,negative,payment
"Unfortunately, i am unable to access my account Please help.",negative,login
"For some reason, i found a bug in the checkout process Please look into it.",neutral,bug
The dashboard looks great,negative,ui
"Unfortunately, the text on the screen is too small Can you fix this?",positive,ui
Every screen takes a long time to open This happens repeatedly.,negative,performance
"Today, the notification is showing the wrong information I need assistance.",negative,bug
The new interface looks clean Can you fix this?,negative,ui
I noticed that the OTP is not arriving during login This happens repeatedly.,negative,login
"Today, i would like an option to download invoices I need assistance.",neutral,feature_request
"For some reason, the application is very slow This happens repeatedly.",negative,performance
"Recently, i cannot complete the payment Please look into it.",negative,payment
"Recently, the OTP is not arriving during login Please help.",neutral,login
Every screen takes a long time to open,negative,performance
"For some reason, the search results are incorrect I need assistance.",negative,bug
I noticed that the order status is displaying incorrectly,neutral,bug
I am having trouble because uPI payment is not going through Can you fix this?,negative,payment
"Recently, the buttons are difficult to find Can you fix this?",neutral,ui
"Today, the menu layout is confusing Can you fix this?",negative,ui
I noticed that the search results are incorrect Can you fix this?,negative,bug
"Unfortunately, the support team did not resolve my problem This is frustrating.",negative,support
"Today, the colors and layout make the app easy to use Can you fix this?",positive,ui
"Honestly, the application freezes frequently Please look into it.",neutral,performance
"Honestly, the support experience was disappointing I need assistance.",positive,support
"Honestly, the OTP is not arriving during login Please help.",negative,login
I noticed that i would like to schedule deliveries,neutral,feature_request
"Unfortunately, something is broken in the application Can you fix this?",negative,bug
"Today, i am happy with the assistance I received This is frustrating.",negative,support
"Unfortunately, please add more payment methods Please help.",positive,feature_request
I am having trouble because the colors and layout make the app easy to use,negative,ui
"Unfortunately, nobody from customer support has contacted me Please look into it.",negative,support
"Honestly, the app becomes slow during checkout",negative,performance
I noticed that please add notifications for price changes,neutral,feature_request
"Honestly, login takes me back to the sign in page",neutral,login
"Recently, the website is extremely slow today",negative,performance
"For some reason, i am unable to pay for my order Please help.",negative,payment
The payment page shows an error Can you fix this?,negative,payment
I noticed that the menu layout is confusing,neutral,ui
The interface needs improvement,positive,ui
"Recently, i found a bug in the checkout process Please look into it.",neutral,bug
I am having trouble because the application is lagging badly Can you fix this?,negative,performance
"For some reason, the interface needs improvement",neutral,ui
"Honestly, the app crashes whenever I upload a file I need assistance.",neutral,bug
I noticed that login takes me back to the sign in page,negative,login
The navigation is difficult to understand I need assistance.,positive,ui
I noticed that the search results are incorrect Please help.,negative,bug
"For some reason, please add dark mode to the application I need assistance.",neutral,feature_request
The payment page shows an error,negative,payment
"Recently, the app crashes whenever I upload a file This is frustrating.",negative,bug
"Today, the app takes too long to load",negative,performance
"Today, the support experience was disappointing This is frustrating.",neutral,support
It takes forever to open the dashboard Can you fix this?,negative,performance
"Honestly, the transaction was declined I need assistance.",negative,payment
"Honestly, i found a bug in the checkout process Can you fix this?",negative,bug
I noticed that please add dark mode to the application,neutral,feature_request
"Honestly, the app becomes slow during checkout",negative,performance
Nobody from customer support has contacted me Please look into it.,negative,support
"Unfortunately, the application freezes frequently Please help.",negative,performance
"Today, money was deducted but the payment failed",negative,payment
I am having trouble because the application freezes frequently Please help.,negative,performance
"Recently, the application is lagging badly Please help.",negative,performance
I am having trouble because i cannot verify my account I need assistance.,negative,login
I am happy with the assistance I received This is frustrating.,positive,support
"Today, i am unable to access my account This is frustrating.",negative,login
"For some reason, the transaction was declined Can you fix this?",negative,payment
"Honestly, the search results are incorrect This happens repeatedly.",negative,bug
"Recently, every screen takes a long time to open Please look into it.",negative,performance
"Unfortunately, the text on the screen is too small This happens repeatedly.",positive,ui
Every screen takes a long time to open This happens repeatedly.,negative,performance
"Recently, nobody from customer support has contacted me",negative,support
I am having trouble because nobody from customer support has contacted me Can you fix this?,neutral,support
"For some reason, the support team solved my issue quickly This happens repeatedly.",positive,support
I noticed that the application is very slow This happens repeatedly.,negative,performance
"Unfortunately, the interface needs improvement Please help.",positive,ui
"Unfortunately, the colors and layout make the app easy to use Can you fix this?",positive,ui
"Honestly, the application is very slow",negative,performance
I noticed that the website is extremely slow today Please help.,negative,performance
"For some reason, every screen takes a long time to open",negative,performance
I noticed that the navigation is difficult to understand Please look into it.,negative,ui
"Honestly, the search results are incorrect Can you fix this?",negative,bug
"Recently, i cannot verify my account This is frustrating.",negative,login
"Recently, please add dark mode to the application This happens repeatedly.",neutral,feature_request
"Recently, it would be useful to have a wishlist Please help.",neutral,feature_request
I noticed that please add notifications for price changes This is frustrating.,neutral,feature_request
"Honestly, the page becomes blank after clicking the button",negative,bug
"Honestly, i cannot login to my account This happens repeatedly.",negative,login
"For some reason, please add dark mode to the application This happens repeatedly.",neutral,feature_request
I noticed that please add dark mode to the application Please look into it.,positive,feature_request
"Recently, i cannot login to my account I need assistance.",negative,login
"Today, please add a filter for previous orders Please help.",positive,feature_request
"Unfortunately, nobody from customer support has contacted me This is frustrating.",neutral,support
The new interface looks clean,positive,ui
"Unfortunately, the colors and layout make the app easy to use Please help.",negative,ui
"Recently, can you add fingerprint login Can you fix this?",neutral,feature_request
"Honestly, the colors and layout make the app easy to use I need assistance.",negative,ui
"Recently, the support team solved my issue quickly Please help.",positive,support
I am having trouble because i forgot my password and cannot sign in Please look into it.,negative,login
"Unfortunately, the payment page shows an error Please look into it.",negative,payment
I am having trouble because the menu layout is confusing,negative,ui
"For some reason, i cannot verify my account This is frustrating.",negative,login
The transaction was declined This is frustrating.,neutral,payment
"Today, nobody from customer support has contacted me Please look into it.",positive,support
"Today, i have not received a response from support Please help.",positive,support
"Recently, the menu layout is confusing I need assistance.",negative,ui
The support experience was disappointing This happens repeatedly.,positive,support
"Honestly, it takes forever to open the dashboard",negative,performance
"Today, the payment page shows an error Please look into it.",negative,payment
"Recently, the dashboard looks great This is frustrating.",neutral,ui
"Honestly, the transaction was declined This happens repeatedly.",negative,payment
I noticed that my payment failed while placing the order Can you fix this?,negative,payment
"Honestly, the page becomes blank after clicking the button This happens repeatedly.",negative,bug
"For some reason, the navigation is difficult to understand This is frustrating.",positive,ui
My payment failed while placing the order Please help.,negative,payment
"Unfortunately, the notification is showing the wrong information Please help.",neutral,bug
I noticed that the dashboard looks great Please help.,positive,ui
"Today, the support staff were polite and professional Can you fix this?",positive,support
Every screen takes a long time to open Please help.,negative,performance
"Today, i would like an option to download invoices",neutral,feature_request
"Recently, my account login keeps failing Please help.",negative,login
"Honestly, the application crashes when I open my profile This happens repeatedly.",neutral,bug
"For some reason, please add dark mode to the application I need assistance.",positive,feature_request
I noticed that the application closes unexpectedly I need assistance.,negative,bug
I am having trouble because the search results are incorrect This is frustrating.,negative,bug
"Honestly, it would be great to have a dark theme Please look into it.",neutral,feature_request
Support took too long to respond This is frustrating.,negative,support
"For some reason, support took too long to respond Can you fix this?",positive,support
I am having trouble because i cannot complete the payment Can you fix this?,negative,payment
I am having trouble because the app becomes slow during checkout Can you fix this?,negative,performance
I noticed that can you add fingerprint login This is frustrating.,neutral,feature_request
I noticed that the navigation is difficult to understand This happens repeatedly.,negative,ui
"Today, the payment page shows an error",negative,payment
"Recently, i have not received a response from support Please look into it.",positive,support
I am having trouble because i have not received a response from support Please help.,positive,support
I am having trouble because the application crashes when I open my profile This is frustrating.,negative,bug
"Unfortunately, please add a filter for previous orders Please look into it.",neutral,feature_request
I am having trouble because i am unable to pay for my order Please help.,negative,payment
I noticed that the menu layout is confusing This is frustrating.,positive,ui
"For some reason, i have not received a response from support",negative,support
"For some reason, login takes me back to the sign in page Please help.",negative,login
I noticed that the OTP is not arriving during login This happens repeatedly.,negative,login
"For some reason, the colors and layout make the app easy to use Please look into it.",neutral,ui
"Honestly, the menu layout is confusing Please help.",positive,ui
The buttons are difficult to find I need assistance.,positive,ui
I noticed that customer service was very helpful Can you fix this?,neutral,support
I am having trouble because the interface needs improvement I need assistance.,positive,ui
I cannot complete the payment,negative,payment
I am having trouble because the support staff were polite and professional I need assistance.,negative,support
"Honestly, the application is very slow Please help.",negative,performance
"Recently, please add dark mode to the application I need assistance.",neutral,feature_request
"Unfortunately, the application crashes when I open my profile Can you fix this?",negative,bug
"For some reason, the notification is showing the wrong information Can you fix this?",negative,bug
"Unfortunately, the customer care representative was helpful Please help.",neutral,support
"Recently, i found a bug in the checkout process Please look into it.",negative,bug
"Today, the transaction was declined Can you fix this?",negative,payment
Please add more payment methods This is frustrating.,neutral,feature_request
"For some reason, customer service was very helpful Please look into it.",negative,support
"Unfortunately, uPI payment is not going through Please look into it.",negative,payment
"Recently, please add notifications for price changes Please help.",neutral,feature_request
"Today, the dashboard looks great This is frustrating.",positive,ui
I would like an option to download invoices Please help.,neutral,feature_request
"Recently, the application is lagging badly Please help.",negative,performance
Every screen takes a long time to open This happens repeatedly.,negative,performance
"Today, pages are loading slowly",negative,performance
The customer care representative was helpful I need assistance.,negative,support
"For some reason, the card payment keeps failing This is frustrating.",negative,payment
I cannot complete the payment This is frustrating.,negative,payment
I would like an option to download invoices,positive,feature_request
"Honestly, it takes forever to open the dashboard This happens repeatedly.",negative,performance
"Unfortunately, i cannot complete the payment This happens repeatedly.",negative,payment
"Today, support took too long to respond",negative,support
I noticed that the app logs me out whenever I try to sign in,negative,login
I noticed that the app shows an error after checkout This happens repeatedly.,negative,bug
"Unfortunately, the dashboard looks great I need assistance.",negative,ui
"Honestly, i found a bug in the checkout process This happens repeatedly.",negative,bug
"Today, i cannot login to my account This is frustrating.",negative,login
I am having trouble because the app shows an error after checkout This is frustrating.,negative,bug
"Today, uPI payment is not going through This is frustrating.",negative,payment
Support took too long to respond Can you fix this?,positive,support
I am having trouble because the new interface looks clean This is frustrating.,positive,ui
"Recently, my payment failed while placing the order I need assistance.",negative,payment
"For some reason, the support staff were polite and professional This is frustrating.",positive,support
"Unfortunately, the application crashes when I open my profile This is frustrating.",negative,bug
"For some reason, the buttons are difficult to find This happens repeatedly.",positive,ui
"Today, i was charged but the order was not placed Can you fix this?",negative,payment
"For some reason, it would be useful to have a wishlist This happens repeatedly.",neutral,feature_request
"Today, please add dark mode to the application This is frustrating.",neutral,feature_request
I am having trouble because the application is lagging badly Please look into it.,negative,performance
"Honestly, the website is extremely slow today Please help.",negative,performance
"Honestly, the new interface looks clean This happens repeatedly.",negative,ui
"Recently, the app shows an error after checkout Please help.",negative,bug
"Today, it would be great to have a dark theme This happens repeatedly.",neutral,feature_request
"Unfortunately, i would like an option to download invoices",neutral,feature_request
"Unfortunately, the order status is displaying incorrectly This happens repeatedly.",negative,bug
"Recently, the customer care representative was helpful",positive,support
The text on the screen is too small I need assistance.,positive,ui
"Recently, i found a bug in the checkout process This happens repeatedly.",negative,bug
"Today, the app logs me out whenever I try to sign in This is frustrating.",negative,login
The navigation is difficult to understand This is frustrating.,positive,ui
"Honestly, the design is simple and user friendly Please help.",positive,ui
"Unfortunately, the search results are incorrect I need assistance.",negative,bug
"Unfortunately, the page becomes blank after clicking the button I need assistance.",negative,bug
"For some reason, please add notifications for price changes Please look into it.",neutral,feature_request
"Recently, the application interface is easy to use Please look into it.",negative,ui
Please add notifications for price changes This happens repeatedly.,neutral,feature_request
"Unfortunately, the application crashes when I open my profile I need assistance.",neutral,bug
The customer care representative was helpful I need assistance.,negative,support
"For some reason, please provide an option to change the language",neutral,feature_request
"For some reason, please add dark mode to the application",neutral,feature_request
I noticed that the notification is showing the wrong information This happens repeatedly.,negative,bug
"Honestly, my payment is stuck Please help.",negative,payment
I am having trouble because it would be great to have a dark theme Please look into it.,positive,feature_request
"Honestly, i would like an option to download invoices This is frustrating.",neutral,feature_request
"Unfortunately, the payment page shows an error This happens repeatedly.",neutral,payment
"Honestly, please add a filter for previous orders Can you fix this?",neutral,feature_request
I found a bug in the checkout process This is frustrating.,negative,bug
"Today, the new interface looks clean I need assistance.",neutral,ui
"For some reason, the support team solved my issue quickly Please help.",positive,support
"Unfortunately, the transaction was declined",negative,payment
"Today, the password reset link is not working This happens repeatedly.",negative,login
"Today, the support team solved my issue quickly Please help.",negative,support
"Today, the app takes too long to load",negative,performance
"Honestly, the page becomes blank after clicking the button This happens repeatedly.",neutral,bug
"Honestly, the interface needs improvement This is frustrating.",negative,ui
I am having trouble because the navigation is difficult to understand Can you fix this?,negative,ui
"Recently, login takes me back to the sign in page Can you fix this?",negative,login
"Today, please add a filter for previous orders This happens repeatedly.",neutral,feature_request
"Today, the application freezes frequently Please look into it.",negative,performance
"Unfortunately, support took too long to respond Please look into it.",negative,support
"For some reason, i cannot verify my account I need assistance.",negative,login
I am having trouble because i forgot my password and cannot sign in I need assistance.,negative,login
"Today, support took too long to respond Please help.",positive,support
"For some reason, support took too long to respond",positive,support
"Recently, the search results are incorrect This is frustrating.",negative,bug
"Today, the app takes too long to load This is frustrating.",negative,performance
"Recently, i cannot verify my account I need assistance.",negative,login
I am having trouble because the search results are incorrect Please look into it.,negative,bug
"Honestly, the support team solved my issue quickly Please help.",neutral,support
"Honestly, the customer care representative was helpful Please help.",negative,support
"Recently, customer service was very helpful This is frustrating.",positive,support
"For some reason, the support team solved my issue quickly This happens repeatedly.",negative,support
"Today, i would like an option to download invoices",neutral,feature_request
I noticed that the page becomes blank after clicking the button Please look into it.,negative,bug
"Honestly, i am happy with the assistance I received Please look into it.",positive,support
"For some reason, money was deducted but the payment failed",neutral,payment
"Today, i am happy with the assistance I received",negative,support
"Today, it would be great to have a dark theme This is frustrating.",neutral,feature_request
"Recently, the payment page shows an error I need assistance.",negative,payment
The support team solved my issue quickly,negative,support
"Recently, pages are loading slowly Please look into it.",negative,performance
"Honestly, the order status is displaying incorrectly I need assistance.",negative,bug
"Honestly, the interface needs improvement",positive,ui
I am having trouble because the support staff were polite and professional This is frustrating.,negative,support
"Honestly, every screen takes a long time to open Please look into it.",negative,performance
"Unfortunately, my payment is stuck Please look into it.",negative,payment
I am having trouble because login takes me back to the sign in page This is frustrating.,negative,login
"For some reason, money was deducted but the payment failed This happens repeatedly.",negative,payment
I am having trouble because customer service was very helpful I need assistance.,neutral,support
"For some reason, i would like an option to download invoices Please look into it.",neutral,feature_request
"Honestly, it takes forever to open the dashboard Please look into it.",negative,performance
I noticed that please add a filter for previous orders Can you fix this?,neutral,feature_request
"For some reason, the app takes too long to load This is frustrating.",negative,performance
The transaction was declined Please look into it.,negative,payment
"Recently, it takes forever to open the dashboard",neutral,performance
The transaction was declined I need assistance.,negative,payment
I noticed that i cannot complete the payment I need assistance.,negative,payment
"Unfortunately, the design is simple and user friendly Please look into it.",positive,ui
"For some reason, the support staff were polite and professional",negative,support
I am having trouble because the application crashes when I open my profile Please look into it.,negative,bug
"For some reason, can you add fingerprint login This is frustrating.",neutral,feature_request
"Recently, customer service was very helpful Can you fix this?",negative,support
"Recently, the design is simple and user friendly I need assistance.",negative,ui
"Honestly, please add a filter for previous orders This is frustrating.",neutral,feature_request
"Honestly, the website response time is very poor Can you fix this?",negative,performance
I am having trouble because the password reset link is not working Can you fix this?,negative,login
"Unfortunately, my payment failed while placing the order This happens repeatedly.",negative,payment
"For some reason, please provide an option to change the language Please look into it.",neutral,feature_request
I noticed that pages are loading slowly This is frustrating.,negative,performance
"Today, money was deducted but the payment failed I need assistance.",negative,payment
"Honestly, the colors and layout make the app easy to use Please look into it.",positive,ui
"Unfortunately, i have not received a response from support This happens repeatedly.",negative,support
"Honestly, the application is lagging badly This is frustrating.",negative,performance
"Honestly, the website response time is very poor This happens repeatedly.",negative,performance
I noticed that can you add fingerprint login Can you fix this?,neutral,feature_request
I am having trouble because can you add fingerprint login This happens repeatedly.,neutral,feature_request
"Today, the support staff were polite and professional This is frustrating.",positive,support
"Recently, please add dark mode to the application Please help.",neutral,feature_request
The app becomes slow during checkout I need assistance.,negative,performance
I am having trouble because i would like an option to download invoices This happens repeatedly.,neutral,feature_request
"Unfortunately, it takes forever to open the dashboard Please look into it.",negative,performance
I am having trouble because the app logs me out whenever I try to sign in This is frustrating.,negative,login
"Recently, the notification is showing the wrong information This happens repeatedly.",negative,bug
I noticed that the design is simple and user friendly Can you fix this?,negative,ui
The OTP is not arriving during login,negative,login
"For some reason, it takes forever to open the dashboard Please help.",negative,performance
"Today, pages are loading slowly This is frustrating.",negative,performance
"Unfortunately, the notification is showing the wrong information Please help.",neutral,bug
I noticed that the app takes too long to load This is frustrating.,negative,performance
"Recently, i am unable to pay for my order Please help.",negative,payment
"Unfortunately, the support experience was disappointing This happens repeatedly.",positive,support
I noticed that i cannot login to my account Can you fix this?,negative,login
Pages are loading slowly I need assistance.,negative,performance
I noticed that pages are loading slowly I need assistance.,negative,performance
I noticed that the transaction was declined Please help.,neutral,payment
I am unable to pay for my order Please look into it.,negative,payment
"Today, the OTP is not arriving during login This happens repeatedly.",negative,login
"Recently, i cannot complete the payment This happens repeatedly.",negative,payment
I noticed that the website response time is very poor Please look into it.,neutral,performance
"Unfortunately, can you add fingerprint login Please look into it.",neutral,feature_request
"Unfortunately, the page becomes blank after clicking the button This happens repeatedly.",negative,bug
"Recently, the page becomes blank after clicking the button Please look into it.",negative,bug
"Recently, something is broken in the application I need assistance.",negative,bug
"For some reason, i cannot verify my account This is frustrating.",negative,login
"Unfortunately, the app becomes slow during checkout I need assistance.",negative,performance
"Honestly, the app shows an error after checkout Can you fix this?",neutral,bug
"Today, i would like an option to download invoices Can you fix this?",neutral,feature_request
I cannot verify my account This is frustrating.,negative,login
I am having trouble because the support staff were polite and professional This is frustrating.,positive,support
I am having trouble because the text on the screen is too small This is frustrating.,negative,ui
The website is extremely slow today,negative,performance
"For some reason, support took too long to respond This is frustrating.",positive,support
"Honestly, the new interface looks clean Please look into it.",negative,ui
I noticed that the OTP is not arriving during login This is frustrating.,negative,login
I am having trouble because the interface needs improvement Can you fix this?,negative,ui
Can you add fingerprint login Can you fix this?,neutral,feature_request
"Unfortunately, customer service was very helpful Please help.",positive,support
"Recently, the login page is not working Can you fix this?",neutral,login
"For some reason, the application is lagging badly Please help.",neutral,performance
I am having trouble because it takes forever to open the dashboard Please look into it.,negative,performance
"Today, i was charged but the order was not placed Please help.",neutral,payment
"Honestly, the app becomes slow during checkout",negative,performance
"Honestly, the design is simple and user friendly This happens repeatedly.",positive,ui
Something is broken in the application Can you fix this?,negative,bug
The customer care representative was helpful Can you fix this?,negative,support
I am having trouble because the support team did not resolve my problem,negative,support
"Today, the interface needs improvement Please look into it.",neutral,ui
"Today, my account login keeps failing Please help.",neutral,login
"For some reason, my account login keeps failing This is frustrating.",negative,login
"Honestly, it takes forever to open the dashboard This is frustrating.",negative,performance
"Honestly, the application freezes frequently Please look into it.",negative,performance
I am having trouble because every screen takes a long time to open Please help.,negative,performance
"Today, i cannot login to my account Please look into it.",negative,login
"Unfortunately, can you add fingerprint login Can you fix this?",neutral,feature_request
I am having trouble because the design is simple and user friendly Please look into it.,negative,ui
"For some reason, the app becomes slow during checkout This happens repeatedly.",negative,performance
"For some reason, the card payment keeps failing This is frustrating.",negative,payment
"Today, every screen takes a long time to open Please help.",negative,performance
"Recently, the interface needs improvement Can you fix this?",positive,ui
Login takes me back to the sign in page This happens repeatedly.,negative,login
"Today, it would be great to have a dark theme Can you fix this?",neutral,feature_request
I noticed that my payment is stuck,negative,payment
"For some reason, the support experience was disappointing This happens repeatedly.",positive,support
"Unfortunately, the search results are incorrect This is frustrating.",negative,bug
"Today, please add dark mode to the application Please help.",neutral,feature_request
"Unfortunately, the website response time is very poor This is frustrating.",negative,performance
I am happy with the assistance I received Please look into it.,negative,support
"Unfortunately, the app shows an error after checkout This is frustrating.",negative,bug
"Unfortunately, pages are loading slowly Please help.",negative,performance
"For some reason, it would be useful to have a wishlist This happens repeatedly.",neutral,feature_request
"Unfortunately, the website is extremely slow today This is frustrating.",negative,performance
"Today, the order status is displaying incorrectly Please look into it.",negative,bug
"Today, nobody from customer support has contacted me Please help.",negative,support
"For some reason, i cannot complete the payment I need assistance.",negative,payment
My account login keeps failing,negative,login
"Recently, the colors and layout make the app easy to use",positive,ui
"Honestly, please provide an option to change the language This is frustrating.",positive,feature_request
Can you add fingerprint login,neutral,feature_request
I noticed that the new interface looks clean I need assistance.,positive,ui
The login page is not working This is frustrating.,negative,login
"For some reason, i cannot login to my account This is frustrating.",negative,login
I am happy with the assistance I received Can you fix this?,negative,support
"Today, the support staff were polite and professional This is frustrating.",negative,support
I noticed that i would like to schedule deliveries Please help.,neutral,feature_request
"Honestly, the app takes too long to load Can you fix this?",negative,performance
"Recently, i forgot my password and cannot sign in",negative,login
"Honestly, it would be great to have a dark theme Please look into it.",neutral,feature_request
"Honestly, please add a filter for previous orders I need assistance.",neutral,feature_request
I noticed that the application freezes frequently This happens repeatedly.,negative,performance
I noticed that please add more payment methods This is frustrating.,neutral,feature_request
"Unfortunately, the password reset link is not working This is frustrating.",negative,login
I noticed that uPI payment is not going through This happens repeatedly.,neutral,payment
I am having trouble because login takes me back to the sign in page I need assistance.,negative,login
"Honestly, the support team did not resolve my problem Please look into it.",positive,support
"For some reason, please add more payment methods Please look into it.",neutral,feature_request
I noticed that the app becomes slow during checkout I need assistance.,negative,performance
"Today, the app becomes slow during checkout Can you fix this?",neutral,performance
I am unable to access my account Can you fix this?,negative,login
"Today, the payment page shows an error Can you fix this?",negative,payment
I am having trouble because please provide an option to change the language Can you fix this?,neutral,feature_request
"Recently, the website is extremely slow today",negative,performance
"For some reason, the new interface looks clean Can you fix this?",positive,ui
"Honestly, the transaction was declined This happens repeatedly.",negative,payment
The customer care representative was helpful Can you fix this?,negative,support
"Unfortunately, pages are loading slowly I need assistance.",negative,performance
"For some reason, the menu layout is confusing This is frustrating.",positive,ui
I noticed that my account login keeps failing This happens repeatedly.,negative,login
The password reset link is not working This is frustrating.,negative,login
I noticed that i cannot verify my account I need assistance.,negative,login
I am having trouble because the menu layout is confusing This is frustrating.,positive,ui
"Today, the dashboard looks great Please look into it.",positive,ui
"For some reason, please provide an option to change the language I need assistance.",neutral,feature_request
"Honestly, the menu layout is confusing Please look into it.",positive,ui
The interface needs improvement This is frustrating.,positive,ui
"Honestly, the colors and layout make the app easy to use Can you fix this?",negative,ui
"Unfortunately, the transaction was declined I need assistance.",neutral,payment
"Recently, i am unable to pay for my order This is frustrating.",negative,payment
"Today, please add more payment methods",neutral,feature_request
"Honestly, i cannot login to my account",negative,login
The search results are incorrect Can you fix this?,negative,bug
I am having trouble because i found a bug in the checkout process I need assistance.,neutral,bug
"Unfortunately, the application closes unexpectedly This happens repeatedly.",negative,bug
"For some reason, please add notifications for price changes",neutral,feature_request
The app takes too long to load I need assistance.,negative,performance
"Honestly, the card payment keeps failing Can you fix this?",neutral,payment
"Recently, the text on the screen is too small This is frustrating.",negative,ui
"Honestly, the app crashes whenever I upload a file This is frustrating.",negative,bug
"Unfortunately, the notification is showing the wrong information",negative,bug
"For some reason, the app takes too long to load Please look into it.",neutral,performance
"For some reason, the notification is showing the wrong information This happens repeatedly.",negative,bug
"Recently, pages are loading slowly This happens repeatedly.",negative,performance
"Recently, my payment failed while placing the order This is frustrating.",negative,payment
"For some reason, the payment page shows an error",negative,payment
My payment failed while placing the order,negative,payment
"Unfortunately, the application interface is easy to use Please look into it.",negative,ui
"Recently, the application crashes when I open my profile This is frustrating.",negative,bug
"Honestly, i was charged but the order was not placed Please look into it.",negative,payment
"Today, money was deducted but the payment failed Please help.",negative,payment
"Unfortunately, the search results are incorrect Can you fix this?",neutral,bug
"Recently, my payment failed while placing the order I need assistance.",negative,payment
"Honestly, every screen takes a long time to open This happens repeatedly.",negative,performance
"For some reason, the application interface is easy to use Can you fix this?",positive,ui
I noticed that the OTP is not arriving during login Please help.,negative,login
I noticed that every screen takes a long time to open Can you fix this?,negative,performance
"For some reason, money was deducted but the payment failed I need assistance.",negative,payment
I noticed that please add dark mode to the application,neutral,feature_request
I am having trouble because my account login keeps failing This happens repeatedly.,neutral,login
The website response time is very poor Can you fix this?,negative,performance
I noticed that customer service was very helpful Can you fix this?,negative,support
"Recently, it would be useful to have a wishlist Please help.",neutral,feature_request
The application is lagging badly Please help.,negative,performance
"For some reason, nobody from customer support has contacted me This is frustrating.",negative,support
I am having trouble because support took too long to respond This happens repeatedly.,positive,support
"Recently, the application is lagging badly Can you fix this?",negative,performance
"For some reason, the application crashes when I open my profile I need assistance.",negative,bug
"Honestly, login takes me back to the sign in page This is frustrating.",negative,login
"Today, it would be useful to have a wishlist This is frustrating.",neutral,feature_request
The website is extremely slow today Can you fix this?,negative,performance
It takes forever to open the dashboard Please help.,neutral,performance
"Recently, please add more payment methods Please help.",positive,feature_request
"For some reason, the OTP is not arriving during login Please help.",negative,login
I noticed that customer service was very helpful Please help.,positive,support
"Today, nobody from customer support has contacted me Please look into it.",neutral,support
I noticed that it would be useful to have a wishlist This happens repeatedly.,neutral,feature_request
I noticed that it takes forever to open the dashboard This happens repeatedly.,negative,performance
I am having trouble because the OTP is not arriving during login Please look into it.,negative,login
"Unfortunately, i am happy with the assistance I received Can you fix this?",positive,support
"Unfortunately, the login page is not working Can you fix this?",negative,login
"For some reason, the search results are incorrect I need assistance.",negative,bug
"Today, pages are loading slowly Please look into it.",neutral,performance
"Recently, the app shows an error after checkout Please look into it.",negative,bug
"Unfortunately, can you add fingerprint login Please help.",neutral,feature_request
I noticed that the application is very slow Please help.,negative,performance
"Recently, the buttons are difficult to find Please help.",negative,ui
I am having trouble because the application interface is easy to use Please help.,negative,ui
"Recently, the app logs me out whenever I try to sign in Can you fix this?",negative,login
"For some reason, the application interface is easy to use",neutral,ui
"Honestly, every screen takes a long time to open Please look into it.",negative,performance
"Recently, login takes me back to the sign in page",negative,login
I am having trouble because i would like an option to download invoices Can you fix this?,neutral,feature_request
I am having trouble because the payment page shows an error This is frustrating.,negative,payment
"Today, my payment is stuck",negative,payment
"Today, i cannot verify my account Please look into it.",negative,login
"Today, the customer care representative was helpful Please look into it.",neutral,support
Nobody from customer support has contacted me This is frustrating.,positive,support
"For some reason, the new interface looks clean Please look into it.",neutral,ui
"For some reason, i am unable to pay for my order Can you fix this?",negative,payment
"Honestly, the application closes unexpectedly",negative,bug
"Honestly, the app logs me out whenever I try to sign in I need assistance.",negative,login
"Recently, the password reset link is not working This is frustrating.",negative,login
"Honestly, it would be useful to have a wishlist Can you fix this?",neutral,feature_request
Please add a filter for previous orders Please help.,neutral,feature_request
"Honestly, pages are loading slowly This is frustrating.",negative,performance
I noticed that the buttons are difficult to find,positive,ui
I found a bug in the checkout process Can you fix this?,negative,bug
I am having trouble because please add dark mode to the application Can you fix this?,neutral,feature_request
"Today, the customer care representative was helpful Can you fix this?",positive,support
I noticed that please add dark mode to the application This is frustrating.,neutral,feature_request
"Honestly, i have not received a response from support Please help.",positive,support
"Recently, i would like to schedule deliveries Please help.",positive,feature_request
"Honestly, the application closes unexpectedly Please help.",neutral,bug
"Today, the application is very slow This happens repeatedly.",negative,performance
"Recently, my payment is stuck This is frustrating.",negative,payment
I am having trouble because the app logs me out whenever I try to sign in Please help.,negative,login
I noticed that something is broken in the application Please look into it.,neutral,bug
"Honestly, the notification is showing the wrong information Can you fix this?",negative,bug
"For some reason, the colors and layout make the app easy to use I need assistance.",negative,ui
I noticed that the application crashes when I open my profile I need assistance.,negative,bug
I noticed that the application interface is easy to use Please help.,positive,ui
I am having trouble because the payment page shows an error Can you fix this?,negative,payment
"For some reason, the support experience was disappointing I need assistance.",negative,support
"Recently, pages are loading slowly Can you fix this?",negative,performance
I noticed that the dashboard looks great,positive,ui
"Today, the dashboard looks great",positive,ui
"For some reason, uPI payment is not going through Please help.",negative,payment
"For some reason, the colors and layout make the app easy to use Please look into it.",neutral,ui
"Recently, the card payment keeps failing",negative,payment
"For some reason, money was deducted but the payment failed Please look into it.",negative,payment
"Recently, i cannot complete the payment Can you fix this?",negative,payment
"Honestly, the app becomes slow during checkout This is frustrating.",negative,performance
The order status is displaying incorrectly Can you fix this?,negative,bug
I noticed that i cannot verify my account,negative,login
"For some reason, can you add fingerprint login I need assistance.",neutral,feature_request
I am having trouble because the application interface is easy to use Please help.,positive,ui
"Unfortunately, it takes forever to open the dashboard",negative,performance
"For some reason, i found a bug in the checkout process This happens repeatedly.",negative,bug
"For some reason, the app crashes whenever I upload a file Please look into it.",negative,bug
"Today, the colors and layout make the app easy to use",neutral,ui
The customer care representative was helpful Please help.,positive,support
"For some reason, the navigation is difficult to understand Can you fix this?",positive,ui
"Today, it takes forever to open the dashboard This is frustrating.",negative,performance
"Unfortunately, the text on the screen is too small Can you fix this?",positive,ui
"Honestly, the application closes unexpectedly",negative,bug
The application freezes frequently Please look into it.,negative,performance
"Honestly, every screen takes a long time to open This is frustrating.",negative,performance
I found a bug in the checkout process This happens repeatedly.,negative,bug
"Honestly, it takes forever to open the dashboard Please help.",negative,performance
"Unfortunately, the search results are incorrect This is frustrating.",negative,bug
I noticed that the password reset link is not working This is frustrating.,negative,login
"Recently, the notification is showing the wrong information Can you fix this?",negative,bug
"For some reason, i cannot login to my account",negative,login
"Today, it would be great to have a dark theme This happens repeatedly.",positive,feature_request
"Recently, nobody from customer support has contacted me Please help.",negative,support
I am having trouble because the application freezes frequently,negative,performance
"Today, i was charged but the order was not placed This happens repeatedly.",neutral,payment
"Recently, the notification is showing the wrong information Please look into it.",neutral,bug
"Recently, i am happy with the assistance I received",negative,support
"Today, please add notifications for price changes Can you fix this?",neutral,feature_request
I noticed that the colors and layout make the app easy to use Can you fix this?,positive,ui
"Honestly, something is broken in the application Please look into it.",negative,bug
"For some reason, it would be useful to have a wishlist This happens repeatedly.",neutral,feature_request
I have not received a response from support This is frustrating.,negative,support
"Recently, the buttons are difficult to find Please look into it.",negative,ui
"Today, the app logs me out whenever I try to sign in This is frustrating.",negative,login
I am having trouble because the payment page shows an error,negative,payment
"Recently, the dashboard looks great",negative,ui
Money was deducted but the payment failed This happens repeatedly.,negative,payment
I noticed that please add dark mode to the application This is frustrating.,neutral,feature_request
I am unable to access my account This is frustrating.,negative,login
I noticed that nobody from customer support has contacted me This happens repeatedly.,negative,support
"Honestly, the transaction was declined Can you fix this?",negative,payment
I noticed that the login page is not working I need assistance.,negative,login
"Recently, the app takes too long to load Please look into it.",negative,performance
"Honestly, the navigation is difficult to understand This happens repeatedly.",neutral,ui
"Unfortunately, i am unable to pay for my order This happens repeatedly.",negative,payment
"Today, i would like an option to download invoices Please help.",neutral,feature_request
Can you add fingerprint login Please look into it.,neutral,feature_request
"For some reason, money was deducted but the payment failed I need assistance.",negative,payment
The app logs me out whenever I try to sign in Please help.,negative,login
"For some reason, the text on the screen is too small This happens repeatedly.",positive,ui
I am having trouble because the support team solved my issue quickly I need assistance.,positive,support
I noticed that the colors and layout make the app easy to use This is frustrating.,negative,ui
"For some reason, the support staff were polite and professional",neutral,support
I noticed that the interface needs improvement This is frustrating.,neutral,ui
I am having trouble because the application crashes when I open my profile This happens repeatedly.,negative,bug
"Today, pages are loading slowly This happens repeatedly.",negative,performance
"Today, the buttons are difficult to find This is frustrating.",negative,ui
I am having trouble because nobody from customer support has contacted me,negative,support
"Honestly, the app shows an error after checkout Can you fix this?",negative,bug
I am having trouble because nobody from customer support has contacted me Please help.,negative,support
"Honestly, pages are loading slowly This is frustrating.",neutral,performance
"Today, something is broken in the application This is frustrating.",negative,bug
I am having trouble because the support team solved my issue quickly Please look into it.,negative,support
I am having trouble because i cannot complete the payment Please help.,negative,payment
"For some reason, the new interface looks clean This is frustrating.",positive,ui
"Recently, the application is lagging badly I need assistance.",neutral,performance
I noticed that the app takes too long to load Please help.,negative,performance
I am having trouble because i am happy with the assistance I received,negative,support
"For some reason, the text on the screen is too small Please help.",positive,ui
The design is simple and user friendly Please help.,negative,ui
I noticed that something is broken in the application Can you fix this?,negative,bug
"Honestly, it would be great to have a dark theme",neutral,feature_request
"Recently, the menu layout is confusing Please help.",neutral,ui
The navigation is difficult to understand Please look into it.,neutral,ui
"Unfortunately, the login page is not working This happens repeatedly.",negative,login
"Today, the website response time is very poor This is frustrating.",negative,performance
"For some reason, the menu layout is confusing Can you fix this?",positive,ui
I noticed that it takes forever to open the dashboard This happens repeatedly.,negative,performance
"Honestly, the password reset link is not working",negative,login
"Today, i am unable to access my account This is frustrating.",negative,login
"Unfortunately, please provide an option to change the language",neutral,feature_request
"Unfortunately, the application is lagging badly Please help.",negative,performance
"Unfortunately, the design is simple and user friendly Please look into it.",negative,ui
I noticed that the app takes too long to load Please help.,negative,performance
I am having trouble because the colors and layout make the app easy to use This is frustrating.,positive,ui
I have not received a response from support Please look into it.,neutral,support
"Honestly, i cannot verify my account Please help.",negative,login
I noticed that the support staff were polite and professional Please look into it.,negative,support
"For some reason, the support team solved my issue quickly",positive,support
The application is very slow This is frustrating.,negative,performance
I am having trouble because the buttons are difficult to find This happens repeatedly.,negative,ui
"For some reason, i cannot verify my account Please help.",negative,login
"For some reason, the dashboard looks great",positive,ui
I am having trouble because the customer care representative was helpful I need assistance.,positive,support
I am having trouble because the payment page shows an error Please look into it.,neutral,payment
"For some reason, uPI payment is not going through Please look into it.",negative,payment
I noticed that my account login keeps failing,negative,login
I am having trouble because my account login keeps failing Please look into it.,negative,login
"Unfortunately, the colors and layout make the app easy to use Can you fix this?",negative,ui
"Honestly, the support team did not resolve my problem Please look into it.",positive,support
"Unfortunately, the payment page shows an error Please help.",negative,payment
"Recently, the app takes too long to load Can you fix this?",negative,performance
I noticed that the colors and layout make the app easy to use Please look into it.,negative,ui
"Unfortunately, money was deducted but the payment failed I need assistance.",negative,payment
"Unfortunately, the payment page shows an error I need assistance.",negative,payment
"Recently, my account login keeps failing",negative,login
I am having trouble because the customer care representative was helpful This is frustrating.,positive,support
"Honestly, the website response time is very poor Can you fix this?",negative,performance
"Honestly, i am unable to access my account Please help.",negative,login
"Unfortunately, i would like an option to download invoices Please help.",neutral,feature_request
"Today, it would be great to have a dark theme",neutral,feature_request
I noticed that the buttons are difficult to find Please help.,negative,ui
"For some reason, the search results are incorrect Can you fix this?",negative,bug
"Recently, the payment page shows an error Can you fix this?",negative,payment
"Recently, can you add fingerprint login Please look into it.",neutral,feature_request
Please provide an option to change the language,neutral,feature_request
"Recently, every screen takes a long time to open This happens repeatedly.",negative,performance
I am having trouble because the search results are incorrect Please help.,negative,bug
I noticed that something is broken in the application This happens repeatedly.,negative,bug
I am having trouble because the design is simple and user friendly Please help.,neutral,ui
"Honestly, the colors and layout make the app easy to use Please look into it.",positive,ui
"For some reason, the application is very slow Please look into it.",neutral,performance
"Unfortunately, please add more payment methods This is frustrating.",neutral,feature_request
"Honestly, the app logs me out whenever I try to sign in This happens repeatedly.",negative,login
"Recently, something is broken in the application I need assistance.",negative,bug
I am having trouble because login takes me back to the sign in page Please look into it.,negative,login
"Recently, the application is very slow Can you fix this?",negative,performance
The application is lagging badly,negative,performance
"Honestly, the navigation is difficult to understand",positive,ui
"Honestly, the interface needs improvement Please help.",negative,ui
"Today, i was charged but the order was not placed Can you fix this?",negative,payment
"For some reason, my payment is stuck This is frustrating.",negative,payment
"For some reason, it would be useful to have a wishlist Please help.",positive,feature_request
"For some reason, the website response time is very poor Please look into it.",negative,performance
"Today, the app logs me out whenever I try to sign in Please help.",neutral,login
Please add a filter for previous orders I need assistance.,neutral,feature_request
I noticed that the order status is displaying incorrectly Can you fix this?,negative,bug
"Recently, the menu layout is confusing",neutral,ui
I am having trouble because i am happy with the assistance I received Please look into it.,positive,support
I noticed that the app shows an error after checkout,negative,bug
"Honestly, the colors and layout make the app easy to use Can you fix this?",positive,ui
I am having trouble because the menu layout is confusing This is frustrating.,neutral,ui
I am having trouble because the page becomes blank after clicking the button I need assistance.,negative,bug
"Honestly, the app crashes whenever I upload a file",negative,bug
I noticed that i was charged but the order was not placed,negative,payment
"Recently, every screen takes a long time to open This is frustrating.",negative,performance
"Honestly, the support team solved my issue quickly I need assistance.",negative,support
"Unfortunately, the navigation is difficult to understand",positive,ui
"Honestly, the login page is not working Can you fix this?",negative,login
"Today, please add dark mode to the application",positive,feature_request
"Recently, the search results are incorrect Please look into it.",negative,bug
"Today, the text on the screen is too small This happens repeatedly.",positive,ui
I am having trouble because the card payment keeps failing,negative,payment
"Honestly, the application is lagging badly",negative,performance
"Honestly, i cannot complete the payment Can you fix this?",negative,payment
"Today, i forgot my password and cannot sign in I need assistance.",negative,login
"For some reason, i forgot my password and cannot sign in This is frustrating.",negative,login
I noticed that the application interface is easy to use Please help.,positive,ui
I am having trouble because i am unable to pay for my order This happens repeatedly.,negative,payment
"Recently, the application closes unexpectedly This is frustrating.",negative,bug
The design is simple and user friendly Please help.,positive,ui
"Honestly, i would like an option to download invoices This happens repeatedly.",neutral,feature_request
"For some reason, the login page is not working This is frustrating.",negative,login
"Recently, the application freezes frequently",negative,performance
"Unfortunately, the payment page shows an error Please help.",negative,payment
I am having trouble because i would like an option to download invoices I need assistance.,positive,feature_request
The application is lagging badly,negative,performance
"For some reason, please add more payment methods",positive,feature_request
The notification is showing the wrong information,negative,bug
The page becomes blank after clicking the button This is frustrating.,negative,bug
Please add dark mode to the application This happens repeatedly.,neutral,feature_request
I am happy with the assistance I received I need assistance.,positive,support
"Honestly, the design is simple and user friendly Please look into it.",negative,ui
"Unfortunately, the application interface is easy to use This is frustrating.",positive,ui
I am having trouble because the new interface looks clean Please look into it.,negative,ui
"Honestly, the application freezes frequently Please help.",negative,performance
"For some reason, money was deducted but the payment failed This happens repeatedly.",negative,payment
I noticed that the application is very slow Please help.,negative,performance
"Recently, please provide an option to change the language This is frustrating.",neutral,feature_request
I noticed that please add a filter for previous orders This is frustrating.,neutral,feature_request
I am having trouble because the page becomes blank after clicking the button Can you fix this?,negative,bug
"Recently, my account login keeps failing This happens repeatedly.",negative,login
"Today, the application closes unexpectedly Please help.",negative,bug
"Recently, the text on the screen is too small This is frustrating.",neutral,ui
My payment failed while placing the order Can you fix this?,negative,payment
"For some reason, i am happy with the assistance I received",positive,support
"Today, the transaction was declined",negative,payment
I found a bug in the checkout process Can you fix this?,negative,bug
"For some reason, the application is lagging badly Please help.",negative,performance
I am having trouble because the website response time is very poor Please help.,negative,performance
I am having trouble because i am unable to access my account Can you fix this?,negative,login
The application crashes when I open my profile,neutral,bug
"For some reason, i cannot complete the payment Please look into it.",negative,payment
"Honestly, the app takes too long to load I need assistance.",neutral,performance
"Today, the support team solved my issue quickly This happens repeatedly.",positive,support
"For some reason, the support team solved my issue quickly This is frustrating.",negative,support
"For some reason, my account login keeps failing Please help.",negative,login
The support staff were polite and professional This happens repeatedly.,negative,support
I noticed that please add notifications for price changes This is frustrating.,neutral,feature_request
"Unfortunately, the notification is showing the wrong information Please look into it.",negative,bug
"Honestly, the app shows an error after checkout Please help.",negative,bug
"Unfortunately, support took too long to respond I need assistance.",positive,support
Login takes me back to the sign in page This happens repeatedly.,negative,login
I noticed that please add a filter for previous orders,positive,feature_request
I am having trouble because support took too long to respond Please help.,negative,support
The app shows an error after checkout This is frustrating.,negative,bug
I noticed that the search results are incorrect Can you fix this?,neutral,bug
I noticed that the app logs me out whenever I try to sign in This happens repeatedly.,neutral,login
"Today, the notification is showing the wrong information",negative,bug
The application crashes when I open my profile Can you fix this?,negative,bug
Please provide an option to change the language,neutral,feature_request
I noticed that the design is simple and user friendly I need assistance.,positive,ui
"For some reason, the support team did not resolve my problem Can you fix this?",negative,support
I am having trouble because the website response time is very poor Please look into it.,negative,performance
"Honestly, the buttons are difficult to find Please help.",positive,ui
I am having trouble because something is broken in the application This is frustrating.,negative,bug
I noticed that the colors and layout make the app easy to use Please look into it.,negative,ui
I cannot verify my account Please help.,negative,login
"Today, i would like an option to download invoices This happens repeatedly.",neutral,feature_request
"Unfortunately, it would be great to have a dark theme",neutral,feature_request
"Today, the application freezes frequently This is frustrating.",neutral,performance
"Today, the payment page shows an error Please help.",negative,payment
"Today, the app crashes whenever I upload a file Please look into it.",negative,bug
"Honestly, the notification is showing the wrong information This is frustrating.",negative,bug
I noticed that my payment is stuck This is frustrating.,negative,payment
I noticed that my payment is stuck Can you fix this?,neutral,payment
"Recently, please add notifications for price changes This happens repeatedly.",neutral,feature_request
"Today, the OTP is not arriving during login Please look into it.",negative,login
"Recently, the password reset link is not working This is frustrating.",negative,login
"Unfortunately, uPI payment is not going through This happens repeatedly.",negative,payment
The dashboard looks great Can you fix this?,neutral,ui
"Today, the app logs me out whenever I try to sign in Please look into it.",negative,login
I am having trouble because the support staff were polite and professional This happens repeatedly.,positive,support
I forgot my password and cannot sign in Can you fix this?,negative,login
"Honestly, i forgot my password and cannot sign in This is frustrating.",negative,login
"Today, my payment failed while placing the order This happens repeatedly.",negative,payment
"Recently, the design is simple and user friendly",neutral,ui
"For some reason, uPI payment is not going through This happens repeatedly.",negative,payment
The order status is displaying incorrectly,negative,bug
Please add notifications for price changes,neutral,feature_request
I noticed that the customer care representative was helpful This is frustrating.,negative,support
"Recently, please add more payment methods This is frustrating.",neutral,feature_request
I am having trouble because the dashboard looks great Please help.,positive,ui
"Recently, the colors and layout make the app easy to use This happens repeatedly.",neutral,ui
"Honestly, the buttons are difficult to find Please help.",negative,ui
I am having trouble because nobody from customer support has contacted me Please help.,negative,support
The application interface is easy to use This happens repeatedly.,neutral,ui
I am having trouble because the support experience was disappointing,negative,support
"Today, it would be useful to have a wishlist Please help.",neutral,feature_request
"Honestly, the transaction was declined Please help.",negative,payment
"For some reason, the interface needs improvement Can you fix this?",positive,ui
It takes forever to open the dashboard This is frustrating.,negative,performance
"Recently, the page becomes blank after clicking the button This happens repeatedly.",negative,bug
Pages are loading slowly,negative,performance
"Recently, login takes me back to the sign in page This happens repeatedly.",negative,login
I am having trouble because the support team solved my issue quickly This is frustrating.,negative,support
Customer service was very helpful This is frustrating.,positive,support
I noticed that i cannot verify my account This happens repeatedly.,negative,login
"Today, the login page is not working",negative,login
"For some reason, the login page is not working This is frustrating.",neutral,login
"Recently, the dashboard looks great Can you fix this?",positive,ui
My payment failed while placing the order,negative,payment
I noticed that the login page is not working I need assistance.,negative,login
I noticed that uPI payment is not going through This happens repeatedly.,negative,payment
"Honestly, please add dark mode to the application I need assistance.",neutral,feature_request
"Recently, the OTP is not arriving during login This happens repeatedly.",negative,login
I am having trouble because my account login keeps failing This is frustrating.,negative,login
"Recently, i found a bug in the checkout process This is frustrating.",negative,bug
The support experience was disappointing Please look into it.,negative,support
I noticed that every screen takes a long time to open This is frustrating.,negative,performance
"Recently, the application closes unexpectedly Please look into it.",negative,bug
I am having trouble because i have not received a response from support,positive,support
"Unfortunately, i would like to schedule deliveries I need assistance.",neutral,feature_request
"Recently, i cannot verify my account Can you fix this?",negative,login
The OTP is not arriving during login I need assistance.,negative,login
"Recently, it takes forever to open the dashboard Can you fix this?",negative,performance
"Honestly, the application freezes frequently This is frustrating.",negative,performance
I am having trouble because the search results are incorrect Please look into it.,negative,bug
"Today, i forgot my password and cannot sign in This happens repeatedly.",negative,login
"Recently, the search results are incorrect Please look into it.",negative,bug
"Recently, the search results are incorrect This happens repeatedly.",negative,bug
"Honestly, the login page is not working",negative,login
"Recently, i am happy with the assistance I received I need assistance.",positive,support
"Today, the support staff were polite and professional This is frustrating.",negative,support
"Unfortunately, the app takes too long to load This happens repeatedly.",negative,performance
I noticed that uPI payment is not going through Can you fix this?,negative,payment
The menu layout is confusing Please help.,negative,ui
"Recently, the text on the screen is too small Can you fix this?",positive,ui
"Today, i am unable to pay for my order I need assistance.",negative,payment
"Unfortunately, can you add fingerprint login This happens repeatedly.",neutral,feature_request
"Unfortunately, my account login keeps failing Please help.",negative,login
"For some reason, i would like an option to download invoices This happens repeatedly.",positive,feature_request
The support team did not resolve my problem This is frustrating.,negative,support
"Honestly, the application freezes frequently This is frustrating.",negative,performance
I am having trouble because the order status is displaying incorrectly Please help.,negative,bug
I noticed that i found a bug in the checkout process Please look into it.,negative,bug
"Unfortunately, the application is lagging badly This is frustrating.",negative,performance
"Today, i forgot my password and cannot sign in",negative,login
I noticed that the app becomes slow during checkout Can you fix this?,negative,performance
I am having trouble because login takes me back to the sign in page I need assistance.,negative,login
"Today, the support experience was disappointing I need assistance.",positive,support
"Today, the support experience was disappointing",positive,support
I noticed that the app shows an error after checkout,negative,bug
"Today, the application is lagging badly Can you fix this?",negative,performance
The buttons are difficult to find Can you fix this?,positive,ui
Support took too long to respond Please help.,negative,support
The menu layout is confusing This is frustrating.,positive,ui
I am having trouble because i was charged but the order was not placed,negative,payment
"Honestly, please add dark mode to the application This happens repeatedly.",neutral,feature_request
"For some reason, the support experience was disappointing I need assistance.",negative,support
I noticed that the interface needs improvement This happens repeatedly.,neutral,ui
"For some reason, the application is very slow This is frustrating.",negative,performance
"Unfortunately, the transaction was declined",negative,payment
"Today, my account login keeps failing This is frustrating.",negative,login
"Recently, the app takes too long to load Can you fix this?",negative,performance
"Unfortunately, the colors and layout make the app easy to use This happens repeatedly.",neutral,ui
"Honestly, the navigation is difficult to understand Can you fix this?",neutral,ui
"Honestly, i cannot complete the payment I need assistance.",neutral,payment
"Honestly, i found a bug in the checkout process",negative,bug
"Recently, please add notifications for price changes This happens repeatedly.",neutral,feature_request
"For some reason, i would like an option to download invoices This happens repeatedly.",neutral,feature_request
I noticed that the new interface looks clean Please look into it.,neutral,ui
I am having trouble because i forgot my password and cannot sign in Please look into it.,neutral,login
"Today, it would be useful to have a wishlist Please help.",neutral,feature_request
"Today, the application crashes when I open my profile This happens repeatedly.",negative,bug
My payment is stuck Please look into it.,negative,payment
"For some reason, please add a filter for previous orders Please help.",neutral,feature_request
"Honestly, customer service was very helpful",positive,support
I am having trouble because the notification is showing the wrong information,neutral,bug
Something is broken in the application I need assistance.,negative,bug
"For some reason, the new interface looks clean This happens repeatedly.",positive,ui
"Honestly, every screen takes a long time to open",negative,performance
"For some reason, the app takes too long to load Please help.",negative,performance
"Today, the search results are incorrect Can you fix this?",negative,bug
"For some reason, the support experience was disappointing Please help.",negative,support
"Today, the customer care representative was helpful I need assistance.",positive,support
"Recently, i have not received a response from support Please look into it.",neutral,support
"Unfortunately, the menu layout is confusing",negative,ui
"Unfortunately, it would be useful to have a wishlist",neutral,feature_request
"Recently, the website is extremely slow today I need assistance.",negative,performance
Please add more payment methods Please help.,neutral,feature_request
"Honestly, the application closes unexpectedly This is frustrating.",negative,bug
"For some reason, my account login keeps failing Please help.",neutral,login
I noticed that the new interface looks clean,neutral,ui
"Recently, the OTP is not arriving during login",negative,login
It takes forever to open the dashboard Please look into it.,negative,performance
I am having trouble because please add notifications for price changes This is frustrating.,positive,feature_request
The application is lagging badly Can you fix this?,negative,performance
"Today, the website is extremely slow today I need assistance.",negative,performance
I am having trouble because i found a bug in the checkout process,negative,bug
I noticed that i am happy with the assistance I received This is frustrating.,negative,support
"Honestly, i cannot complete the payment I need assistance.",negative,payment
The app becomes slow during checkout Please help.,negative,performance
I noticed that the support staff were polite and professional Please look into it.,negative,support
"Today, i cannot complete the payment Please look into it.",negative,payment
"Honestly, money was deducted but the payment failed Please look into it.",negative,payment
"Recently, the customer care representative was helpful",positive,support
I noticed that the login page is not working Please help.,negative,login
"Unfortunately, the search results are incorrect I need assistance.",negative,bug
"Honestly, the transaction was declined I need assistance.",negative,payment
"Honestly, the customer care representative was helpful Please look into it.",positive,support
"Today, the support experience was disappointing Please help.",negative,support
I noticed that the card payment keeps failing This happens repeatedly.,negative,payment
"For some reason, uPI payment is not going through Can you fix this?",neutral,payment
Money was deducted but the payment failed Please look into it.,negative,payment
"For some reason, the support experience was disappointing Please help.",neutral,support
"Unfortunately, login takes me back to the sign in page This is frustrating.",negative,login
Can you add fingerprint login This is frustrating.,neutral,feature_request
I noticed that the design is simple and user friendly,negative,ui
I noticed that the application is very slow This happens repeatedly.,negative,performance
Please add a filter for previous orders,neutral,feature_request
"Honestly, every screen takes a long time to open This happens repeatedly.",negative,performance
The card payment keeps failing Please look into it.,neutral,payment
I am having trouble because the website is extremely slow today,negative,performance
"Honestly, support took too long to respond Please help.",positive,support
I noticed that i have not received a response from support Please help.,negative,support
"For some reason, the order status is displaying incorrectly I need assistance.",negative,bug
I am having trouble because the text on the screen is too small,positive,ui
"Recently, the application freezes frequently I need assistance.",negative,performance
"Today, the new interface looks clean Can you fix this?",positive,ui
The password reset link is not working I need assistance.,negative,login
"For some reason, the support team did not resolve my problem Please look into it.",negative,support
The search results are incorrect Can you fix this?,negative,bug
"Recently, the page becomes blank after clicking the button I need assistance.",negative,bug
"Today, something is broken in the application This is frustrating.",negative,bug
"Recently, the app crashes whenever I upload a file",negative,bug
"Recently, customer service was very helpful I need assistance.",negative,support
The website response time is very poor This is frustrating.,negative,performance
"Honestly, i found a bug in the checkout process This happens repeatedly.",negative,bug
"For some reason, the navigation is difficult to understand Please look into it.",neutral,ui
The OTP is not arriving during login,neutral,login
"Honestly, the app takes too long to load I need assistance.",negative,performance
I noticed that support took too long to respond Please look into it.,negative,support
"For some reason, can you add fingerprint login",neutral,feature_request
"For some reason, i cannot login to my account",negative,login
"Unfortunately, the transaction was declined Please look into it.",negative,payment
"Recently, the support staff were polite and professional Please look into it.",neutral,support
I am having trouble because i would like an option to download invoices,neutral,feature_request
"Recently, money was deducted but the payment failed",negative,payment
"Today, the buttons are difficult to find Please look into it.",neutral,ui
I noticed that please add a filter for previous orders Can you fix this?,neutral,feature_request
"For some reason, the page becomes blank after clicking the button Please help.",negative,bug
"For some reason, i am unable to pay for my order Can you fix this?",neutral,payment
"For some reason, every screen takes a long time to open This is frustrating.",negative,performance
"Unfortunately, the support team did not resolve my problem This happens repeatedly.",neutral,support
"For some reason, the buttons are difficult to find Please look into it.",neutral,ui
"For some reason, i forgot my password and cannot sign in Can you fix this?",neutral,login
"Unfortunately, the OTP is not arriving during login Please look into it.",negative,login
"Recently, it takes forever to open the dashboard This is frustrating.",negative,performance
"Honestly, the app logs me out whenever I try to sign in This is frustrating.",negative,login
The application freezes frequently,negative,performance
"Unfortunately, nobody from customer support has contacted me",negative,support
"Unfortunately, nobody from customer support has contacted me This happens repeatedly.",positive,support
"Today, please add more payment methods This happens repeatedly.",neutral,feature_request
"For some reason, the page becomes blank after clicking the button Please look into it.",negative,bug
"For some reason, the app shows an error after checkout Can you fix this?",negative,bug
Pages are loading slowly Please help.,negative,performance
"For some reason, the new interface looks clean Please help.",neutral,ui
"Unfortunately, please provide an option to change the language This is frustrating.",neutral,feature_request
I noticed that the notification is showing the wrong information This happens repeatedly.,negative,bug
"For some reason, the login page is not working Please help.",neutral,login
"For some reason, the application interface is easy to use",negative,ui
I am having trouble because the website response time is very poor,negative,performance
I am having trouble because the website response time is very poor This is frustrating.,negative,performance
"For some reason, every screen takes a long time to open I need assistance.",negative,performance
"For some reason, the notification is showing the wrong information This is frustrating.",negative,bug
"For some reason, please add a filter for previous orders Please help.",neutral,feature_request
"Recently, i have not received a response from support This is frustrating.",positive,support
"Recently, the app shows an error after checkout This is frustrating.",neutral,bug
"Unfortunately, the order status is displaying incorrectly This is frustrating.",negative,bug
I noticed that the application is very slow This is frustrating.,negative,performance
"Honestly, the app shows an error after checkout Can you fix this?",negative,bug
I am having trouble because the support staff were polite and professional Please look into it.,negative,support
"For some reason, the application closes unexpectedly This happens repeatedly.",negative,bug
Can you add fingerprint login This is frustrating.,positive,feature_request
"For some reason, the menu layout is confusing Please look into it.",positive,ui
I am having trouble because i have not received a response from support,negative,support
"Honestly, the application is very slow This happens repeatedly.",negative,performance
I noticed that the notification is showing the wrong information This happens repeatedly.,negative,bug
"Honestly, support took too long to respond Please help.",positive,support
My account login keeps failing This is frustrating.,negative,login
I am having trouble because the design is simple and user friendly Can you fix this?,neutral,ui
"Recently, the support team solved my issue quickly I need assistance.",neutral,support
"Recently, it takes forever to open the dashboard This is frustrating.",negative,performance
"Today, my payment failed while placing the order This happens repeatedly.",negative,payment
I am having trouble because i forgot my password and cannot sign in I need assistance.,negative,login
I noticed that the colors and layout make the app easy to use,neutral,ui
"Unfortunately, the dashboard looks great Please help.",neutral,ui
"For some reason, the order status is displaying incorrectly This happens repeatedly.",negative,bug
"Honestly, nobody from customer support has contacted me",negative,support
"For some reason, the application interface is easy to use Can you fix this?",negative,ui
"Recently, the new interface looks clean This happens repeatedly.",positive,ui
"Recently, support took too long to respond Please look into it.",positive,support
"Today, the payment page shows an error This is frustrating.",negative,payment
"Unfortunately, the app crashes whenever I upload a file",negative,bug
The page becomes blank after clicking the button Please look into it.,neutral,bug
"For some reason, the app becomes slow during checkout I need assistance.",negative,performance
"Today, i am unable to pay for my order I need assistance.",negative,payment
"Today, the buttons are difficult to find I need assistance.",negative,ui
I noticed that i cannot verify my account,negative,login
"For some reason, the app logs me out whenever I try to sign in Please help.",negative,login
"Honestly, my account login keeps failing This is frustrating.",negative,login
"Today, the login page is not working Can you fix this?",negative,login
I am unable to access my account,negative,login
I am having trouble because pages are loading slowly This is frustrating.,negative,performance
"For some reason, the application crashes when I open my profile Please help.",negative,bug
"Unfortunately, my payment is stuck",negative,payment
I am having trouble because the card payment keeps failing This happens repeatedly.,neutral,payment
I noticed that please add a filter for previous orders This happens repeatedly.,neutral,feature_request
"Honestly, please add notifications for price changes Please help.",neutral,feature_request
I am having trouble because i found a bug in the checkout process Please look into it.,neutral,bug
I noticed that the support team solved my issue quickly Can you fix this?,positive,support
"Honestly, something is broken in the application This is frustrating.",negative,bug
"Recently, money was deducted but the payment failed Please look into it.",negative,payment
"Unfortunately, i cannot complete the payment I need assistance.",negative,payment
"Unfortunately, the dashboard looks great Can you fix this?",positive,ui
I am having trouble because i would like an option to download invoices This happens repeatedly.,neutral,feature_request
I am having trouble because it would be great to have a dark theme Please help.,neutral,feature_request
I am having trouble because please add notifications for price changes,neutral,feature_request
I was charged but the order was not placed I need assistance.,neutral,payment
"Honestly, the buttons are difficult to find I need assistance.",positive,ui
"Unfortunately, the application interface is easy to use This happens repeatedly.",negative,ui
I am having trouble because the new interface looks clean Please look into it.,neutral,ui
I am having trouble because the payment page shows an error,negative,payment
"Today, my payment is stuck Can you fix this?",negative,payment
"Today, the colors and layout make the app easy to use This happens repeatedly.",negative,ui
"Recently, the notification is showing the wrong information I need assistance.",negative,bug
I am having trouble because something is broken in the application Please look into it.,negative,bug
My payment is stuck I need assistance.,negative,payment
"Unfortunately, support took too long to respond This happens repeatedly.",negative,support
The search results are incorrect This happens repeatedly.,neutral,bug
I am having trouble because nobody from customer support has contacted me Please help.,positive,support
"Honestly, please add dark mode to the application I need assistance.",neutral,feature_request
I noticed that the app takes too long to load Can you fix this?,negative,performance
"For some reason, it takes forever to open the dashboard Can you fix this?",negative,performance
"Unfortunately, i found a bug in the checkout process Please look into it.",negative,bug
"For some reason, the support experience was disappointing I need assistance.",positive,support
"Recently, the new interface looks clean Please help.",positive,ui
"Honestly, the colors and layout make the app easy to use Please help.",negative,ui
My account login keeps failing Can you fix this?,negative,login
"Recently, please add a filter for previous orders Please help.",neutral,feature_request
I noticed that i would like to schedule deliveries Can you fix this?,positive,feature_request
I am having trouble because it would be great to have a dark theme Can you fix this?,neutral,feature_request
"Recently, the app logs me out whenever I try to sign in I need assistance.",negative,login
"Unfortunately, the support team did not resolve my problem Please help.",positive,support
"Honestly, the payment page shows an error Please look into it.",negative,payment
"Today, support took too long to respond Please look into it.",negative,support
I noticed that the support team did not resolve my problem This happens repeatedly.,positive,support
The new interface looks clean This is frustrating.,neutral,ui
"Honestly, i was charged but the order was not placed This is frustrating.",neutral,payment
"Unfortunately, the password reset link is not working Can you fix this?",negative,login
"Today, the application is lagging badly I need assistance.",negative,performance
"Today, the page becomes blank after clicking the button Please look into it.",negative,bug
I am having trouble because the new interface looks clean,positive,ui
"Recently, the order status is displaying incorrectly Please help.",neutral,bug
"For some reason, i am unable to access my account This is frustrating.",negative,login
"Unfortunately, it would be useful to have a wishlist Please help.",positive,feature_request
"Unfortunately, my payment is stuck I need assistance.",negative,payment
"Honestly, pages are loading slowly",neutral,performance
The menu layout is confusing Can you fix this?,positive,ui
I noticed that customer service was very helpful,negative,support
"For some reason, the application is lagging badly This is frustrating.",negative,performance
The interface needs improvement This happens repeatedly.,positive,ui
I noticed that the dashboard looks great,positive,ui
"Unfortunately, the design is simple and user friendly Please look into it.",negative,ui
"Recently, the app becomes slow during checkout Can you fix this?",neutral,performance
"Honestly, the order status is displaying incorrectly",neutral,bug
"Recently, the card payment keeps failing This happens repeatedly.",negative,payment
"For some reason, pages are loading slowly Please help.",negative,performance
"For some reason, the page becomes blank after clicking the button Can you fix this?",negative,bug
"Recently, i forgot my password and cannot sign in",negative,login
"Today, the notification is showing the wrong information Please help.",negative,bug
"Honestly, i am unable to pay for my order Please help.",negative,payment
"Recently, it takes forever to open the dashboard This is frustrating.",negative,performance
"Honestly, the notification is showing the wrong information This is frustrating.",neutral,bug
I am having trouble because i found a bug in the checkout process I need assistance.,negative,bug
I am having trouble because the text on the screen is too small This is frustrating.,neutral,ui
"Unfortunately, i am happy with the assistance I received This happens repeatedly.",positive,support
"Unfortunately, the payment page shows an error This is frustrating.",negative,payment
"For some reason, the text on the screen is too small This happens repeatedly.",neutral,ui
"Recently, i cannot verify my account",negative,login
I noticed that the application freezes frequently This happens repeatedly.,negative,performance
"For some reason, the card payment keeps failing Please look into it.",negative,payment
"Honestly, nobody from customer support has contacted me This is frustrating.",positive,support
I noticed that i cannot verify my account This happens repeatedly.,negative,login
"Today, pages are loading slowly This is frustrating.",negative,performance
"Unfortunately, it would be useful to have a wishlist Please look into it.",neutral,feature_request
"Recently, the design is simple and user friendly I need assistance.",neutral,ui
I noticed that support took too long to respond Please help.,negative,support
"Today, every screen takes a long time to open Please help.",negative,performance
"Honestly, i forgot my password and cannot sign in Please help.",negative,login
"Recently, the app crashes whenever I upload a file Please look into it.",negative,bug
"Recently, the payment page shows an error Please help.",negative,payment
"For some reason, i found a bug in the checkout process Can you fix this?",negative,bug
"For some reason, i forgot my password and cannot sign in Please help.",negative,login
The app becomes slow during checkout Please help.,negative,performance
"Honestly, the transaction was declined This is frustrating.",negative,payment
"Honestly, the support staff were polite and professional",negative,support
"Recently, nobody from customer support has contacted me Can you fix this?",positive,support
Can you add fingerprint login Please look into it.,neutral,feature_request
"Today, please add dark mode to the application",positive,feature_request
"Honestly, the website response time is very poor This is frustrating.",negative,performance
The transaction was declined Can you fix this?,negative,payment
"Honestly, the application freezes frequently Can you fix this?",negative,performance
"Unfortunately, my payment is stuck Please look into it.",neutral,payment
I am having trouble because i am unable to access my account I need assistance.,neutral,login
I noticed that i found a bug in the checkout process,negative,bug
"Recently, i was charged but the order was not placed Please look into it.",negative,payment
"Today, can you add fingerprint login Please look into it.",neutral,feature_request
I noticed that the transaction was declined This is frustrating.,negative,payment
"Recently, the design is simple and user friendly Please look into it.",negative,ui
"Today, i am unable to pay for my order This happens repeatedly.",negative,payment
"For some reason, the support staff were polite and professional I need assistance.",negative,support
"Honestly, i would like to schedule deliveries I need assistance.",neutral,feature_request
"For some reason, the password reset link is not working Can you fix this?",negative,login
"Unfortunately, i would like an option to download invoices I need assistance.",positive,feature_request
Please provide an option to change the language Please help.,neutral,feature_request
"Recently, pages are loading slowly This happens repeatedly.",negative,performance
"Today, please add a filter for previous orders I need assistance.",neutral,feature_request
"Unfortunately, the password reset link is not working Can you fix this?",negative,login
"For some reason, the app becomes slow during checkout This happens repeatedly.",negative,performance
I am having trouble because the application is lagging badly Please help.,negative,performance
The app logs me out whenever I try to sign in Please help.,negative,login
"Today, i cannot complete the payment This is frustrating.",negative,payment
"Recently, i am happy with the assistance I received",neutral,support
"Today, please add more payment methods This happens repeatedly.",neutral,feature_request
The colors and layout make the app easy to use This happens repeatedly.,positive,ui
I noticed that the navigation is difficult to understand I need assistance.,positive,ui
I am having trouble because money was deducted but the payment failed,negative,payment
"Honestly, i am happy with the assistance I received This happens repeatedly.",positive,support
I would like to schedule deliveries This is frustrating.,neutral,feature_request
"Recently, the app crashes whenever I upload a file This is frustrating.",negative,bug
"Unfortunately, money was deducted but the payment failed Please look into it.",negative,payment
"Today, please provide an option to change the language This is frustrating.",neutral,feature_request
"Recently, the buttons are difficult to find This happens repeatedly.",positive,ui
I am having trouble because i was charged but the order was not placed,negative,payment
"Today, i would like to schedule deliveries I need assistance.",neutral,feature_request
"Unfortunately, support took too long to respond Can you fix this?",negative,support
"Recently, the page becomes blank after clicking the button Can you fix this?",negative,bug
"Today, the website response time is very poor Can you fix this?",negative,performance
"Unfortunately, i was charged but the order was not placed Please help.",negative,payment
"Today, i am happy with the assistance I received Can you fix this?",positive,support
I am having trouble because can you add fingerprint login This is frustrating.,neutral,feature_request
"Honestly, please add more payment methods I need assistance.",positive,feature_request
"Unfortunately, i cannot verify my account Can you fix this?",negative,login
I noticed that i forgot my password and cannot sign in Please help.,negative,login
The support staff were polite and professional Please look into it.,positive,support
I am having trouble because the application interface is easy to use Please help.,neutral,ui
"Honestly, i cannot complete the payment This is frustrating.",neutral,payment
I am having trouble because it would be useful to have a wishlist This happens repeatedly.,neutral,feature_request
"Honestly, the application is lagging badly Can you fix this?",negative,performance
I noticed that can you add fingerprint login,neutral,feature_request
"Today, the design is simple and user friendly I need assistance.",positive,ui
"Today, please add a filter for previous orders I need assistance.",neutral,feature_request
I am having trouble because the password reset link is not working Please look into it.,negative,login
The app crashes whenever I upload a file Please look into it.,neutral,bug
"Honestly, the order status is displaying incorrectly This is frustrating.",negative,bug
I noticed that please add dark mode to the application Can you fix this?,neutral,feature_request
"Recently, i cannot verify my account Can you fix this?",negative,login
"Recently, nobody from customer support has contacted me Can you fix this?",negative,support
"Honestly, please add more payment methods Please look into it.",positive,feature_request
"Recently, i cannot verify my account This happens repeatedly.",negative,login
"Honestly, can you add fingerprint login Please help.",neutral,feature_request
"Today, the page becomes blank after clicking the button This happens repeatedly.",neutral,bug
"For some reason, the payment page shows an error This is frustrating.",negative,payment
I noticed that the colors and layout make the app easy to use I need assistance.,negative,ui
I am having trouble because the notification is showing the wrong information Can you fix this?,negative,bug
I noticed that the card payment keeps failing I need assistance.,negative,payment
"For some reason, the support team did not resolve my problem This happens repeatedly.",negative,support
"Today, customer service was very helpful Can you fix this?",negative,support
"For some reason, the application is lagging badly",negative,performance
"Recently, customer service was very helpful This is frustrating.",neutral,support
The design is simple and user friendly Can you fix this?,neutral,ui
"Recently, the application interface is easy to use Please look into it.",neutral,ui
"For some reason, please add dark mode to the application Can you fix this?",neutral,feature_request
Every screen takes a long time to open Can you fix this?,negative,performance
"Honestly, the app crashes whenever I upload a file",negative,bug
"Honestly, the application is lagging badly This is frustrating.",negative,performance
"Unfortunately, my payment failed while placing the order This is frustrating.",negative,payment
I noticed that i would like an option to download invoices Please look into it.,neutral,feature_request
"Recently, pages are loading slowly",negative,performance
The support team did not resolve my problem This is frustrating.,neutral,support
"Today, i was charged but the order was not placed This is frustrating.",negative,payment
"Honestly, the support team solved my issue quickly",negative,support
"Recently, the colors and layout make the app easy to use Please help.",positive,ui
"For some reason, my account login keeps failing Can you fix this?",negative,login
I am having trouble because the app crashes whenever I upload a file Please help.,negative,bug
"For some reason, the app logs me out whenever I try to sign in",neutral,login
I am having trouble because the menu layout is confusing Can you fix this?,negative,ui
"Recently, the text on the screen is too small I need assistance.",positive,ui
"Honestly, support took too long to respond Please help.",neutral,support
The app logs me out whenever I try to sign in This is frustrating.,negative,login
I am happy with the assistance I received I need assistance.,negative,support
"Honestly, it would be useful to have a wishlist This happens repeatedly.",neutral,feature_request
I would like an option to download invoices Please help.,positive,feature_request
"Recently, the design is simple and user friendly I need assistance.",positive,ui
I noticed that i forgot my password and cannot sign in Please look into it.,negative,login
I am having trouble because the website is extremely slow today,negative,performance
"Unfortunately, my account login keeps failing This happens repeatedly.",negative,login
"Unfortunately, the support team did not resolve my problem Please look into it.",negative,support
The website is extremely slow today,negative,performance
"For some reason, the colors and layout make the app easy to use This is frustrating.",negative,ui
"Unfortunately, i would like to schedule deliveries This is frustrating.",neutral,feature_request
"Honestly, i am happy with the assistance I received",positive,support
"For some reason, the menu layout is confusing",positive,ui
I am having trouble because the support experience was disappointing Can you fix this?,negative,support
"Unfortunately, please add a filter for previous orders Can you fix this?",neutral,feature_request
"Recently, the app shows an error after checkout This is frustrating.",negative,bug
"Today, the application freezes frequently Please help.",negative,performance
I am having trouble because the menu layout is confusing,positive,ui
"Unfortunately, support took too long to respond I need assistance.",negative,support
"Unfortunately, it would be useful to have a wishlist I need assistance.",positive,feature_request
"Today, the card payment keeps failing This happens repeatedly.",negative,payment
I noticed that please add more payment methods Can you fix this?,neutral,feature_request
"For some reason, can you add fingerprint login Please help.",neutral,feature_request
"For some reason, the application crashes when I open my profile",negative,bug
"For some reason, i am unable to pay for my order This happens repeatedly.",negative,payment
I noticed that something is broken in the application Please help.,neutral,bug
"Today, the support experience was disappointing This is frustrating.",neutral,support
"Honestly, the interface needs improvement This is frustrating.",positive,ui
The app shows an error after checkout Can you fix this?,negative,bug
"Unfortunately, please provide an option to change the language Please help.",neutral,feature_request
"Unfortunately, please add notifications for price changes Please look into it.",positive,feature_request
I would like an option to download invoices,neutral,feature_request
"Recently, my account login keeps failing Please look into it.",negative,login
"Unfortunately, the menu layout is confusing This happens repeatedly.",neutral,ui
"Recently, please add more payment methods This is frustrating.",positive,feature_request
The application is lagging badly This is frustrating.,negative,performance
Please add notifications for price changes I need assistance.,neutral,feature_request
I noticed that the app shows an error after checkout Please look into it.,negative,bug
"Today, i cannot verify my account I need assistance.",negative,login
"Today, every screen takes a long time to open This is frustrating.",negative,performance
I noticed that the payment page shows an error Please look into it.,negative,payment
I noticed that i am unable to access my account Please help.,negative,login
"Today, my account login keeps failing",negative,login
"Recently, the website response time is very poor I need assistance.",negative,performance
"For some reason, nobody from customer support has contacted me Please help.",negative,support
"Today, my payment is stuck Please look into it.",negative,payment
"For some reason, the search results are incorrect Can you fix this?",neutral,bug
I am having trouble because i forgot my password and cannot sign in Please help.,negative,login
I noticed that my account login keeps failing This is frustrating.,negative,login
"Today, please add more payment methods Please help.",neutral,feature_request
I noticed that please add notifications for price changes I need assistance.,neutral,feature_request
"Recently, the application freezes frequently Please look into it.",negative,performance
"Today, i am unable to pay for my order This is frustrating.",negative,payment
"Recently, the OTP is not arriving during login This is frustrating.",negative,login
I noticed that pages are loading slowly Please help.,negative,performance
I am having trouble because the support team solved my issue quickly Please look into it.,positive,support
"Unfortunately, the navigation is difficult to understand Please help.",negative,ui
"Recently, the login page is not working Please look into it.",negative,login
"Unfortunately, support took too long to respond Can you fix this?",negative,support
I am having trouble because i am unable to pay for my order,negative,payment
Please provide an option to change the language Please look into it.,positive,feature_request
I noticed that the support team did not resolve my problem This is frustrating.,neutral,support
I noticed that i am unable to access my account,negative,login
"Unfortunately, the payment page shows an error Please look into it.",neutral,payment
"Unfortunately, the website response time is very poor Can you fix this?",negative,performance
"For some reason, the application is lagging badly This happens repeatedly.",neutral,performance
"Honestly, the interface needs improvement This happens repeatedly.",neutral,ui
I noticed that i cannot complete the payment This is frustrating.,negative,payment
"Today, the interface needs improvement Please help.",neutral,ui
The navigation is difficult to understand This happens repeatedly.,negative,ui
I have not received a response from support This happens repeatedly.,positive,support
"Unfortunately, money was deducted but the payment failed Please look into it.",negative,payment
"Today, support took too long to respond Can you fix this?",negative,support
I am having trouble because the dashboard looks great Please look into it.,positive,ui
"Honestly, please provide an option to change the language I need assistance.",neutral,feature_request
"Today, the order status is displaying incorrectly",negative,bug
"Today, i cannot login to my account Please look into it.",negative,login
I noticed that something is broken in the application,negative,bug
"Recently, the application is lagging badly Can you fix this?",negative,performance
"Recently, my account login keeps failing",negative,login
The application crashes when I open my profile Please look into it.,negative,bug
"Recently, the page becomes blank after clicking the button I need assistance.",negative,bug
"Honestly, i found a bug in the checkout process I need assistance.",negative,bug
"Honestly, the customer care representative was helpful I need assistance.",negative,support
"For some reason, i would like an option to download invoices",neutral,feature_request
"For some reason, the app crashes whenever I upload a file Please help.",negative,bug
I am having trouble because i cannot complete the payment Can you fix this?,negative,payment
I am having trouble because the notification is showing the wrong information This is frustrating.,negative,bug
"Recently, please add more payment methods Can you fix this?",neutral,feature_request
The design is simple and user friendly This happens repeatedly.,positive,ui
"Recently, the navigation is difficult to understand Please help.",neutral,ui
"Honestly, the app takes too long to load This happens repeatedly.",negative,performance
"Honestly, the card payment keeps failing This happens repeatedly.",neutral,payment
I am having trouble because please provide an option to change the language Please look into it.,neutral,feature_request
"Honestly, the app takes too long to load This is frustrating.",negative,performance
I noticed that nobody from customer support has contacted me Please look into it.,positive,support
"Today, the app logs me out whenever I try to sign in I need assistance.",negative,login
"Honestly, nobody from customer support has contacted me This is frustrating.",negative,support
"Recently, support took too long to respond This is frustrating.",positive,support
The OTP is not arriving during login Please look into it.,negative,login
"Honestly, the navigation is difficult to understand Can you fix this?",neutral,ui
I noticed that can you add fingerprint login,positive,feature_request
"Unfortunately, the app shows an error after checkout I need assistance.",negative,bug
"Unfortunately, the login page is not working",negative,login
"Today, the notification is showing the wrong information Please help.",negative,bug
I am having trouble because customer service was very helpful Can you fix this?,neutral,support
Nobody from customer support has contacted me Please look into it.,positive,support
"Honestly, it would be great to have a dark theme Can you fix this?",positive,feature_request
"Today, the application crashes when I open my profile",negative,bug
"Today, nobody from customer support has contacted me This happens repeatedly.",positive,support
I am having trouble because support took too long to respond Can you fix this?,positive,support
"Unfortunately, i cannot login to my account This happens repeatedly.",negative,login
I am having trouble because the payment page shows an error Please help.,negative,payment
I noticed that the application interface is easy to use Please look into it.,positive,ui
"Honestly, i found a bug in the checkout process",negative,bug
"Recently, the customer care representative was helpful Please look into it.",neutral,support
"Today, the design is simple and user friendly",negative,ui
"Honestly, the application interface is easy to use Can you fix this?",neutral,ui
The app shows an error after checkout I need assistance.,negative,bug
"Today, something is broken in the application Can you fix this?",negative,bug
"Unfortunately, my payment failed while placing the order Can you fix this?",negative,payment
Login takes me back to the sign in page Please look into it.,negative,login
"Unfortunately, the app crashes whenever I upload a file I need assistance.",negative,bug
"Unfortunately, the notification is showing the wrong information This happens repeatedly.",negative,bug
"Recently, the application is very slow",negative,performance
"For some reason, please provide an option to change the language Please help.",positive,feature_request
I noticed that the dashboard looks great This is frustrating.,negative,ui
"Unfortunately, the OTP is not arriving during login",negative,login
"Honestly, the notification is showing the wrong information I need assistance.",negative,bug
"Today, the order status is displaying incorrectly Can you fix this?",negative,bug
"Honestly, the app takes too long to load",negative,performance
"Recently, nobody from customer support has contacted me This happens repeatedly.",positive,support
I am having trouble because i found a bug in the checkout process,negative,bug
"Recently, it takes forever to open the dashboard",negative,performance
The app logs me out whenever I try to sign in I need assistance.,negative,login
"Today, i cannot verify my account I need assistance.",negative,login
"Today, i found a bug in the checkout process Please help.",negative,bug
"Today, it would be great to have a dark theme This happens repeatedly.",neutral,feature_request
"Today, it would be useful to have a wishlist I need assistance.",neutral,feature_request
"Recently, the support team solved my issue quickly Please help.",negative,support
"For some reason, the application crashes when I open my profile",negative,bug
"For some reason, something is broken in the application Please help.",negative,bug
"For some reason, the new interface looks clean This happens repeatedly.",neutral,ui
The application is very slow,negative,performance
"Recently, i am happy with the assistance I received This is frustrating.",negative,support
I am unable to access my account This happens repeatedly.,negative,login
"Recently, please provide an option to change the language This happens repeatedly.",neutral,feature_request
"Unfortunately, pages are loading slowly",negative,performance
I am having trouble because the website response time is very poor,negative,performance
The app shows an error after checkout I need assistance.,neutral,bug
The support team did not resolve my problem,positive,support
The customer care representative was helpful Please help.,positive,support
"Unfortunately, login takes me back to the sign in page This happens repeatedly.",negative,login
I am having trouble because the application crashes when I open my profile Please help.,negative,bug
I noticed that please provide an option to change the language This happens repeatedly.,neutral,feature_request
"Unfortunately, i cannot login to my account This is frustrating.",negative,login
"For some reason, the new interface looks clean This happens repeatedly.",negative,ui
"Recently, i am happy with the assistance I received Please look into it.",negative,support
I noticed that login takes me back to the sign in page I need assistance.,negative,login
"Today, it would be great to have a dark theme This is frustrating.",neutral,feature_request
"Today, it would be great to have a dark theme This happens repeatedly.",neutral,feature_request
"Recently, i cannot verify my account I need assistance.",negative,login
I noticed that it would be useful to have a wishlist This is frustrating.,neutral,feature_request
"Recently, the dashboard looks great Please look into it.",negative,ui
"Today, i found a bug in the checkout process I need assistance.",negative,bug
"Recently, i was charged but the order was not placed Please look into it.",negative,payment
"Honestly, pages are loading slowly Please help.",negative,performance
"Honestly, i was charged but the order was not placed I need assistance.",negative,payment
"Recently, i am unable to access my account Please look into it.",negative,login
The app crashes whenever I upload a file This is frustrating.,negative,bug
"Today, i found a bug in the checkout process Can you fix this?",negative,bug
I am having trouble because i was charged but the order was not placed,negative,payment
"Honestly, the navigation is difficult to understand This is frustrating.",positive,ui
I am having trouble because my payment is stuck This is frustrating.,neutral,payment
"Today, the menu layout is confusing",neutral,ui
I noticed that money was deducted but the payment failed This is frustrating.,negative,payment
"Today, i cannot login to my account Please look into it.",negative,login
"Honestly, i have not received a response from support This is frustrating.",negative,support
"Unfortunately, the application is very slow",negative,performance
I am having trouble because the application crashes when I open my profile This is frustrating.,neutral,bug
"Today, i would like an option to download invoices I need assistance.",neutral,feature_request
"Unfortunately, the page becomes blank after clicking the button Please look into it.",negative,bug
"Today, my account login keeps failing I need assistance.",negative,login
"For some reason, the app becomes slow during checkout Can you fix this?",negative,performance
Something is broken in the application Can you fix this?,negative,bug
"Recently, the website response time is very poor This happens repeatedly.",negative,performance
I noticed that please add dark mode to the application,neutral,feature_request
I noticed that uPI payment is not going through I need assistance.,negative,payment
"Honestly, the application crashes when I open my profile I need assistance.",negative,bug
"For some reason, support took too long to respond This happens repeatedly.",negative,support
"For some reason, every screen takes a long time to open Please look into it.",negative,performance
"Honestly, the dashboard looks great Can you fix this?",neutral,ui
"Unfortunately, the customer care representative was helpful Can you fix this?",positive,support
"Unfortunately, the interface needs improvement Please help.",neutral,ui
I am having trouble because the application closes unexpectedly Please help.,negative,bug
I was charged but the order was not placed Please look into it.,negative,payment
I noticed that it would be useful to have a wishlist Can you fix this?,neutral,feature_request
I am having trouble because the support staff were polite and professional This is frustrating.,positive,support
"Honestly, please provide an option to change the language This happens repeatedly.",neutral,feature_request
"Recently, the website response time is very poor Please help.",negative,performance
"Unfortunately, the support team did not resolve my problem",negative,support
"Recently, i found a bug in the checkout process",negative,bug
"Today, the design is simple and user friendly",positive,ui
"Recently, please provide an option to change the language Can you fix this?",neutral,feature_request
"Recently, the menu layout is confusing Can you fix this?",negative,ui
The search results are incorrect Can you fix this?,negative,bug
"Unfortunately, the payment page shows an error This happens repeatedly.",negative,payment
"For some reason, it would be useful to have a wishlist Please look into it.",positive,feature_request
"Unfortunately, the application closes unexpectedly This is frustrating.",neutral,bug
"Honestly, i found a bug in the checkout process I need assistance.",negative,bug
"Honestly, the password reset link is not working Please help.",negative,login
"Honestly, every screen takes a long time to open Can you fix this?",negative,performance
"Today, the app becomes slow during checkout I need assistance.",negative,performance
I am having trouble because something is broken in the application This happens repeatedly.,negative,bug
The search results are incorrect This is frustrating.,negative,bug
"Today, the application is very slow This is frustrating.",negative,performance
"Honestly, my payment failed while placing the order This happens repeatedly.",negative,payment
"Honestly, the support team did not resolve my problem This is frustrating.",positive,support
I am having trouble because the website is extremely slow today This is frustrating.,negative,performance
The notification is showing the wrong information Please look into it.,neutral,bug
"Recently, i cannot complete the payment This happens repeatedly.",negative,payment
"For some reason, the payment page shows an error",negative,payment
"Today, can you add fingerprint login",neutral,feature_request
"Unfortunately, the interface needs improvement This happens repeatedly.",positive,ui
I am having trouble because please add dark mode to the application This happens repeatedly.,neutral,feature_request
The support team solved my issue quickly Please look into it.,negative,support
"Today, the colors and layout make the app easy to use Can you fix this?",neutral,ui
"For some reason, the OTP is not arriving during login Please look into it.",negative,login
"Today, my payment is stuck Please look into it.",negative,payment
"Today, i am unable to pay for my order",negative,payment
I am having trouble because i would like an option to download invoices Please look into it.,neutral,feature_request
"Today, i would like an option to download invoices This is frustrating.",neutral,feature_request
The password reset link is not working This happens repeatedly.,negative,login
"Honestly, i forgot my password and cannot sign in Please look into it.",negative,login
"Unfortunately, the customer care representative was helpful This happens repeatedly.",negative,support
"Recently, the dashboard looks great",negative,ui
I am having trouble because support took too long to respond Please look into it.,negative,support
I am having trouble because the buttons are difficult to find Please help.,positive,ui
I noticed that please add notifications for price changes I need assistance.,neutral,feature_request
"For some reason, i was charged but the order was not placed",negative,payment
"Honestly, i am unable to access my account Please look into it.",negative,login
I noticed that the design is simple and user friendly Please help.,negative,ui
"Today, i was charged but the order was not placed This is frustrating.",negative,payment
The application closes unexpectedly,negative,bug
"Today, please add more payment methods",neutral,feature_request
"Honestly, it would be useful to have a wishlist Can you fix this?",neutral,feature_request
I noticed that the navigation is difficult to understand Please look into it.,positive,ui
"Unfortunately, i am unable to access my account Please help.",negative,login
"Recently, the support team did not resolve my problem This is frustrating.",positive,support
"Unfortunately, the app shows an error after checkout",negative,bug
I am having trouble because it takes forever to open the dashboard,negative,performance
"Honestly, i am happy with the assistance I received Please look into it.",positive,support
"Unfortunately, i cannot verify my account Please help.",negative,login
Customer service was very helpful This is frustrating.,positive,support
I am happy with the assistance I received Please help.,positive,support
I am having trouble because i forgot my password and cannot sign in Please help.,negative,login
"Unfortunately, i forgot my password and cannot sign in Please look into it.",negative,login
"For some reason, customer service was very helpful This is frustrating.",positive,support
"For some reason, please provide an option to change the language This happens repeatedly.",neutral,feature_request
"Unfortunately, money was deducted but the payment failed This happens repeatedly.",negative,payment
"Today, the interface needs improvement",negative,ui
I am having trouble because the card payment keeps failing Can you fix this?,negative,payment
"For some reason, it takes forever to open the dashboard This happens repeatedly.",negative,performance
I noticed that i cannot verify my account Can you fix this?,negative,login
"Unfortunately, the app shows an error after checkout Please help.",negative,bug
"Unfortunately, please add dark mode to the application This happens repeatedly.",neutral,feature_request
I am having trouble because i am unable to access my account Can you fix this?,negative,login
"Today, the website response time is very poor Please look into it.",negative,performance
"For some reason, the website is extremely slow today Can you fix this?",negative,performance
"Today, the application is very slow I need assistance.",negative,performance
"Today, the payment page shows an error",negative,payment
I noticed that every screen takes a long time to open This is frustrating.,negative,performance
"Honestly, the website response time is very poor Please help.",negative,performance
"For some reason, the payment page shows an error Can you fix this?",negative,payment
"Honestly, the website is extremely slow today Can you fix this?",negative,performance
The order status is displaying incorrectly Can you fix this?,negative,bug
"Today, please add more payment methods I need assistance.",positive,feature_request
The website is extremely slow today Please look into it.,negative,performance
Please add more payment methods Please look into it.,neutral,feature_request
My payment is stuck This is frustrating.,negative,payment
I am happy with the assistance I received Can you fix this?,negative,support
"Today, the support staff were polite and professional This happens repeatedly.",positive,support
"Recently, i have not received a response from support Please look into it.",positive,support
"Today, i cannot login to my account Please look into it.",negative,login
"Today, i am unable to access my account This is frustrating.",negative,login
I am having trouble because i cannot login to my account This is frustrating.,negative,login
I am having trouble because the colors and layout make the app easy to use This happens repeatedly.,negative,ui
I am having trouble because the customer care representative was helpful I need assistance.,negative,support
"Today, the application freezes frequently This is frustrating.",negative,performance
"Unfortunately, i cannot complete the payment Please help.",negative,payment
"Today, i forgot my password and cannot sign in Please help.",negative,login
"Today, money was deducted but the payment failed I need assistance.",negative,payment
The application is very slow This happens repeatedly.,negative,performance
I noticed that it takes forever to open the dashboard Can you fix this?,negative,performance
I am having trouble because the application is very slow This is frustrating.,negative,performance
"Honestly, the login page is not working This is frustrating.",negative,login
I was charged but the order was not placed,negative,payment
"Unfortunately, it takes forever to open the dashboard This happens repeatedly.",negative,performance
"Unfortunately, the colors and layout make the app easy to use Can you fix this?",neutral,ui
Please provide an option to change the language Please help.,neutral,feature_request
I noticed that the navigation is difficult to understand,positive,ui
"Recently, the support team did not resolve my problem Can you fix this?",negative,support
"Recently, the dashboard looks great This happens repeatedly.",negative,ui
"Honestly, the app logs me out whenever I try to sign in I need assistance.",negative,login
"Honestly, please add notifications for price changes",neutral,feature_request
I noticed that the application crashes when I open my profile Please look into it.,negative,bug
I am having trouble because the search results are incorrect This is frustrating.,negative,bug
I noticed that the app becomes slow during checkout Please help.,negative,performance
I am having trouble because please provide an option to change the language This is frustrating.,neutral,feature_request
"For some reason, the app shows an error after checkout I need assistance.",negative,bug
"Today, the app becomes slow during checkout Can you fix this?",negative,performance
I noticed that the payment page shows an error I need assistance.,negative,payment
I noticed that i am unable to access my account This is frustrating.,negative,login
The transaction was declined,negative,payment
"Today, the application is very slow",negative,performance
"Honestly, the support team did not resolve my problem This is frustrating.",positive,support
"Unfortunately, customer service was very helpful This happens repeatedly.",positive,support
"Honestly, please add more payment methods This is frustrating.",neutral,feature_request
"Today, the order status is displaying incorrectly Can you fix this?",negative,bug
I am having trouble because the menu layout is confusing This is frustrating.,negative,ui
The order status is displaying incorrectly Can you fix this?,neutral,bug
"For some reason, the payment page shows an error This happens repeatedly.",negative,payment
"Honestly, please add a filter for previous orders This is frustrating.",neutral,feature_request
"Recently, the app crashes whenever I upload a file Can you fix this?",negative,bug
I am having trouble because the support experience was disappointing This is frustrating.,negative,support
"Today, the support team did not resolve my problem Please look into it.",negative,support
I am having trouble because the notification is showing the wrong information I need assistance.,negative,bug
"Unfortunately, the page becomes blank after clicking the button This is frustrating.",negative,bug
I am having trouble because the order status is displaying incorrectly This is frustrating.,negative,bug
I noticed that the card payment keeps failing Please help.,negative,payment
