,CustomerID,Age,Gender,DeviceType,TrafficSource,PagesViewed,TimeOnSite,CartItems,PreviousPurchases,AverageOrderValue,DiscountUsed,Purchase
0,C00001,56,Male,Mobile,Email,4,1,5,4,190,1,1
1,C00002,46,Female,Mobile,Social Media,9,1,3,0,266,0,0
2,C00003,32,Female,Desktop,Search Engine,7,7,4,7,85,1,1
3,C00004,25,Male,Mobile,Direct,5,4,2,1,87,0,0
4,C00005,38,Female,Mobile,Social Media,7,7,0,9,53,1,1
5,C00006,56,Female,Tablet,Email,9,5,4,6,20,1,1
6,C00007,36,Female,Tablet,Search Engine,10,7,3,8,170,1,1
7,C00008,40,Female,Mobile,Email,6,7,4,0,291,0,0
8,C00009,28,Female,Mobile,Social Media,1,4,1,3,277,1,0
9,C00010,28,Female,Desktop,Email,6,2,2,6,257,0,0
10,C00011,41,Male,Mobile,Search Engine,1,8,0,8,135,0,1
11,C00012,53,Male,Tablet,Search Engine,13,2,5,1,95,0,1
12,C00013,57,Male,Mobile,Social Media,12,9,3,1,38,1,1
13,C00014,41,Male,Desktop,Search Engine,4,5,2,5,54,0,1
14,C00015,20,Male,Tablet,Email,14,9,3,2,260,0,1
15,C00016,39,Female,Tablet,Email,8,9,4,3,26,1,1
16,C00017,19,Male,Tablet,Direct,5,8,3,2,56,1,1
17,C00018,41,Male,Tablet,Direct,5,8,3,0,172,1,1
18,C00019,47,Female,Mobile,Direct,13,4,4,5,264,1,1
19,C00020,55,Female,Desktop,Email,10,4,4,1,269,0,0
20,C00021,19,Male,Mobile,Email,11,2,2,1,134,0,0
21,C00022,38,Female,Mobile,Social Media,8,4,0,6,60,0,0
22,C00023,50,Female,Tablet,Direct,8,4,4,4,81,0,0
23,C00024,29,Female,Desktop,Email,1,6,2,7,188,0,1
24,C00025,39,Female,Tablet,Social Media,13,3,3,1,161,1,0
25,C00026,42,Male,Mobile,Email,13,2,3,9,277,0,1
26,C00027,44,Female,Mobile,Social Media,5,8,5,7,107,1,1
27,C00028,59,Male,Tablet,Direct,12,2,1,6,67,1,0
28,C00029,45,Male,Mobile,Direct,5,8,4,9,31,0,1
29,C00030,33,Female,Mobile,Direct,8,7,2,7,230,0,1
30,C00031,32,Female,Tablet,Email,1,3,5,2,263,0,0
31,C00032,20,Female,Mobile,Email,7,6,2,7,258,1,1
32,C00033,54,Male,Desktop,Social Media,7,6,0,5,216,1,0
33,C00034,24,Female,Tablet,Search Engine,13,5,5,1,276,1,1
34,C00035,38,Female,Desktop,Search Engine,9,8,2,5,254,0,1
35,C00036,26,Female,Mobile,Direct,2,5,4,4,206,1,1
36,C00037,56,Female,Mobile,Search Engine,3,7,2,2,220,1,0
37,C00038,35,Female,Tablet,Direct,4,6,1,0,122,1,0
38,C00039,21,Male,Mobile,Social Media,1,7,3,6,240,1,1
39,C00040,42,Female,Tablet,Search Engine,7,9,3,1,206,0,0
40,C00041,31,Female,Tablet,Search Engine,14,3,5,0,118,1,1
41,C00042,26,Female,Tablet,Direct,10,7,2,0,264,0,0
42,C00043,43,Male,Tablet,Social Media,3,3,2,6,41,0,0
43,C00044,19,Female,Tablet,Search Engine,3,2,2,0,87,0,0
44,C00045,37,Male,Desktop,Search Engine,3,7,2,8,84,0,1
45,C00046,45,Male,Tablet,Search Engine,8,4,1,5,236,1,0
46,C00047,24,Female,Desktop,Social Media,9,1,4,3,48,0,0
47,C00048,25,Female,Mobile,Social Media,10,6,1,3,212,0,0
48,C00049,52,Female,Tablet,Search Engine,13,6,1,4,75,1,1
49,C00050,31,Male,Mobile,Direct,14,6,1,1,231,1,0
50,C00051,34,Male,Tablet,Direct,2,2,3,4,257,1,0
51,C00052,53,Male,Desktop,Search Engine,10,1,1,1,219,1,0
52,C00053,57,Male,Desktop,Social Media,10,3,2,3,197,0,0
53,C00054,21,Male,Desktop,Search Engine,1,2,1,9,172,1,1
54,C00055,19,Male,Mobile,Social Media,14,6,2,4,63,1,1
55,C00056,23,Female,Tablet,Search Engine,9,6,5,5,187,0,1
56,C00057,59,Female,Mobile,Social Media,6,5,4,5,216,0,0
57,C00058,21,Male,Desktop,Email,14,5,3,8,93,1,1
58,C00059,46,Female,Mobile,Direct,9,9,4,3,190,0,1
59,C00060,35,Female,Desktop,Email,6,5,5,4,202,1,1
60,C00061,43,Male,Desktop,Direct,2,6,4,5,35,1,1
61,C00062,51,Male,Desktop,Social Media,1,4,3,3,87,0,0
62,C00063,27,Female,Tablet,Email,14,1,2,5,61,0,0
63,C00064,53,Male,Tablet,Direct,8,4,5,1,129,0,0
64,C00065,31,Male,Desktop,Search Engine,3,2,5,6,60,0,1
65,C00066,48,Female,Mobile,Social Media,1,3,2,2,25,1,0
66,C00067,32,Male,Mobile,Social Media,8,7,2,9,200,1,1
67,C00068,25,Female,Tablet,Search Engine,12,7,3,3,292,0,1
68,C00069,31,Female,Desktop,Search Engine,1,1,1,8,204,1,0
69,C00070,40,Female,Mobile,Direct,8,8,0,4,163,0,0
70,C00071,57,Female,Desktop,Social Media,1,7,1,8,119,1,1
71,C00072,38,Female,Mobile,Direct,9,1,1,9,109,1,1
72,C00073,33,Male,Tablet,Search Engine,14,8,4,9,265,1,1
73,C00074,35,Male,Desktop,Social Media,9,2,0,9,258,1,1
74,C00075,41,Male,Desktop,Search Engine,12,8,2,9,231,1,1
75,C00076,43,Male,Mobile,Direct,13,3,1,5,100,1,0
76,C00077,42,Female,Mobile,Direct,9,7,3,7,134,0,1
77,C00078,58,Female,Mobile,Direct,3,6,1,4,295,0,0
78,C00079,46,Male,Desktop,Social Media,4,5,2,4,99,0,1
79,C00080,32,Female,Tablet,Search Engine,5,2,1,2,75,1,0
80,C00081,18,Male,Tablet,Search Engine,6,2,5,6,198,0,1
81,C00082,42,Male,Mobile,Direct,9,1,4,1,68,1,0
82,C00083,24,Male,Tablet,Direct,13,9,4,2,279,1,1
83,C00084,26,Female,Mobile,Direct,11,8,1,1,293,1,0
84,C00085,41,Female,Tablet,Direct,12,8,4,7,49,0,1
85,C00086,18,Female,Desktop,Email,4,1,3,3,271,1,0
86,C00087,25,Female,Mobile,Email,14,5,0,9,82,1,1
87,C00088,41,Male,Tablet,Email,14,6,1,7,101,0,1
88,C00089,28,Female,Desktop,Direct,6,2,3,7,188,0,0
89,C00090,34,Female,Tablet,Direct,13,5,5,7,177,0,1
90,C00091,25,Female,Desktop,Search Engine,1,6,3,7,75,1,0
91,C00092,52,Male,Desktop,Social Media,2,9,3,7,161,1,1
92,C00093,52,Male,Tablet,Search Engine,8,1,5,8,168,0,1
93,C00094,50,Female,Tablet,Email,4,3,2,1,245,1,0
94,C00095,22,Female,Desktop,Search Engine,10,9,1,8,44,1,1
95,C00096,59,Female,Desktop,Direct,7,1,1,7,197,1,0
96,C00097,56,Female,Desktop,Email,4,1,1,9,114,0,0
97,C00098,58,Male,Mobile,Email,14,1,0,0,72,1,0
98,C00099,45,Female,Desktop,Social Media,9,7,3,4,89,0,1
99,C00100,24,Female,Mobile,Social Media,9,5,1,1,195,0,0
100,C00101,26,Female,Desktop,Email,4,6,4,9,151,0,1
101,C00102,25,Male,Mobile,Email,13,8,2,4,232,1,1
102,C00103,29,Male,Desktop,Search Engine,8,2,5,7,230,1,1
103,C00104,51,Female,Desktop,Email,6,2,5,8,83,1,1
104,C00105,50,Female,Desktop,Direct,1,3,0,8,54,0,0
105,C00106,40,Female,Tablet,Search Engine,7,3,5,0,31,0,0
106,C00107,41,Female,Tablet,Direct,1,3,2,6,267,1,1
107,C00108,54,Female,Desktop,Direct,3,4,3,7,131,1,1
108,C00109,52,Male,Mobile,Direct,8,3,5,9,110,0,1
109,C00110,57,Male,Mobile,Email,9,2,5,2,48,1,1
110,C00111,39,Male,Desktop,Social Media,3,9,4,5,31,0,1
111,C00112,44,Female,Tablet,Social Media,1,6,3,2,166,0,0
112,C00113,52,Male,Mobile,Direct,1,3,1,8,156,0,0
113,C00114,18,Male,Tablet,Email,7,9,2,2,176,0,0
114,C00115,52,Male,Mobile,Search Engine,5,4,5,1,278,1,1
115,C00116,54,Female,Desktop,Direct,13,4,4,8,106,0,1
116,C00117,31,Female,Tablet,Search Engine,14,8,2,7,177,0,1
117,C00118,20,Male,Mobile,Search Engine,1,7,0,7,205,1,0
118,C00119,18,Female,Desktop,Email,6,7,4,1,248,0,0
119,C00120,22,Male,Desktop,Email,14,7,0,5,23,0,1
120,C00121,43,Male,Desktop,Social Media,6,5,5,4,76,0,0
121,C00122,31,Male,Tablet,Social Media,14,7,4,1,47,0,0
122,C00123,56,Male,Tablet,Email,4,4,1,4,35,1,0
123,C00124,44,Female,Desktop,Direct,7,8,2,3,32,1,1
124,C00125,26,Female,Tablet,Social Media,7,9,2,8,219,1,1
125,C00126,32,Female,Mobile,Search Engine,12,3,3,0,203,1,0
126,C00127,32,Female,Desktop,Direct,9,7,4,5,177,0,0
127,C00128,43,Male,Desktop,Search Engine,12,9,4,6,278,0,1
128,C00129,59,Female,Tablet,Email,1,1,0,5,176,1,0
129,C00130,30,Male,Desktop,Search Engine,5,2,4,4,113,0,0
130,C00131,49,Female,Mobile,Direct,10,7,2,3,286,1,1
131,C00132,56,Female,Tablet,Email,3,2,4,4,40,0,0
132,C00133,49,Female,Tablet,Direct,7,7,3,8,146,1,1
133,C00134,21,Male,Desktop,Search Engine,4,1,3,4,131,1,0
134,C00135,47,Male,Desktop,Direct,4,3,2,9,253,1,0
135,C00136,54,Male,Desktop,Email,13,5,2,7,53,1,1
136,C00137,40,Male,Tablet,Search Engine,12,6,2,6,99,0,1
137,C00138,56,Female,Desktop,Search Engine,1,9,4,3,102,0,1
138,C00139,32,Male,Mobile,Social Media,1,9,4,9,48,0,1
139,C00140,46,Male,Desktop,Social Media,10,3,1,4,150,1,0
140,C00141,53,Female,Desktop,Direct,2,8,5,6,30,1,1
141,C00142,30,Female,Tablet,Social Media,2,4,5,5,81,0,1
142,C00143,49,Male,Desktop,Social Media,1,7,0,2,52,0,0
143,C00144,24,Female,Tablet,Social Media,8,6,4,9,155,0,1
144,C00145,39,Male,Desktop,Social Media,6,8,1,2,107,0,0
145,C00146,45,Female,Mobile,Email,6,6,1,1,36,1,1
146,C00147,19,Male,Mobile,Email,10,4,3,2,110,1,0
147,C00148,59,Male,Tablet,Social Media,10,2,4,9,272,0,1
148,C00149,23,Male,Tablet,Direct,9,7,1,0,92,0,0
149,C00150,45,Male,Desktop,Email,5,4,3,8,225,0,0
150,C00151,45,Male,Desktop,Social Media,4,9,0,1,280,1,0
151,C00152,37,Female,Mobile,Email,11,9,3,2,197,0,1
152,C00153,47,Male,Desktop,Search Engine,6,7,0,4,239,1,0
153,C00154,28,Male,Mobile,Email,8,5,5,9,192,1,1
154,C00155,45,Male,Tablet,Email,14,3,5,3,184,0,1
155,C00156,42,Male,Desktop,Direct,1,3,2,4,239,0,0
156,C00157,56,Male,Tablet,Email,7,9,2,5,180,0,1
157,C00158,50,Female,Desktop,Direct,8,9,3,4,267,1,1
158,C00159,18,Female,Mobile,Search Engine,9,4,2,9,90,0,1
159,C00160,44,Male,Tablet,Social Media,11,1,4,0,111,0,0
160,C00161,30,Female,Tablet,Direct,8,5,3,5,264,1,1
161,C00162,58,Male,Desktop,Email,7,8,1,8,43,1,1
162,C00163,20,Female,Tablet,Email,3,4,4,2,64,1,0
163,C00164,56,Female,Mobile,Direct,2,4,3,1,208,0,0
164,C00165,23,Male,Tablet,Search Engine,3,9,5,5,102,1,1
165,C00166,25,Female,Tablet,Social Media,4,9,0,2,241,1,0
166,C00167,44,Female,Desktop,Email,4,7,2,3,238,1,1
167,C00168,26,Male,Tablet,Search Engine,6,8,2,5,237,1,1
168,C00169,54,Male,Desktop,Social Media,12,4,2,5,209,1,1
169,C00170,50,Female,Desktop,Social Media,7,8,3,1,86,0,0
170,C00171,59,Female,Tablet,Email,12,6,4,2,50,1,1
171,C00172,41,Female,Mobile,Direct,4,3,0,8,269,1,0
172,C00173,32,Male,Desktop,Email,10,7,2,1,73,1,1
173,C00174,49,Female,Tablet,Email,6,3,4,2,29,0,0
174,C00175,49,Female,Desktop,Email,9,7,1,8,185,0,1
175,C00176,41,Female,Mobile,Search Engine,14,5,5,3,172,1,1
176,C00177,58,Male,Mobile,Direct,6,4,1,0,51,1,0
177,C00178,29,Male,Desktop,Search Engine,14,3,0,1,36,1,0
178,C00179,56,Male,Mobile,Email,3,8,2,2,165,1,0
179,C00180,19,Male,Tablet,Direct,1,4,1,8,94,0,0
180,C00181,20,Female,Tablet,Social Media,11,8,5,8,143,0,1
181,C00182,54,Male,Desktop,Direct,10,3,4,5,71,0,0
182,C00183,34,Female,Mobile,Email,10,9,4,5,209,1,1
183,C00184,19,Female,Tablet,Direct,13,6,1,2,160,1,1
184,C00185,19,Female,Tablet,Social Media,5,5,2,4,107,0,0
185,C00186,45,Female,Tablet,Social Media,10,5,5,3,103,0,1
186,C00187,40,Male,Desktop,Direct,10,3,0,9,262,1,1
187,C00188,54,Male,Desktop,Social Media,3,2,2,9,125,0,1
188,C00189,49,Male,Tablet,Search Engine,8,6,3,8,111,0,1
189,C00190,50,Male,Tablet,Direct,10,1,1,8,40,0,0
190,C00191,18,Male,Mobile,Social Media,1,7,3,0,25,0,0
191,C00192,36,Female,Mobile,Social Media,11,5,1,7,240,0,1
192,C00193,19,Male,Mobile,Direct,2,4,0,8,106,1,0
193,C00194,43,Male,Desktop,Search Engine,3,9,2,4,199,1,1
194,C00195,49,Male,Tablet,Direct,3,1,5,3,265,1,0
195,C00196,23,Male,Desktop,Social Media,12,4,2,9,193,1,1
196,C00197,49,Female,Tablet,Direct,8,3,1,3,132,0,0
197,C00198,21,Female,Mobile,Social Media,5,6,4,1,90,1,1
198,C00199,28,Female,Mobile,Email,8,5,3,8,177,0,1
199,C00200,34,Female,Mobile,Direct,11,7,5,4,256,0,1
200,C00201,55,Female,Mobile,Direct,14,1,5,2,206,1,1
201,C00202,41,Male,Tablet,Social Media,11,5,2,5,262,1,1
202,C00203,22,Female,Mobile,Social Media,6,2,2,8,185,1,1
203,C00204,51,Female,Tablet,Social Media,12,2,1,8,53,1,1
204,C00205,23,Female,Tablet,Social Media,2,2,4,4,274,0,0
205,C00206,39,Male,Desktop,Direct,11,9,3,7,239,0,1
206,C00207,28,Male,Mobile,Social Media,4,3,4,3,51,0,0
207,C00208,33,Female,Mobile,Direct,9,4,5,4,276,1,1
208,C00209,50,Male,Desktop,Search Engine,4,5,4,6,252,1,1
209,C00210,26,Male,Tablet,Direct,5,4,1,6,234,0,0
210,C00211,23,Female,Mobile,Social Media,5,4,4,6,261,0,0
211,C00212,33,Male,Tablet,Social Media,10,5,3,7,264,1,1
212,C00213,46,Male,Desktop,Search Engine,8,9,5,4,39,1,1
213,C00214,20,Male,Tablet,Direct,6,9,0,0,229,0,0
214,C00215,37,Female,Mobile,Search Engine,10,6,5,8,229,0,1
215,C00216,53,Female,Tablet,Direct,7,3,0,8,91,0,0
216,C00217,36,Female,Tablet,Social Media,6,6,3,6,181,1,1
217,C00218,43,Male,Mobile,Direct,14,4,5,5,197,0,1
218,C00219,20,Female,Mobile,Social Media,14,3,5,4,30,0,0
219,C00220,36,Male,Tablet,Social Media,14,6,5,4,285,1,1
220,C00221,37,Male,Tablet,Email,5,6,5,2,27,0,0
221,C00222,49,Male,Desktop,Email,5,2,1,9,294,0,0
222,C00223,24,Female,Mobile,Direct,3,9,2,0,212,0,0
223,C00224,58,Female,Tablet,Social Media,7,8,5,5,278,1,1
224,C00225,50,Female,Mobile,Search Engine,13,6,1,7,72,1,1
225,C00226,57,Female,Desktop,Social Media,10,1,3,1,115,0,0
226,C00227,56,Male,Tablet,Search Engine,5,2,5,7,111,1,1
227,C00228,35,Female,Tablet,Direct,7,4,4,7,163,0,0
228,C00229,57,Male,Tablet,Direct,2,7,5,9,37,0,1
229,C00230,18,Female,Mobile,Search Engine,9,9,5,7,145,1,1
230,C00231,28,Female,Desktop,Search Engine,8,5,0,9,173,0,1
231,C00232,45,Female,Mobile,Social Media,5,2,4,2,25,1,0
232,C00233,42,Male,Tablet,Direct,2,1,5,9,107,1,0
233,C00234,40,Male,Desktop,Social Media,6,1,5,7,288,0,1
234,C00235,48,Male,Tablet,Search Engine,8,5,5,3,84,0,0
235,C00236,47,Male,Tablet,Email,7,7,1,2,185,1,0
236,C00237,59,Male,Mobile,Email,8,9,3,8,83,1,1
237,C00238,52,Female,Tablet,Email,4,9,0,7,289,0,0
238,C00239,24,Male,Desktop,Search Engine,14,8,5,9,164,1,1
239,C00240,33,Male,Tablet,Social Media,3,1,3,1,288,0,0
240,C00241,43,Male,Tablet,Direct,7,5,0,7,25,0,0
241,C00242,19,Male,Mobile,Search Engine,2,6,0,2,140,1,0
242,C00243,18,Female,Desktop,Email,14,6,0,9,151,0,1
243,C00244,29,Male,Mobile,Social Media,5,4,5,5,208,1,1
244,C00245,22,Female,Tablet,Direct,13,1,1,4,228,0,0
245,C00246,54,Female,Mobile,Direct,7,3,5,7,61,0,1
246,C00247,49,Female,Mobile,Search Engine,1,4,5,8,97,0,1
247,C00248,26,Male,Mobile,Search Engine,4,4,3,6,164,0,1
248,C00249,58,Female,Mobile,Direct,2,4,2,5,190,0,0
249,C00250,52,Male,Tablet,Direct,6,5,2,5,112,0,1
250,C00251,36,Male,Tablet,Email,12,9,2,0,282,1,0
251,C00252,33,Male,Desktop,Direct,1,4,3,4,42,1,0
252,C00253,20,Male,Mobile,Search Engine,7,9,4,7,161,0,1
253,C00254,37,Male,Mobile,Social Media,3,9,3,5,167,1,1
254,C00255,41,Female,Desktop,Email,12,1,0,0,135,1,0
255,C00256,50,Female,Mobile,Email,1,5,5,4,100,1,1
256,C00257,41,Male,Desktop,Direct,8,9,4,4,44,1,1
257,C00258,28,Female,Tablet,Social Media,7,4,0,2,134,1,0
258,C00259,25,Male,Desktop,Email,2,5,5,7,113,0,1
259,C00260,53,Female,Mobile,Search Engine,7,4,5,8,204,0,1
260,C00261,55,Female,Desktop,Direct,3,2,0,5,174,0,0
261,C00262,57,Female,Tablet,Search Engine,13,2,3,5,193,0,1
262,C00263,37,Female,Mobile,Direct,9,2,2,1,192,0,0
263,C00264,52,Female,Tablet,Email,8,1,4,9,173,1,1
264,C00265,42,Male,Tablet,Direct,5,3,5,1,33,1,0
265,C00266,52,Male,Desktop,Social Media,7,1,1,5,147,0,0
266,C00267,42,Female,Tablet,Search Engine,3,4,5,7,111,0,1
267,C00268,46,Male,Mobile,Social Media,1,1,2,1,290,1,0
268,C00269,35,Female,Tablet,Search Engine,1,4,5,8,241,0,1
269,C00270,35,Male,Tablet,Search Engine,11,3,1,8,127,0,0
270,C00271,19,Female,Desktop,Direct,2,9,3,3,47,1,1
271,C00272,52,Female,Tablet,Email,8,1,5,3,216,0,0
272,C00273,33,Female,Desktop,Email,1,8,4,3,219,0,0
273,C00274,58,Male,Desktop,Social Media,11,9,3,4,173,0,1
274,C00275,53,Male,Mobile,Direct,12,7,1,7,89,0,1
275,C00276,50,Female,Mobile,Email,5,1,0,1,179,0,0
276,C00277,21,Female,Mobile,Search Engine,9,4,5,4,122,1,1
277,C00278,50,Male,Mobile,Search Engine,12,1,3,1,255,0,1
278,C00279,31,Male,Desktop,Direct,9,4,5,7,208,0,1
279,C00280,38,Male,Tablet,Social Media,2,3,4,0,128,1,0
280,C00281,37,Male,Mobile,Direct,7,2,5,6,274,0,1
281,C00282,25,Male,Mobile,Social Media,11,1,3,2,212,0,0
282,C00283,24,Female,Mobile,Direct,1,6,2,3,90,1,0
283,C00284,20,Male,Tablet,Search Engine,3,7,3,7,288,1,1
284,C00285,34,Female,Mobile,Direct,6,6,1,2,228,1,0
285,C00286,50,Female,Tablet,Email,9,9,3,6,195,1,1
286,C00287,29,Male,Desktop,Email,10,9,4,0,258,1,1
287,C00288,39,Male,Desktop,Direct,2,2,3,8,117,0,0
288,C00289,39,Female,Desktop,Social Media,7,2,3,5,108,1,0
289,C00290,47,Male,Tablet,Social Media,4,9,4,2,271,1,0
290,C00291,55,Female,Mobile,Search Engine,2,1,3,6,118,1,1
291,C00292,55,Male,Mobile,Search Engine,3,5,4,4,173,1,0
292,C00293,25,Male,Mobile,Social Media,6,1,1,7,50,0,0
293,C00294,44,Male,Mobile,Direct,10,7,4,7,150,1,1
294,C00295,44,Female,Mobile,Search Engine,9,9,1,8,235,0,1
295,C00296,51,Male,Tablet,Social Media,8,6,1,5,34,0,0
296,C00297,38,Female,Desktop,Social Media,10,2,4,3,286,1,1
297,C00298,47,Male,Mobile,Direct,14,6,3,1,62,0,0
298,C00299,50,Female,Desktop,Email,11,9,5,2,187,0,1
299,C00300,45,Male,Tablet,Social Media,9,3,2,4,274,0,0
300,C00301,50,Female,Tablet,Search Engine,4,9,5,7,189,1,1
301,C00302,22,Female,Mobile,Direct,12,8,4,9,278,1,1
302,C00303,36,Female,Tablet,Direct,4,7,3,1,97,0,0
303,C00304,21,Female,Desktop,Direct,9,8,1,4,104,1,1
304,C00305,52,Female,Mobile,Email,8,6,0,8,168,1,0
305,C00306,34,Female,Mobile,Email,12,3,2,1,220,1,0
306,C00307,45,Male,Desktop,Search Engine,2,7,5,7,96,0,1
307,C00308,47,Female,Mobile,Search Engine,8,4,3,2,269,1,1
308,C00309,46,Female,Mobile,Direct,1,5,2,7,72,1,1
309,C00310,23,Female,Desktop,Search Engine,9,8,0,3,128,0,0
310,C00311,52,Male,Mobile,Social Media,9,7,0,3,107,1,0
311,C00312,58,Male,Mobile,Email,13,7,0,6,185,0,0
312,C00313,54,Male,Desktop,Direct,8,8,5,4,286,1,1
313,C00314,41,Female,Tablet,Direct,11,3,4,3,112,1,0
314,C00315,46,Male,Desktop,Social Media,5,3,2,6,192,1,0
315,C00316,48,Male,Mobile,Social Media,5,2,4,2,83,1,1
316,C00317,52,Female,Desktop,Social Media,13,1,0,8,145,0,0
317,C00318,50,Female,Mobile,Social Media,3,6,3,4,249,1,0
318,C00319,38,Male,Mobile,Direct,5,6,0,2,124,0,0
319,C00320,49,Female,Desktop,Email,4,8,4,1,228,0,0
320,C00321,40,Female,Mobile,Email,1,6,0,6,81,1,0
321,C00322,50,Female,Tablet,Social Media,9,6,0,6,259,1,0
322,C00323,20,Female,Mobile,Search Engine,10,1,4,4,80,1,1
323,C00324,35,Male,Desktop,Direct,14,7,4,3,31,1,1
324,C00325,42,Female,Tablet,Email,4,7,3,1,156,1,0
325,C00326,59,Male,Tablet,Social Media,3,9,4,1,214,1,0
326,C00327,48,Male,Mobile,Search Engine,6,7,3,6,93,1,1
327,C00328,20,Male,Desktop,Search Engine,1,8,1,9,155,1,1
328,C00329,57,Male,Mobile,Social Media,5,4,1,6,62,1,0
329,C00330,41,Female,Mobile,Direct,7,9,4,3,58,0,1
330,C00331,49,Female,Desktop,Email,2,1,0,3,50,1,0
331,C00332,39,Female,Desktop,Search Engine,10,8,2,3,161,1,0
332,C00333,40,Male,Mobile,Email,9,3,0,1,63,0,0
333,C00334,19,Male,Tablet,Email,12,1,4,8,207,1,1
334,C00335,44,Male,Mobile,Search Engine,6,2,3,0,21,1,0
335,C00336,59,Female,Tablet,Social Media,2,6,0,7,43,0,0
336,C00337,19,Male,Mobile,Search Engine,8,5,1,5,123,1,1
337,C00338,43,Female,Desktop,Search Engine,8,3,5,9,81,0,1
338,C00339,34,Female,Tablet,Direct,1,9,4,6,172,1,1
339,C00340,57,Female,Desktop,Email,12,8,0,4,282,1,0
340,C00341,50,Female,Desktop,Social Media,1,3,5,5,262,1,1
341,C00342,26,Male,Desktop,Email,1,2,0,5,140,0,0
342,C00343,56,Female,Desktop,Search Engine,12,8,3,8,192,0,1
343,C00344,46,Male,Desktop,Social Media,4,5,3,9,122,0,1
344,C00345,59,Female,Mobile,Social Media,4,9,3,3,179,0,0
345,C00346,43,Male,Tablet,Social Media,8,1,5,4,276,1,1
346,C00347,52,Male,Mobile,Social Media,1,3,2,3,221,0,0
347,C00348,42,Female,Mobile,Direct,10,5,5,0,64,1,0
348,C00349,41,Female,Mobile,Social Media,3,2,4,9,83,1,1
349,C00350,30,Female,Desktop,Search Engine,11,3,4,5,215,1,1
350,C00351,24,Male,Mobile,Direct,1,4,1,4,89,1,0
351,C00352,53,Female,Tablet,Search Engine,9,4,1,3,200,1,0
352,C00353,37,Female,Mobile,Search Engine,10,9,4,5,266,0,1
353,C00354,18,Male,Desktop,Email,12,1,0,4,177,1,1
354,C00355,25,Female,Tablet,Social Media,9,9,4,2,205,1,1
355,C00356,33,Male,Tablet,Social Media,7,9,2,1,250,0,0
356,C00357,31,Female,Tablet,Search Engine,13,6,1,5,92,1,0
357,C00358,29,Male,Tablet,Social Media,12,1,1,3,74,0,0
358,C00359,40,Male,Mobile,Direct,8,6,5,9,262,1,1
359,C00360,32,Female,Desktop,Email,1,8,1,2,234,0,0
360,C00361,45,Male,Tablet,Social Media,5,5,4,7,34,1,0
361,C00362,51,Female,Tablet,Social Media,14,5,1,8,166,1,1
362,C00363,19,Female,Desktop,Direct,2,1,1,6,163,0,0
363,C00364,49,Male,Mobile,Email,13,1,5,1,44,1,0
364,C00365,40,Female,Tablet,Direct,1,8,4,7,118,1,1
365,C00366,39,Male,Mobile,Search Engine,3,5,0,4,198,0,0
366,C00367,42,Male,Mobile,Search Engine,7,8,1,9,193,0,1
367,C00368,39,Male,Mobile,Social Media,1,2,1,6,282,1,0
368,C00369,39,Male,Mobile,Email,11,4,1,4,77,0,0
369,C00370,59,Male,Tablet,Search Engine,2,9,2,1,298,1,0
370,C00371,23,Male,Tablet,Direct,2,3,4,3,164,0,0
371,C00372,32,Male,Mobile,Search Engine,4,6,1,4,141,0,0
372,C00373,54,Male,Mobile,Search Engine,12,7,2,5,46,0,1
373,C00374,50,Female,Desktop,Direct,3,3,0,4,85,1,0
374,C00375,25,Female,Desktop,Social Media,3,1,0,9,120,1,0
375,C00376,22,Male,Desktop,Email,10,2,5,0,113,1,0
376,C00377,56,Female,Tablet,Social Media,5,7,5,0,86,0,1
377,C00378,21,Female,Desktop,Direct,3,7,5,2,269,1,1
378,C00379,23,Female,Tablet,Search Engine,11,1,2,8,161,1,1
379,C00380,49,Female,Tablet,Email,7,7,0,1,286,0,0
380,C00381,47,Female,Tablet,Social Media,5,6,5,9,59,0,1
381,C00382,52,Female,Tablet,Direct,4,6,3,4,234,1,1
382,C00383,57,Male,Desktop,Search Engine,12,7,5,8,150,1,1
383,C00384,33,Female,Mobile,Search Engine,3,7,0,6,20,1,0
384,C00385,30,Female,Mobile,Social Media,12,1,3,7,28,1,1
385,C00386,59,Female,Mobile,Direct,4,5,2,1,163,1,0
386,C00387,47,Female,Desktop,Search Engine,14,8,3,4,157,0,1
387,C00388,36,Male,Mobile,Search Engine,12,8,0,8,198,1,1
388,C00389,34,Male,Desktop,Email,2,3,1,0,297,1,0
389,C00390,36,Male,Desktop,Search Engine,1,3,3,0,163,1,0
390,C00391,45,Male,Desktop,Social Media,3,7,0,9,209,0,1
391,C00392,43,Female,Mobile,Direct,11,4,5,7,289,0,1
392,C00393,54,Male,Mobile,Direct,2,6,1,1,206,1,0
393,C00394,43,Male,Mobile,Email,1,9,2,8,173,1,1
394,C00395,40,Male,Tablet,Direct,1,2,2,9,191,1,1
395,C00396,26,Male,Desktop,Social Media,2,2,4,8,266,1,1
396,C00397,29,Female,Tablet,Search Engine,13,6,2,3,30,0,1
397,C00398,18,Male,Desktop,Email,13,3,4,1,66,1,1
398,C00399,18,Female,Mobile,Direct,9,1,2,2,285,1,0
399,C00400,51,Male,Desktop,Email,13,2,2,9,130,1,1
400,C00401,49,Female,Desktop,Email,13,7,2,0,298,0,0
401,C00402,42,Female,Tablet,Direct,5,4,4,2,271,0,0
402,C00403,57,Male,Desktop,Email,9,2,5,4,95,0,1
403,C00404,18,Male,Mobile,Direct,8,8,4,2,194,0,0
404,C00405,33,Male,Desktop,Social Media,13,4,3,2,128,0,0
405,C00406,56,Male,Desktop,Direct,11,4,0,9,33,1,1
406,C00407,22,Female,Desktop,Search Engine,6,2,0,5,200,0,0
407,C00408,39,Female,Tablet,Direct,1,1,5,2,291,1,0
408,C00409,46,Male,Desktop,Search Engine,10,1,0,2,62,1,0
409,C00410,20,Male,Desktop,Email,5,3,2,8,121,1,0
410,C00411,29,Female,Tablet,Direct,12,6,5,1,132,0,0
411,C00412,43,Male,Tablet,Search Engine,1,7,0,0,212,0,0
412,C00413,33,Female,Tablet,Direct,7,9,4,9,28,0,1
413,C00414,54,Male,Tablet,Direct,10,5,3,7,168,1,1
414,C00415,39,Female,Mobile,Direct,14,9,1,2,243,1,0
415,C00416,46,Female,Mobile,Social Media,11,8,3,6,129,0,1
416,C00417,31,Female,Desktop,Search Engine,8,1,0,1,103,0,0
417,C00418,45,Female,Mobile,Social Media,8,3,5,7,62,0,0
418,C00419,22,Female,Desktop,Social Media,7,8,0,8,85,1,1
419,C00420,47,Male,Mobile,Search Engine,2,9,4,7,128,1,1
420,C00421,22,Female,Tablet,Direct,5,4,3,7,121,0,0
421,C00422,29,Male,Tablet,Social Media,4,6,4,7,154,1,0
422,C00423,33,Female,Mobile,Social Media,5,4,4,6,105,1,1
423,C00424,43,Female,Mobile,Social Media,10,9,1,1,103,0,0
424,C00425,43,Male,Desktop,Direct,9,2,4,7,246,1,1
425,C00426,38,Male,Desktop,Social Media,4,6,4,4,279,1,1
426,C00427,56,Male,Desktop,Email,12,3,1,5,39,1,0
427,C00428,53,Male,Tablet,Search Engine,8,4,2,3,54,0,0
428,C00429,50,Female,Tablet,Email,8,2,2,0,262,1,0
429,C00430,47,Male,Tablet,Direct,2,8,5,4,289,1,1
430,C00431,54,Female,Tablet,Social Media,14,8,1,2,242,0,0
431,C00432,40,Male,Desktop,Search Engine,6,1,5,8,177,0,1
432,C00433,27,Male,Tablet,Social Media,5,6,5,3,55,1,1
433,C00434,22,Female,Tablet,Direct,2,1,4,9,48,1,0
434,C00435,53,Female,Tablet,Search Engine,12,6,5,1,274,1,1
435,C00436,51,Male,Tablet,Email,10,7,0,3,161,0,1
436,C00437,48,Female,Mobile,Search Engine,4,2,3,2,153,0,0
437,C00438,27,Female,Desktop,Social Media,7,9,0,2,163,1,1
438,C00439,36,Female,Desktop,Search Engine,13,8,0,4,264,0,0
439,C00440,49,Female,Tablet,Direct,1,9,4,0,273,0,1
440,C00441,18,Female,Mobile,Direct,9,4,3,4,24,0,0
441,C00442,22,Female,Desktop,Search Engine,10,4,5,7,285,0,1
442,C00443,21,Female,Desktop,Direct,12,8,3,9,258,0,1
443,C00444,33,Female,Tablet,Direct,1,1,5,8,269,0,1
444,C00445,41,Male,Tablet,Direct,12,8,2,0,50,1,0
445,C00446,33,Female,Desktop,Email,5,7,1,1,139,1,0
446,C00447,19,Male,Desktop,Social Media,7,7,4,1,98,1,1
447,C00448,45,Female,Mobile,Direct,8,9,5,5,28,0,1
448,C00449,49,Female,Desktop,Search Engine,2,7,5,0,63,1,0
449,C00450,44,Female,Desktop,Direct,4,2,3,0,241,1,0
450,C00451,37,Female,Tablet,Email,2,1,4,1,163,0,0
451,C00452,41,Male,Desktop,Search Engine,4,1,5,3,139,1,0
452,C00453,29,Male,Tablet,Social Media,6,7,2,1,72,1,0
453,C00454,52,Female,Desktop,Search Engine,6,5,0,3,84,1,0
454,C00455,50,Male,Desktop,Search Engine,12,4,5,2,195,1,1
455,C00456,50,Female,Desktop,Search Engine,13,5,3,2,89,0,0
456,C00457,54,Female,Mobile,Search Engine,2,6,2,8,140,1,1
457,C00458,29,Male,Tablet,Direct,11,6,4,7,222,0,1
458,C00459,20,Male,Mobile,Social Media,4,1,5,9,199,0,1
459,C00460,18,Female,Desktop,Direct,4,2,2,8,100,1,0
460,C00461,50,Female,Mobile,Email,14,3,2,0,74,0,0
461,C00462,57,Male,Tablet,Email,1,4,2,4,198,0,0
462,C00463,27,Female,Desktop,Search Engine,14,6,2,3,117,0,1
463,C00464,46,Male,Mobile,Direct,2,9,2,8,129,0,1
464,C00465,30,Female,Mobile,Direct,14,2,2,2,172,1,0
465,C00466,29,Female,Tablet,Social Media,3,8,1,4,144,1,1
466,C00467,48,Male,Mobile,Social Media,13,9,4,7,110,0,1
467,C00468,19,Male,Tablet,Social Media,11,2,0,9,56,0,1
468,C00469,52,Male,Desktop,Direct,5,9,4,4,24,0,0
469,C00470,40,Female,Desktop,Social Media,11,7,3,8,169,0,1
470,C00471,34,Female,Mobile,Social Media,8,9,3,1,191,1,1
471,C00472,43,Female,Desktop,Social Media,6,6,4,5,281,0,0
472,C00473,25,Female,Desktop,Search Engine,3,2,2,4,46,1,0
473,C00474,46,Male,Mobile,Email,6,8,1,8,74,0,1
474,C00475,43,Female,Desktop,Email,7,9,0,6,268,0,1
475,C00476,27,Female,Mobile,Direct,6,8,5,7,292,0,1
476,C00477,43,Female,Tablet,Direct,10,2,5,6,278,1,1
477,C00478,51,Male,Tablet,Search Engine,6,8,2,9,285,1,1
478,C00479,58,Female,Tablet,Email,1,3,4,9,210,1,1
479,C00480,24,Female,Mobile,Social Media,3,3,5,4,82,0,1
480,C00481,21,Male,Mobile,Social Media,7,9,4,4,123,1,1
481,C00482,28,Female,Desktop,Direct,4,9,1,3,278,0,0
482,C00483,46,Female,Desktop,Email,12,9,1,1,180,0,1
483,C00484,53,Male,Desktop,Direct,4,4,4,8,190,1,1
484,C00485,42,Female,Desktop,Direct,7,7,2,9,128,0,1
485,C00486,38,Female,Desktop,Social Media,9,8,2,9,159,1,1
486,C00487,53,Female,Mobile,Social Media,14,5,2,9,112,0,1
487,C00488,27,Male,Mobile,Email,11,1,5,9,122,0,1
488,C00489,54,Female,Tablet,Direct,13,9,0,2,245,0,0
489,C00490,26,Female,Tablet,Search Engine,13,6,0,2,179,0,0
490,C00491,41,Male,Tablet,Email,2,3,2,2,214,0,0
491,C00492,52,Male,Tablet,Direct,9,3,4,7,164,1,1
492,C00493,52,Female,Mobile,Email,3,1,1,5,261,0,0
493,C00494,53,Female,Mobile,Email,6,8,3,0,151,0,0
494,C00495,35,Female,Mobile,Email,4,2,1,2,112,1,0
495,C00496,56,Female,Desktop,Search Engine,1,1,1,3,292,1,0
496,C00497,49,Male,Desktop,Search Engine,9,7,3,1,211,0,0
497,C00498,41,Female,Tablet,Social Media,11,9,2,5,41,1,1
498,C00499,40,Male,Desktop,Social Media,6,6,1,9,213,0,1
499,C00500,49,Male,Mobile,Direct,8,8,3,0,189,1,0
500,C00501,54,Female,Tablet,Email,2,8,5,0,30,1,0
501,C00502,29,Female,Tablet,Direct,7,9,4,7,200,0,1
502,C00503,30,Male,Desktop,Social Media,6,7,4,3,251,1,1
503,C00504,40,Male,Tablet,Search Engine,2,9,4,0,48,0,0
504,C00505,42,Female,Desktop,Social Media,2,9,2,6,39,0,1
505,C00506,52,Male,Desktop,Direct,4,1,1,8,24,0,0
506,C00507,58,Female,Tablet,Social Media,4,6,1,9,53,1,0
507,C00508,47,Female,Desktop,Direct,3,8,0,6,159,0,1
508,C00509,34,Male,Desktop,Direct,8,9,4,0,47,1,0
509,C00510,37,Male,Desktop,Direct,14,4,2,0,117,0,0
510,C00511,42,Female,Desktop,Direct,7,2,3,0,281,1,0
511,C00512,39,Male,Tablet,Social Media,2,9,2,7,265,1,1
512,C00513,30,Female,Mobile,Direct,3,9,1,6,38,1,0
513,C00514,36,Female,Mobile,Direct,10,8,4,2,31,1,1
514,C00515,53,Female,Desktop,Email,9,3,0,2,44,0,0
515,C00516,29,Male,Desktop,Direct,13,5,5,2,32,0,0
516,C00517,58,Female,Desktop,Social Media,5,2,2,1,95,0,0
517,C00518,36,Female,Mobile,Direct,2,3,0,3,278,0,0
518,C00519,29,Female,Desktop,Search Engine,3,1,1,6,43,1,0
519,C00520,26,Female,Tablet,Search Engine,8,4,3,8,27,0,1
520,C00521,24,Female,Tablet,Direct,4,5,2,2,247,1,0
521,C00522,45,Female,Tablet,Search Engine,14,2,5,9,142,1,1
522,C00523,31,Female,Mobile,Search Engine,2,3,1,6,109,0,0
523,C00524,48,Female,Desktop,Social Media,2,6,4,3,243,0,0
524,C00525,36,Female,Desktop,Email,6,6,2,0,243,0,0
525,C00526,33,Female,Desktop,Search Engine,8,7,0,4,276,0,0
526,C00527,22,Female,Mobile,Search Engine,7,9,2,7,22,0,1
527,C00528,52,Male,Mobile,Email,4,4,1,2,290,1,0
528,C00529,29,Female,Mobile,Email,2,5,1,9,167,0,1
529,C00530,42,Female,Mobile,Search Engine,9,2,0,3,208,0,0
530,C00531,38,Female,Tablet,Direct,4,6,5,2,206,0,0
531,C00532,53,Male,Mobile,Search Engine,9,4,1,9,207,1,1
532,C00533,40,Female,Mobile,Direct,5,5,2,7,143,0,1
533,C00534,33,Male,Mobile,Direct,14,7,5,9,56,1,1
534,C00535,56,Female,Desktop,Direct,12,6,0,7,168,1,1
535,C00536,59,Female,Desktop,Email,12,8,1,3,125,1,1
536,C00537,56,Male,Desktop,Search Engine,11,6,1,1,122,0,0
537,C00538,31,Female,Tablet,Search Engine,11,8,2,2,251,1,0
538,C00539,48,Male,Tablet,Social Media,14,4,1,2,165,1,0
539,C00540,22,Male,Mobile,Email,7,7,2,3,36,1,0
540,C00541,52,Female,Desktop,Social Media,12,3,4,1,178,0,1
541,C00542,40,Female,Tablet,Social Media,5,1,5,1,297,1,0
542,C00543,46,Female,Desktop,Direct,2,9,2,2,144,0,0
543,C00544,28,Female,Tablet,Email,6,9,3,0,192,1,0
544,C00545,35,Male,Tablet,Social Media,7,6,1,7,182,1,1
545,C00546,29,Male,Mobile,Search Engine,14,2,4,5,222,0,1
546,C00547,26,Female,Mobile,Social Media,11,8,5,2,174,1,1
547,C00548,27,Male,Tablet,Email,13,6,0,0,280,1,0
548,C00549,34,Male,Mobile,Search Engine,6,7,3,2,205,1,0
549,C00550,55,Female,Tablet,Search Engine,13,1,0,0,76,0,0
550,C00551,24,Male,Tablet,Search Engine,14,3,3,2,236,0,0
551,C00552,30,Male,Desktop,Direct,3,1,4,3,227,0,0
552,C00553,57,Female,Mobile,Search Engine,10,1,5,5,221,1,1
553,C00554,59,Male,Mobile,Direct,8,1,4,6,93,1,0
554,C00555,26,Female,Mobile,Direct,3,4,4,6,104,1,1
555,C00556,44,Male,Desktop,Social Media,14,7,3,8,139,0,1
556,C00557,19,Female,Desktop,Social Media,5,7,2,7,33,0,1
557,C00558,22,Male,Desktop,Search Engine,9,5,5,3,148,0,1
558,C00559,46,Male,Mobile,Email,11,6,0,5,68,1,0
559,C00560,54,Female,Mobile,Search Engine,5,2,2,0,261,0,0
560,C00561,55,Female,Mobile,Social Media,7,5,2,7,72,0,0
561,C00562,36,Female,Desktop,Search Engine,11,7,1,5,284,1,0
562,C00563,25,Female,Desktop,Social Media,14,9,0,1,88,0,0
563,C00564,18,Male,Tablet,Search Engine,7,6,3,7,59,1,1
564,C00565,39,Male,Desktop,Email,5,4,1,3,203,1,0
565,C00566,34,Male,Tablet,Search Engine,2,3,1,8,152,0,0
566,C00567,24,Female,Mobile,Email,5,9,4,3,75,0,1
567,C00568,42,Male,Desktop,Email,7,7,3,0,274,1,0
568,C00569,21,Male,Mobile,Search Engine,7,6,2,6,24,0,0
569,C00570,53,Female,Mobile,Email,4,7,5,9,88,1,1
570,C00571,23,Female,Mobile,Email,1,8,2,4,71,0,0
571,C00572,48,Male,Mobile,Social Media,6,5,2,9,117,0,1
572,C00573,36,Female,Desktop,Social Media,13,3,4,4,180,1,1
573,C00574,56,Male,Mobile,Email,14,3,2,3,290,1,0
574,C00575,44,Male,Tablet,Direct,3,2,0,5,84,0,0
575,C00576,27,Female,Desktop,Search Engine,11,8,2,0,262,0,0
576,C00577,43,Male,Mobile,Email,5,1,2,2,281,1,0
577,C00578,36,Female,Desktop,Search Engine,4,8,0,6,231,0,0
578,C00579,56,Female,Tablet,Social Media,13,3,4,7,173,0,1
579,C00580,20,Male,Mobile,Search Engine,2,9,1,8,253,0,1
580,C00581,30,Male,Tablet,Email,12,2,3,0,159,1,0
581,C00582,45,Male,Mobile,Email,7,9,4,3,134,0,1
582,C00583,37,Female,Tablet,Email,14,6,2,1,149,0,0
583,C00584,45,Male,Mobile,Email,5,1,1,1,197,0,0
584,C00585,25,Female,Desktop,Direct,14,5,3,0,114,1,0
585,C00586,58,Female,Mobile,Direct,7,9,3,4,120,1,1
586,C00587,56,Male,Desktop,Direct,9,6,3,1,215,0,0
587,C00588,18,Female,Mobile,Email,4,7,0,3,227,1,0
588,C00589,20,Male,Mobile,Direct,5,4,0,8,114,1,0
589,C00590,30,Male,Tablet,Search Engine,9,1,1,2,122,0,0
590,C00591,45,Male,Tablet,Email,13,5,2,7,27,0,1
591,C00592,42,Male,Tablet,Social Media,10,2,1,9,155,1,1
592,C00593,50,Male,Mobile,Email,11,8,2,5,117,0,1
593,C00594,55,Male,Mobile,Search Engine,14,4,4,9,280,0,1
594,C00595,23,Male,Mobile,Direct,13,1,3,4,166,0,0
595,C00596,49,Female,Desktop,Email,4,7,3,1,204,0,0
596,C00597,38,Male,Desktop,Direct,5,2,0,2,251,1,0
597,C00598,33,Female,Mobile,Email,13,3,4,7,120,1,1
598,C00599,38,Female,Tablet,Search Engine,5,9,5,8,166,0,1
599,C00600,28,Female,Tablet,Email,8,9,4,6,224,0,1
600,C00601,54,Male,Tablet,Direct,13,2,2,0,65,1,0
601,C00602,53,Female,Mobile,Direct,4,3,4,5,123,0,0
602,C00603,52,Female,Tablet,Search Engine,4,9,0,6,241,0,0
603,C00604,36,Male,Mobile,Email,13,1,2,5,137,0,0
604,C00605,37,Male,Desktop,Social Media,7,2,1,9,24,1,0
605,C00606,35,Female,Tablet,Email,11,2,2,1,230,0,0
606,C00607,58,Male,Desktop,Search Engine,5,3,1,8,74,0,1
607,C00608,31,Male,Tablet,Social Media,6,3,5,2,38,0,0
608,C00609,32,Male,Mobile,Search Engine,6,2,2,5,107,0,0
609,C00610,48,Male,Mobile,Email,12,8,3,5,266,0,1
610,C00611,18,Female,Mobile,Social Media,6,8,5,7,136,1,1
611,C00612,20,Male,Mobile,Search Engine,14,8,1,3,189,0,1
612,C00613,33,Male,Tablet,Direct,10,2,0,5,169,1,0
613,C00614,40,Male,Desktop,Social Media,5,9,5,0,227,1,1
614,C00615,28,Female,Mobile,Social Media,13,7,5,8,193,0,1
615,C00616,29,Female,Tablet,Search Engine,13,5,5,8,146,0,1
616,C00617,27,Male,Desktop,Direct,5,7,1,6,175,0,1
617,C00618,49,Male,Mobile,Social Media,9,8,1,0,199,0,1
618,C00619,33,Female,Desktop,Search Engine,13,9,2,2,106,0,0
619,C00620,25,Male,Mobile,Social Media,8,2,3,4,286,0,0
620,C00621,55,Male,Desktop,Social Media,4,6,5,3,101,0,1
621,C00622,29,Female,Desktop,Social Media,7,9,2,4,83,0,1
622,C00623,41,Male,Mobile,Direct,8,6,2,6,138,0,1
623,C00624,45,Male,Tablet,Email,12,2,3,8,182,0,1
624,C00625,25,Female,Desktop,Email,9,1,2,0,197,1,0
625,C00626,45,Female,Mobile,Direct,5,3,3,4,49,0,0
626,C00627,53,Male,Desktop,Direct,3,5,0,2,180,0,0
627,C00628,43,Female,Desktop,Search Engine,13,7,3,2,22,0,1
628,C00629,25,Male,Tablet,Social Media,4,3,4,1,43,1,0
629,C00630,45,Male,Desktop,Direct,10,9,3,5,78,1,1
630,C00631,45,Male,Desktop,Search Engine,6,4,3,5,256,1,1
631,C00632,54,Female,Mobile,Email,10,2,4,2,259,0,0
632,C00633,58,Female,Mobile,Email,11,3,3,0,179,1,0
633,C00634,53,Male,Tablet,Email,5,5,1,6,79,0,0
634,C00635,44,Male,Desktop,Email,9,3,2,1,259,0,0
635,C00636,34,Female,Desktop,Search Engine,13,5,2,7,78,1,1
636,C00637,26,Female,Desktop,Social Media,11,4,0,2,72,0,0
637,C00638,50,Female,Tablet,Search Engine,11,3,0,0,83,1,0
638,C00639,37,Male,Desktop,Social Media,14,6,4,9,140,1,1
639,C00640,30,Female,Mobile,Email,3,8,1,8,138,1,0
640,C00641,45,Female,Tablet,Direct,2,4,0,4,37,0,0
641,C00642,46,Male,Mobile,Direct,6,9,2,0,24,0,0
642,C00643,30,Male,Mobile,Direct,13,6,0,9,179,0,1
643,C00644,52,Male,Tablet,Social Media,7,5,0,5,161,0,0
644,C00645,23,Female,Mobile,Email,5,3,3,9,37,1,1
645,C00646,35,Male,Desktop,Search Engine,1,5,0,2,87,0,0
646,C00647,22,Male,Tablet,Direct,3,5,4,3,133,1,1
647,C00648,42,Male,Mobile,Social Media,3,4,2,7,41,0,1
648,C00649,19,Male,Desktop,Direct,12,6,4,4,39,1,1
649,C00650,27,Female,Desktop,Search Engine,14,3,4,5,282,1,1
650,C00651,47,Male,Mobile,Email,4,1,5,9,117,0,1
651,C00652,22,Female,Desktop,Search Engine,14,7,1,3,124,1,0
652,C00653,50,Female,Tablet,Email,10,7,5,5,24,0,1
653,C00654,18,Female,Mobile,Email,6,4,5,2,148,0,0
654,C00655,35,Male,Desktop,Email,5,9,3,9,178,1,1
655,C00656,49,Female,Desktop,Direct,1,2,4,0,270,0,0
656,C00657,28,Male,Mobile,Search Engine,6,1,1,5,295,1,0
657,C00658,38,Male,Mobile,Direct,14,3,2,0,102,0,0
658,C00659,43,Male,Mobile,Search Engine,14,7,2,9,137,1,1
659,C00660,42,Female,Mobile,Social Media,9,9,1,2,48,1,0
660,C00661,39,Male,Tablet,Social Media,11,2,4,7,157,0,1
661,C00662,44,Male,Mobile,Search Engine,1,6,4,6,176,0,0
662,C00663,30,Male,Tablet,Search Engine,8,3,3,7,50,1,0
663,C00664,50,Female,Tablet,Search Engine,8,5,3,9,172,0,1
664,C00665,51,Female,Mobile,Search Engine,3,9,5,9,77,1,1
665,C00666,58,Female,Tablet,Email,13,3,2,1,106,0,0
666,C00667,52,Male,Mobile,Direct,9,1,3,9,142,1,1
667,C00668,18,Female,Mobile,Email,11,5,1,6,210,0,1
668,C00669,38,Male,Desktop,Direct,13,1,2,3,47,1,0
669,C00670,23,Male,Mobile,Direct,13,8,4,0,174,0,1
670,C00671,45,Female,Desktop,Direct,11,7,2,2,249,0,0
671,C00672,34,Male,Tablet,Email,8,2,0,4,56,1,0
672,C00673,22,Female,Desktop,Search Engine,3,9,2,9,25,1,1
673,C00674,48,Male,Tablet,Email,10,5,3,7,244,1,1
674,C00675,22,Female,Mobile,Email,5,7,1,1,52,1,0
675,C00676,55,Male,Tablet,Direct,3,4,4,1,108,1,0
676,C00677,20,Male,Tablet,Social Media,5,1,4,7,59,1,1
677,C00678,40,Male,Mobile,Social Media,9,8,3,8,188,0,1
678,C00679,54,Male,Tablet,Email,12,1,3,9,37,0,1
679,C00680,54,Male,Mobile,Direct,4,3,3,0,34,1,0
680,C00681,27,Female,Desktop,Email,6,6,0,1,151,0,0
681,C00682,27,Male,Mobile,Email,3,8,1,3,228,1,0
682,C00683,36,Female,Mobile,Search Engine,3,8,0,2,298,0,0
683,C00684,34,Female,Tablet,Direct,5,2,3,0,295,1,0
684,C00685,38,Female,Desktop,Social Media,8,9,1,3,296,1,1
685,C00686,31,Male,Mobile,Social Media,14,4,3,1,95,0,0
686,C00687,26,Male,Desktop,Social Media,8,4,1,9,131,1,1
687,C00688,18,Male,Desktop,Email,3,2,4,4,285,0,0
688,C00689,30,Female,Tablet,Direct,8,1,0,0,91,0,0
689,C00690,21,Male,Mobile,Search Engine,13,7,5,7,40,0,1
690,C00691,18,Male,Tablet,Social Media,11,3,3,9,207,0,1
691,C00692,57,Female,Mobile,Direct,13,4,3,1,140,0,0
692,C00693,49,Female,Desktop,Social Media,8,9,2,2,160,0,1
693,C00694,51,Female,Mobile,Search Engine,3,6,5,2,223,0,0
694,C00695,45,Female,Mobile,Direct,10,1,4,3,228,0,0
695,C00696,48,Female,Desktop,Email,13,9,3,6,28,0,1
696,C00697,25,Female,Desktop,Email,10,9,0,8,204,0,1
697,C00698,56,Male,Mobile,Social Media,2,5,4,2,220,1,0
698,C00699,43,Female,Tablet,Social Media,10,8,3,0,83,0,1
699,C00700,51,Male,Mobile,Direct,2,7,0,9,44,0,0
700,C00701,20,Male,Desktop,Search Engine,9,8,2,0,175,1,0
701,C00702,29,Male,Tablet,Social Media,7,9,2,5,240,1,1
702,C00703,18,Female,Desktop,Direct,6,2,0,4,158,1,0
703,C00704,22,Male,Desktop,Search Engine,7,5,4,9,40,1,1
704,C00705,47,Female,Tablet,Social Media,8,8,0,6,173,0,1
705,C00706,47,Female,Desktop,Social Media,12,3,5,6,87,0,1
706,C00707,34,Male,Desktop,Direct,1,6,0,2,60,0,0
707,C00708,40,Female,Desktop,Social Media,8,6,2,6,34,1,0
708,C00709,32,Male,Desktop,Email,3,7,2,8,298,1,1
709,C00710,54,Male,Desktop,Search Engine,3,3,2,7,188,0,0
710,C00711,38,Female,Desktop,Search Engine,6,8,5,2,153,1,1
711,C00712,31,Male,Desktop,Email,4,8,3,9,218,0,1
712,C00713,19,Male,Desktop,Direct,4,9,5,4,257,1,1
713,C00714,28,Male,Desktop,Email,4,8,3,7,131,1,1
714,C00715,56,Female,Mobile,Email,10,3,5,1,71,0,0
715,C00716,55,Male,Mobile,Search Engine,9,6,1,6,156,0,0
716,C00717,51,Female,Desktop,Direct,8,9,3,9,274,0,1
717,C00718,55,Female,Mobile,Social Media,3,1,4,9,134,1,1
718,C00719,51,Male,Tablet,Email,1,3,4,6,177,1,0
719,C00720,35,Male,Mobile,Email,1,2,2,7,283,0,0
720,C00721,47,Female,Desktop,Direct,1,8,5,0,118,0,0
721,C00722,32,Female,Desktop,Email,4,6,0,7,140,0,0
722,C00723,44,Male,Mobile,Direct,14,8,2,0,109,1,1
723,C00724,51,Male,Desktop,Social Media,6,2,0,2,49,1,0
724,C00725,55,Female,Tablet,Direct,4,6,5,8,249,0,1
725,C00726,50,Female,Tablet,Social Media,11,7,2,3,158,0,1
726,C00727,41,Female,Desktop,Direct,11,8,2,9,273,0,1
727,C00728,32,Female,Tablet,Email,3,9,4,8,50,1,1
728,C00729,47,Female,Tablet,Social Media,8,5,0,0,181,1,0
729,C00730,59,Male,Mobile,Email,14,3,1,7,175,0,1
730,C00731,34,Female,Tablet,Social Media,8,2,1,2,136,1,0
731,C00732,22,Female,Mobile,Direct,6,8,2,6,210,0,1
732,C00733,46,Male,Desktop,Direct,9,1,5,1,195,0,0
733,C00734,21,Male,Mobile,Direct,12,6,2,6,24,0,1
734,C00735,27,Female,Desktop,Search Engine,10,2,4,6,31,1,1
735,C00736,34,Female,Desktop,Search Engine,1,3,0,8,78,0,0
736,C00737,27,Male,Desktop,Social Media,13,8,2,1,269,0,1
737,C00738,34,Female,Desktop,Search Engine,8,1,5,7,112,1,1
738,C00739,37,Female,Desktop,Direct,6,6,1,4,130,0,0
739,C00740,41,Male,Mobile,Search Engine,1,3,0,9,36,0,0
740,C00741,22,Female,Desktop,Search Engine,4,6,2,8,239,0,0
741,C00742,51,Male,Tablet,Email,5,3,0,7,24,0,0
742,C00743,23,Male,Tablet,Social Media,7,8,4,2,148,1,1
743,C00744,19,Male,Desktop,Social Media,8,5,1,2,131,1,1
744,C00745,30,Male,Tablet,Social Media,9,4,5,9,43,0,1
745,C00746,28,Female,Mobile,Search Engine,12,9,0,7,48,1,1
746,C00747,40,Male,Mobile,Direct,12,5,1,8,151,1,1
747,C00748,33,Female,Desktop,Email,6,4,2,1,63,1,0
748,C00749,48,Female,Desktop,Social Media,10,8,5,2,226,1,1
749,C00750,28,Female,Desktop,Search Engine,9,8,5,7,235,1,1
750,C00751,33,Female,Tablet,Direct,4,8,3,1,263,1,0
751,C00752,25,Female,Tablet,Email,8,4,0,7,50,1,0
752,C00753,21,Male,Mobile,Email,3,1,1,4,285,1,0
753,C00754,57,Male,Tablet,Social Media,4,2,0,5,30,0,0
754,C00755,21,Male,Mobile,Social Media,10,4,2,9,101,0,1
755,C00756,42,Male,Tablet,Direct,4,2,2,3,175,0,0
756,C00757,20,Female,Mobile,Search Engine,6,3,5,2,185,0,1
757,C00758,49,Male,Desktop,Direct,9,9,5,7,227,0,1
758,C00759,20,Female,Tablet,Social Media,6,9,1,8,43,0,1
759,C00760,44,Female,Mobile,Direct,1,9,4,7,198,0,0
760,C00761,46,Male,Tablet,Search Engine,5,7,0,8,69,0,1
761,C00762,49,Male,Desktop,Email,9,4,0,0,26,1,0
762,C00763,36,Male,Mobile,Email,5,1,2,4,119,0,0
763,C00764,38,Male,Tablet,Email,6,3,0,6,100,0,0
764,C00765,22,Female,Tablet,Email,3,8,1,7,260,1,1
765,C00766,35,Female,Desktop,Social Media,8,4,3,1,200,1,0
766,C00767,45,Male,Desktop,Social Media,10,2,5,3,102,0,0
767,C00768,59,Female,Mobile,Search Engine,11,8,2,6,73,0,1
768,C00769,39,Female,Tablet,Search Engine,13,7,5,4,109,0,1
769,C00770,38,Female,Tablet,Search Engine,4,9,5,0,222,1,0
770,C00771,23,Male,Desktop,Search Engine,4,2,5,1,50,0,0
771,C00772,18,Female,Desktop,Direct,11,5,3,4,212,1,1
772,C00773,22,Male,Mobile,Search Engine,12,6,0,5,119,0,0
773,C00774,58,Male,Tablet,Email,5,2,4,0,108,1,0
774,C00775,29,Female,Tablet,Email,14,2,5,2,142,1,0
775,C00776,43,Female,Mobile,Email,10,4,1,5,66,1,1
776,C00777,51,Male,Mobile,Direct,9,8,5,5,165,0,1
777,C00778,31,Female,Desktop,Search Engine,13,5,5,6,22,0,1
778,C00779,43,Female,Desktop,Email,8,9,0,9,37,1,1
779,C00780,44,Male,Mobile,Email,7,4,1,2,100,1,0
780,C00781,26,Male,Mobile,Email,5,3,0,0,172,1,0
781,C00782,43,Male,Tablet,Email,9,8,5,6,86,0,1
782,C00783,39,Male,Mobile,Social Media,9,1,0,2,108,1,0
783,C00784,47,Female,Mobile,Search Engine,10,9,0,4,154,0,0
784,C00785,34,Female,Tablet,Search Engine,10,4,2,3,221,0,0
785,C00786,43,Male,Mobile,Direct,2,9,3,0,198,1,1
786,C00787,53,Male,Desktop,Social Media,4,8,4,6,98,1,1
787,C00788,18,Male,Desktop,Direct,8,3,3,3,104,0,0
788,C00789,25,Female,Tablet,Email,13,3,3,0,40,0,0
789,C00790,52,Male,Mobile,Direct,14,9,1,5,184,0,1
790,C00791,32,Female,Desktop,Email,1,3,2,3,47,1,0
791,C00792,39,Male,Desktop,Email,13,4,2,3,256,0,0
792,C00793,31,Male,Desktop,Search Engine,5,9,0,1,204,0,0
793,C00794,43,Male,Desktop,Search Engine,8,4,3,0,174,1,0
794,C00795,45,Female,Mobile,Search Engine,2,3,4,2,142,0,0
795,C00796,40,Female,Mobile,Search Engine,2,7,1,9,106,1,1
796,C00797,31,Female,Mobile,Search Engine,13,6,2,4,221,1,1
797,C00798,41,Male,Mobile,Social Media,8,1,0,8,59,1,0
798,C00799,19,Female,Desktop,Search Engine,10,8,4,6,188,1,1
799,C00800,43,Female,Tablet,Direct,12,1,3,3,89,1,1
800,C00801,31,Male,Tablet,Email,9,4,4,7,299,1,1
801,C00802,24,Male,Desktop,Search Engine,7,6,2,3,46,1,0
802,C00803,20,Female,Desktop,Social Media,8,6,1,5,150,1,1
803,C00804,40,Female,Tablet,Direct,5,7,3,0,296,1,0
804,C00805,35,Female,Tablet,Direct,1,5,1,5,273,0,0
805,C00806,55,Female,Desktop,Email,4,5,5,9,104,1,1
806,C00807,52,Male,Desktop,Direct,2,4,4,4,28,0,0
807,C00808,32,Male,Mobile,Direct,3,6,4,1,69,0,0
808,C00809,42,Male,Mobile,Direct,12,7,0,0,20,1,0
809,C00810,54,Female,Tablet,Direct,3,1,3,5,23,1,0
810,C00811,45,Female,Desktop,Social Media,9,9,4,1,23,1,0
811,C00812,27,Male,Tablet,Email,13,8,2,8,109,0,1
812,C00813,56,Male,Mobile,Search Engine,10,7,5,8,181,1,1
813,C00814,34,Female,Mobile,Direct,4,9,2,0,174,0,0
814,C00815,56,Female,Tablet,Social Media,2,3,1,4,34,0,0
815,C00816,39,Male,Mobile,Email,3,4,5,7,51,0,0
816,C00817,43,Male,Desktop,Search Engine,3,7,5,3,82,1,1
817,C00818,42,Male,Tablet,Email,14,6,2,2,127,1,0
818,C00819,34,Female,Desktop,Social Media,7,2,4,4,33,0,0
819,C00820,30,Female,Desktop,Social Media,8,2,2,4,42,0,0
820,C00821,37,Female,Mobile,Social Media,13,7,3,7,130,0,1
821,C00822,42,Female,Desktop,Direct,11,9,1,5,179,0,0
822,C00823,21,Female,Tablet,Social Media,13,9,5,1,60,1,1
823,C00824,27,Female,Desktop,Search Engine,6,7,3,0,163,1,0
824,C00825,20,Male,Desktop,Direct,4,8,4,2,172,0,0
825,C00826,58,Male,Desktop,Email,6,3,4,1,101,0,0
826,C00827,35,Female,Desktop,Search Engine,13,1,2,3,245,0,0
827,C00828,53,Male,Desktop,Direct,11,7,0,2,171,1,0
828,C00829,39,Female,Mobile,Social Media,1,8,5,8,278,1,1
829,C00830,51,Male,Tablet,Email,13,2,5,4,98,0,1
830,C00831,25,Female,Mobile,Social Media,10,9,0,3,214,1,0
831,C00832,57,Male,Tablet,Search Engine,8,4,4,9,242,1,1
832,C00833,36,Male,Tablet,Search Engine,1,9,4,8,285,0,1
833,C00834,59,Female,Tablet,Direct,5,3,5,3,249,1,1
834,C00835,58,Female,Tablet,Search Engine,2,8,1,5,169,1,0
835,C00836,54,Male,Tablet,Email,6,2,5,9,155,1,1
836,C00837,23,Male,Desktop,Direct,9,3,4,0,142,1,0
837,C00838,43,Female,Mobile,Email,5,1,4,1,129,1,0
838,C00839,51,Male,Mobile,Social Media,4,5,1,3,162,1,0
839,C00840,23,Female,Desktop,Email,14,4,3,8,89,0,1
840,C00841,54,Female,Tablet,Email,2,1,3,5,73,0,1
841,C00842,50,Male,Mobile,Search Engine,12,9,1,5,59,0,1
842,C00843,39,Female,Desktop,Social Media,3,6,1,8,216,1,1
843,C00844,38,Male,Desktop,Search Engine,6,6,3,3,46,1,1
844,C00845,23,Male,Mobile,Social Media,8,2,3,2,199,1,0
845,C00846,23,Female,Mobile,Social Media,14,7,3,6,65,0,1
846,C00847,21,Male,Tablet,Email,8,9,3,6,161,0,1
847,C00848,47,Female,Tablet,Search Engine,5,6,5,8,117,1,1
848,C00849,28,Female,Mobile,Email,5,8,5,5,145,1,1
849,C00850,47,Female,Tablet,Email,10,5,2,1,77,1,0
850,C00851,48,Male,Desktop,Email,14,2,1,5,196,1,0
851,C00852,41,Female,Tablet,Social Media,13,4,0,7,226,1,1
852,C00853,26,Male,Tablet,Search Engine,3,1,2,5,173,0,0
853,C00854,20,Female,Desktop,Search Engine,7,1,0,8,46,0,0
854,C00855,48,Female,Tablet,Email,13,6,0,3,182,1,0
855,C00856,57,Female,Desktop,Social Media,6,2,4,2,269,0,0
856,C00857,54,Male,Tablet,Search Engine,1,6,1,4,207,1,0
857,C00858,53,Male,Mobile,Direct,4,1,5,2,109,0,0
858,C00859,41,Female,Tablet,Search Engine,6,3,2,1,150,1,0
859,C00860,48,Female,Mobile,Email,11,9,1,1,32,1,0
860,C00861,23,Male,Mobile,Direct,6,2,3,3,48,1,0
861,C00862,19,Male,Mobile,Social Media,11,8,1,2,284,1,0
862,C00863,37,Male,Mobile,Direct,14,6,0,8,51,0,1
863,C00864,45,Female,Mobile,Direct,12,6,5,6,169,1,1
864,C00865,28,Male,Desktop,Email,12,7,3,5,105,1,1
865,C00866,21,Female,Desktop,Search Engine,3,5,1,9,77,1,0
866,C00867,32,Male,Desktop,Social Media,6,4,1,7,76,1,0
867,C00868,23,Female,Mobile,Direct,12,6,5,8,44,0,1
868,C00869,47,Female,Tablet,Email,10,8,0,2,209,0,0
869,C00870,55,Female,Desktop,Search Engine,6,4,3,9,95,0,1
870,C00871,19,Male,Tablet,Direct,12,5,0,6,244,1,1
871,C00872,32,Male,Tablet,Email,9,7,5,8,202,0,1
872,C00873,28,Male,Mobile,Email,9,6,1,0,173,1,0
873,C00874,25,Female,Mobile,Email,2,4,2,9,288,0,0
874,C00875,43,Female,Mobile,Social Media,4,4,2,8,297,0,0
875,C00876,22,Male,Desktop,Search Engine,9,4,4,6,42,1,1
876,C00877,23,Female,Mobile,Direct,14,1,2,9,33,0,0
877,C00878,43,Female,Desktop,Search Engine,13,5,5,3,113,1,1
878,C00879,21,Female,Desktop,Search Engine,4,8,5,5,71,0,0
879,C00880,36,Male,Desktop,Direct,8,7,5,5,60,1,1
880,C00881,37,Female,Desktop,Search Engine,10,5,3,5,183,1,1
881,C00882,50,Male,Mobile,Social Media,12,3,4,1,25,1,1
882,C00883,37,Male,Desktop,Direct,3,1,3,4,157,1,1
883,C00884,29,Male,Mobile,Direct,3,7,2,6,118,0,0
884,C00885,18,Male,Mobile,Email,9,3,2,5,243,1,0
885,C00886,43,Male,Desktop,Search Engine,11,4,1,2,49,0,0
886,C00887,31,Female,Mobile,Direct,10,5,3,4,244,1,1
887,C00888,55,Male,Tablet,Direct,8,8,0,7,280,1,1
888,C00889,54,Male,Mobile,Social Media,1,7,1,4,266,1,0
889,C00890,28,Male,Mobile,Email,10,9,3,9,98,1,1
890,C00891,53,Female,Desktop,Direct,14,3,5,2,204,0,0
891,C00892,30,Female,Desktop,Social Media,2,1,4,8,199,0,1
892,C00893,20,Female,Mobile,Direct,3,1,3,2,96,1,0
893,C00894,50,Female,Desktop,Direct,14,1,4,1,281,0,0
894,C00895,23,Male,Tablet,Direct,11,2,4,5,248,0,1
895,C00896,27,Male,Tablet,Social Media,2,2,2,7,21,1,0
896,C00897,22,Female,Desktop,Search Engine,3,7,0,5,36,0,0
897,C00898,40,Female,Mobile,Direct,8,9,3,0,31,1,1
898,C00899,27,Female,Tablet,Direct,11,8,0,7,201,1,1
899,C00900,19,Female,Tablet,Search Engine,11,4,4,0,26,0,0
900,C00901,30,Male,Mobile,Direct,12,2,2,8,265,0,1
901,C00902,57,Female,Desktop,Email,14,3,0,7,176,1,1
902,C00903,19,Female,Tablet,Direct,6,5,1,5,193,1,1
903,C00904,37,Female,Mobile,Email,14,9,4,1,200,1,1
904,C00905,18,Female,Mobile,Search Engine,7,8,1,8,256,0,0
905,C00906,54,Female,Tablet,Social Media,10,3,5,7,176,1,1
906,C00907,26,Female,Desktop,Search Engine,13,9,0,3,270,1,1
907,C00908,34,Female,Tablet,Direct,10,3,0,1,240,1,0
908,C00909,26,Male,Mobile,Email,6,8,0,5,242,1,0
909,C00910,28,Male,Tablet,Social Media,1,1,5,0,230,1,0
910,C00911,32,Male,Desktop,Direct,11,4,3,6,153,0,1
911,C00912,41,Male,Mobile,Social Media,3,4,4,0,278,0,0
912,C00913,55,Male,Desktop,Social Media,13,6,4,5,54,0,1
913,C00914,52,Male,Tablet,Direct,1,2,4,4,202,0,0
914,C00915,47,Female,Tablet,Search Engine,12,7,3,9,180,0,1
915,C00916,48,Female,Desktop,Direct,10,5,0,2,112,1,0
916,C00917,22,Male,Tablet,Direct,12,6,0,5,216,0,0
917,C00918,31,Female,Desktop,Search Engine,9,6,5,3,225,1,1
918,C00919,28,Male,Tablet,Email,13,6,1,5,37,0,0
919,C00920,26,Female,Desktop,Direct,9,8,3,3,253,0,1
920,C00921,51,Female,Desktop,Social Media,5,4,2,0,85,1,0
921,C00922,29,Female,Mobile,Direct,4,8,3,4,263,0,0
922,C00923,52,Female,Mobile,Direct,12,9,5,7,295,0,1
923,C00924,52,Female,Desktop,Social Media,9,4,1,5,218,1,1
924,C00925,18,Female,Tablet,Search Engine,9,1,1,9,37,0,0
925,C00926,57,Male,Tablet,Email,3,3,1,8,91,0,0
926,C00927,39,Male,Tablet,Email,5,1,0,3,174,0,0
927,C00928,46,Female,Desktop,Social Media,3,7,2,9,189,1,1
928,C00929,25,Male,Desktop,Search Engine,10,1,1,8,170,0,1
929,C00930,28,Female,Desktop,Direct,2,4,4,7,280,0,1
930,C00931,58,Male,Desktop,Direct,1,1,0,2,99,1,0
931,C00932,54,Female,Mobile,Direct,12,2,2,5,125,0,0
932,C00933,31,Male,Desktop,Direct,10,1,4,3,30,1,1
933,C00934,47,Female,Tablet,Direct,2,5,2,0,227,1,0
934,C00935,52,Male,Mobile,Social Media,8,7,5,8,149,1,1
935,C00936,38,Female,Tablet,Direct,11,3,2,3,190,1,0
936,C00937,54,Male,Desktop,Direct,8,8,4,4,52,0,1
937,C00938,22,Female,Mobile,Search Engine,3,5,3,2,43,0,0
938,C00939,36,Female,Desktop,Direct,7,5,2,3,216,1,0
939,C00940,31,Female,Mobile,Email,7,5,3,8,65,0,1
940,C00941,43,Male,Tablet,Social Media,2,8,2,6,293,0,0
941,C00942,21,Male,Desktop,Social Media,9,2,5,7,250,0,1
942,C00943,42,Male,Desktop,Social Media,3,2,4,2,152,1,0
943,C00944,59,Female,Mobile,Email,2,8,2,2,283,0,0
944,C00945,42,Male,Mobile,Direct,12,9,1,6,104,1,1
945,C00946,35,Female,Desktop,Social Media,3,2,5,7,24,1,1
946,C00947,57,Male,Mobile,Email,2,4,1,4,288,0,0
947,C00948,25,Male,Desktop,Search Engine,8,8,5,0,240,0,1
948,C00949,56,Male,Mobile,Direct,5,2,5,2,213,1,1
949,C00950,57,Male,Tablet,Email,3,4,2,4,88,1,1
950,C00951,31,Female,Mobile,Direct,5,1,4,2,195,1,0
951,C00952,49,Male,Tablet,Search Engine,11,2,4,0,258,0,0
952,C00953,55,Male,Mobile,Email,11,7,0,6,198,1,1
953,C00954,50,Female,Mobile,Direct,8,1,4,0,275,0,0
954,C00955,40,Female,Desktop,Email,7,1,3,9,230,0,1
955,C00956,32,Male,Mobile,Social Media,6,2,2,5,246,0,0
956,C00957,50,Male,Mobile,Direct,14,4,1,5,91,0,1
957,C00958,42,Female,Tablet,Email,13,7,4,6,84,1,1
958,C00959,34,Female,Mobile,Social Media,1,4,1,0,185,1,0
959,C00960,50,Female,Desktop,Search Engine,10,5,0,2,233,1,0
960,C00961,19,Male,Tablet,Direct,1,4,2,8,36,1,1
961,C00962,31,Male,Desktop,Direct,1,4,4,1,192,1,0
962,C00963,57,Male,Desktop,Search Engine,14,9,1,4,148,1,1
963,C00964,57,Female,Desktop,Social Media,10,6,5,2,22,1,0
964,C00965,56,Female,Desktop,Search Engine,14,3,4,4,267,0,1
965,C00966,23,Female,Tablet,Direct,8,6,0,6,89,1,1
966,C00967,23,Male,Mobile,Email,8,7,5,0,71,0,0
967,C00968,20,Female,Desktop,Social Media,14,7,1,2,278,0,0
968,C00969,24,Male,Tablet,Social Media,7,8,1,5,258,1,1
969,C00970,25,Female,Desktop,Social Media,6,4,2,6,113,1,0
970,C00971,59,Male,Mobile,Search Engine,4,1,2,9,66,1,1
971,C00972,32,Male,Tablet,Search Engine,1,6,1,2,94,1,0
972,C00973,46,Female,Tablet,Email,9,8,5,3,110,0,1
973,C00974,50,Male,Mobile,Email,1,5,2,5,105,0,0
974,C00975,47,Female,Tablet,Social Media,4,3,1,4,25,0,0
975,C00976,56,Male,Mobile,Email,3,4,5,8,249,0,1
976,C00977,44,Female,Tablet,Search Engine,7,8,3,0,62,1,1
977,C00978,53,Female,Tablet,Email,5,6,4,4,217,0,0
978,C00979,46,Male,Mobile,Search Engine,5,5,3,0,201,0,0
979,C00980,55,Female,Mobile,Email,4,9,3,7,188,1,1
980,C00981,50,Male,Tablet,Direct,1,3,4,6,222,1,1
981,C00982,54,Female,Tablet,Search Engine,5,7,1,4,213,1,0
982,C00983,44,Female,Mobile,Direct,4,9,1,5,50,0,1
983,C00984,50,Female,Mobile,Search Engine,14,4,2,3,121,1,0
984,C00985,21,Female,Tablet,Email,10,3,0,8,83,1,0
985,C00986,39,Male,Tablet,Direct,13,1,1,2,110,0,0
986,C00987,19,Female,Tablet,Email,8,9,4,1,269,1,1
987,C00988,27,Female,Mobile,Search Engine,2,1,0,6,202,0,0
988,C00989,22,Male,Tablet,Direct,8,2,4,1,299,1,0
989,C00990,27,Male,Desktop,Social Media,1,9,4,5,224,1,1
990,C00991,50,Male,Mobile,Email,13,5,4,7,108,1,1
991,C00992,55,Male,Tablet,Search Engine,4,4,0,2,178,1,0
992,C00993,30,Male,Mobile,Direct,3,9,3,2,149,0,1
993,C00994,48,Male,Desktop,Email,5,9,5,2,267,0,1
994,C00995,53,Female,Mobile,Direct,13,2,4,0,159,0,0
995,C00996,41,Male,Tablet,Email,5,3,2,8,208,1,0
996,C00997,32,Female,Desktop,Email,5,3,1,4,110,0,0
997,C00998,46,Male,Desktop,Email,12,5,5,8,75,0,1
998,C00999,25,Female,Tablet,Direct,4,3,1,4,245,1,0
999,C01000,22,Female,Tablet,Direct,8,6,1,6,184,0,1
1000,C01001,46,Female,Tablet,Email,3,2,0,0,55,0,0
1001,C01002,21,Male,Mobile,Social Media,12,6,2,8,48,0,0
1002,C01003,29,Male,Mobile,Social Media,4,6,2,0,99,1,0
1003,C01004,19,Male,Mobile,Social Media,1,2,5,3,188,0,0
1004,C01005,44,Male,Tablet,Search Engine,7,6,2,6,52,1,1
1005,C01006,48,Female,Tablet,Social Media,1,6,2,8,112,1,1
1006,C01007,53,Male,Mobile,Direct,2,6,2,0,131,0,0
1007,C01008,53,Female,Desktop,Social Media,11,5,5,5,228,0,1
1008,C01009,43,Female,Mobile,Direct,7,7,3,9,213,0,1
1009,C01010,44,Male,Desktop,Search Engine,1,5,2,4,283,1,0
1010,C01011,22,Male,Tablet,Direct,11,1,2,2,266,0,0
1011,C01012,37,Male,Tablet,Direct,3,9,0,9,137,1,1
1012,C01013,28,Female,Mobile,Direct,13,3,0,1,247,0,0
1013,C01014,27,Male,Mobile,Social Media,6,2,2,0,28,1,0
1014,C01015,57,Female,Tablet,Email,6,6,3,1,218,0,0
1015,C01016,55,Male,Mobile,Direct,6,8,2,3,296,1,0
1016,C01017,23,Female,Tablet,Social Media,11,2,2,5,148,1,0
1017,C01018,25,Male,Tablet,Social Media,13,4,2,4,81,1,1
1018,C01019,40,Male,Desktop,Social Media,2,2,4,3,21,0,0
1019,C01020,43,Female,Mobile,Email,2,9,3,7,191,1,1
1020,C01021,29,Male,Tablet,Email,6,2,1,6,264,1,0
1021,C01022,43,Male,Mobile,Email,10,2,2,3,107,1,0
1022,C01023,30,Male,Desktop,Email,5,5,1,9,102,0,1
1023,C01024,57,Male,Desktop,Search Engine,14,5,3,4,24,1,1
1024,C01025,35,Male,Mobile,Email,7,7,2,9,58,1,1
1025,C01026,42,Male,Mobile,Email,7,1,1,4,94,0,0
1026,C01027,50,Male,Tablet,Email,5,2,5,2,120,1,0
1027,C01028,57,Female,Desktop,Direct,8,6,1,8,160,0,1
1028,C01029,29,Female,Desktop,Direct,10,2,3,4,112,0,1
1029,C01030,53,Male,Desktop,Email,6,4,2,9,138,0,1
1030,C01031,21,Male,Mobile,Search Engine,5,6,4,1,128,0,0
1031,C01032,22,Male,Tablet,Direct,4,7,3,3,62,1,0
1032,C01033,54,Female,Mobile,Social Media,7,5,4,3,155,0,0
1033,C01034,25,Female,Mobile,Direct,4,8,2,4,236,1,1
1034,C01035,59,Male,Mobile,Social Media,5,6,1,7,175,0,0
1035,C01036,45,Female,Tablet,Direct,5,5,5,4,58,1,1
1036,C01037,48,Male,Mobile,Email,1,4,5,0,45,1,0
1037,C01038,26,Male,Desktop,Direct,1,6,3,1,51,1,0
1038,C01039,46,Male,Desktop,Email,3,6,3,2,65,1,0
1039,C01040,31,Male,Desktop,Email,14,6,3,2,175,1,1
1040,C01041,57,Female,Tablet,Direct,11,1,0,9,263,0,0
1041,C01042,58,Female,Mobile,Social Media,3,6,5,5,54,1,1
1042,C01043,39,Male,Tablet,Social Media,2,1,5,8,297,1,1
1043,C01044,28,Female,Mobile,Direct,12,5,2,9,261,1,1
1044,C01045,40,Female,Desktop,Email,2,7,0,0,278,0,0
1045,C01046,18,Male,Mobile,Social Media,6,1,3,5,65,0,0
1046,C01047,54,Female,Mobile,Search Engine,13,1,3,8,256,0,1
1047,C01048,38,Male,Mobile,Email,1,6,4,3,27,0,0
1048,C01049,43,Male,Tablet,Direct,6,7,0,9,279,0,1
1049,C01050,53,Male,Mobile,Email,5,6,1,2,290,0,0
1050,C01051,40,Male,Mobile,Search Engine,6,5,5,5,63,1,1
1051,C01052,18,Female,Mobile,Search Engine,5,6,2,5,257,0,0
1052,C01053,57,Male,Tablet,Social Media,7,3,1,1,186,1,0
1053,C01054,32,Female,Tablet,Search Engine,1,9,1,4,95,1,1
1054,C01055,38,Male,Tablet,Email,13,5,2,0,176,1,0
1055,C01056,26,Male,Mobile,Social Media,3,2,3,8,220,1,1
1056,C01057,26,Female,Desktop,Search Engine,6,7,5,8,253,1,1
1057,C01058,27,Male,Desktop,Social Media,1,3,4,2,251,1,0
1058,C01059,43,Female,Desktop,Social Media,13,1,3,4,231,0,0
1059,C01060,58,Female,Mobile,Direct,11,3,3,2,173,1,1
1060,C01061,52,Male,Desktop,Social Media,11,9,0,6,232,0,0
1061,C01062,42,Male,Desktop,Social Media,7,5,1,0,106,1,0
1062,C01063,43,Male,Desktop,Search Engine,4,7,1,4,37,1,0
1063,C01064,28,Male,Mobile,Email,3,3,5,5,210,1,1
1064,C01065,55,Male,Desktop,Email,10,4,1,6,73,1,1
1065,C01066,19,Male,Desktop,Search Engine,9,1,4,2,235,0,0
1066,C01067,24,Female,Mobile,Email,1,3,4,6,61,0,1
1067,C01068,35,Female,Tablet,Social Media,8,7,4,3,249,0,0
1068,C01069,44,Male,Desktop,Direct,1,4,2,9,249,0,1
1069,C01070,51,Female,Tablet,Social Media,13,2,5,5,201,1,1
1070,C01071,44,Female,Desktop,Social Media,14,5,4,4,160,1,1
1071,C01072,34,Male,Mobile,Direct,5,5,0,3,101,0,0
1072,C01073,41,Male,Tablet,Search Engine,10,2,0,5,186,1,0
1073,C01074,42,Female,Tablet,Social Media,8,6,3,2,73,1,1
1074,C01075,24,Male,Tablet,Social Media,6,4,3,2,92,0,0
1075,C01076,23,Female,Tablet,Search Engine,7,1,5,4,232,0,0
1076,C01077,41,Male,Desktop,Social Media,11,3,3,4,190,1,1
1077,C01078,50,Female,Desktop,Social Media,8,9,3,8,289,0,1
1078,C01079,46,Female,Tablet,Email,13,7,0,3,238,1,0
1079,C01080,39,Female,Desktop,Search Engine,6,6,3,4,155,1,1
1080,C01081,43,Female,Tablet,Social Media,11,1,0,8,54,1,1
1081,C01082,45,Male,Tablet,Social Media,6,9,4,3,165,1,1
1082,C01083,38,Male,Mobile,Direct,11,9,4,2,202,1,1
1083,C01084,24,Female,Tablet,Direct,6,1,5,6,97,1,0
1084,C01085,34,Female,Desktop,Direct,5,6,2,6,272,1,1
1085,C01086,37,Male,Tablet,Social Media,8,7,3,7,255,0,1
1086,C01087,58,Male,Mobile,Social Media,13,2,4,3,96,0,1
1087,C01088,37,Female,Desktop,Direct,2,8,4,3,92,0,0
1088,C01089,39,Female,Mobile,Email,7,8,5,8,46,0,1
1089,C01090,45,Female,Mobile,Email,4,6,1,9,57,0,0
1090,C01091,57,Female,Tablet,Email,1,9,1,6,273,1,1
1091,C01092,24,Female,Mobile,Email,13,3,5,2,105,1,0
1092,C01093,18,Male,Mobile,Search Engine,5,2,0,8,50,0,0
1093,C01094,49,Female,Desktop,Direct,3,2,2,4,224,1,0
1094,C01095,30,Male,Mobile,Social Media,4,6,5,3,212,0,1
1095,C01096,47,Male,Tablet,Direct,7,7,1,0,249,1,0
1096,C01097,40,Male,Tablet,Email,5,6,2,8,200,1,1
1097,C01098,36,Female,Tablet,Social Media,14,3,4,5,264,1,1
1098,C01099,49,Male,Mobile,Search Engine,4,5,5,1,59,0,0
1099,C01100,47,Male,Desktop,Direct,1,8,0,6,176,1,0
1100,C01101,46,Male,Tablet,Social Media,6,6,2,2,187,0,0
1101,C01102,46,Male,Mobile,Social Media,11,2,1,5,177,1,0
1102,C01103,47,Female,Tablet,Email,10,7,4,7,149,0,1
1103,C01104,33,Female,Tablet,Email,6,8,5,2,101,0,1
1104,C01105,57,Male,Desktop,Direct,7,4,3,4,175,0,0
1105,C01106,36,Male,Tablet,Search Engine,1,1,4,5,194,1,0
1106,C01107,35,Female,Desktop,Social Media,14,2,1,0,107,1,0
1107,C01108,18,Female,Mobile,Email,4,4,5,9,121,1,1
1108,C01109,31,Female,Tablet,Direct,12,7,1,6,267,1,1
1109,C01110,19,Male,Mobile,Email,9,2,3,3,225,0,0
1110,C01111,45,Female,Mobile,Direct,12,6,4,9,108,1,1
1111,C01112,47,Male,Mobile,Email,14,2,2,6,115,0,1
1112,C01113,55,Male,Tablet,Search Engine,10,7,2,6,178,0,0
1113,C01114,21,Female,Desktop,Social Media,6,2,4,4,133,1,1
1114,C01115,18,Male,Tablet,Email,2,3,2,7,43,0,0
1115,C01116,25,Female,Mobile,Social Media,4,9,5,7,182,1,1
1116,C01117,46,Male,Desktop,Direct,6,4,4,4,74,1,1
1117,C01118,56,Female,Mobile,Search Engine,4,5,4,4,83,1,1
1118,C01119,20,Male,Desktop,Social Media,10,9,1,6,52,0,1
1119,C01120,49,Male,Tablet,Email,7,7,0,5,65,1,0
1120,C01121,27,Female,Desktop,Social Media,12,8,1,3,238,0,1
1121,C01122,27,Female,Tablet,Social Media,13,3,2,1,215,1,0
1122,C01123,36,Female,Mobile,Direct,3,4,0,7,272,1,0
1123,C01124,51,Female,Desktop,Search Engine,6,7,4,2,255,1,1
1124,C01125,50,Male,Mobile,Search Engine,13,4,2,1,98,0,0
1125,C01126,40,Female,Desktop,Social Media,12,2,3,9,111,0,1
1126,C01127,45,Female,Tablet,Social Media,4,6,2,6,115,0,1
1127,C01128,49,Male,Desktop,Direct,3,9,0,9,247,1,1
1128,C01129,24,Female,Desktop,Social Media,12,2,0,5,254,1,0
1129,C01130,46,Female,Tablet,Direct,3,1,4,7,121,0,0
1130,C01131,25,Male,Tablet,Search Engine,14,8,5,5,271,1,1
1131,C01132,18,Female,Tablet,Search Engine,2,1,3,6,159,1,0
1132,C01133,20,Female,Desktop,Direct,11,1,4,1,162,1,0
1133,C01134,41,Female,Mobile,Social Media,3,3,3,9,259,1,1
1134,C01135,40,Female,Desktop,Search Engine,13,5,3,1,285,0,0
1135,C01136,25,Female,Desktop,Email,12,9,4,5,80,0,1
1136,C01137,54,Female,Mobile,Direct,14,2,2,8,42,0,1
1137,C01138,20,Male,Tablet,Search Engine,10,1,1,2,30,0,0
1138,C01139,50,Female,Desktop,Search Engine,1,1,3,9,35,1,1
1139,C01140,45,Male,Mobile,Search Engine,3,8,0,7,68,0,0
1140,C01141,25,Male,Tablet,Email,9,2,4,4,189,0,1
1141,C01142,51,Male,Tablet,Email,4,9,5,5,138,1,1
1142,C01143,52,Male,Desktop,Email,3,9,2,5,61,0,1
1143,C01144,49,Female,Tablet,Social Media,8,2,3,9,29,1,1
1144,C01145,41,Female,Tablet,Direct,1,3,5,2,68,1,0
1145,C01146,31,Female,Mobile,Social Media,5,2,2,4,284,0,0
1146,C01147,49,Male,Mobile,Email,1,6,4,0,226,0,0
1147,C01148,33,Female,Tablet,Direct,7,7,5,1,186,0,1
1148,C01149,21,Female,Mobile,Social Media,5,6,0,9,21,1,1
1149,C01150,54,Female,Tablet,Social Media,2,3,3,2,87,1,1
1150,C01151,38,Male,Desktop,Social Media,12,3,3,3,229,0,0
1151,C01152,31,Male,Mobile,Email,14,2,5,8,158,1,1
1152,C01153,48,Female,Tablet,Search Engine,1,2,2,0,56,0,0
1153,C01154,35,Male,Tablet,Direct,11,5,4,2,237,1,1
1154,C01155,24,Male,Mobile,Email,7,8,1,2,297,0,0
1155,C01156,27,Female,Mobile,Direct,12,6,3,5,199,1,1
1156,C01157,24,Male,Desktop,Email,1,9,0,4,24,1,0
1157,C01158,50,Male,Tablet,Social Media,3,5,3,2,149,0,0
1158,C01159,40,Female,Desktop,Social Media,11,4,3,3,152,1,1
1159,C01160,38,Male,Desktop,Search Engine,6,9,1,6,118,0,1
1160,C01161,36,Male,Desktop,Search Engine,6,5,1,2,179,1,0
1161,C01162,36,Male,Mobile,Direct,7,1,4,8,255,0,1
1162,C01163,53,Male,Desktop,Search Engine,11,5,3,7,166,0,0
1163,C01164,46,Male,Mobile,Search Engine,14,5,3,1,134,0,0
1164,C01165,35,Male,Mobile,Direct,11,5,2,4,23,1,1
1165,C01166,19,Male,Desktop,Email,1,2,2,3,106,0,0
1166,C01167,18,Male,Desktop,Search Engine,7,6,5,4,65,1,1
1167,C01168,22,Female,Tablet,Email,2,5,5,2,102,0,0
1168,C01169,37,Female,Desktop,Social Media,6,2,0,9,173,1,1
1169,C01170,28,Female,Tablet,Search Engine,13,8,0,0,130,0,0
1170,C01171,59,Female,Desktop,Social Media,8,6,2,7,136,1,1
1171,C01172,19,Male,Desktop,Social Media,13,3,5,8,116,1,1
1172,C01173,20,Female,Desktop,Email,5,9,0,7,208,1,1
1173,C01174,40,Female,Desktop,Direct,10,4,3,3,107,0,1
1174,C01175,29,Male,Tablet,Search Engine,3,3,5,1,106,0,0
1175,C01176,37,Male,Tablet,Email,11,7,1,3,45,1,0
1176,C01177,22,Male,Desktop,Direct,8,8,5,8,50,1,1
1177,C01178,54,Male,Desktop,Social Media,8,7,3,9,145,1,1
1178,C01179,55,Male,Tablet,Search Engine,4,1,2,8,217,0,0
1179,C01180,47,Female,Mobile,Social Media,8,1,4,4,50,0,1
1180,C01181,26,Male,Mobile,Social Media,5,5,4,4,251,1,0
1181,C01182,51,Female,Mobile,Search Engine,13,8,2,9,64,0,1
1182,C01183,52,Female,Tablet,Direct,11,3,3,2,208,0,0
1183,C01184,39,Male,Tablet,Direct,5,8,0,5,71,0,1
1184,C01185,41,Female,Mobile,Search Engine,3,3,5,6,71,0,0
1185,C01186,34,Female,Mobile,Search Engine,7,4,5,9,98,0,1
1186,C01187,27,Male,Desktop,Email,11,7,0,8,68,1,1
1187,C01188,47,Female,Tablet,Email,14,3,4,6,249,1,1
1188,C01189,40,Female,Tablet,Social Media,11,4,2,2,63,0,0
1189,C01190,49,Female,Mobile,Search Engine,9,8,2,6,266,1,1
1190,C01191,34,Male,Mobile,Direct,9,4,1,0,238,0,0
1191,C01192,34,Male,Tablet,Social Media,1,9,4,1,41,1,1
1192,C01193,31,Male,Desktop,Social Media,1,4,2,3,149,0,0
1193,C01194,26,Female,Mobile,Social Media,10,4,1,6,26,0,0
1194,C01195,57,Male,Tablet,Social Media,12,5,0,8,291,0,1
1195,C01196,19,Female,Tablet,Direct,12,1,4,4,63,1,1
1196,C01197,42,Male,Desktop,Social Media,11,7,4,7,259,1,1
1197,C01198,56,Female,Desktop,Search Engine,5,9,2,6,84,1,1
1198,C01199,26,Male,Mobile,Email,1,9,2,4,265,0,0
1199,C01200,39,Male,Mobile,Direct,4,1,3,2,92,0,0
1200,C01201,21,Female,Mobile,Search Engine,12,6,0,2,90,1,0
1201,C01202,43,Male,Tablet,Search Engine,1,3,0,5,216,1,0
1202,C01203,46,Female,Mobile,Search Engine,2,4,5,9,208,0,1
1203,C01204,51,Male,Tablet,Email,2,8,1,3,177,0,0
1204,C01205,40,Male,Mobile,Email,4,4,1,2,44,0,0
1205,C01206,54,Female,Desktop,Email,8,8,3,3,90,1,1
1206,C01207,28,Female,Desktop,Search Engine,2,4,5,2,242,0,0
1207,C01208,23,Female,Tablet,Email,14,9,0,9,179,0,0
1208,C01209,35,Male,Desktop,Social Media,9,6,1,5,94,0,0
1209,C01210,38,Female,Tablet,Email,12,1,0,6,157,0,0
1210,C01211,59,Male,Tablet,Direct,9,2,0,3,60,1,0
1211,C01212,53,Female,Desktop,Search Engine,2,7,5,2,35,0,0
1212,C01213,58,Female,Tablet,Search Engine,1,7,1,2,208,1,0
1213,C01214,55,Female,Desktop,Social Media,10,3,2,2,47,0,0
1214,C01215,51,Female,Mobile,Email,10,1,2,8,182,1,1
1215,C01216,34,Female,Mobile,Email,9,8,5,2,74,1,1
1216,C01217,54,Female,Desktop,Direct,2,7,1,2,293,1,0
1217,C01218,42,Male,Desktop,Social Media,8,8,3,7,121,1,1
1218,C01219,55,Female,Desktop,Direct,14,1,4,3,61,0,1
1219,C01220,29,Male,Desktop,Direct,3,3,5,6,282,1,1
1220,C01221,40,Female,Mobile,Search Engine,1,2,0,2,190,1,0
1221,C01222,59,Female,Tablet,Search Engine,11,1,5,7,227,0,1
1222,C01223,39,Female,Tablet,Email,1,5,4,2,68,1,0
1223,C01224,38,Male,Mobile,Email,10,3,5,4,79,1,0
1224,C01225,44,Male,Tablet,Direct,2,8,1,0,25,0,0
1225,C01226,48,Female,Mobile,Email,7,6,0,4,167,1,0
1226,C01227,23,Male,Tablet,Direct,12,9,4,5,230,0,1
1227,C01228,44,Female,Desktop,Email,6,9,2,6,169,1,1
1228,C01229,57,Female,Desktop,Email,12,6,3,1,104,1,0
1229,C01230,51,Male,Desktop,Search Engine,11,2,5,1,179,1,0
1230,C01231,29,Male,Mobile,Search Engine,2,9,5,8,66,0,1
1231,C01232,24,Male,Mobile,Search Engine,4,2,4,9,181,1,1
1232,C01233,27,Male,Tablet,Search Engine,2,3,3,0,174,0,0
1233,C01234,34,Female,Tablet,Social Media,1,6,5,1,249,1,0
1234,C01235,43,Male,Tablet,Search Engine,12,2,2,1,177,1,0
1235,C01236,38,Male,Mobile,Social Media,3,5,4,9,180,1,1
1236,C01237,45,Female,Tablet,Search Engine,4,2,1,6,266,1,0
1237,C01238,19,Male,Desktop,Email,10,4,0,5,75,0,0
1238,C01239,18,Male,Tablet,Direct,5,3,2,8,170,0,1
1239,C01240,53,Male,Desktop,Email,5,5,3,6,73,0,0
1240,C01241,43,Male,Mobile,Email,7,6,3,2,242,1,0
1241,C01242,46,Female,Desktop,Social Media,14,7,2,2,273,0,0
1242,C01243,38,Female,Desktop,Search Engine,10,8,1,0,87,0,0
1243,C01244,28,Male,Desktop,Direct,8,9,5,7,72,1,1
1244,C01245,57,Male,Mobile,Direct,9,4,1,0,264,0,0
1245,C01246,28,Female,Mobile,Search Engine,12,4,5,1,59,1,1
1246,C01247,53,Male,Mobile,Social Media,7,7,5,6,157,1,1
1247,C01248,56,Male,Mobile,Social Media,5,9,3,0,285,0,0
1248,C01249,57,Male,Tablet,Social Media,9,2,5,3,157,0,1
1249,C01250,52,Male,Mobile,Direct,8,6,2,8,229,1,1
1250,C01251,51,Male,Desktop,Social Media,10,8,5,7,191,1,1
1251,C01252,41,Male,Mobile,Social Media,9,5,2,7,204,1,1
1252,C01253,39,Male,Tablet,Direct,10,5,0,2,259,1,0
1253,C01254,22,Male,Tablet,Direct,8,8,3,4,230,0,1
1254,C01255,50,Male,Tablet,Email,6,1,1,3,170,1,0
1255,C01256,53,Female,Desktop,Direct,4,6,4,7,143,0,1
1256,C01257,37,Female,Mobile,Search Engine,9,9,1,6,68,1,1
1257,C01258,36,Female,Mobile,Direct,12,6,1,6,143,0,1
1258,C01259,52,Male,Mobile,Direct,9,7,4,9,87,1,1
1259,C01260,34,Male,Desktop,Social Media,10,4,3,9,250,1,1
1260,C01261,51,Female,Desktop,Email,10,1,5,6,28,0,1
1261,C01262,26,Male,Tablet,Social Media,9,9,0,0,285,1,0
1262,C01263,43,Female,Tablet,Email,14,6,1,6,144,0,1
1263,C01264,19,Male,Mobile,Social Media,10,3,5,3,131,1,0
1264,C01265,26,Female,Desktop,Search Engine,3,4,1,2,73,1,0
1265,C01266,26,Female,Desktop,Social Media,11,6,3,4,108,1,1
1266,C01267,57,Female,Mobile,Social Media,12,6,3,1,114,0,0
1267,C01268,34,Male,Mobile,Search Engine,3,9,2,7,269,1,1
1268,C01269,18,Female,Tablet,Search Engine,11,4,3,8,185,0,1
1269,C01270,42,Male,Tablet,Direct,6,5,3,4,246,1,1
1270,C01271,57,Male,Tablet,Social Media,6,5,1,2,155,0,0
1271,C01272,59,Male,Mobile,Search Engine,13,3,0,9,84,0,0
1272,C01273,42,Male,Mobile,Search Engine,13,2,1,6,24,1,1
1273,C01274,56,Male,Tablet,Direct,6,8,5,0,139,1,1
1274,C01275,52,Male,Tablet,Email,5,9,3,9,238,1,1
1275,C01276,20,Male,Desktop,Search Engine,14,9,2,2,62,1,1
1276,C01277,54,Female,Desktop,Search Engine,5,5,0,8,207,0,0
1277,C01278,47,Female,Tablet,Social Media,2,9,2,1,45,0,0
1278,C01279,55,Female,Tablet,Direct,14,4,4,8,286,1,1
1279,C01280,51,Male,Desktop,Social Media,7,2,2,0,181,0,0
1280,C01281,29,Male,Tablet,Email,12,3,2,3,252,1,0
1281,C01282,36,Male,Desktop,Direct,4,1,5,9,149,1,1
1282,C01283,54,Male,Desktop,Social Media,14,5,3,5,40,1,1
1283,C01284,34,Female,Desktop,Search Engine,3,1,5,6,147,1,0
1284,C01285,27,Male,Mobile,Search Engine,8,1,3,2,95,1,1
1285,C01286,29,Female,Mobile,Direct,4,7,5,8,92,0,1
1286,C01287,33,Male,Tablet,Search Engine,11,2,3,3,252,1,1
1287,C01288,41,Female,Desktop,Social Media,4,8,3,4,125,0,1
1288,C01289,36,Male,Mobile,Direct,8,6,3,7,28,1,1
1289,C01290,25,Female,Tablet,Search Engine,1,4,2,2,138,1,0
1290,C01291,48,Male,Tablet,Search Engine,9,9,4,7,69,1,1
1291,C01292,38,Female,Tablet,Email,14,8,3,0,29,1,1
1292,C01293,34,Male,Tablet,Email,7,3,4,7,132,0,0
1293,C01294,40,Female,Tablet,Direct,12,3,4,9,285,0,1
1294,C01295,54,Female,Desktop,Email,2,4,1,7,97,1,0
1295,C01296,33,Male,Tablet,Social Media,11,9,1,5,55,1,1
1296,C01297,23,Female,Desktop,Search Engine,12,9,0,4,221,1,1
1297,C01298,25,Male,Mobile,Search Engine,6,5,5,8,137,1,1
1298,C01299,42,Male,Tablet,Search Engine,8,9,1,5,209,0,0
1299,C01300,35,Male,Mobile,Direct,11,6,3,0,261,0,0
1300,C01301,42,Female,Desktop,Direct,5,8,4,5,188,1,1
1301,C01302,29,Female,Desktop,Email,6,8,5,0,249,0,0
1302,C01303,32,Male,Mobile,Search Engine,12,7,0,5,67,0,0
1303,C01304,43,Male,Tablet,Search Engine,10,4,1,2,169,1,0
1304,C01305,58,Female,Tablet,Search Engine,8,4,2,5,227,0,1
1305,C01306,43,Female,Mobile,Search Engine,13,6,5,5,80,1,1
1306,C01307,49,Female,Mobile,Search Engine,6,9,0,0,136,0,0
1307,C01308,27,Male,Mobile,Social Media,12,7,3,8,258,0,1
1308,C01309,33,Male,Tablet,Search Engine,9,5,5,7,67,1,1
1309,C01310,24,Male,Tablet,Social Media,12,5,4,1,264,0,0
1310,C01311,34,Male,Tablet,Search Engine,9,8,3,1,24,0,0
1311,C01312,40,Male,Mobile,Direct,9,6,3,4,119,0,1
1312,C01313,43,Female,Tablet,Direct,6,1,5,9,224,0,0
1313,C01314,38,Male,Desktop,Social Media,12,1,2,1,199,0,0
1314,C01315,39,Female,Mobile,Search Engine,12,9,2,0,36,1,0
1315,C01316,24,Female,Tablet,Direct,9,8,5,1,109,1,1
1316,C01317,31,Male,Mobile,Direct,3,6,5,4,127,0,1
1317,C01318,32,Female,Desktop,Search Engine,5,1,5,9,209,1,1
1318,C01319,24,Male,Desktop,Search Engine,2,2,4,6,199,0,0
1319,C01320,26,Female,Mobile,Direct,12,3,1,4,268,0,0
1320,C01321,25,Male,Mobile,Search Engine,13,3,3,0,270,1,1
1321,C01322,40,Male,Desktop,Email,13,2,5,6,39,0,1
1322,C01323,46,Female,Mobile,Search Engine,8,2,1,5,116,1,1
1323,C01324,35,Male,Desktop,Direct,11,6,4,6,241,0,1
1324,C01325,48,Female,Desktop,Direct,13,7,3,1,163,0,0
1325,C01326,47,Male,Tablet,Social Media,4,4,1,4,26,1,0
1326,C01327,56,Male,Mobile,Email,6,1,3,7,287,0,1
1327,C01328,52,Male,Mobile,Direct,6,6,2,6,20,1,0
1328,C01329,35,Female,Tablet,Email,5,7,5,5,77,1,1
1329,C01330,59,Female,Desktop,Search Engine,12,4,2,5,283,0,0
1330,C01331,56,Male,Mobile,Direct,12,6,0,0,109,0,0
1331,C01332,34,Female,Tablet,Social Media,1,9,4,0,94,1,0
1332,C01333,31,Male,Tablet,Direct,11,4,5,6,280,0,1
1333,C01334,48,Female,Mobile,Social Media,7,4,1,2,262,0,0
1334,C01335,41,Female,Tablet,Email,10,5,3,5,138,1,1
1335,C01336,52,Male,Desktop,Social Media,8,3,0,4,66,0,0
1336,C01337,51,Male,Tablet,Search Engine,1,2,4,2,187,0,0
1337,C01338,20,Male,Desktop,Search Engine,10,9,4,5,46,1,1
1338,C01339,54,Male,Desktop,Search Engine,7,1,4,2,20,0,0
1339,C01340,57,Male,Mobile,Direct,4,5,1,7,193,0,1
1340,C01341,43,Female,Tablet,Search Engine,6,5,5,6,186,0,1
1341,C01342,40,Female,Desktop,Search Engine,9,8,2,8,37,0,1
1342,C01343,56,Male,Desktop,Direct,5,6,0,4,110,0,0
1343,C01344,32,Male,Tablet,Email,8,6,1,0,221,0,0
1344,C01345,21,Male,Desktop,Search Engine,5,6,3,9,40,1,1
1345,C01346,46,Female,Tablet,Search Engine,2,4,1,7,175,0,0
1346,C01347,39,Male,Mobile,Direct,4,1,3,1,33,0,0
1347,C01348,42,Male,Desktop,Email,14,3,3,5,39,0,1
1348,C01349,30,Female,Desktop,Email,2,6,4,0,263,1,1
1349,C01350,35,Female,Tablet,Email,7,5,1,5,192,0,0
1350,C01351,50,Female,Tablet,Direct,7,1,2,3,141,1,0
1351,C01352,33,Female,Tablet,Social Media,14,5,3,4,203,1,1
1352,C01353,59,Male,Tablet,Social Media,3,2,4,9,87,1,1
1353,C01354,19,Female,Desktop,Search Engine,14,1,2,6,178,1,0
1354,C01355,52,Female,Mobile,Search Engine,13,4,1,5,68,1,0
1355,C01356,59,Male,Mobile,Search Engine,7,6,2,0,200,0,0
1356,C01357,51,Male,Mobile,Social Media,1,7,1,8,160,0,1
1357,C01358,47,Male,Mobile,Direct,1,9,3,5,37,0,1
1358,C01359,30,Female,Tablet,Search Engine,9,5,0,5,159,0,0
1359,C01360,30,Male,Desktop,Direct,6,8,0,8,91,1,0
1360,C01361,35,Female,Desktop,Search Engine,13,8,5,9,261,1,1
1361,C01362,49,Female,Desktop,Direct,14,9,5,4,280,1,1
1362,C01363,49,Female,Tablet,Direct,12,3,3,5,282,1,1
1363,C01364,52,Male,Desktop,Social Media,5,3,2,5,162,1,0
1364,C01365,56,Female,Tablet,Direct,13,9,1,6,214,1,1
1365,C01366,46,Male,Desktop,Email,6,7,0,8,165,0,1
1366,C01367,46,Male,Mobile,Social Media,6,4,1,4,45,0,0
1367,C01368,33,Male,Tablet,Search Engine,1,1,3,4,78,0,0
1368,C01369,27,Female,Desktop,Social Media,5,7,2,3,71,0,0
1369,C01370,47,Female,Mobile,Email,9,6,1,9,168,1,1
1370,C01371,42,Female,Mobile,Email,4,3,2,3,126,1,0
1371,C01372,56,Male,Mobile,Direct,3,5,0,7,78,1,0
1372,C01373,37,Female,Tablet,Email,1,3,1,1,277,0,0
1373,C01374,22,Female,Tablet,Email,14,8,4,9,38,0,1
1374,C01375,18,Female,Desktop,Email,2,5,0,7,185,0,0
1375,C01376,47,Female,Mobile,Email,3,6,2,1,44,0,0
1376,C01377,20,Female,Desktop,Search Engine,4,2,3,0,23,0,0
1377,C01378,31,Male,Desktop,Search Engine,7,8,4,9,22,0,1
1378,C01379,47,Male,Mobile,Social Media,6,9,5,8,46,1,1
1379,C01380,21,Male,Desktop,Direct,11,3,1,7,238,0,0
1380,C01381,35,Male,Tablet,Search Engine,8,6,5,5,63,0,1
1381,C01382,54,Female,Desktop,Email,14,6,0,3,231,0,0
1382,C01383,42,Male,Mobile,Direct,9,2,1,1,71,1,0
1383,C01384,18,Female,Tablet,Search Engine,6,8,1,7,172,0,1
1384,C01385,32,Male,Tablet,Social Media,7,5,4,2,221,0,0
1385,C01386,26,Male,Desktop,Email,4,8,4,9,30,1,1
1386,C01387,32,Male,Desktop,Direct,2,8,4,3,87,0,0
1387,C01388,41,Female,Tablet,Search Engine,9,3,4,4,246,0,1
1388,C01389,21,Female,Desktop,Direct,9,5,3,3,140,1,1
1389,C01390,29,Male,Mobile,Search Engine,4,7,2,7,34,1,1
1390,C01391,54,Female,Desktop,Social Media,12,5,4,8,76,0,1
1391,C01392,54,Male,Desktop,Email,3,6,0,0,83,1,0
1392,C01393,23,Male,Tablet,Social Media,10,2,1,1,249,1,0
1393,C01394,56,Male,Desktop,Email,14,8,5,3,30,0,1
1394,C01395,41,Female,Desktop,Email,11,5,4,0,140,1,1
1395,C01396,28,Male,Desktop,Direct,6,6,0,5,243,1,0
1396,C01397,30,Male,Mobile,Search Engine,14,1,3,4,244,0,0
1397,C01398,51,Male,Desktop,Social Media,14,2,0,6,144,1,0
1398,C01399,42,Female,Mobile,Social Media,3,4,5,5,167,0,0
1399,C01400,24,Male,Mobile,Social Media,1,9,5,2,247,1,1
1400,C01401,21,Female,Mobile,Direct,4,6,0,4,49,1,1
1401,C01402,25,Male,Mobile,Direct,1,8,3,2,29,0,0
1402,C01403,37,Female,Tablet,Direct,2,2,5,8,73,1,1
1403,C01404,46,Male,Mobile,Email,3,5,3,1,205,1,0
1404,C01405,27,Male,Desktop,Social Media,8,1,1,5,226,1,0
1405,C01406,51,Female,Mobile,Email,10,4,4,8,274,1,1
1406,C01407,43,Female,Desktop,Social Media,4,1,5,9,176,1,1
1407,C01408,58,Male,Mobile,Social Media,4,9,0,6,148,0,1
1408,C01409,20,Female,Tablet,Search Engine,13,2,2,4,77,1,0
1409,C01410,23,Male,Mobile,Social Media,10,7,2,1,214,0,0
1410,C01411,22,Male,Mobile,Direct,9,3,1,1,95,1,0
1411,C01412,22,Male,Tablet,Direct,7,2,2,3,108,1,0
1412,C01413,40,Female,Mobile,Direct,2,4,1,9,100,0,0
1413,C01414,26,Male,Desktop,Search Engine,3,7,4,1,205,1,0
1414,C01415,52,Female,Mobile,Search Engine,4,7,1,7,287,1,0
1415,C01416,37,Male,Mobile,Email,4,9,3,9,98,1,1
1416,C01417,59,Female,Mobile,Social Media,10,3,3,6,164,1,1
1417,C01418,52,Female,Tablet,Social Media,8,7,3,6,148,0,1
1418,C01419,35,Male,Mobile,Direct,10,6,5,2,33,0,1
1419,C01420,34,Female,Mobile,Direct,14,7,3,6,138,1,1
1420,C01421,41,Male,Desktop,Direct,10,7,3,7,21,0,1
1421,C01422,20,Male,Mobile,Direct,6,5,3,4,23,0,1
1422,C01423,49,Male,Mobile,Direct,3,9,3,0,263,1,0
1423,C01424,52,Male,Mobile,Direct,11,7,5,0,85,1,1
1424,C01425,55,Male,Mobile,Social Media,9,7,3,3,265,0,0
1425,C01426,30,Female,Desktop,Search Engine,10,3,3,1,109,0,0
1426,C01427,42,Male,Desktop,Direct,8,1,4,6,197,0,1
1427,C01428,26,Female,Tablet,Social Media,9,5,5,2,79,0,0
1428,C01429,21,Female,Mobile,Direct,5,8,3,3,251,0,0
1429,C01430,31,Male,Tablet,Email,3,5,1,8,195,0,1
1430,C01431,54,Female,Tablet,Email,4,3,4,1,186,1,0
1431,C01432,51,Male,Mobile,Social Media,14,9,5,7,217,1,1
1432,C01433,28,Female,Desktop,Search Engine,13,2,2,0,79,0,0
1433,C01434,58,Female,Desktop,Email,12,3,0,2,102,1,0
1434,C01435,20,Female,Mobile,Email,5,4,5,3,93,1,1
1435,C01436,45,Male,Mobile,Search Engine,9,1,4,5,45,0,0
1436,C01437,46,Female,Desktop,Email,9,4,3,0,262,0,0
1437,C01438,26,Male,Mobile,Direct,14,4,4,7,135,0,1
1438,C01439,20,Female,Mobile,Search Engine,3,9,0,1,199,1,0
1439,C01440,42,Female,Mobile,Email,7,8,0,4,281,0,1
1440,C01441,51,Female,Desktop,Search Engine,6,2,5,5,133,1,1
1441,C01442,29,Female,Tablet,Direct,4,7,3,7,285,1,1
1442,C01443,59,Male,Tablet,Email,5,6,3,2,57,0,0
1443,C01444,26,Male,Mobile,Social Media,14,7,1,8,96,1,1
1444,C01445,32,Female,Desktop,Email,10,4,0,4,121,0,0
1445,C01446,57,Female,Mobile,Email,2,5,3,7,31,0,1
1446,C01447,42,Male,Desktop,Direct,11,6,0,3,68,1,0
1447,C01448,22,Male,Mobile,Social Media,7,9,1,8,273,0,1
1448,C01449,28,Male,Desktop,Social Media,14,2,2,7,268,0,1
1449,C01450,51,Male,Desktop,Social Media,4,9,0,4,91,0,0
1450,C01451,41,Female,Tablet,Direct,2,1,1,2,216,0,0
1451,C01452,32,Female,Mobile,Direct,11,4,1,0,272,0,0
1452,C01453,55,Male,Tablet,Direct,6,5,1,4,241,0,0
1453,C01454,25,Male,Tablet,Direct,11,9,4,4,79,1,1
1454,C01455,22,Male,Desktop,Direct,12,6,5,3,176,0,1
1455,C01456,43,Male,Mobile,Social Media,2,4,3,9,221,1,1
1456,C01457,35,Male,Desktop,Search Engine,10,2,0,9,286,0,0
1457,C01458,23,Male,Desktop,Direct,2,5,5,7,54,0,1
1458,C01459,54,Female,Desktop,Search Engine,7,8,4,2,274,1,1
1459,C01460,30,Female,Mobile,Email,1,8,0,9,42,1,0
1460,C01461,45,Female,Mobile,Email,7,6,5,8,184,0,1
1461,C01462,22,Male,Desktop,Direct,10,1,4,2,47,0,0
1462,C01463,30,Male,Mobile,Email,5,8,3,3,72,1,1
1463,C01464,34,Male,Desktop,Search Engine,1,4,1,5,104,1,0
1464,C01465,57,Female,Mobile,Email,6,2,5,8,143,1,1
1465,C01466,49,Male,Mobile,Email,7,1,5,9,226,1,1
1466,C01467,46,Male,Tablet,Search Engine,1,7,0,1,184,0,0
1467,C01468,20,Female,Desktop,Email,9,2,1,1,66,1,0
1468,C01469,57,Male,Tablet,Direct,7,4,3,1,175,0,0
1469,C01470,51,Female,Tablet,Search Engine,1,4,0,4,285,1,0
1470,C01471,57,Female,Desktop,Search Engine,3,1,2,5,298,0,0
1471,C01472,44,Male,Desktop,Social Media,5,2,2,2,24,1,0
1472,C01473,30,Female,Mobile,Social Media,4,1,2,2,101,0,0
1473,C01474,50,Male,Desktop,Search Engine,2,6,3,1,138,1,0
1474,C01475,23,Female,Tablet,Search Engine,1,3,2,5,281,1,0
1475,C01476,41,Male,Tablet,Social Media,4,1,5,0,144,1,0
1476,C01477,36,Female,Desktop,Direct,7,8,0,8,234,1,1
1477,C01478,33,Male,Tablet,Email,11,4,5,9,47,0,1
1478,C01479,57,Female,Mobile,Email,4,7,2,3,288,1,1
1479,C01480,45,Female,Tablet,Email,9,2,0,1,44,1,0
1480,C01481,50,Female,Mobile,Search Engine,14,6,5,5,26,1,1
1481,C01482,58,Male,Tablet,Direct,8,6,3,4,213,0,1
1482,C01483,30,Male,Mobile,Social Media,8,7,1,2,99,0,0
1483,C01484,42,Female,Mobile,Direct,5,1,5,2,55,1,1
1484,C01485,59,Male,Desktop,Direct,12,1,4,4,277,0,0
1485,C01486,53,Female,Mobile,Email,1,2,2,3,132,0,0
1486,C01487,44,Male,Desktop,Social Media,9,2,4,4,221,0,0
1487,C01488,55,Female,Tablet,Direct,2,5,1,1,33,1,0
1488,C01489,24,Male,Tablet,Social Media,6,1,3,0,174,0,0
1489,C01490,22,Female,Tablet,Search Engine,10,2,5,4,104,0,1
1490,C01491,48,Female,Mobile,Email,14,6,3,0,159,1,0
1491,C01492,40,Female,Tablet,Social Media,5,3,1,2,116,1,0
1492,C01493,59,Female,Tablet,Search Engine,10,4,4,7,204,1,1
1493,C01494,27,Male,Desktop,Search Engine,13,1,5,7,208,0,1
1494,C01495,49,Female,Desktop,Search Engine,8,5,2,8,101,1,1
1495,C01496,47,Male,Tablet,Direct,11,4,0,0,199,0,0
1496,C01497,56,Male,Tablet,Direct,3,8,3,3,124,0,0
1497,C01498,48,Female,Mobile,Email,6,3,1,5,229,1,0
1498,C01499,35,Male,Mobile,Email,6,1,5,6,268,1,1
1499,C01500,53,Male,Tablet,Search Engine,10,5,4,4,91,1,1
1500,C01501,19,Male,Desktop,Email,3,1,2,6,180,1,0
1501,C01502,31,Female,Tablet,Direct,12,5,4,9,152,1,1
1502,C01503,30,Male,Mobile,Email,12,9,2,7,259,1,1
1503,C01504,46,Male,Desktop,Social Media,12,5,5,9,97,0,1
1504,C01505,29,Female,Desktop,Direct,7,2,0,5,77,1,0
1505,C01506,56,Female,Mobile,Search Engine,11,2,0,3,144,0,0
1506,C01507,19,Male,Tablet,Search Engine,4,9,1,0,30,0,0
1507,C01508,49,Female,Tablet,Email,5,5,1,4,46,0,0
1508,C01509,30,Male,Tablet,Direct,9,8,2,9,226,0,1
1509,C01510,44,Male,Mobile,Search Engine,6,4,2,9,241,0,0
1510,C01511,58,Male,Desktop,Search Engine,10,2,2,9,269,0,0
1511,C01512,34,Female,Mobile,Direct,13,4,2,3,227,1,1
1512,C01513,57,Male,Tablet,Direct,4,4,5,4,128,0,1
1513,C01514,48,Female,Mobile,Search Engine,8,9,5,3,80,0,1
1514,C01515,51,Female,Desktop,Email,9,6,0,8,141,0,0
1515,C01516,41,Male,Mobile,Email,10,6,1,2,258,1,0
1516,C01517,52,Female,Tablet,Email,5,5,1,2,125,0,0
1517,C01518,23,Female,Desktop,Social Media,2,6,3,9,298,0,1
1518,C01519,36,Female,Mobile,Direct,6,1,1,6,55,1,0
1519,C01520,47,Female,Mobile,Search Engine,11,5,1,1,57,1,0
1520,C01521,24,Female,Desktop,Social Media,12,6,4,8,91,1,1
1521,C01522,27,Male,Desktop,Email,8,8,4,7,75,0,1
1522,C01523,58,Female,Tablet,Social Media,13,4,3,5,186,1,1
1523,C01524,49,Male,Desktop,Search Engine,5,5,2,8,240,1,1
1524,C01525,51,Male,Tablet,Search Engine,1,4,3,2,95,1,0
1525,C01526,45,Male,Mobile,Direct,8,7,3,3,229,0,0
1526,C01527,32,Male,Tablet,Email,9,6,0,6,230,1,1
1527,C01528,47,Male,Mobile,Email,1,4,5,0,247,0,0
1528,C01529,54,Male,Desktop,Social Media,8,6,1,0,244,0,0
1529,C01530,46,Female,Mobile,Email,10,4,0,0,273,1,0
1530,C01531,39,Female,Desktop,Social Media,12,8,5,7,175,0,1
1531,C01532,21,Female,Mobile,Search Engine,2,3,1,5,168,0,0
1532,C01533,37,Male,Mobile,Search Engine,4,8,3,2,298,0,0
1533,C01534,49,Female,Mobile,Search Engine,13,2,1,9,250,1,0
1534,C01535,53,Female,Mobile,Search Engine,2,6,2,6,209,0,0
1535,C01536,21,Female,Tablet,Search Engine,2,8,2,5,244,1,1
1536,C01537,44,Male,Mobile,Social Media,10,1,3,4,84,0,0
1537,C01538,34,Female,Tablet,Search Engine,3,6,4,2,127,1,0
1538,C01539,29,Male,Desktop,Social Media,14,9,2,3,99,0,1
1539,C01540,39,Female,Desktop,Search Engine,8,2,3,0,152,0,0
1540,C01541,34,Male,Tablet,Social Media,4,1,0,8,193,1,0
1541,C01542,27,Male,Desktop,Social Media,7,2,4,4,83,0,0
1542,C01543,18,Male,Desktop,Social Media,12,5,2,1,229,1,0
1543,C01544,39,Female,Mobile,Email,10,6,3,8,117,1,1
1544,C01545,43,Female,Mobile,Social Media,3,1,3,6,191,0,0
1545,C01546,35,Male,Mobile,Social Media,10,7,0,7,108,1,1
1546,C01547,31,Female,Tablet,Search Engine,12,4,0,2,245,0,0
1547,C01548,46,Male,Tablet,Social Media,14,9,4,6,162,1,1
1548,C01549,29,Male,Desktop,Social Media,14,6,5,0,215,1,1
1549,C01550,53,Female,Mobile,Direct,13,9,2,5,198,1,1
1550,C01551,52,Female,Tablet,Email,11,1,3,9,73,0,1
1551,C01552,29,Female,Tablet,Direct,14,4,4,5,215,0,1
1552,C01553,24,Male,Mobile,Search Engine,3,2,4,9,236,0,0
1553,C01554,46,Male,Tablet,Email,2,6,0,5,44,0,0
1554,C01555,28,Female,Mobile,Email,13,4,3,2,86,1,0
1555,C01556,50,Male,Desktop,Direct,12,9,1,5,182,0,1
1556,C01557,23,Female,Desktop,Email,6,3,5,2,131,0,0
1557,C01558,32,Male,Desktop,Direct,6,1,5,9,225,1,1
1558,C01559,49,Female,Mobile,Social Media,1,1,0,8,156,0,0
1559,C01560,28,Female,Tablet,Direct,7,9,3,6,298,0,1
1560,C01561,40,Male,Desktop,Email,12,9,4,3,184,1,1
1561,C01562,43,Female,Desktop,Email,14,5,5,2,290,0,1
1562,C01563,51,Female,Desktop,Search Engine,14,2,4,5,247,0,1
1563,C01564,51,Male,Tablet,Search Engine,4,9,2,8,146,0,1
1564,C01565,46,Female,Tablet,Search Engine,13,8,1,2,289,0,0
1565,C01566,21,Male,Mobile,Search Engine,11,6,0,7,267,0,0
1566,C01567,34,Female,Desktop,Email,12,7,5,5,55,1,1
1567,C01568,52,Male,Tablet,Search Engine,3,6,2,3,174,0,0
1568,C01569,30,Female,Mobile,Direct,13,5,2,4,164,0,0
1569,C01570,58,Female,Desktop,Social Media,13,4,1,2,279,0,0
1570,C01571,56,Female,Tablet,Email,8,7,0,1,38,0,0
1571,C01572,32,Female,Tablet,Search Engine,2,4,0,8,77,0,0
1572,C01573,46,Male,Mobile,Email,9,9,4,2,282,0,1
1573,C01574,46,Male,Desktop,Search Engine,13,5,0,5,55,0,0
1574,C01575,28,Male,Desktop,Email,8,8,2,4,230,0,1
1575,C01576,49,Male,Tablet,Search Engine,8,6,4,9,167,1,1
1576,C01577,19,Male,Desktop,Social Media,13,4,0,7,121,0,0
1577,C01578,31,Male,Mobile,Search Engine,3,3,1,4,95,0,0
1578,C01579,37,Male,Tablet,Direct,13,6,2,7,87,0,1
1579,C01580,39,Female,Tablet,Email,4,1,3,4,85,1,1
1580,C01581,28,Female,Mobile,Email,2,2,1,9,241,0,0
1581,C01582,44,Female,Tablet,Direct,2,7,1,5,170,1,0
1582,C01583,20,Female,Desktop,Direct,4,4,0,4,293,0,0
1583,C01584,34,Male,Desktop,Social Media,6,5,4,1,297,0,0
1584,C01585,45,Male,Tablet,Email,5,1,4,9,87,0,1
1585,C01586,46,Male,Mobile,Social Media,1,2,2,9,254,0,0
1586,C01587,38,Female,Mobile,Email,13,4,0,5,222,1,0
1587,C01588,33,Male,Desktop,Email,10,8,4,6,252,1,1
1588,C01589,54,Female,Mobile,Social Media,1,4,5,2,182,0,0
1589,C01590,37,Male,Tablet,Email,6,3,3,2,117,0,0
1590,C01591,23,Male,Tablet,Email,3,3,5,6,28,0,1
1591,C01592,36,Male,Desktop,Social Media,3,5,0,9,268,0,1
1592,C01593,22,Male,Desktop,Search Engine,7,3,0,3,246,1,0
1593,C01594,20,Female,Desktop,Social Media,13,8,4,1,260,0,1
1594,C01595,18,Female,Mobile,Email,13,5,1,8,94,1,0
1595,C01596,55,Male,Tablet,Direct,1,7,0,8,36,1,0
1596,C01597,32,Female,Tablet,Search Engine,1,8,1,5,70,1,1
1597,C01598,51,Male,Tablet,Direct,14,5,2,1,247,0,0
1598,C01599,52,Male,Desktop,Search Engine,13,8,2,2,213,0,1
1599,C01600,42,Male,Tablet,Direct,10,3,4,4,299,1,1
1600,C01601,41,Male,Mobile,Search Engine,3,7,2,4,257,1,0
1601,C01602,29,Female,Mobile,Social Media,14,8,5,8,290,1,1
1602,C01603,35,Male,Tablet,Search Engine,8,7,5,9,176,0,1
1603,C01604,32,Male,Desktop,Search Engine,1,2,5,2,273,0,0
1604,C01605,33,Female,Tablet,Search Engine,10,8,4,1,137,1,1
1605,C01606,44,Male,Mobile,Email,13,6,4,9,69,0,1
1606,C01607,25,Female,Mobile,Direct,4,3,5,7,297,0,1
1607,C01608,42,Male,Mobile,Social Media,9,4,1,6,71,0,0
1608,C01609,34,Male,Tablet,Direct,14,7,5,8,200,1,1
1609,C01610,46,Male,Mobile,Direct,4,3,1,2,50,0,0
1610,C01611,25,Male,Desktop,Social Media,10,1,2,5,265,0,0
1611,C01612,32,Male,Tablet,Email,8,6,1,4,109,1,1
1612,C01613,44,Male,Tablet,Search Engine,7,3,0,4,50,1,0
1613,C01614,24,Female,Mobile,Email,3,6,3,9,121,0,1
1614,C01615,20,Male,Mobile,Email,7,3,0,7,249,1,0
1615,C01616,46,Female,Desktop,Search Engine,7,6,0,0,116,1,0
1616,C01617,41,Female,Tablet,Direct,10,4,4,0,86,0,0
1617,C01618,20,Male,Mobile,Search Engine,3,4,3,2,211,1,0
1618,C01619,37,Female,Desktop,Social Media,2,2,4,1,230,1,0
1619,C01620,32,Male,Mobile,Search Engine,9,4,1,1,156,0,0
1620,C01621,42,Female,Tablet,Direct,1,4,5,1,203,0,0
1621,C01622,47,Male,Mobile,Email,14,7,1,3,75,0,0
1622,C01623,31,Female,Tablet,Email,7,5,3,0,269,1,0
1623,C01624,24,Female,Mobile,Search Engine,4,8,2,9,79,0,1
1624,C01625,34,Male,Tablet,Social Media,2,7,1,8,147,1,1
1625,C01626,37,Female,Desktop,Direct,2,9,0,4,224,0,0
1626,C01627,53,Male,Tablet,Email,8,8,3,4,233,0,1
1627,C01628,26,Male,Desktop,Search Engine,7,9,3,8,146,1,1
1628,C01629,55,Male,Tablet,Social Media,12,1,1,4,91,1,0
1629,C01630,39,Male,Desktop,Social Media,7,3,1,7,235,0,0
1630,C01631,19,Male,Mobile,Email,5,5,4,0,109,1,1
1631,C01632,41,Female,Tablet,Email,14,9,4,0,252,0,1
1632,C01633,25,Female,Mobile,Direct,10,8,0,3,252,1,0
1633,C01634,28,Female,Desktop,Social Media,8,7,3,7,82,0,1
1634,C01635,30,Male,Tablet,Direct,14,2,2,2,266,0,0
1635,C01636,34,Female,Tablet,Social Media,2,6,2,0,154,1,0
1636,C01637,25,Female,Mobile,Social Media,2,4,3,8,21,0,1
1637,C01638,38,Female,Tablet,Search Engine,5,5,0,8,180,0,0
1638,C01639,35,Female,Tablet,Email,1,5,4,8,159,1,1
1639,C01640,47,Female,Mobile,Social Media,6,4,4,8,221,1,1
1640,C01641,35,Male,Tablet,Direct,4,4,4,1,144,0,0
1641,C01642,48,Male,Mobile,Email,6,4,2,3,101,1,0
1642,C01643,55,Female,Mobile,Direct,7,2,2,1,183,0,0
1643,C01644,49,Male,Mobile,Email,13,1,0,6,259,0,0
1644,C01645,28,Male,Mobile,Email,3,2,2,2,232,1,0
1645,C01646,42,Female,Mobile,Social Media,11,7,1,8,168,0,1
1646,C01647,50,Female,Desktop,Search Engine,13,1,2,6,91,0,1
1647,C01648,55,Male,Desktop,Social Media,8,6,4,7,122,0,1
1648,C01649,58,Female,Mobile,Email,7,4,0,8,202,0,0
1649,C01650,25,Male,Desktop,Social Media,13,2,3,7,203,0,0
1650,C01651,28,Male,Desktop,Social Media,1,3,3,6,32,1,0
1651,C01652,39,Female,Tablet,Email,6,7,0,8,251,1,1
1652,C01653,41,Male,Mobile,Email,7,6,1,0,169,0,0
1653,C01654,58,Male,Desktop,Social Media,14,6,3,3,282,1,1
1654,C01655,34,Male,Tablet,Social Media,11,8,4,3,43,1,1
1655,C01656,29,Female,Tablet,Social Media,4,8,3,4,208,1,1
1656,C01657,49,Female,Mobile,Direct,14,6,3,7,152,1,1
1657,C01658,32,Female,Mobile,Social Media,2,1,4,9,69,0,0
1658,C01659,33,Female,Tablet,Direct,10,7,2,0,202,1,0
1659,C01660,39,Male,Mobile,Search Engine,9,8,1,5,45,1,0
1660,C01661,45,Female,Mobile,Direct,7,5,4,8,157,1,1
1661,C01662,37,Female,Tablet,Social Media,1,4,4,9,30,1,1
1662,C01663,50,Female,Tablet,Search Engine,8,7,5,7,121,1,1
1663,C01664,27,Female,Mobile,Direct,3,6,0,1,30,1,0
1664,C01665,57,Male,Desktop,Direct,4,6,1,6,131,0,0
1665,C01666,49,Male,Mobile,Email,12,3,2,4,113,1,0
1666,C01667,50,Male,Desktop,Search Engine,5,4,5,1,279,1,1
1667,C01668,19,Female,Tablet,Email,1,5,4,0,277,1,0
1668,C01669,50,Female,Desktop,Search Engine,6,9,5,1,186,1,1
1669,C01670,50,Male,Tablet,Direct,10,8,2,9,228,0,1
1670,C01671,58,Female,Mobile,Email,6,3,5,5,64,0,0
1671,C01672,30,Female,Mobile,Social Media,2,6,5,7,224,1,1
1672,C01673,47,Male,Tablet,Direct,11,1,5,2,61,1,1
1673,C01674,50,Male,Tablet,Search Engine,10,3,4,4,119,1,1
1674,C01675,30,Female,Tablet,Search Engine,6,7,4,1,291,1,1
1675,C01676,43,Female,Mobile,Email,8,7,0,7,25,0,0
1676,C01677,39,Female,Mobile,Email,6,2,3,3,61,1,0
1677,C01678,56,Male,Desktop,Search Engine,4,3,1,9,272,0,0
1678,C01679,19,Male,Tablet,Direct,4,7,0,5,95,0,0
1679,C01680,55,Male,Desktop,Email,9,6,2,2,61,1,1
1680,C01681,56,Male,Mobile,Social Media,6,7,5,7,287,1,1
1681,C01682,43,Female,Desktop,Search Engine,8,9,4,7,236,0,1
1682,C01683,32,Male,Desktop,Social Media,8,8,5,2,83,1,1
1683,C01684,51,Male,Mobile,Search Engine,7,6,4,8,198,0,1
1684,C01685,59,Female,Mobile,Social Media,3,4,1,9,48,1,1
1685,C01686,57,Female,Tablet,Direct,10,9,0,4,294,1,1
1686,C01687,28,Female,Desktop,Search Engine,1,7,0,9,235,1,1
1687,C01688,20,Male,Mobile,Direct,5,5,2,8,73,1,1
1688,C01689,23,Female,Mobile,Email,13,2,0,6,99,0,0
1689,C01690,26,Female,Desktop,Search Engine,10,9,0,9,213,1,1
1690,C01691,23,Male,Mobile,Direct,10,7,3,2,219,1,1
1691,C01692,26,Male,Tablet,Social Media,2,9,1,5,32,1,1
1692,C01693,56,Female,Tablet,Direct,12,9,5,9,241,0,1
1693,C01694,48,Male,Desktop,Search Engine,10,5,0,1,212,1,0
1694,C01695,49,Female,Tablet,Direct,13,7,2,5,259,0,1
1695,C01696,58,Female,Mobile,Social Media,2,5,5,4,289,0,0
1696,C01697,29,Male,Mobile,Social Media,14,3,4,2,118,1,0
1697,C01698,25,Female,Mobile,Social Media,7,8,0,6,239,0,1
1698,C01699,25,Male,Mobile,Email,11,8,0,3,123,1,1
1699,C01700,45,Male,Desktop,Search Engine,13,9,5,5,84,1,1
1700,C01701,37,Male,Tablet,Social Media,3,6,4,8,164,1,1
1701,C01702,24,Female,Tablet,Email,13,2,3,5,57,0,0
1702,C01703,28,Male,Mobile,Social Media,8,3,1,3,47,0,0
1703,C01704,37,Male,Desktop,Direct,9,6,3,9,256,0,1
1704,C01705,33,Female,Mobile,Search Engine,14,1,2,1,145,1,0
1705,C01706,21,Female,Mobile,Direct,13,2,5,8,104,1,1
1706,C01707,23,Female,Desktop,Email,8,8,0,3,256,0,0
1707,C01708,39,Female,Desktop,Direct,6,8,3,3,265,0,0
1708,C01709,43,Male,Mobile,Direct,5,6,1,1,285,1,0
1709,C01710,20,Male,Tablet,Social Media,3,3,2,4,268,0,0
1710,C01711,58,Male,Mobile,Direct,3,2,3,5,224,1,0
1711,C01712,59,Female,Tablet,Social Media,7,6,0,9,247,1,1
1712,C01713,31,Female,Tablet,Social Media,13,1,1,5,259,0,0
1713,C01714,28,Male,Desktop,Search Engine,5,6,0,2,92,1,0
1714,C01715,35,Female,Desktop,Email,12,9,0,8,178,1,1
1715,C01716,29,Female,Mobile,Email,14,7,2,6,231,0,0
1716,C01717,40,Male,Tablet,Email,6,9,1,2,155,0,1
1717,C01718,29,Male,Tablet,Social Media,14,2,4,3,183,0,0
1718,C01719,30,Female,Mobile,Email,6,5,0,6,156,1,0
1719,C01720,42,Female,Mobile,Social Media,9,9,1,7,190,1,1
1720,C01721,36,Female,Mobile,Search Engine,1,7,0,5,171,0,0
1721,C01722,53,Male,Desktop,Email,8,9,3,3,184,1,1
1722,C01723,25,Male,Mobile,Social Media,10,6,3,1,123,0,0
1723,C01724,46,Male,Mobile,Email,13,7,1,9,241,1,1
1724,C01725,49,Male,Tablet,Email,13,5,2,7,148,1,1
1725,C01726,35,Male,Mobile,Search Engine,5,6,4,0,239,1,0
1726,C01727,23,Female,Tablet,Direct,13,1,3,8,192,1,0
1727,C01728,35,Female,Tablet,Email,6,1,2,7,115,1,0
1728,C01729,36,Female,Desktop,Search Engine,6,2,4,2,71,0,0
1729,C01730,39,Male,Mobile,Email,1,4,3,9,113,0,0
1730,C01731,54,Male,Mobile,Email,3,9,4,3,83,1,1
1731,C01732,49,Male,Tablet,Email,12,7,5,9,40,0,1
1732,C01733,58,Female,Desktop,Email,6,6,0,3,125,0,0
1733,C01734,20,Male,Desktop,Direct,14,1,1,1,219,1,0
1734,C01735,45,Male,Mobile,Direct,14,5,3,9,119,1,1
1735,C01736,27,Female,Tablet,Email,11,4,3,4,46,1,1
1736,C01737,52,Male,Mobile,Email,11,5,0,2,264,0,0
1737,C01738,46,Female,Mobile,Search Engine,9,9,3,0,82,0,1
1738,C01739,32,Male,Mobile,Search Engine,6,3,3,1,57,0,0
1739,C01740,50,Male,Mobile,Social Media,12,4,5,6,146,1,1
1740,C01741,24,Female,Tablet,Direct,13,8,3,0,90,1,1
1741,C01742,29,Female,Desktop,Email,6,3,3,1,153,1,0
1742,C01743,47,Female,Mobile,Direct,1,3,3,9,272,1,1
1743,C01744,38,Female,Mobile,Search Engine,9,9,2,6,32,1,1
1744,C01745,48,Female,Mobile,Direct,4,5,3,0,193,0,0
1745,C01746,41,Female,Mobile,Direct,2,1,0,6,109,0,0
1746,C01747,37,Male,Desktop,Email,1,7,5,7,226,0,1
1747,C01748,54,Male,Desktop,Email,3,7,3,1,81,1,1
1748,C01749,21,Female,Desktop,Search Engine,3,6,4,3,58,1,1
1749,C01750,45,Male,Desktop,Email,5,6,5,6,79,0,1
1750,C01751,37,Female,Mobile,Search Engine,1,3,5,0,124,0,0
1751,C01752,41,Male,Tablet,Search Engine,7,3,4,5,258,1,1
1752,C01753,49,Female,Desktop,Social Media,13,9,0,4,146,0,1
1753,C01754,58,Male,Desktop,Social Media,1,1,2,5,102,1,0
1754,C01755,53,Male,Mobile,Social Media,4,7,0,7,239,0,0
1755,C01756,51,Male,Mobile,Direct,6,7,2,0,124,0,0
1756,C01757,53,Male,Mobile,Social Media,1,8,1,2,93,0,0
1757,C01758,19,Male,Mobile,Email,7,6,4,8,154,0,1
1758,C01759,32,Female,Tablet,Email,10,8,5,7,81,1,1
1759,C01760,51,Female,Tablet,Social Media,7,1,5,3,20,1,0
1760,C01761,53,Female,Desktop,Direct,3,1,5,9,98,1,1
1761,C01762,23,Male,Tablet,Search Engine,4,9,4,8,84,0,1
1762,C01763,56,Female,Desktop,Direct,6,4,4,6,202,1,1
1763,C01764,59,Male,Desktop,Direct,14,3,2,1,85,0,0
1764,C01765,29,Male,Tablet,Search Engine,11,6,5,0,227,1,1
1765,C01766,20,Male,Desktop,Search Engine,7,9,0,0,73,0,0
1766,C01767,35,Female,Mobile,Search Engine,14,4,2,2,240,1,1
1767,C01768,57,Male,Desktop,Email,13,9,5,9,255,1,1
1768,C01769,38,Female,Mobile,Search Engine,4,5,4,1,119,0,0
1769,C01770,32,Female,Tablet,Search Engine,10,7,4,3,122,1,1
1770,C01771,50,Male,Tablet,Direct,11,3,4,7,201,0,1
1771,C01772,52,Male,Desktop,Direct,9,3,5,4,127,0,1
1772,C01773,43,Female,Mobile,Social Media,9,3,4,4,31,0,1
1773,C01774,25,Female,Desktop,Direct,9,8,1,5,105,1,1
1774,C01775,53,Female,Tablet,Search Engine,12,6,4,4,233,1,1
1775,C01776,47,Female,Desktop,Email,10,9,5,4,63,1,1
1776,C01777,40,Female,Desktop,Direct,6,9,2,6,97,1,1
1777,C01778,59,Female,Mobile,Direct,2,8,4,5,74,1,1
1778,C01779,31,Male,Tablet,Search Engine,2,1,3,9,291,0,0
1779,C01780,31,Female,Desktop,Direct,11,6,1,1,90,1,0
1780,C01781,19,Female,Mobile,Direct,4,4,5,0,87,1,0
1781,C01782,54,Female,Desktop,Search Engine,9,4,4,0,199,1,0
1782,C01783,22,Female,Mobile,Direct,3,3,3,3,193,0,0
1783,C01784,55,Male,Mobile,Email,6,9,5,1,188,0,0
1784,C01785,58,Male,Desktop,Social Media,2,2,2,5,280,0,0
1785,C01786,31,Female,Tablet,Direct,1,1,1,8,144,0,0
1786,C01787,56,Female,Tablet,Email,12,3,4,9,150,1,1
1787,C01788,42,Female,Mobile,Direct,5,4,2,9,253,0,1
1788,C01789,37,Male,Tablet,Social Media,8,4,5,7,173,1,1
1789,C01790,19,Male,Mobile,Search Engine,10,6,3,3,144,1,1
1790,C01791,56,Male,Tablet,Social Media,10,1,5,1,119,1,0
1791,C01792,23,Male,Desktop,Direct,2,1,5,0,72,0,0
1792,C01793,34,Male,Tablet,Social Media,10,2,1,6,147,1,1
1793,C01794,42,Male,Mobile,Social Media,9,4,4,9,33,0,1
1794,C01795,45,Female,Mobile,Search Engine,12,7,2,2,24,0,1
1795,C01796,19,Male,Tablet,Direct,8,6,1,5,269,0,0
1796,C01797,52,Male,Desktop,Social Media,3,9,3,4,46,0,1
1797,C01798,54,Female,Mobile,Social Media,1,7,4,4,144,0,1
1798,C01799,22,Male,Mobile,Search Engine,4,5,1,1,48,0,0
1799,C01800,18,Female,Mobile,Email,8,6,3,8,22,0,1
1800,C01801,57,Male,Mobile,Direct,3,9,3,3,247,1,1
1801,C01802,29,Female,Mobile,Email,10,1,2,9,156,0,1
1802,C01803,53,Female,Desktop,Email,12,9,5,0,276,1,1
1803,C01804,40,Female,Tablet,Search Engine,2,6,3,1,259,0,0
1804,C01805,48,Female,Desktop,Search Engine,7,4,3,8,298,1,1
1805,C01806,28,Female,Desktop,Direct,4,5,5,6,179,1,1
1806,C01807,27,Male,Mobile,Email,6,1,0,9,25,1,1
1807,C01808,20,Male,Desktop,Social Media,5,7,3,1,162,1,1
1808,C01809,31,Female,Mobile,Email,2,8,4,6,200,0,1
1809,C01810,33,Female,Desktop,Search Engine,10,5,1,3,49,1,0
1810,C01811,27,Female,Mobile,Social Media,2,2,5,9,272,0,1
1811,C01812,46,Male,Mobile,Social Media,14,8,5,1,59,0,0
1812,C01813,27,Female,Desktop,Search Engine,9,7,5,3,206,0,1
1813,C01814,29,Female,Desktop,Social Media,11,9,4,4,246,1,1
1814,C01815,47,Female,Tablet,Email,10,4,5,3,239,0,0
1815,C01816,58,Female,Tablet,Search Engine,2,9,4,2,62,1,1
1816,C01817,18,Male,Tablet,Direct,8,4,2,5,163,0,0
1817,C01818,22,Female,Desktop,Search Engine,8,3,0,0,297,1,0
1818,C01819,37,Female,Desktop,Direct,1,3,5,7,193,0,1
1819,C01820,25,Male,Mobile,Direct,1,2,0,4,266,1,0
1820,C01821,29,Female,Tablet,Search Engine,13,3,5,7,192,1,1
1821,C01822,18,Female,Mobile,Search Engine,4,8,4,9,60,0,1
1822,C01823,37,Male,Mobile,Direct,2,8,1,3,69,0,0
1823,C01824,45,Male,Mobile,Direct,12,2,0,3,199,1,0
1824,C01825,54,Male,Mobile,Social Media,1,2,0,4,178,1,0
1825,C01826,54,Female,Tablet,Search Engine,9,2,4,4,56,1,1
1826,C01827,29,Female,Mobile,Search Engine,13,7,0,5,46,1,1
1827,C01828,54,Male,Desktop,Social Media,3,6,2,4,275,1,0
1828,C01829,45,Male,Desktop,Search Engine,14,1,4,4,297,1,0
1829,C01830,32,Male,Desktop,Social Media,14,2,0,7,268,0,0
1830,C01831,23,Female,Tablet,Social Media,14,1,0,5,200,0,0
1831,C01832,37,Female,Mobile,Search Engine,1,7,0,1,36,1,0
1832,C01833,31,Male,Tablet,Email,2,6,4,3,144,0,0
1833,C01834,19,Female,Mobile,Direct,8,2,1,3,231,1,0
1834,C01835,26,Male,Tablet,Search Engine,5,2,3,4,256,0,0
1835,C01836,54,Female,Tablet,Email,11,2,5,5,219,1,1
1836,C01837,37,Female,Mobile,Social Media,7,8,0,4,200,1,0
1837,C01838,43,Female,Tablet,Email,6,7,3,5,149,0,1
1838,C01839,46,Female,Mobile,Search Engine,13,1,3,7,140,0,1
1839,C01840,18,Male,Desktop,Search Engine,1,4,0,3,206,0,0
1840,C01841,52,Female,Desktop,Email,6,4,0,2,246,1,0
1841,C01842,23,Female,Desktop,Search Engine,11,7,5,8,181,0,1
1842,C01843,54,Male,Tablet,Direct,7,2,3,2,131,1,0
1843,C01844,22,Female,Desktop,Email,4,4,1,7,153,0,0
1844,C01845,50,Male,Mobile,Social Media,8,1,3,9,205,0,0
1845,C01846,31,Male,Desktop,Email,8,4,1,4,194,0,0
1846,C01847,29,Female,Desktop,Email,7,1,2,8,280,1,1
1847,C01848,59,Female,Tablet,Email,11,2,1,2,288,1,0
1848,C01849,37,Male,Mobile,Email,2,2,5,9,243,0,1
1849,C01850,41,Male,Tablet,Social Media,6,3,4,9,271,1,1
1850,C01851,51,Male,Tablet,Social Media,6,8,0,7,83,1,1
1851,C01852,42,Female,Mobile,Social Media,12,6,2,6,143,0,1
1852,C01853,46,Male,Tablet,Email,12,6,3,6,89,0,0
1853,C01854,56,Male,Mobile,Direct,7,9,1,9,257,0,1
1854,C01855,48,Male,Desktop,Direct,6,8,2,8,94,0,0
1855,C01856,40,Female,Mobile,Social Media,2,2,4,7,29,1,1
1856,C01857,55,Male,Mobile,Direct,8,6,1,2,287,0,0
1857,C01858,37,Female,Mobile,Direct,4,1,5,5,107,1,0
1858,C01859,40,Female,Tablet,Direct,9,9,3,5,69,0,1
1859,C01860,33,Male,Mobile,Direct,8,4,3,4,162,0,0
1860,C01861,59,Female,Mobile,Direct,14,4,1,2,78,0,0
1861,C01862,25,Male,Mobile,Search Engine,3,9,4,8,230,0,1
1862,C01863,38,Female,Desktop,Social Media,3,3,0,6,91,0,0
1863,C01864,18,Female,Mobile,Email,8,5,0,3,263,0,0
1864,C01865,25,Male,Tablet,Direct,2,1,3,5,258,1,0
1865,C01866,46,Male,Mobile,Search Engine,9,6,4,4,209,1,1
1866,C01867,49,Male,Mobile,Email,4,3,3,0,69,1,0
1867,C01868,55,Female,Desktop,Search Engine,6,1,0,1,224,1,0
1868,C01869,22,Female,Mobile,Direct,3,6,3,0,73,1,0
1869,C01870,39,Male,Tablet,Direct,3,2,1,8,243,1,0
1870,C01871,51,Male,Mobile,Direct,3,8,5,8,175,1,1
1871,C01872,18,Female,Tablet,Direct,11,2,1,4,70,0,0
1872,C01873,43,Female,Desktop,Email,13,4,5,7,260,1,1
1873,C01874,27,Female,Mobile,Email,10,3,4,9,180,0,1
1874,C01875,47,Male,Desktop,Search Engine,12,9,0,3,148,1,1
1875,C01876,35,Female,Mobile,Social Media,14,2,4,0,104,1,0
1876,C01877,34,Male,Tablet,Direct,14,3,4,3,88,0,0
1877,C01878,43,Female,Desktop,Search Engine,14,7,0,6,74,0,0
1878,C01879,25,Female,Mobile,Search Engine,12,4,2,1,104,0,0
1879,C01880,57,Male,Tablet,Search Engine,2,6,2,1,99,0,0
1880,C01881,29,Male,Desktop,Direct,8,3,3,5,239,0,0
1881,C01882,44,Male,Mobile,Direct,9,1,2,8,129,1,1
1882,C01883,25,Female,Desktop,Search Engine,8,6,1,2,272,0,0
1883,C01884,42,Female,Mobile,Direct,10,4,5,6,183,0,1
1884,C01885,21,Female,Tablet,Search Engine,3,2,4,9,122,0,1
1885,C01886,50,Male,Tablet,Email,7,7,3,8,132,1,1
1886,C01887,18,Female,Desktop,Direct,11,5,4,8,271,0,1
1887,C01888,36,Male,Desktop,Email,10,6,0,3,171,0,0
1888,C01889,48,Male,Mobile,Social Media,2,6,2,1,270,0,0
1889,C01890,33,Male,Tablet,Direct,4,9,0,0,107,1,0
1890,C01891,31,Female,Mobile,Social Media,12,2,3,5,119,0,0
1891,C01892,22,Female,Tablet,Search Engine,13,6,5,4,139,1,1
1892,C01893,58,Male,Desktop,Direct,14,9,1,5,223,1,1
1893,C01894,43,Female,Mobile,Direct,13,4,2,6,168,0,0
1894,C01895,45,Male,Mobile,Direct,6,6,0,8,220,1,1
1895,C01896,19,Male,Tablet,Social Media,11,7,5,9,22,1,1
1896,C01897,23,Female,Tablet,Social Media,5,1,2,9,87,1,1
1897,C01898,26,Male,Tablet,Search Engine,13,5,4,5,173,1,1
1898,C01899,50,Male,Desktop,Email,9,4,1,5,201,1,0
1899,C01900,58,Female,Mobile,Email,10,2,5,2,32,1,0
1900,C01901,42,Male,Tablet,Social Media,4,2,2,7,208,0,0
1901,C01902,30,Male,Desktop,Direct,5,2,1,8,39,1,1
1902,C01903,26,Male,Tablet,Email,4,7,5,0,29,1,0
1903,C01904,30,Male,Mobile,Email,14,4,4,5,207,0,1
1904,C01905,48,Male,Tablet,Social Media,13,6,4,6,38,1,1
1905,C01906,58,Male,Mobile,Search Engine,14,7,0,7,162,0,1
1906,C01907,28,Male,Desktop,Social Media,8,9,3,9,122,0,1
1907,C01908,21,Female,Desktop,Social Media,13,2,0,7,260,1,1
1908,C01909,51,Female,Tablet,Direct,8,9,1,6,171,1,1
1909,C01910,55,Male,Mobile,Social Media,3,5,0,7,291,1,1
1910,C01911,21,Male,Mobile,Direct,1,6,5,8,207,0,1
1911,C01912,55,Female,Mobile,Search Engine,6,6,2,9,229,1,1
1912,C01913,36,Female,Tablet,Direct,2,3,5,6,196,0,1
1913,C01914,23,Female,Mobile,Search Engine,2,7,0,2,213,1,0
1914,C01915,51,Female,Mobile,Search Engine,3,7,3,8,196,1,1
1915,C01916,35,Female,Mobile,Search Engine,8,8,5,0,85,1,1
1916,C01917,30,Male,Mobile,Social Media,3,5,5,7,21,0,1
1917,C01918,58,Female,Tablet,Direct,7,2,5,5,290,0,0
1918,C01919,40,Female,Tablet,Email,10,3,3,2,79,1,1
1919,C01920,36,Female,Mobile,Social Media,14,9,5,8,62,0,1
1920,C01921,28,Male,Mobile,Search Engine,10,6,1,5,112,1,0
1921,C01922,18,Male,Desktop,Email,9,8,4,6,245,0,1
1922,C01923,41,Male,Desktop,Social Media,13,8,3,1,82,0,0
1923,C01924,24,Male,Mobile,Email,8,5,1,0,299,1,0
1924,C01925,42,Male,Mobile,Search Engine,1,1,3,0,33,1,0
1925,C01926,38,Male,Desktop,Email,7,6,3,2,47,0,0
1926,C01927,32,Female,Desktop,Email,7,7,4,2,161,0,0
1927,C01928,18,Male,Mobile,Search Engine,8,9,2,7,127,0,1
1928,C01929,29,Male,Tablet,Email,10,2,1,6,97,1,0
1929,C01930,24,Female,Tablet,Social Media,5,2,3,9,266,1,1
1930,C01931,32,Male,Mobile,Email,10,1,3,7,31,0,1
1931,C01932,38,Female,Mobile,Direct,9,5,0,0,203,1,0
1932,C01933,36,Female,Desktop,Social Media,9,2,5,3,259,0,1
1933,C01934,46,Male,Desktop,Email,8,3,2,7,282,1,1
1934,C01935,42,Female,Tablet,Direct,6,2,4,9,92,1,1
1935,C01936,50,Female,Mobile,Direct,6,4,1,1,87,0,0
1936,C01937,49,Female,Desktop,Direct,1,3,3,6,239,1,0
1937,C01938,52,Female,Tablet,Email,13,9,5,7,66,0,1
1938,C01939,55,Male,Tablet,Search Engine,6,2,1,8,77,1,0
1939,C01940,43,Female,Tablet,Direct,14,7,4,6,43,0,1
1940,C01941,28,Male,Desktop,Search Engine,4,3,2,8,43,1,1
1941,C01942,52,Female,Desktop,Social Media,4,8,0,1,83,1,0
1942,C01943,25,Female,Mobile,Search Engine,14,4,2,0,274,1,0
1943,C01944,31,Female,Mobile,Search Engine,2,4,0,0,167,0,0
1944,C01945,27,Male,Tablet,Search Engine,13,9,1,3,135,0,0
1945,C01946,19,Male,Tablet,Search Engine,11,3,2,0,117,1,0
1946,C01947,26,Male,Desktop,Search Engine,14,7,2,6,258,1,1
1947,C01948,20,Female,Desktop,Social Media,4,1,2,7,112,0,0
1948,C01949,38,Female,Mobile,Social Media,5,7,4,2,84,0,0
1949,C01950,43,Female,Mobile,Search Engine,13,2,1,0,193,1,0
1950,C01951,25,Female,Mobile,Search Engine,12,6,0,2,254,1,0
1951,C01952,19,Male,Desktop,Direct,5,9,2,1,186,0,1
1952,C01953,23,Female,Tablet,Social Media,5,6,1,5,256,0,0
1953,C01954,45,Male,Mobile,Email,4,3,5,6,26,0,0
1954,C01955,46,Female,Mobile,Social Media,1,1,4,8,62,1,0
1955,C01956,43,Male,Desktop,Email,14,4,4,4,295,1,1
1956,C01957,42,Male,Mobile,Direct,10,4,5,3,172,0,0
1957,C01958,29,Female,Tablet,Search Engine,8,8,1,0,62,0,0
1958,C01959,22,Female,Desktop,Direct,3,7,0,5,232,1,0
1959,C01960,51,Male,Mobile,Search Engine,2,7,1,7,220,1,0
1960,C01961,54,Female,Mobile,Social Media,9,7,1,3,174,1,0
1961,C01962,32,Female,Desktop,Search Engine,7,2,3,0,239,1,0
1962,C01963,53,Male,Desktop,Email,9,9,4,4,172,0,1
1963,C01964,32,Male,Mobile,Email,13,6,0,9,55,1,1
1964,C01965,40,Male,Tablet,Direct,2,2,3,4,245,1,0
1965,C01966,23,Male,Desktop,Social Media,9,1,5,1,140,1,0
1966,C01967,38,Female,Tablet,Email,10,1,1,5,28,0,0
1967,C01968,40,Male,Mobile,Direct,9,1,5,9,200,0,1
1968,C01969,33,Male,Tablet,Social Media,11,4,4,8,40,0,1
1969,C01970,32,Male,Mobile,Social Media,9,4,3,5,291,1,0
1970,C01971,42,Female,Mobile,Direct,10,9,3,7,213,1,1
1971,C01972,53,Male,Mobile,Email,13,1,0,9,45,1,0
1972,C01973,28,Female,Mobile,Email,10,3,1,2,117,1,0
1973,C01974,32,Male,Tablet,Direct,4,3,0,9,238,0,0
1974,C01975,21,Male,Mobile,Email,10,8,3,1,292,1,0
1975,C01976,38,Female,Mobile,Direct,3,2,3,3,85,0,0
1976,C01977,30,Male,Tablet,Email,6,6,0,8,130,1,1
1977,C01978,39,Male,Desktop,Email,3,4,3,8,231,1,1
1978,C01979,36,Female,Tablet,Direct,11,6,2,2,190,1,0
1979,C01980,51,Male,Tablet,Direct,9,5,4,0,78,1,0
1980,C01981,31,Male,Tablet,Email,3,9,1,0,49,1,0
1981,C01982,21,Male,Mobile,Direct,2,9,4,3,286,1,0
1982,C01983,44,Male,Mobile,Email,8,1,1,3,173,0,0
1983,C01984,46,Female,Mobile,Search Engine,6,3,3,9,21,0,1
1984,C01985,45,Male,Desktop,Social Media,8,1,0,5,188,0,0
1985,C01986,52,Female,Mobile,Social Media,13,6,0,4,233,0,0
1986,C01987,25,Male,Desktop,Email,7,3,3,5,270,0,0
1987,C01988,33,Female,Mobile,Social Media,3,1,1,9,50,1,0
1988,C01989,59,Male,Tablet,Email,8,6,3,6,202,1,1
1989,C01990,53,Female,Mobile,Direct,10,5,1,6,208,0,1
1990,C01991,47,Male,Desktop,Search Engine,1,8,3,9,232,1,1
1991,C01992,35,Female,Desktop,Social Media,1,2,3,9,146,1,1
1992,C01993,19,Female,Mobile,Social Media,13,8,3,8,42,1,1
1993,C01994,30,Male,Tablet,Direct,13,5,0,5,37,1,0
1994,C01995,21,Female,Mobile,Search Engine,10,8,1,7,98,0,1
1995,C01996,43,Male,Mobile,Search Engine,13,4,5,1,53,1,0
1996,C01997,42,Male,Mobile,Search Engine,8,4,3,7,126,0,1
1997,C01998,47,Male,Tablet,Direct,13,4,4,8,218,0,1
1998,C01999,28,Male,Desktop,Social Media,9,6,4,3,210,1,1
1999,C02000,24,Male,Tablet,Social Media,10,4,0,4,251,1,0
2000,C02001,48,Female,Desktop,Search Engine,6,9,2,4,81,1,0
2001,C02002,27,Male,Desktop,Direct,5,9,5,1,61,0,0
2002,C02003,56,Male,Desktop,Direct,2,3,0,4,43,1,0
2003,C02004,30,Male,Tablet,Direct,11,7,2,8,182,0,1
2004,C02005,48,Male,Mobile,Search Engine,9,5,0,3,202,1,0
2005,C02006,24,Male,Mobile,Direct,6,9,4,9,114,0,1
2006,C02007,59,Male,Mobile,Search Engine,8,2,3,2,102,0,0
2007,C02008,59,Female,Mobile,Search Engine,9,3,1,6,112,0,0
2008,C02009,53,Female,Mobile,Search Engine,9,5,3,7,297,0,1
2009,C02010,37,Male,Tablet,Email,8,5,4,9,124,0,1
2010,C02011,21,Female,Tablet,Search Engine,12,7,1,5,104,0,0
2011,C02012,24,Male,Tablet,Direct,10,8,2,5,80,0,1
2012,C02013,18,Male,Tablet,Email,8,8,2,4,227,1,0
2013,C02014,59,Male,Tablet,Social Media,3,1,4,5,177,0,0
2014,C02015,30,Male,Tablet,Social Media,13,1,1,8,88,1,1
2015,C02016,39,Male,Tablet,Direct,3,3,3,1,281,1,0
2016,C02017,38,Female,Mobile,Direct,2,1,4,9,253,1,1
2017,C02018,39,Female,Desktop,Direct,1,1,2,2,158,0,0
2018,C02019,45,Female,Tablet,Direct,4,8,4,0,299,0,1
2019,C02020,26,Female,Desktop,Email,2,1,3,3,250,1,0
2020,C02021,43,Male,Tablet,Direct,14,9,0,1,70,0,0
2021,C02022,26,Female,Tablet,Search Engine,14,2,5,5,258,0,1
2022,C02023,32,Male,Mobile,Social Media,2,9,5,0,38,1,0
2023,C02024,27,Female,Desktop,Direct,13,7,5,7,197,1,1
2024,C02025,41,Female,Mobile,Search Engine,11,9,0,9,228,1,1
2025,C02026,59,Female,Mobile,Direct,11,3,3,5,150,1,1
2026,C02027,25,Female,Desktop,Search Engine,5,1,1,8,250,1,0
2027,C02028,41,Male,Mobile,Email,4,1,4,5,111,1,0
2028,C02029,33,Female,Tablet,Social Media,1,6,3,9,50,1,1
2029,C02030,43,Female,Tablet,Social Media,9,7,0,6,268,0,1
2030,C02031,44,Male,Tablet,Email,14,9,2,4,143,0,0
2031,C02032,54,Male,Tablet,Search Engine,4,6,5,7,155,0,1
2032,C02033,21,Female,Tablet,Direct,5,5,5,7,292,1,1
2033,C02034,41,Male,Mobile,Search Engine,7,2,3,9,119,0,1
2034,C02035,36,Male,Mobile,Social Media,2,2,5,8,238,1,1
2035,C02036,53,Male,Tablet,Email,8,8,5,5,123,1,1
2036,C02037,56,Female,Tablet,Email,11,1,3,0,116,1,0
2037,C02038,27,Male,Mobile,Search Engine,2,8,3,8,222,0,1
2038,C02039,42,Female,Desktop,Search Engine,11,7,0,2,40,1,0
2039,C02040,35,Female,Mobile,Email,10,7,0,8,217,1,0
2040,C02041,36,Female,Mobile,Social Media,5,5,5,6,131,1,1
2041,C02042,53,Female,Mobile,Direct,13,3,3,2,168,0,0
2042,C02043,27,Male,Mobile,Direct,12,7,3,8,262,0,1
2043,C02044,50,Female,Mobile,Search Engine,2,7,5,6,202,1,1
2044,C02045,22,Male,Desktop,Email,2,7,1,6,108,1,0
2045,C02046,52,Female,Tablet,Email,4,2,2,6,241,1,0
2046,C02047,51,Male,Tablet,Email,4,3,4,1,267,0,0
2047,C02048,50,Female,Desktop,Social Media,13,3,4,3,196,1,1
2048,C02049,38,Male,Tablet,Search Engine,8,4,5,9,137,1,1
2049,C02050,34,Female,Tablet,Search Engine,13,9,4,7,193,0,1
2050,C02051,39,Female,Tablet,Search Engine,6,1,0,1,238,0,0
2051,C02052,54,Male,Desktop,Social Media,10,7,0,3,237,0,0
2052,C02053,32,Female,Desktop,Search Engine,8,7,1,9,96,0,1
2053,C02054,52,Female,Tablet,Direct,13,4,5,7,107,0,1
2054,C02055,45,Female,Tablet,Search Engine,7,1,0,2,97,0,0
2055,C02056,24,Male,Tablet,Search Engine,13,3,5,5,220,1,1
2056,C02057,49,Female,Mobile,Search Engine,10,5,5,1,83,0,0
2057,C02058,28,Female,Mobile,Social Media,4,2,3,7,23,0,1
2058,C02059,27,Male,Mobile,Direct,2,7,2,7,102,1,0
2059,C02060,26,Male,Desktop,Direct,9,7,2,0,212,1,0
2060,C02061,31,Male,Tablet,Email,2,5,5,2,25,1,0
2061,C02062,30,Male,Desktop,Email,1,6,2,1,212,0,0
2062,C02063,42,Male,Desktop,Direct,8,1,2,6,236,0,0
2063,C02064,19,Female,Desktop,Search Engine,10,4,4,6,41,0,1
2064,C02065,52,Female,Tablet,Search Engine,9,4,4,3,164,0,0
2065,C02066,24,Female,Mobile,Search Engine,1,8,3,7,164,0,1
2066,C02067,38,Male,Tablet,Social Media,7,2,1,2,21,1,0
2067,C02068,35,Female,Tablet,Search Engine,2,1,0,8,244,1,0
2068,C02069,20,Male,Desktop,Social Media,6,7,0,4,233,0,0
2069,C02070,59,Male,Desktop,Direct,13,6,4,1,185,0,0
2070,C02071,56,Female,Desktop,Search Engine,11,5,5,8,160,1,1
2071,C02072,58,Male,Mobile,Search Engine,5,8,2,0,83,0,0
2072,C02073,28,Male,Mobile,Email,1,2,3,7,231,1,1
2073,C02074,56,Female,Mobile,Direct,2,2,1,5,117,1,0
2074,C02075,41,Male,Tablet,Search Engine,2,9,4,0,185,1,0
2075,C02076,36,Male,Desktop,Social Media,10,1,5,3,145,1,1
2076,C02077,21,Female,Tablet,Direct,10,6,3,2,176,1,1
2077,C02078,43,Male,Mobile,Email,6,3,5,6,269,1,1
2078,C02079,55,Male,Desktop,Direct,11,5,3,6,80,1,1
2079,C02080,59,Female,Mobile,Social Media,12,8,4,5,51,1,1
2080,C02081,49,Female,Desktop,Email,1,7,3,9,293,0,1
2081,C02082,56,Female,Desktop,Social Media,11,4,2,9,40,1,1
2082,C02083,53,Female,Tablet,Direct,13,8,3,7,31,1,1
2083,C02084,57,Male,Tablet,Email,4,2,1,6,263,1,0
2084,C02085,54,Male,Mobile,Social Media,12,7,3,3,122,1,1
2085,C02086,50,Female,Tablet,Direct,10,5,0,6,295,1,0
2086,C02087,53,Male,Tablet,Social Media,11,6,3,0,26,0,0
2087,C02088,20,Male,Tablet,Search Engine,5,3,5,2,149,1,0
2088,C02089,26,Female,Desktop,Direct,2,7,4,1,116,0,0
2089,C02090,25,Female,Tablet,Email,2,7,0,6,296,1,1
2090,C02091,50,Male,Mobile,Email,7,2,4,8,192,1,1
2091,C02092,23,Female,Desktop,Search Engine,7,1,5,4,224,0,0
2092,C02093,58,Female,Desktop,Social Media,6,2,1,8,122,0,0
2093,C02094,56,Female,Tablet,Social Media,1,8,2,7,132,1,1
2094,C02095,21,Male,Desktop,Email,12,3,1,0,150,1,0
2095,C02096,30,Female,Mobile,Social Media,13,4,0,1,58,0,0
2096,C02097,19,Male,Mobile,Direct,12,8,5,5,27,0,1
2097,C02098,22,Male,Desktop,Direct,3,3,5,4,65,1,1
2098,C02099,44,Male,Tablet,Email,9,6,2,6,213,0,1
2099,C02100,49,Female,Tablet,Direct,10,2,3,8,25,0,1
2100,C02101,38,Female,Desktop,Email,1,3,0,3,77,0,0
2101,C02102,25,Female,Mobile,Social Media,2,1,2,7,188,0,0
2102,C02103,55,Female,Desktop,Social Media,8,9,4,3,141,0,1
2103,C02104,25,Female,Tablet,Social Media,7,4,2,2,268,1,0
2104,C02105,20,Male,Tablet,Search Engine,9,6,4,1,226,1,1
2105,C02106,20,Male,Desktop,Email,10,7,4,7,134,1,1
2106,C02107,39,Male,Mobile,Direct,12,2,5,7,258,1,1
2107,C02108,23,Female,Desktop,Social Media,12,8,2,2,73,1,0
2108,C02109,19,Male,Mobile,Search Engine,4,9,5,0,95,1,0
2109,C02110,40,Male,Mobile,Direct,4,2,5,5,188,0,0
2110,C02111,19,Female,Desktop,Direct,7,5,1,4,67,0,0
2111,C02112,55,Female,Desktop,Direct,1,2,1,7,243,0,0
2112,C02113,34,Male,Mobile,Social Media,10,5,5,5,89,1,1
2113,C02114,52,Male,Mobile,Direct,12,7,5,3,174,0,1
2114,C02115,51,Female,Mobile,Email,9,6,4,9,66,0,1
2115,C02116,40,Female,Mobile,Search Engine,2,4,5,9,298,0,1
2116,C02117,47,Female,Tablet,Direct,1,2,0,1,221,0,0
2117,C02118,25,Female,Desktop,Direct,7,7,2,7,161,0,0
2118,C02119,39,Male,Mobile,Email,6,9,0,4,145,1,0
2119,C02120,53,Male,Desktop,Direct,12,1,1,7,172,1,1
2120,C02121,22,Female,Mobile,Social Media,3,3,0,4,84,0,0
2121,C02122,30,Male,Desktop,Social Media,1,7,3,5,115,0,0
2122,C02123,46,Male,Desktop,Social Media,12,9,3,9,200,1,1
2123,C02124,48,Female,Mobile,Direct,5,5,1,4,197,1,0
2124,C02125,33,Male,Mobile,Search Engine,10,7,0,2,148,0,0
2125,C02126,59,Male,Desktop,Search Engine,14,7,2,9,58,0,1
2126,C02127,47,Male,Desktop,Direct,4,4,1,7,152,1,0
2127,C02128,33,Female,Desktop,Search Engine,5,5,3,2,128,1,0
2128,C02129,29,Female,Tablet,Search Engine,1,2,1,3,91,0,0
2129,C02130,34,Male,Mobile,Direct,1,8,0,5,227,0,0
2130,C02131,33,Female,Tablet,Social Media,5,1,0,1,84,1,0
2131,C02132,29,Female,Tablet,Direct,6,2,0,6,260,0,0
2132,C02133,25,Female,Mobile,Social Media,5,3,4,4,98,1,0
2133,C02134,37,Male,Mobile,Social Media,2,7,0,9,107,0,0
2134,C02135,20,Male,Tablet,Search Engine,9,6,5,4,197,0,1
2135,C02136,33,Female,Mobile,Search Engine,5,7,3,4,281,1,1
2136,C02137,47,Male,Desktop,Social Media,11,5,3,1,85,0,0
2137,C02138,40,Male,Desktop,Social Media,11,4,4,9,124,0,1
2138,C02139,45,Male,Tablet,Search Engine,5,7,3,8,117,1,1
2139,C02140,57,Male,Tablet,Email,10,3,3,2,115,1,0
2140,C02141,22,Male,Mobile,Social Media,9,7,1,6,65,1,1
2141,C02142,37,Female,Mobile,Social Media,3,2,0,4,50,0,0
2142,C02143,57,Male,Tablet,Social Media,5,8,5,9,223,1,1
2143,C02144,18,Male,Tablet,Search Engine,13,6,5,9,167,1,1
2144,C02145,47,Male,Desktop,Direct,12,3,1,4,151,1,0
2145,C02146,38,Female,Desktop,Social Media,5,3,5,3,205,1,1
2146,C02147,37,Female,Mobile,Social Media,2,5,1,9,208,0,0
2147,C02148,23,Female,Desktop,Social Media,11,3,5,5,146,1,1
2148,C02149,39,Male,Mobile,Direct,4,6,3,6,106,0,1
2149,C02150,35,Female,Mobile,Direct,11,2,2,6,140,0,1
2150,C02151,25,Female,Mobile,Social Media,11,8,0,7,154,1,1
2151,C02152,56,Female,Desktop,Social Media,2,9,2,4,218,1,1
2152,C02153,49,Female,Tablet,Email,5,7,3,6,190,1,1
2153,C02154,50,Male,Tablet,Direct,10,3,4,3,279,0,0
2154,C02155,33,Female,Desktop,Email,13,4,1,8,143,1,1
2155,C02156,29,Female,Tablet,Social Media,12,2,5,4,261,1,1
2156,C02157,55,Male,Mobile,Social Media,2,9,5,2,90,1,0
2157,C02158,51,Male,Tablet,Social Media,10,5,3,4,78,0,1
2158,C02159,31,Female,Desktop,Social Media,14,2,5,8,128,1,1
2159,C02160,53,Male,Tablet,Search Engine,9,6,3,7,60,0,1
2160,C02161,50,Female,Mobile,Search Engine,10,7,2,0,165,0,0
2161,C02162,40,Male,Mobile,Search Engine,6,2,4,4,71,0,0
2162,C02163,19,Male,Desktop,Email,8,1,1,5,195,1,1
2163,C02164,58,Female,Desktop,Direct,9,7,5,9,298,1,1
2164,C02165,38,Male,Desktop,Social Media,13,1,4,1,184,0,0
2165,C02166,19,Female,Mobile,Direct,8,3,4,5,271,1,1
2166,C02167,44,Male,Tablet,Search Engine,5,4,4,8,122,0,1
2167,C02168,26,Female,Tablet,Social Media,5,2,0,3,72,1,0
2168,C02169,18,Male,Desktop,Social Media,6,7,4,2,274,1,0
2169,C02170,28,Male,Tablet,Email,14,5,3,8,192,1,1
2170,C02171,20,Male,Tablet,Direct,1,1,0,1,270,0,0
2171,C02172,40,Male,Desktop,Email,13,8,0,8,196,1,1
2172,C02173,43,Male,Desktop,Search Engine,11,7,4,9,68,0,1
2173,C02174,21,Female,Mobile,Direct,8,4,5,1,130,1,0
2174,C02175,35,Male,Mobile,Search Engine,2,2,5,9,229,1,1
2175,C02176,23,Female,Mobile,Email,6,7,5,2,267,1,1
2176,C02177,52,Female,Mobile,Email,14,2,5,6,194,1,1
2177,C02178,39,Female,Tablet,Social Media,14,6,3,1,126,0,0
2178,C02179,32,Male,Tablet,Direct,9,1,5,0,172,0,0
2179,C02180,39,Female,Mobile,Direct,13,7,1,8,174,1,1
2180,C02181,54,Male,Mobile,Social Media,3,7,4,5,159,0,1
2181,C02182,59,Female,Desktop,Direct,2,4,0,8,170,0,0
2182,C02183,29,Female,Tablet,Search Engine,10,4,1,2,292,0,0
2183,C02184,59,Female,Tablet,Search Engine,5,5,5,2,63,1,0
2184,C02185,55,Female,Mobile,Email,11,2,1,9,90,1,1
2185,C02186,35,Female,Tablet,Search Engine,9,9,0,2,144,1,0
2186,C02187,52,Male,Desktop,Direct,6,4,5,1,171,1,0
2187,C02188,47,Female,Desktop,Social Media,14,9,1,5,239,0,0
2188,C02189,41,Female,Tablet,Email,8,3,3,2,234,0,0
2189,C02190,59,Male,Mobile,Social Media,8,9,3,4,163,1,1
2190,C02191,47,Male,Tablet,Email,7,1,4,4,126,1,0
2191,C02192,31,Male,Desktop,Email,5,7,4,9,83,1,1
2192,C02193,23,Female,Mobile,Social Media,2,4,1,2,284,0,0
2193,C02194,20,Female,Tablet,Search Engine,14,7,0,2,25,1,0
2194,C02195,33,Female,Mobile,Search Engine,10,6,3,0,187,1,1
2195,C02196,24,Female,Mobile,Search Engine,10,4,2,5,192,1,1
2196,C02197,31,Female,Desktop,Search Engine,5,4,4,2,138,0,0
2197,C02198,26,Female,Mobile,Social Media,12,8,3,0,245,1,1
2198,C02199,32,Male,Tablet,Direct,7,7,5,9,193,0,1
2199,C02200,38,Male,Mobile,Email,12,4,1,8,148,1,1
2200,C02201,52,Female,Mobile,Social Media,12,6,3,0,206,1,0
2201,C02202,19,Female,Tablet,Search Engine,7,6,3,4,82,1,0
2202,C02203,44,Female,Desktop,Search Engine,11,1,1,4,293,0,0
2203,C02204,19,Female,Desktop,Social Media,13,2,4,1,105,1,1
2204,C02205,52,Female,Tablet,Email,2,4,4,0,229,0,0
2205,C02206,35,Male,Tablet,Social Media,7,6,2,5,212,1,1
2206,C02207,31,Male,Desktop,Social Media,6,6,2,6,257,0,1
2207,C02208,37,Female,Mobile,Direct,7,1,4,8,39,1,1
2208,C02209,35,Male,Tablet,Social Media,11,8,4,7,201,1,1
2209,C02210,27,Female,Mobile,Direct,8,2,4,9,67,0,1
2210,C02211,42,Female,Tablet,Email,4,5,4,2,247,0,0
2211,C02212,19,Female,Desktop,Social Media,1,4,3,8,73,1,1
2212,C02213,42,Male,Mobile,Social Media,8,5,2,0,121,1,0
2213,C02214,50,Male,Mobile,Search Engine,8,5,1,5,108,1,0
2214,C02215,53,Female,Tablet,Social Media,3,8,0,9,163,0,1
2215,C02216,48,Male,Mobile,Search Engine,3,7,1,1,167,1,0
2216,C02217,31,Male,Tablet,Search Engine,5,9,5,9,249,0,1
2217,C02218,18,Female,Desktop,Search Engine,14,1,0,8,269,0,0
2218,C02219,33,Male,Mobile,Email,3,6,3,8,244,0,1
2219,C02220,20,Male,Tablet,Direct,14,6,5,7,180,1,1
2220,C02221,52,Female,Mobile,Search Engine,5,2,2,6,187,1,0
2221,C02222,58,Female,Tablet,Social Media,8,8,0,5,129,1,0
2222,C02223,23,Male,Tablet,Social Media,1,6,4,1,280,1,0
2223,C02224,42,Female,Tablet,Search Engine,2,9,5,3,192,0,1
2224,C02225,30,Male,Desktop,Search Engine,2,5,3,9,262,1,1
2225,C02226,51,Female,Mobile,Social Media,12,7,0,6,228,0,1
2226,C02227,25,Female,Desktop,Search Engine,4,6,4,5,262,0,1
2227,C02228,38,Female,Tablet,Direct,9,5,5,8,273,0,1
2228,C02229,51,Female,Tablet,Direct,2,6,3,4,101,1,0
2229,C02230,21,Male,Desktop,Email,12,4,5,5,50,1,1
2230,C02231,42,Female,Desktop,Search Engine,14,3,0,9,23,1,0
2231,C02232,32,Female,Mobile,Email,11,1,4,5,213,0,0
2232,C02233,21,Female,Tablet,Email,13,1,2,7,75,0,1
2233,C02234,29,Male,Desktop,Email,12,6,3,7,280,1,1
2234,C02235,49,Male,Tablet,Search Engine,9,9,0,5,100,0,0
2235,C02236,49,Female,Tablet,Email,7,8,4,7,73,0,1
2236,C02237,45,Female,Mobile,Direct,10,2,2,6,115,0,1
2237,C02238,30,Female,Mobile,Email,8,9,5,0,276,1,1
2238,C02239,48,Female,Mobile,Direct,1,8,4,4,223,1,0
2239,C02240,31,Female,Desktop,Direct,13,9,2,9,230,1,1
2240,C02241,37,Female,Tablet,Search Engine,5,4,0,9,145,0,0
2241,C02242,35,Male,Desktop,Email,9,9,4,9,26,1,1
2242,C02243,46,Female,Desktop,Search Engine,12,2,4,4,144,1,1
2243,C02244,23,Female,Mobile,Direct,4,1,1,9,290,0,0
2244,C02245,49,Female,Tablet,Social Media,2,9,3,8,127,0,1
2245,C02246,46,Female,Tablet,Email,6,8,4,6,279,1,1
2246,C02247,19,Female,Mobile,Search Engine,2,7,2,6,89,1,1
2247,C02248,40,Female,Tablet,Social Media,3,8,3,9,57,1,1
2248,C02249,36,Male,Mobile,Email,14,1,0,1,194,0,0
2249,C02250,48,Male,Desktop,Email,8,9,3,7,207,1,1
2250,C02251,22,Male,Desktop,Search Engine,3,9,1,2,246,0,0
2251,C02252,36,Male,Mobile,Social Media,2,9,0,8,277,1,1
2252,C02253,51,Male,Desktop,Search Engine,6,6,4,5,216,1,0
2253,C02254,27,Male,Desktop,Email,14,4,5,8,27,0,1
2254,C02255,42,Female,Mobile,Email,3,2,0,8,70,1,0
2255,C02256,19,Female,Desktop,Direct,1,4,0,6,241,0,0
2256,C02257,28,Female,Tablet,Email,12,7,1,9,38,1,1
2257,C02258,48,Female,Desktop,Email,14,1,2,7,266,1,1
2258,C02259,32,Female,Mobile,Social Media,14,9,0,1,50,1,0
2259,C02260,26,Female,Tablet,Social Media,3,3,2,4,99,1,0
2260,C02261,40,Male,Tablet,Direct,6,4,3,2,41,1,0
2261,C02262,36,Female,Desktop,Direct,3,5,5,0,261,0,0
2262,C02263,26,Male,Tablet,Direct,9,3,1,5,233,1,0
2263,C02264,52,Male,Mobile,Search Engine,7,4,4,8,219,1,1
2264,C02265,38,Female,Tablet,Search Engine,14,5,0,1,184,0,0
2265,C02266,26,Female,Desktop,Direct,5,1,5,8,159,1,1
2266,C02267,45,Female,Desktop,Search Engine,2,9,5,7,32,0,1
2267,C02268,24,Female,Tablet,Email,9,4,2,8,45,1,1
2268,C02269,33,Female,Mobile,Direct,5,9,0,4,41,1,1
2269,C02270,33,Female,Mobile,Direct,7,4,5,1,95,0,0
2270,C02271,50,Female,Desktop,Search Engine,9,1,1,9,111,0,0
2271,C02272,21,Male,Desktop,Social Media,4,5,4,9,285,1,1
2272,C02273,21,Female,Mobile,Direct,9,9,3,5,67,0,1
2273,C02274,56,Female,Tablet,Search Engine,1,3,3,6,189,1,0
2274,C02275,57,Male,Tablet,Search Engine,12,5,2,2,264,0,0
2275,C02276,34,Female,Tablet,Social Media,6,3,5,5,247,0,1
2276,C02277,54,Female,Tablet,Direct,2,3,3,5,206,0,0
2277,C02278,56,Male,Mobile,Social Media,8,1,2,7,187,0,0
2278,C02279,46,Female,Desktop,Email,5,2,4,0,222,0,0
2279,C02280,53,Female,Desktop,Social Media,3,2,0,3,25,1,0
2280,C02281,55,Female,Tablet,Social Media,2,9,1,0,151,1,0
2281,C02282,56,Female,Mobile,Search Engine,8,7,4,7,264,0,1
2282,C02283,54,Female,Mobile,Social Media,7,8,4,1,110,1,1
2283,C02284,52,Female,Tablet,Email,9,2,3,7,145,0,1
2284,C02285,24,Male,Tablet,Search Engine,8,9,3,2,261,1,0
2285,C02286,44,Female,Tablet,Email,11,3,1,7,268,0,1
2286,C02287,45,Female,Desktop,Social Media,4,2,0,5,26,0,0
2287,C02288,39,Male,Tablet,Email,2,1,4,0,107,1,0
2288,C02289,31,Male,Desktop,Email,14,9,5,6,105,0,1
2289,C02290,24,Female,Mobile,Social Media,13,8,3,6,164,1,1
2290,C02291,54,Male,Mobile,Social Media,2,4,4,5,217,0,0
2291,C02292,39,Female,Desktop,Search Engine,2,7,0,0,183,0,0
2292,C02293,22,Female,Desktop,Search Engine,14,3,2,4,164,0,1
2293,C02294,19,Male,Desktop,Direct,11,3,0,0,20,1,0
2294,C02295,44,Female,Desktop,Search Engine,12,4,4,0,139,0,1
2295,C02296,38,Female,Tablet,Social Media,6,2,4,5,86,1,0
2296,C02297,55,Male,Mobile,Email,7,4,1,7,68,1,1
2297,C02298,32,Male,Tablet,Email,12,3,4,0,43,1,0
2298,C02299,38,Male,Desktop,Search Engine,6,8,3,1,230,1,0
2299,C02300,27,Male,Tablet,Search Engine,2,2,5,4,82,0,0
2300,C02301,40,Female,Tablet,Social Media,4,9,1,7,75,0,0
2301,C02302,56,Male,Mobile,Email,3,3,4,3,37,0,0
2302,C02303,22,Male,Tablet,Direct,11,4,0,4,96,0,0
2303,C02304,18,Male,Mobile,Direct,13,3,4,9,279,1,1
2304,C02305,30,Male,Desktop,Search Engine,4,3,0,4,140,1,0
2305,C02306,38,Male,Tablet,Direct,5,8,0,2,203,1,0
2306,C02307,43,Female,Desktop,Social Media,7,8,4,5,67,0,1
2307,C02308,38,Male,Mobile,Direct,14,6,0,4,166,1,0
2308,C02309,35,Female,Desktop,Search Engine,9,4,5,1,99,1,0
2309,C02310,54,Male,Desktop,Social Media,11,1,2,9,255,0,1
2310,C02311,49,Male,Mobile,Email,2,4,1,3,248,0,0
2311,C02312,53,Male,Desktop,Social Media,8,8,4,3,80,0,1
2312,C02313,34,Male,Desktop,Search Engine,3,6,2,6,239,0,1
2313,C02314,52,Male,Desktop,Search Engine,9,2,0,6,108,0,0
2314,C02315,28,Male,Tablet,Direct,10,3,0,8,283,0,0
2315,C02316,38,Male,Desktop,Direct,12,7,1,9,247,0,1
2316,C02317,43,Male,Mobile,Email,4,4,2,1,122,1,0
2317,C02318,21,Female,Tablet,Email,3,4,2,5,107,1,1
2318,C02319,51,Male,Tablet,Search Engine,10,5,4,1,42,1,0
2319,C02320,35,Female,Mobile,Search Engine,6,8,0,8,286,0,1
2320,C02321,57,Male,Desktop,Search Engine,10,7,3,1,36,0,0
2321,C02322,52,Female,Tablet,Email,13,9,4,5,181,1,1
2322,C02323,58,Male,Tablet,Search Engine,9,5,4,7,97,0,1
2323,C02324,46,Male,Tablet,Email,7,1,4,5,141,1,1
2324,C02325,46,Male,Desktop,Search Engine,4,4,1,2,131,0,0
2325,C02326,55,Female,Tablet,Social Media,3,6,1,4,258,1,0
2326,C02327,59,Female,Mobile,Social Media,10,6,4,3,229,1,1
2327,C02328,38,Female,Desktop,Search Engine,4,9,5,0,21,0,0
2328,C02329,59,Female,Mobile,Social Media,3,5,3,4,222,0,1
2329,C02330,30,Male,Mobile,Email,12,5,2,9,136,0,1
2330,C02331,58,Male,Tablet,Direct,3,6,2,4,133,0,0
2331,C02332,34,Male,Tablet,Social Media,12,6,0,6,93,1,1
2332,C02333,26,Female,Tablet,Direct,14,3,2,6,260,1,1
2333,C02334,58,Male,Mobile,Social Media,13,6,2,1,73,1,0
2334,C02335,18,Female,Desktop,Email,9,8,3,3,178,1,1
2335,C02336,19,Female,Tablet,Social Media,4,6,2,0,128,1,0
2336,C02337,46,Female,Tablet,Social Media,9,5,3,4,299,1,1
2337,C02338,50,Female,Mobile,Search Engine,12,3,1,4,172,0,0
2338,C02339,27,Female,Desktop,Direct,10,1,3,3,182,1,1
2339,C02340,57,Male,Mobile,Direct,5,5,1,9,76,0,1
2340,C02341,38,Female,Tablet,Email,7,6,3,6,233,1,1
2341,C02342,45,Female,Mobile,Email,14,6,4,5,47,0,1
2342,C02343,28,Male,Tablet,Direct,5,6,5,9,223,0,1
2343,C02344,51,Female,Desktop,Search Engine,1,3,1,2,52,1,0
2344,C02345,25,Female,Mobile,Search Engine,2,4,1,1,141,0,0
2345,C02346,39,Male,Tablet,Direct,11,3,2,3,35,1,1
2346,C02347,25,Male,Tablet,Social Media,5,2,1,8,173,0,0
2347,C02348,32,Male,Tablet,Direct,6,8,3,9,237,1,1
2348,C02349,34,Female,Tablet,Social Media,7,7,4,4,124,0,1
2349,C02350,40,Male,Mobile,Direct,2,8,4,0,96,1,0
2350,C02351,41,Male,Tablet,Social Media,10,6,2,2,106,1,1
2351,C02352,36,Male,Mobile,Search Engine,9,7,3,8,50,1,1
2352,C02353,22,Female,Tablet,Direct,6,1,3,6,119,0,0
2353,C02354,49,Male,Mobile,Email,2,5,0,2,174,1,0
2354,C02355,18,Female,Mobile,Social Media,2,4,1,0,125,1,0
2355,C02356,40,Female,Tablet,Search Engine,3,3,2,3,249,1,0
2356,C02357,54,Male,Tablet,Email,1,2,4,8,22,1,1
2357,C02358,25,Female,Tablet,Search Engine,9,9,5,6,241,0,1
2358,C02359,30,Female,Tablet,Social Media,14,8,0,4,140,0,0
2359,C02360,25,Male,Desktop,Direct,10,2,3,5,179,0,0
2360,C02361,40,Female,Tablet,Search Engine,11,6,1,0,290,1,0
2361,C02362,18,Male,Tablet,Direct,4,3,4,6,213,0,1
2362,C02363,41,Female,Tablet,Direct,5,3,0,4,237,0,0
2363,C02364,52,Female,Mobile,Search Engine,7,5,3,6,210,0,0
2364,C02365,41,Male,Tablet,Search Engine,1,7,4,4,271,0,0
2365,C02366,34,Male,Mobile,Search Engine,3,7,4,4,245,0,1
2366,C02367,22,Female,Mobile,Direct,14,1,3,2,20,0,0
2367,C02368,37,Female,Mobile,Email,3,7,3,4,152,1,0
2368,C02369,38,Male,Mobile,Social Media,2,7,2,7,109,1,1
2369,C02370,57,Female,Desktop,Email,8,6,4,7,25,0,1
2370,C02371,48,Female,Tablet,Direct,5,6,3,1,263,1,0
2371,C02372,53,Female,Mobile,Search Engine,1,2,5,0,152,1,0
2372,C02373,28,Female,Tablet,Search Engine,12,3,5,1,135,1,1
2373,C02374,32,Male,Mobile,Social Media,2,3,0,6,92,1,0
2374,C02375,36,Male,Desktop,Social Media,1,3,1,2,175,1,0
2375,C02376,24,Male,Mobile,Email,6,2,5,7,230,0,1
2376,C02377,45,Male,Tablet,Email,9,9,2,3,88,0,0
2377,C02378,22,Male,Tablet,Social Media,11,6,3,9,163,1,1
2378,C02379,22,Male,Desktop,Direct,7,2,1,9,218,0,0
2379,C02380,47,Female,Tablet,Email,5,3,2,7,225,0,1
2380,C02381,49,Male,Tablet,Search Engine,12,6,4,1,220,0,0
2381,C02382,25,Female,Mobile,Search Engine,13,4,1,4,258,0,0
2382,C02383,27,Female,Tablet,Direct,3,7,5,5,87,0,0
2383,C02384,55,Female,Mobile,Social Media,12,6,2,0,190,0,0
2384,C02385,49,Male,Desktop,Email,12,6,3,0,89,0,0
2385,C02386,45,Female,Tablet,Search Engine,8,3,3,8,36,1,1
2386,C02387,34,Male,Mobile,Social Media,10,8,2,4,156,1,0
2387,C02388,48,Female,Tablet,Email,4,9,4,3,238,1,1
2388,C02389,25,Female,Mobile,Direct,9,6,5,0,25,0,1
2389,C02390,57,Male,Desktop,Search Engine,5,2,2,2,217,1,0
2390,C02391,42,Female,Mobile,Direct,14,1,0,3,151,0,0
2391,C02392,26,Female,Tablet,Direct,6,3,2,4,203,1,0
2392,C02393,19,Female,Mobile,Direct,5,3,2,9,37,1,1
2393,C02394,32,Female,Tablet,Email,10,8,5,4,232,0,1
2394,C02395,20,Male,Desktop,Direct,12,5,3,9,67,1,1
2395,C02396,53,Female,Mobile,Email,11,1,4,7,48,0,1
2396,C02397,21,Female,Tablet,Email,7,4,2,2,172,1,0
2397,C02398,31,Male,Tablet,Direct,7,7,1,6,257,1,0
2398,C02399,58,Female,Tablet,Direct,1,5,3,5,284,0,0
2399,C02400,58,Female,Mobile,Social Media,2,6,3,9,218,1,1
2400,C02401,42,Female,Mobile,Search Engine,7,4,2,9,33,1,1
2401,C02402,27,Female,Mobile,Social Media,8,2,5,9,295,1,1
2402,C02403,38,Male,Desktop,Search Engine,4,9,1,5,29,1,1
2403,C02404,53,Female,Tablet,Search Engine,6,2,2,9,158,1,1
2404,C02405,29,Male,Tablet,Social Media,11,2,1,8,186,0,1
2405,C02406,44,Female,Desktop,Social Media,12,2,3,6,166,0,1
2406,C02407,57,Female,Desktop,Search Engine,10,1,1,6,264,0,0
2407,C02408,19,Female,Mobile,Search Engine,3,3,2,0,89,0,0
2408,C02409,30,Male,Mobile,Search Engine,7,6,0,0,123,0,0
2409,C02410,49,Female,Mobile,Email,11,7,0,8,248,0,1
2410,C02411,48,Female,Mobile,Search Engine,3,1,1,8,157,1,0
2411,C02412,33,Male,Mobile,Direct,11,5,5,9,55,0,1
2412,C02413,49,Male,Mobile,Direct,7,5,2,2,137,0,0
2413,C02414,49,Male,Desktop,Direct,12,1,4,7,274,1,1
2414,C02415,51,Male,Desktop,Social Media,11,4,0,8,39,1,1
2415,C02416,28,Female,Desktop,Social Media,12,1,3,0,40,0,0
2416,C02417,27,Female,Tablet,Social Media,11,1,2,2,275,1,0
2417,C02418,32,Female,Tablet,Search Engine,8,7,2,5,267,1,1
2418,C02419,34,Female,Mobile,Direct,3,7,0,3,185,1,0
2419,C02420,57,Male,Desktop,Search Engine,2,3,4,7,274,1,1
2420,C02421,35,Female,Tablet,Email,12,7,3,8,97,0,1
2421,C02422,26,Female,Tablet,Email,6,3,4,6,299,0,1
2422,C02423,42,Female,Desktop,Social Media,4,2,3,0,53,1,0
2423,C02424,57,Female,Tablet,Email,8,4,0,1,118,1,0
2424,C02425,31,Male,Tablet,Direct,13,3,2,0,162,1,0
2425,C02426,42,Female,Desktop,Email,14,7,3,8,74,0,1
2426,C02427,39,Female,Tablet,Social Media,2,1,2,3,22,1,0
2427,C02428,47,Female,Desktop,Search Engine,4,6,1,9,238,0,0
2428,C02429,37,Male,Tablet,Email,2,2,1,7,230,0,0
2429,C02430,38,Male,Desktop,Direct,14,8,0,4,168,1,1
2430,C02431,49,Female,Tablet,Direct,2,5,0,4,251,1,1
2431,C02432,38,Female,Tablet,Direct,2,3,5,4,107,1,0
2432,C02433,52,Female,Desktop,Search Engine,1,7,0,4,230,1,0
2433,C02434,49,Male,Tablet,Direct,4,2,1,2,242,1,0
2434,C02435,47,Female,Desktop,Social Media,2,5,3,5,167,1,0
2435,C02436,56,Female,Desktop,Social Media,9,8,4,0,226,1,1
2436,C02437,29,Female,Tablet,Direct,9,1,0,7,246,0,0
2437,C02438,58,Male,Mobile,Email,11,1,4,3,203,0,0
2438,C02439,35,Female,Tablet,Direct,11,3,4,5,60,0,1
2439,C02440,38,Female,Mobile,Social Media,7,3,1,1,201,1,0
2440,C02441,30,Male,Mobile,Social Media,6,7,5,1,63,0,0
2441,C02442,38,Male,Tablet,Social Media,12,6,3,7,229,0,1
2442,C02443,25,Female,Mobile,Email,3,7,1,0,269,1,0
2443,C02444,57,Male,Desktop,Email,14,4,0,7,103,0,0
2444,C02445,24,Female,Desktop,Email,12,2,1,9,158,1,1
2445,C02446,40,Male,Mobile,Social Media,14,2,1,9,250,0,0
2446,C02447,49,Male,Desktop,Search Engine,7,1,1,0,31,1,0
2447,C02448,28,Female,Tablet,Direct,1,9,0,8,292,1,1
2448,C02449,39,Female,Desktop,Direct,9,7,0,0,109,1,0
2449,C02450,39,Female,Mobile,Social Media,4,3,1,3,44,0,0
2450,C02451,42,Male,Tablet,Email,6,2,1,8,45,1,0
2451,C02452,39,Female,Desktop,Search Engine,6,3,4,0,172,0,0
2452,C02453,45,Female,Tablet,Search Engine,11,7,3,8,79,0,1
2453,C02454,46,Female,Mobile,Email,3,5,4,7,79,1,1
2454,C02455,30,Female,Desktop,Direct,4,3,5,4,190,0,0
2455,C02456,35,Female,Tablet,Direct,13,9,3,5,95,0,1
2456,C02457,19,Male,Tablet,Search Engine,11,2,5,4,295,0,1
2457,C02458,46,Female,Desktop,Search Engine,10,7,3,3,227,1,1
2458,C02459,38,Female,Tablet,Email,3,6,1,9,174,0,1
2459,C02460,32,Male,Tablet,Direct,13,6,4,3,199,0,1
2460,C02461,44,Female,Mobile,Search Engine,6,7,3,9,101,0,1
2461,C02462,48,Female,Mobile,Direct,1,6,5,7,29,0,1
2462,C02463,32,Female,Mobile,Search Engine,8,2,3,7,262,0,1
2463,C02464,40,Female,Mobile,Email,8,5,0,8,197,0,1
2464,C02465,41,Female,Mobile,Direct,9,3,3,2,276,1,0
2465,C02466,30,Male,Mobile,Search Engine,6,9,1,9,23,1,1
2466,C02467,39,Male,Desktop,Search Engine,1,8,2,7,234,1,0
2467,C02468,54,Male,Mobile,Search Engine,3,2,0,2,49,1,0
2468,C02469,50,Female,Tablet,Search Engine,1,1,2,1,84,0,0
2469,C02470,20,Male,Desktop,Email,13,4,1,1,143,0,0
2470,C02471,36,Female,Tablet,Direct,5,4,2,8,172,0,1
2471,C02472,40,Female,Mobile,Direct,3,2,3,3,59,0,0
2472,C02473,46,Female,Mobile,Social Media,14,7,2,4,45,1,1
2473,C02474,47,Male,Tablet,Direct,2,3,4,1,292,1,0
2474,C02475,56,Male,Tablet,Social Media,3,7,1,8,178,0,1
2475,C02476,42,Male,Tablet,Search Engine,9,7,4,6,208,0,1
2476,C02477,54,Female,Desktop,Email,11,1,2,2,283,0,0
2477,C02478,25,Male,Mobile,Email,8,6,4,5,88,1,1
2478,C02479,59,Female,Tablet,Search Engine,13,4,0,6,20,1,1
2479,C02480,33,Male,Mobile,Social Media,3,8,2,5,98,1,1
2480,C02481,25,Male,Tablet,Search Engine,11,8,5,9,247,0,1
2481,C02482,18,Female,Mobile,Email,2,3,4,9,65,0,1
2482,C02483,22,Female,Desktop,Email,5,4,3,5,127,0,0
2483,C02484,20,Male,Mobile,Direct,12,1,2,7,143,1,0
2484,C02485,18,Male,Tablet,Social Media,12,2,5,7,167,1,1
2485,C02486,21,Male,Mobile,Direct,13,7,0,4,271,1,1
2486,C02487,57,Female,Desktop,Email,12,7,3,3,21,0,1
2487,C02488,52,Female,Desktop,Email,1,9,2,4,241,1,0
2488,C02489,49,Male,Mobile,Direct,4,9,3,8,208,0,1
2489,C02490,59,Male,Tablet,Direct,8,9,2,9,90,0,1
2490,C02491,51,Female,Desktop,Email,1,6,2,5,116,0,0
2491,C02492,42,Male,Desktop,Direct,5,8,1,2,251,1,1
2492,C02493,27,Female,Mobile,Direct,12,9,4,2,49,1,1
2493,C02494,38,Female,Desktop,Social Media,4,7,2,0,49,1,0
2494,C02495,56,Female,Desktop,Email,6,4,0,4,234,1,0
2495,C02496,44,Female,Tablet,Search Engine,7,4,5,5,192,1,1
2496,C02497,44,Female,Tablet,Social Media,9,6,4,7,299,1,1
2497,C02498,19,Female,Tablet,Search Engine,1,4,1,8,230,0,0
2498,C02499,58,Male,Mobile,Direct,11,7,4,6,144,1,1
2499,C02500,30,Female,Desktop,Direct,10,8,4,0,99,1,1
2500,C02501,26,Female,Mobile,Search Engine,4,8,2,6,203,0,1
2501,C02502,53,Male,Desktop,Direct,6,8,0,9,34,1,1
2502,C02503,39,Female,Desktop,Direct,10,2,2,8,30,1,1
2503,C02504,59,Male,Desktop,Social Media,7,2,0,3,108,0,0
2504,C02505,43,Female,Tablet,Search Engine,7,2,0,6,22,1,0
2505,C02506,29,Male,Mobile,Social Media,8,2,3,8,43,0,0
2506,C02507,34,Male,Mobile,Search Engine,14,4,2,0,108,0,0
2507,C02508,31,Female,Desktop,Social Media,10,5,1,9,28,0,0
2508,C02509,31,Female,Mobile,Email,8,4,5,8,65,1,1
2509,C02510,51,Female,Tablet,Email,8,5,4,3,113,0,1
2510,C02511,37,Female,Mobile,Search Engine,8,4,3,7,90,1,1
2511,C02512,28,Male,Desktop,Email,12,7,1,2,207,0,0
2512,C02513,33,Male,Tablet,Social Media,8,1,5,1,158,1,0
2513,C02514,48,Male,Tablet,Search Engine,6,1,5,7,29,0,0
2514,C02515,23,Female,Desktop,Email,9,2,2,7,22,1,0
2515,C02516,36,Male,Mobile,Email,3,1,0,2,38,1,0
2516,C02517,54,Female,Desktop,Search Engine,6,3,2,7,149,1,1
2517,C02518,21,Female,Mobile,Email,5,6,5,5,240,1,1
2518,C02519,21,Male,Mobile,Email,8,6,2,9,149,1,1
2519,C02520,37,Female,Tablet,Search Engine,4,1,3,8,132,1,0
2520,C02521,27,Male,Desktop,Email,4,6,1,9,157,1,1
2521,C02522,41,Female,Tablet,Email,13,5,5,5,62,1,1
2522,C02523,52,Male,Desktop,Email,10,7,3,7,237,1,1
2523,C02524,43,Female,Desktop,Email,11,6,1,1,77,0,0
2524,C02525,54,Male,Tablet,Direct,10,7,3,0,132,0,0
2525,C02526,55,Male,Desktop,Search Engine,13,2,4,9,207,0,1
2526,C02527,38,Female,Desktop,Direct,5,1,0,9,141,0,0
2527,C02528,57,Female,Mobile,Direct,11,7,0,1,104,0,0
2528,C02529,56,Male,Desktop,Social Media,13,9,0,3,125,1,1
2529,C02530,38,Female,Desktop,Direct,13,2,4,9,118,0,1
2530,C02531,27,Female,Tablet,Direct,6,7,5,8,28,0,1
2531,C02532,55,Female,Tablet,Social Media,11,3,5,6,25,0,1
2532,C02533,21,Male,Desktop,Email,4,6,4,8,127,0,1
2533,C02534,37,Male,Mobile,Email,2,3,0,8,171,1,0
2534,C02535,34,Female,Mobile,Direct,12,5,0,8,256,1,1
2535,C02536,24,Female,Tablet,Social Media,12,2,1,7,46,0,0
2536,C02537,21,Male,Desktop,Email,14,8,1,5,138,0,1
2537,C02538,46,Female,Desktop,Social Media,2,8,2,9,230,0,0
2538,C02539,31,Male,Mobile,Search Engine,12,7,3,6,119,0,1
2539,C02540,20,Female,Mobile,Search Engine,3,6,1,1,22,1,0
2540,C02541,41,Female,Mobile,Search Engine,2,1,1,0,36,1,0
2541,C02542,54,Female,Tablet,Search Engine,1,8,1,4,125,1,0
2542,C02543,33,Male,Desktop,Direct,14,1,1,7,249,0,1
2543,C02544,21,Male,Tablet,Search Engine,8,8,4,2,196,1,1
2544,C02545,41,Male,Desktop,Search Engine,12,2,2,6,103,0,0
2545,C02546,51,Male,Tablet,Social Media,5,8,1,4,282,1,1
2546,C02547,47,Female,Desktop,Email,10,4,5,9,215,1,1
2547,C02548,35,Female,Mobile,Social Media,1,7,3,7,268,0,1
2548,C02549,36,Male,Mobile,Direct,13,5,1,5,168,1,1
2549,C02550,48,Female,Mobile,Search Engine,9,8,4,5,225,1,1
2550,C02551,36,Female,Tablet,Email,8,6,5,6,100,0,1
2551,C02552,36,Male,Mobile,Email,4,5,0,6,208,1,0
2552,C02553,39,Female,Desktop,Search Engine,8,1,0,3,225,1,0
2553,C02554,41,Female,Tablet,Search Engine,13,3,2,9,288,0,1
2554,C02555,29,Male,Desktop,Direct,12,9,0,9,274,1,1
2555,C02556,47,Female,Tablet,Direct,13,9,1,9,27,0,1
2556,C02557,55,Female,Desktop,Search Engine,10,5,4,7,133,0,1
2557,C02558,48,Female,Desktop,Search Engine,7,3,2,5,24,0,0
2558,C02559,53,Male,Tablet,Search Engine,11,6,5,7,92,0,1
2559,C02560,36,Male,Tablet,Search Engine,11,5,1,6,140,0,1
2560,C02561,53,Female,Mobile,Email,7,1,0,0,253,0,0
2561,C02562,47,Female,Mobile,Direct,1,2,3,3,85,0,0
2562,C02563,50,Female,Desktop,Search Engine,6,5,1,6,249,0,0
2563,C02564,35,Male,Desktop,Search Engine,13,9,3,8,50,0,0
2564,C02565,45,Male,Desktop,Email,4,4,5,1,70,0,1
2565,C02566,28,Male,Tablet,Social Media,14,9,3,4,166,0,1
2566,C02567,50,Female,Tablet,Search Engine,10,3,5,8,114,0,1
2567,C02568,34,Female,Mobile,Email,10,1,2,8,57,0,0
2568,C02569,23,Female,Desktop,Email,10,6,4,5,217,1,1
2569,C02570,21,Female,Mobile,Social Media,11,7,0,6,260,0,0
2570,C02571,37,Female,Tablet,Direct,12,4,0,8,192,0,0
2571,C02572,44,Male,Tablet,Direct,2,5,1,9,275,0,1
2572,C02573,32,Female,Tablet,Direct,10,4,0,7,60,1,1
2573,C02574,23,Female,Mobile,Search Engine,7,3,2,9,148,0,0
2574,C02575,31,Female,Tablet,Direct,9,1,0,5,73,1,0
2575,C02576,28,Male,Desktop,Search Engine,13,6,1,5,105,0,0
2576,C02577,56,Female,Mobile,Search Engine,5,5,0,6,231,1,1
2577,C02578,26,Male,Tablet,Email,8,1,4,6,288,1,1
2578,C02579,43,Male,Mobile,Direct,5,5,5,1,40,1,0
2579,C02580,33,Male,Mobile,Direct,14,6,3,8,234,1,1
2580,C02581,22,Male,Tablet,Direct,7,5,3,3,208,1,1
2581,C02582,27,Male,Tablet,Search Engine,7,1,5,9,180,0,1
2582,C02583,20,Female,Mobile,Search Engine,9,5,3,8,220,0,1
2583,C02584,30,Female,Mobile,Direct,3,1,4,9,48,0,1
2584,C02585,47,Male,Tablet,Search Engine,14,3,2,2,263,1,0
2585,C02586,23,Male,Desktop,Search Engine,1,2,1,4,202,1,0
2586,C02587,34,Male,Mobile,Social Media,2,1,4,4,51,1,0
2587,C02588,36,Female,Mobile,Social Media,12,4,1,6,286,1,1
2588,C02589,59,Female,Desktop,Direct,6,2,2,3,55,0,0
2589,C02590,52,Male,Tablet,Direct,14,5,4,3,112,1,1
2590,C02591,43,Female,Tablet,Social Media,10,1,0,0,178,0,0
2591,C02592,22,Female,Desktop,Search Engine,10,1,2,5,199,1,1
2592,C02593,46,Male,Tablet,Search Engine,12,4,3,3,237,1,0
2593,C02594,54,Male,Tablet,Email,13,7,4,9,246,1,1
2594,C02595,37,Female,Mobile,Direct,14,2,2,9,231,1,1
2595,C02596,38,Female,Mobile,Direct,9,2,2,4,182,1,1
2596,C02597,27,Female,Mobile,Direct,3,1,4,8,177,0,0
2597,C02598,22,Male,Desktop,Email,10,5,3,3,129,1,1
2598,C02599,53,Male,Tablet,Email,2,6,5,0,74,0,0
2599,C02600,23,Male,Tablet,Search Engine,11,6,3,8,233,0,1
2600,C02601,43,Female,Mobile,Social Media,1,2,2,4,34,1,0
2601,C02602,21,Female,Mobile,Social Media,2,7,1,9,172,1,1
2602,C02603,56,Male,Desktop,Social Media,3,6,5,6,39,1,1
2603,C02604,56,Female,Tablet,Search Engine,7,8,5,2,71,1,1
2604,C02605,52,Male,Desktop,Social Media,2,6,2,3,103,1,1
2605,C02606,18,Female,Tablet,Email,13,9,4,9,243,1,1
2606,C02607,41,Male,Desktop,Email,5,2,4,8,148,0,0
2607,C02608,53,Female,Mobile,Direct,2,7,4,9,35,0,1
2608,C02609,23,Female,Desktop,Social Media,7,5,3,0,293,1,0
2609,C02610,58,Male,Desktop,Email,10,1,0,4,96,1,0
2610,C02611,48,Male,Mobile,Direct,8,3,4,7,111,0,1
2611,C02612,37,Male,Tablet,Social Media,8,4,4,9,289,0,1
2612,C02613,41,Male,Tablet,Social Media,13,2,5,6,71,0,1
2613,C02614,42,Male,Mobile,Email,8,7,1,3,140,1,1
2614,C02615,53,Female,Desktop,Direct,10,1,1,6,69,0,0
2615,C02616,38,Male,Desktop,Direct,9,3,2,0,292,1,0
2616,C02617,47,Male,Desktop,Email,1,9,2,5,139,1,1
2617,C02618,41,Male,Tablet,Email,12,2,2,8,114,0,1
2618,C02619,59,Male,Desktop,Email,1,5,4,2,168,0,0
2619,C02620,47,Male,Tablet,Social Media,14,4,1,3,276,0,1
2620,C02621,39,Female,Desktop,Email,14,3,2,7,203,1,1
2621,C02622,45,Male,Mobile,Email,14,5,1,4,279,1,0
2622,C02623,24,Male,Mobile,Search Engine,10,6,4,4,169,0,0
2623,C02624,52,Male,Tablet,Email,2,1,5,0,224,1,0
2624,C02625,45,Female,Tablet,Email,11,2,4,5,191,0,1
2625,C02626,31,Female,Mobile,Social Media,6,1,2,1,241,1,0
2626,C02627,27,Male,Mobile,Direct,14,3,4,0,187,0,0
2627,C02628,33,Male,Desktop,Social Media,1,8,4,5,263,1,1
2628,C02629,33,Female,Mobile,Search Engine,5,8,1,4,237,0,0
2629,C02630,48,Female,Tablet,Email,5,4,0,4,75,1,0
2630,C02631,59,Female,Mobile,Email,4,6,3,8,82,1,1
2631,C02632,42,Male,Tablet,Email,11,9,2,9,122,1,1
2632,C02633,30,Male,Tablet,Email,5,7,0,9,186,0,1
2633,C02634,23,Female,Desktop,Email,12,2,5,2,26,1,0
2634,C02635,26,Male,Desktop,Email,1,2,2,0,161,1,0
2635,C02636,53,Female,Desktop,Search Engine,11,3,0,7,144,0,0
2636,C02637,37,Female,Desktop,Email,11,8,4,4,109,0,1
2637,C02638,35,Female,Mobile,Email,6,9,2,4,235,1,1
2638,C02639,38,Male,Desktop,Email,7,3,0,7,142,1,0
2639,C02640,21,Female,Mobile,Search Engine,8,9,3,7,205,0,0
2640,C02641,50,Female,Desktop,Email,2,8,4,1,172,1,1
2641,C02642,44,Male,Desktop,Search Engine,7,5,2,2,268,1,0
2642,C02643,24,Female,Tablet,Social Media,6,3,5,9,133,0,1
2643,C02644,23,Male,Mobile,Email,9,7,5,9,115,0,1
2644,C02645,32,Female,Tablet,Direct,8,9,2,0,217,0,0
2645,C02646,35,Male,Desktop,Search Engine,14,6,0,2,22,1,0
2646,C02647,49,Female,Mobile,Social Media,11,3,2,3,168,1,0
2647,C02648,28,Female,Desktop,Search Engine,14,5,4,6,130,0,1
2648,C02649,37,Female,Tablet,Search Engine,4,7,1,8,39,0,1
2649,C02650,41,Female,Mobile,Social Media,14,8,5,4,222,1,1
2650,C02651,32,Female,Tablet,Email,13,4,0,0,201,0,0
2651,C02652,24,Male,Desktop,Email,9,2,3,1,246,1,0
2652,C02653,38,Male,Desktop,Search Engine,1,2,2,9,95,0,0
2653,C02654,59,Female,Desktop,Social Media,11,3,4,1,242,0,0
2654,C02655,43,Female,Mobile,Email,6,8,2,8,55,1,1
2655,C02656,31,Female,Tablet,Search Engine,8,1,3,9,109,1,1
2656,C02657,54,Male,Tablet,Direct,11,7,4,6,48,0,1
2657,C02658,38,Male,Desktop,Social Media,11,6,3,1,195,1,0
2658,C02659,35,Female,Tablet,Direct,4,2,4,0,239,1,0
2659,C02660,22,Male,Mobile,Direct,2,9,1,4,155,0,0
2660,C02661,20,Female,Desktop,Search Engine,11,5,5,0,194,1,1
2661,C02662,40,Female,Desktop,Social Media,2,2,4,8,145,1,1
2662,C02663,43,Female,Desktop,Email,10,3,3,2,190,1,1
2663,C02664,54,Male,Mobile,Email,1,7,0,1,285,1,0
2664,C02665,41,Female,Desktop,Search Engine,5,7,5,5,153,0,1
2665,C02666,36,Female,Desktop,Email,13,1,1,2,291,0,0
2666,C02667,42,Female,Desktop,Email,6,4,2,4,45,0,0
2667,C02668,38,Male,Desktop,Direct,4,6,1,9,296,0,0
2668,C02669,29,Male,Tablet,Direct,4,8,1,7,119,0,1
2669,C02670,58,Male,Desktop,Social Media,5,3,2,9,49,1,1
2670,C02671,50,Female,Mobile,Direct,14,3,4,1,152,1,1
2671,C02672,21,Male,Desktop,Email,5,8,1,4,158,1,1
2672,C02673,59,Female,Desktop,Social Media,14,8,5,7,210,0,1
2673,C02674,24,Male,Tablet,Social Media,14,8,1,0,206,0,0
2674,C02675,39,Female,Desktop,Search Engine,14,1,0,9,159,0,1
2675,C02676,50,Male,Tablet,Direct,14,8,5,9,256,1,1
2676,C02677,34,Female,Mobile,Social Media,9,8,0,3,219,1,0
2677,C02678,41,Male,Tablet,Email,8,2,5,4,99,1,1
2678,C02679,51,Male,Desktop,Social Media,9,9,3,9,278,0,1
2679,C02680,45,Male,Mobile,Social Media,13,7,2,2,120,0,0
2680,C02681,58,Female,Desktop,Search Engine,14,8,5,1,51,1,1
2681,C02682,56,Male,Tablet,Email,3,2,5,2,296,1,0
2682,C02683,39,Male,Mobile,Email,14,4,4,4,140,1,1
2683,C02684,34,Male,Mobile,Direct,3,7,4,6,74,0,1
2684,C02685,51,Male,Tablet,Email,1,6,3,1,37,0,0
2685,C02686,23,Female,Tablet,Social Media,14,7,4,6,140,1,1
2686,C02687,23,Male,Mobile,Email,10,1,4,5,129,1,0
2687,C02688,51,Female,Mobile,Email,13,8,0,6,80,0,1
2688,C02689,18,Female,Tablet,Social Media,6,7,4,6,283,1,0
2689,C02690,27,Female,Desktop,Search Engine,4,4,4,8,287,1,1
2690,C02691,38,Female,Mobile,Direct,11,1,3,6,146,0,1
2691,C02692,22,Male,Tablet,Direct,14,8,3,5,156,1,1
2692,C02693,19,Female,Desktop,Search Engine,8,7,1,9,97,1,1
2693,C02694,39,Female,Mobile,Social Media,2,8,4,7,226,1,1
2694,C02695,19,Female,Mobile,Direct,11,1,4,6,203,0,0
2695,C02696,27,Female,Tablet,Search Engine,2,5,5,5,108,1,1
2696,C02697,51,Male,Desktop,Search Engine,7,9,4,3,248,1,1
2697,C02698,33,Male,Mobile,Search Engine,13,5,0,6,83,0,0
2698,C02699,56,Female,Desktop,Direct,5,3,5,7,74,1,1
2699,C02700,39,Female,Desktop,Direct,13,9,4,7,298,1,1
2700,C02701,29,Female,Mobile,Direct,1,9,0,3,207,0,1
2701,C02702,41,Male,Desktop,Direct,7,4,1,9,210,1,1
2702,C02703,57,Male,Mobile,Email,7,4,5,8,292,1,1
2703,C02704,55,Male,Desktop,Search Engine,10,8,2,2,114,1,0
2704,C02705,27,Male,Mobile,Email,6,7,4,8,109,0,1
2705,C02706,52,Male,Tablet,Search Engine,4,5,5,2,266,1,1
2706,C02707,49,Female,Mobile,Direct,12,6,3,6,94,0,1
2707,C02708,24,Male,Mobile,Direct,13,3,5,3,81,0,1
2708,C02709,38,Male,Mobile,Email,8,6,3,4,241,0,1
2709,C02710,37,Female,Desktop,Social Media,12,8,4,2,286,0,0
2710,C02711,43,Male,Tablet,Direct,11,9,0,1,140,0,0
2711,C02712,21,Male,Desktop,Social Media,2,3,3,7,47,0,1
2712,C02713,39,Male,Desktop,Search Engine,2,8,5,6,293,0,1
2713,C02714,32,Female,Mobile,Email,2,3,5,6,42,1,1
2714,C02715,57,Male,Desktop,Social Media,3,2,3,7,118,1,0
2715,C02716,38,Female,Mobile,Social Media,6,5,1,0,129,0,0
2716,C02717,32,Female,Tablet,Direct,1,4,1,7,222,1,1
2717,C02718,39,Male,Desktop,Social Media,11,5,1,9,125,1,1
2718,C02719,45,Male,Desktop,Social Media,2,6,3,4,65,1,1
2719,C02720,31,Male,Desktop,Search Engine,10,3,3,7,276,0,1
2720,C02721,44,Male,Mobile,Email,2,1,5,8,163,1,1
2721,C02722,58,Female,Mobile,Direct,14,4,4,1,44,0,1
2722,C02723,57,Male,Desktop,Direct,12,6,4,2,81,0,0
2723,C02724,45,Female,Desktop,Social Media,1,2,0,5,249,1,0
2724,C02725,43,Female,Tablet,Search Engine,3,2,3,8,101,0,0
2725,C02726,19,Female,Tablet,Social Media,10,1,4,9,230,0,1
2726,C02727,42,Female,Tablet,Social Media,7,9,4,9,216,0,1
2727,C02728,20,Female,Tablet,Direct,13,3,1,7,217,1,1
2728,C02729,25,Male,Tablet,Social Media,1,2,1,5,181,1,0
2729,C02730,50,Female,Mobile,Social Media,7,4,1,4,227,1,0
2730,C02731,59,Female,Tablet,Search Engine,5,6,2,2,63,0,0
2731,C02732,52,Male,Tablet,Direct,9,1,4,3,298,1,0
2732,C02733,23,Male,Desktop,Email,2,9,1,6,294,1,0
2733,C02734,56,Female,Mobile,Search Engine,1,9,1,6,240,1,1
2734,C02735,40,Female,Tablet,Search Engine,9,8,3,2,165,0,1
2735,C02736,42,Male,Tablet,Search Engine,8,6,5,3,88,0,1
2736,C02737,36,Female,Tablet,Direct,10,4,1,2,159,1,0
2737,C02738,22,Male,Desktop,Social Media,6,2,3,1,29,0,0
2738,C02739,28,Male,Desktop,Email,5,8,0,5,130,1,1
2739,C02740,29,Female,Desktop,Direct,8,7,1,6,56,1,0
2740,C02741,27,Male,Tablet,Social Media,8,4,5,3,100,0,1
2741,C02742,25,Female,Desktop,Search Engine,14,3,3,4,115,0,1
2742,C02743,41,Female,Tablet,Direct,5,6,5,7,74,0,1
2743,C02744,45,Female,Mobile,Social Media,12,1,1,8,151,0,1
2744,C02745,58,Male,Tablet,Email,7,2,0,6,242,0,0
2745,C02746,53,Female,Desktop,Email,13,7,1,9,82,0,1
2746,C02747,54,Male,Mobile,Social Media,13,3,3,0,31,1,0
2747,C02748,38,Female,Tablet,Direct,1,1,0,2,165,1,0
2748,C02749,25,Female,Mobile,Search Engine,4,2,0,4,283,0,0
2749,C02750,26,Male,Mobile,Social Media,2,9,0,2,51,0,0
2750,C02751,32,Female,Mobile,Search Engine,10,7,2,0,68,1,0
2751,C02752,57,Female,Tablet,Email,3,7,3,1,206,1,0
2752,C02753,35,Male,Desktop,Social Media,12,8,2,7,118,0,1
2753,C02754,59,Male,Tablet,Email,1,8,5,6,186,0,1
2754,C02755,37,Male,Desktop,Search Engine,11,9,0,9,232,1,1
2755,C02756,23,Female,Tablet,Search Engine,11,2,2,2,218,1,0
2756,C02757,29,Male,Tablet,Social Media,2,8,1,3,265,1,1
2757,C02758,19,Male,Tablet,Social Media,13,8,2,2,173,1,1
2758,C02759,24,Female,Desktop,Social Media,1,5,4,3,115,1,0
2759,C02760,33,Male,Tablet,Email,8,5,5,7,82,0,1
2760,C02761,20,Female,Mobile,Search Engine,4,4,0,8,213,1,1
2761,C02762,20,Female,Tablet,Search Engine,3,5,0,6,291,0,0
2762,C02763,44,Male,Mobile,Email,1,2,5,8,109,1,1
2763,C02764,57,Female,Desktop,Social Media,2,2,5,8,291,0,0
2764,C02765,55,Male,Desktop,Direct,3,5,3,6,104,1,0
2765,C02766,50,Male,Tablet,Social Media,3,3,1,6,55,0,0
2766,C02767,45,Male,Tablet,Direct,6,1,5,7,37,1,1
2767,C02768,18,Male,Tablet,Direct,10,9,5,9,96,0,1
2768,C02769,25,Female,Mobile,Email,8,2,3,2,68,1,1
2769,C02770,54,Female,Desktop,Search Engine,6,2,5,7,255,0,1
2770,C02771,49,Male,Mobile,Search Engine,2,4,2,0,63,0,0
2771,C02772,54,Male,Mobile,Search Engine,2,2,4,5,128,0,0
2772,C02773,21,Female,Tablet,Search Engine,14,7,4,1,148,0,1
2773,C02774,47,Male,Tablet,Email,7,1,4,6,26,1,0
2774,C02775,23,Female,Mobile,Direct,1,2,5,2,131,1,1
2775,C02776,36,Male,Mobile,Search Engine,1,5,4,9,232,0,1
2776,C02777,49,Female,Tablet,Direct,7,2,1,4,85,1,0
2777,C02778,26,Female,Tablet,Email,9,9,2,9,50,0,1
2778,C02779,29,Female,Mobile,Social Media,5,4,4,1,284,1,1
2779,C02780,28,Male,Tablet,Email,11,9,0,0,33,1,0
2780,C02781,33,Male,Tablet,Search Engine,1,1,5,4,77,0,0
2781,C02782,18,Male,Mobile,Social Media,5,1,2,8,261,1,0
2782,C02783,38,Male,Mobile,Email,11,1,1,8,267,0,0
2783,C02784,47,Male,Desktop,Email,1,4,4,6,117,1,1
2784,C02785,30,Female,Mobile,Direct,10,9,1,8,181,1,1
2785,C02786,51,Female,Tablet,Email,12,8,5,3,266,1,1
2786,C02787,21,Female,Mobile,Social Media,9,7,4,2,23,0,1
2787,C02788,45,Female,Mobile,Email,4,1,0,3,280,1,0
2788,C02789,55,Female,Mobile,Search Engine,9,3,2,6,64,0,0
2789,C02790,48,Female,Desktop,Direct,2,9,0,7,230,0,0
2790,C02791,44,Female,Desktop,Social Media,7,9,4,1,263,1,1
2791,C02792,22,Male,Tablet,Social Media,12,5,3,4,222,0,1
2792,C02793,42,Female,Desktop,Email,13,6,2,4,222,1,1
2793,C02794,20,Male,Mobile,Search Engine,2,6,1,8,46,0,0
2794,C02795,50,Female,Desktop,Direct,12,4,4,2,137,1,0
2795,C02796,21,Female,Mobile,Social Media,4,1,0,5,245,0,0
2796,C02797,42,Male,Desktop,Direct,6,5,5,9,224,0,1
2797,C02798,37,Female,Desktop,Email,14,1,3,4,266,0,0
2798,C02799,51,Male,Desktop,Search Engine,2,1,5,1,68,0,0
2799,C02800,43,Female,Mobile,Email,2,5,4,1,272,1,0
2800,C02801,22,Male,Desktop,Direct,2,5,1,3,97,1,0
2801,C02802,52,Female,Mobile,Email,3,7,0,3,276,0,0
2802,C02803,45,Male,Mobile,Direct,5,2,2,6,139,0,0
2803,C02804,46,Male,Tablet,Social Media,9,6,3,0,54,0,0
2804,C02805,26,Female,Desktop,Social Media,6,2,4,5,162,0,0
2805,C02806,55,Female,Tablet,Email,12,5,4,8,216,1,1
2806,C02807,23,Male,Tablet,Social Media,14,4,4,1,279,1,0
2807,C02808,36,Female,Mobile,Direct,9,5,4,4,103,1,1
2808,C02809,28,Male,Desktop,Social Media,10,2,0,9,211,0,1
2809,C02810,19,Female,Mobile,Search Engine,14,8,2,9,41,1,1
2810,C02811,26,Male,Mobile,Search Engine,13,8,1,3,43,1,0
2811,C02812,38,Female,Desktop,Email,5,6,3,3,94,0,0
2812,C02813,41,Male,Mobile,Email,11,3,4,7,153,1,1
2813,C02814,51,Female,Desktop,Email,6,4,5,5,186,0,1
2814,C02815,39,Male,Desktop,Email,10,1,4,6,129,0,1
2815,C02816,20,Male,Mobile,Direct,12,9,2,8,109,0,1
2816,C02817,29,Female,Mobile,Direct,8,5,2,2,56,0,0
2817,C02818,45,Female,Tablet,Search Engine,3,8,0,1,70,0,0
2818,C02819,47,Male,Mobile,Direct,2,3,0,2,79,0,0
2819,C02820,43,Male,Desktop,Social Media,3,4,5,7,91,0,1
2820,C02821,38,Male,Tablet,Search Engine,14,4,5,8,147,1,1
2821,C02822,45,Male,Desktop,Email,9,8,0,9,81,1,1
2822,C02823,43,Female,Tablet,Email,6,9,3,4,198,0,0
2823,C02824,50,Male,Mobile,Direct,10,3,5,7,47,1,1
2824,C02825,38,Male,Mobile,Search Engine,12,7,0,6,259,1,1
2825,C02826,52,Male,Mobile,Direct,4,9,4,8,251,1,1
2826,C02827,51,Female,Desktop,Direct,10,2,0,3,172,0,0
2827,C02828,58,Male,Tablet,Direct,3,4,3,9,26,1,1
2828,C02829,35,Female,Desktop,Search Engine,13,3,0,2,84,0,0
2829,C02830,28,Female,Tablet,Email,2,8,0,8,142,0,0
2830,C02831,40,Female,Mobile,Social Media,14,4,4,7,55,0,1
2831,C02832,39,Female,Desktop,Email,4,9,5,6,257,0,1
2832,C02833,34,Female,Mobile,Search Engine,9,1,4,0,92,0,0
2833,C02834,22,Female,Desktop,Email,4,1,4,1,49,0,0
2834,C02835,28,Female,Mobile,Email,13,4,0,8,246,0,1
2835,C02836,47,Male,Desktop,Social Media,12,3,4,4,24,1,1
2836,C02837,32,Male,Desktop,Email,5,3,2,0,84,1,0
2837,C02838,44,Female,Tablet,Email,8,2,1,8,254,0,1
2838,C02839,52,Male,Mobile,Email,2,2,1,0,134,1,0
2839,C02840,50,Male,Tablet,Direct,12,8,4,7,265,1,1
2840,C02841,37,Female,Tablet,Search Engine,11,1,5,4,36,0,0
2841,C02842,33,Male,Mobile,Search Engine,14,8,3,5,56,1,1
2842,C02843,51,Female,Desktop,Social Media,3,3,4,0,238,0,0
2843,C02844,19,Male,Tablet,Direct,6,2,5,1,156,1,0
2844,C02845,52,Female,Mobile,Direct,12,9,4,6,265,0,1
2845,C02846,57,Female,Desktop,Email,7,5,0,1,57,0,0
2846,C02847,45,Male,Tablet,Search Engine,4,5,5,4,270,1,1
2847,C02848,56,Male,Tablet,Social Media,14,6,3,8,72,0,1
2848,C02849,23,Female,Tablet,Direct,1,4,4,4,222,1,0
2849,C02850,26,Female,Desktop,Email,7,7,2,2,68,0,0
2850,C02851,37,Female,Tablet,Social Media,12,7,5,5,141,0,1
2851,C02852,18,Male,Desktop,Direct,9,9,1,6,35,1,1
2852,C02853,25,Male,Tablet,Social Media,1,6,5,9,288,1,1
2853,C02854,40,Male,Mobile,Direct,14,1,2,9,255,1,1
2854,C02855,20,Male,Tablet,Social Media,1,9,2,7,140,0,1
2855,C02856,21,Female,Mobile,Direct,1,9,2,2,158,1,0
2856,C02857,42,Female,Mobile,Direct,10,5,3,3,106,0,0
2857,C02858,55,Female,Mobile,Social Media,7,7,3,9,149,1,1
2858,C02859,32,Female,Desktop,Direct,11,1,5,3,271,1,1
2859,C02860,38,Male,Mobile,Direct,9,4,3,1,294,1,0
2860,C02861,52,Female,Tablet,Direct,3,4,1,6,66,1,1
2861,C02862,31,Female,Desktop,Social Media,8,5,0,3,98,1,0
2862,C02863,53,Male,Mobile,Social Media,9,6,5,3,238,0,1
2863,C02864,29,Male,Desktop,Direct,3,4,4,7,130,0,0
2864,C02865,34,Female,Desktop,Direct,12,6,4,5,246,1,1
2865,C02866,56,Male,Desktop,Social Media,12,7,5,5,294,1,1
2866,C02867,26,Female,Tablet,Email,3,3,0,8,275,1,0
2867,C02868,52,Male,Mobile,Direct,1,9,4,3,58,0,0
2868,C02869,30,Male,Desktop,Email,2,8,5,8,154,0,1
2869,C02870,32,Female,Desktop,Social Media,7,1,5,0,117,1,0
2870,C02871,35,Male,Desktop,Direct,3,2,2,8,53,0,1
2871,C02872,50,Female,Mobile,Email,7,2,1,0,87,0,0
2872,C02873,23,Male,Desktop,Social Media,5,9,4,6,210,1,1
2873,C02874,44,Male,Desktop,Email,10,9,1,5,218,0,1
2874,C02875,40,Male,Tablet,Search Engine,8,9,5,6,67,0,1
2875,C02876,44,Male,Mobile,Social Media,5,1,0,8,278,0,0
2876,C02877,51,Male,Tablet,Search Engine,3,7,5,9,232,0,1
2877,C02878,55,Female,Mobile,Social Media,9,3,4,3,181,1,0
2878,C02879,31,Male,Mobile,Social Media,7,9,1,8,132,0,1
2879,C02880,53,Female,Mobile,Direct,5,8,2,2,156,0,0
2880,C02881,25,Male,Tablet,Search Engine,7,3,2,9,31,0,1
2881,C02882,52,Female,Tablet,Search Engine,11,1,5,8,257,1,1
2882,C02883,36,Male,Tablet,Search Engine,10,9,0,0,195,1,0
2883,C02884,47,Female,Tablet,Social Media,9,1,3,4,244,1,0
2884,C02885,31,Female,Desktop,Search Engine,5,3,4,9,94,1,1
2885,C02886,37,Male,Desktop,Search Engine,7,6,5,4,154,1,1
2886,C02887,42,Male,Desktop,Direct,11,6,2,0,101,1,0
2887,C02888,57,Male,Mobile,Email,9,4,2,0,102,1,0
2888,C02889,41,Female,Desktop,Email,1,2,0,2,161,0,0
2889,C02890,31,Female,Mobile,Search Engine,4,6,2,8,228,0,1
2890,C02891,43,Male,Tablet,Search Engine,1,5,4,6,234,0,1
2891,C02892,55,Male,Mobile,Search Engine,8,6,0,5,274,0,0
2892,C02893,40,Female,Mobile,Search Engine,3,7,1,8,207,1,1
2893,C02894,39,Female,Desktop,Email,2,9,0,3,266,0,0
2894,C02895,36,Male,Tablet,Direct,14,7,4,3,274,0,1
2895,C02896,20,Female,Tablet,Social Media,4,4,4,2,181,1,0
2896,C02897,59,Male,Desktop,Search Engine,11,5,1,4,186,0,0
2897,C02898,36,Male,Tablet,Search Engine,3,6,5,4,97,1,1
2898,C02899,26,Male,Tablet,Email,11,9,0,9,194,1,1
2899,C02900,45,Female,Tablet,Search Engine,5,5,4,6,39,0,1
2900,C02901,37,Female,Desktop,Direct,13,5,4,6,115,0,1
2901,C02902,24,Female,Tablet,Direct,8,7,1,5,199,1,1
2902,C02903,31,Female,Mobile,Search Engine,10,2,3,3,114,0,0
2903,C02904,26,Male,Mobile,Email,8,3,0,6,90,1,0
2904,C02905,36,Female,Tablet,Search Engine,11,2,4,1,209,0,0
2905,C02906,31,Male,Desktop,Search Engine,7,2,2,8,151,0,1
2906,C02907,55,Male,Desktop,Email,8,3,1,6,158,0,0
2907,C02908,53,Male,Desktop,Direct,13,6,3,1,294,1,1
2908,C02909,57,Female,Tablet,Social Media,13,5,3,9,121,1,1
2909,C02910,34,Male,Tablet,Search Engine,5,5,1,1,48,0,0
2910,C02911,47,Male,Mobile,Direct,10,2,3,5,37,0,1
2911,C02912,26,Female,Desktop,Search Engine,10,2,4,6,263,1,1
2912,C02913,50,Male,Mobile,Social Media,11,1,3,8,194,1,1
2913,C02914,42,Female,Mobile,Email,12,3,0,3,108,1,0
2914,C02915,31,Female,Desktop,Direct,11,7,2,7,39,1,1
2915,C02916,28,Female,Tablet,Social Media,13,5,4,9,37,0,1
2916,C02917,52,Male,Tablet,Search Engine,6,7,1,1,57,1,0
2917,C02918,58,Female,Mobile,Social Media,8,9,2,5,108,1,1
2918,C02919,31,Female,Mobile,Direct,13,6,5,3,169,1,1
2919,C02920,47,Female,Mobile,Email,1,2,4,7,223,1,1
2920,C02921,58,Female,Mobile,Search Engine,6,1,2,8,252,0,1
2921,C02922,21,Male,Desktop,Email,6,1,3,1,123,0,0
2922,C02923,21,Female,Mobile,Email,11,9,5,6,130,0,1
2923,C02924,45,Male,Mobile,Social Media,13,6,1,6,244,1,1
2924,C02925,25,Female,Tablet,Social Media,5,6,1,7,240,1,1
2925,C02926,19,Male,Tablet,Direct,4,4,0,4,45,0,0
2926,C02927,58,Female,Tablet,Direct,1,2,3,2,83,0,0
2927,C02928,39,Male,Desktop,Email,11,3,0,0,273,1,0
2928,C02929,58,Female,Desktop,Direct,10,3,0,3,268,1,0
2929,C02930,33,Male,Tablet,Email,11,8,3,2,243,0,1
2930,C02931,46,Male,Tablet,Search Engine,8,6,4,1,150,1,1
2931,C02932,47,Male,Mobile,Email,6,7,5,5,49,0,1
2932,C02933,29,Female,Mobile,Direct,3,9,0,6,294,1,1
2933,C02934,52,Male,Desktop,Direct,12,1,2,9,29,0,1
2934,C02935,28,Male,Desktop,Email,3,2,5,6,108,1,1
2935,C02936,38,Male,Mobile,Social Media,12,9,4,7,166,1,1
2936,C02937,38,Male,Tablet,Email,6,5,3,1,146,1,0
2937,C02938,22,Female,Mobile,Email,12,4,1,9,205,0,1
2938,C02939,37,Male,Desktop,Social Media,7,1,4,5,143,1,0
2939,C02940,54,Male,Desktop,Search Engine,8,9,0,5,126,1,1
2940,C02941,20,Male,Mobile,Social Media,5,9,2,9,25,1,1
2941,C02942,50,Female,Mobile,Direct,10,4,5,0,70,0,0
2942,C02943,26,Male,Mobile,Social Media,6,9,3,1,155,1,1
2943,C02944,26,Male,Desktop,Direct,12,1,1,8,21,0,0
2944,C02945,21,Male,Tablet,Direct,1,5,5,7,37,1,1
2945,C02946,52,Male,Mobile,Email,6,1,2,3,268,0,0
2946,C02947,34,Female,Desktop,Email,9,4,1,5,204,0,0
2947,C02948,51,Male,Desktop,Search Engine,10,5,3,1,241,1,1
2948,C02949,41,Male,Desktop,Direct,4,3,5,4,247,0,0
2949,C02950,49,Female,Mobile,Email,14,2,4,1,213,1,0
2950,C02951,18,Female,Mobile,Direct,14,6,0,4,229,1,0
2951,C02952,25,Female,Tablet,Search Engine,10,3,3,6,91,1,1
2952,C02953,40,Male,Desktop,Direct,13,1,2,6,136,1,0
2953,C02954,57,Female,Mobile,Search Engine,1,5,4,8,283,0,0
2954,C02955,29,Male,Desktop,Search Engine,14,2,5,2,24,0,0
2955,C02956,29,Female,Desktop,Search Engine,11,2,1,3,288,0,0
2956,C02957,32,Male,Tablet,Email,9,4,4,8,26,0,1
2957,C02958,58,Female,Mobile,Social Media,4,4,4,7,40,0,1
2958,C02959,36,Male,Mobile,Social Media,2,4,2,6,56,1,1
2959,C02960,43,Female,Desktop,Email,1,7,0,7,192,1,0
2960,C02961,46,Male,Desktop,Direct,3,1,4,8,81,0,1
2961,C02962,39,Male,Tablet,Email,7,8,4,3,225,0,1
2962,C02963,57,Male,Tablet,Direct,11,9,0,4,120,1,1
2963,C02964,38,Male,Tablet,Search Engine,10,6,0,8,138,0,1
2964,C02965,55,Male,Tablet,Email,2,4,1,6,198,0,0
2965,C02966,37,Male,Tablet,Social Media,9,6,5,3,151,0,0
2966,C02967,46,Male,Tablet,Direct,12,7,1,5,94,0,0
2967,C02968,21,Male,Desktop,Email,13,6,0,0,64,1,0
2968,C02969,24,Female,Tablet,Email,11,1,3,0,163,1,0
2969,C02970,45,Male,Desktop,Direct,2,5,0,8,156,0,0
2970,C02971,45,Male,Desktop,Search Engine,5,8,1,7,227,1,1
2971,C02972,21,Female,Mobile,Search Engine,8,8,2,0,250,0,0
2972,C02973,39,Male,Desktop,Search Engine,13,9,2,1,291,1,0
2973,C02974,29,Female,Desktop,Search Engine,13,4,5,3,114,0,1
2974,C02975,20,Male,Tablet,Direct,12,6,4,0,280,1,0
2975,C02976,39,Female,Desktop,Social Media,10,7,2,1,146,1,0
2976,C02977,19,Female,Tablet,Email,8,5,1,4,186,1,0
2977,C02978,41,Male,Tablet,Email,3,8,2,7,37,0,1
2978,C02979,51,Female,Tablet,Search Engine,2,3,3,5,167,1,0
2979,C02980,44,Male,Mobile,Direct,9,8,0,5,266,1,1
2980,C02981,58,Male,Tablet,Social Media,3,5,0,3,149,0,0
2981,C02982,18,Male,Desktop,Social Media,8,1,1,1,285,0,0
2982,C02983,25,Male,Tablet,Email,2,6,4,2,61,0,0
2983,C02984,40,Female,Tablet,Search Engine,3,2,0,5,222,0,0
2984,C02985,55,Male,Tablet,Email,1,7,2,5,200,0,0
2985,C02986,23,Female,Mobile,Email,14,9,3,4,200,1,1
2986,C02987,39,Female,Desktop,Social Media,11,3,4,5,163,0,1
2987,C02988,42,Male,Mobile,Direct,6,4,4,5,80,0,0
2988,C02989,35,Male,Desktop,Social Media,13,4,4,0,228,1,0
2989,C02990,34,Male,Mobile,Email,7,4,0,5,185,0,0
2990,C02991,29,Male,Desktop,Search Engine,4,3,5,4,162,0,1
2991,C02992,23,Female,Mobile,Search Engine,1,5,4,7,80,1,1
2992,C02993,43,Male,Tablet,Direct,3,9,1,8,282,1,1
2993,C02994,44,Female,Mobile,Direct,9,8,2,5,143,0,1
2994,C02995,25,Male,Mobile,Direct,5,2,5,9,257,0,1
2995,C02996,36,Male,Tablet,Email,6,9,3,3,49,1,1
2996,C02997,59,Male,Tablet,Email,4,2,2,2,274,0,0
2997,C02998,18,Male,Desktop,Direct,1,7,1,9,109,1,1
2998,C02999,46,Female,Desktop,Search Engine,14,5,1,0,158,1,0
2999,C03000,52,Female,Desktop,Search Engine,5,7,5,6,226,1,1
3000,C03001,57,Male,Mobile,Search Engine,5,5,2,4,112,0,0
3001,C03002,31,Female,Desktop,Email,5,6,0,3,153,0,0
3002,C03003,52,Female,Mobile,Social Media,6,8,1,8,223,0,1
3003,C03004,37,Male,Mobile,Search Engine,11,1,4,6,129,1,1
3004,C03005,30,Male,Desktop,Search Engine,2,1,3,9,57,0,0
3005,C03006,55,Female,Desktop,Search Engine,1,5,3,7,41,0,0
3006,C03007,25,Female,Mobile,Direct,2,1,1,3,244,1,0
3007,C03008,37,Female,Tablet,Email,13,3,4,9,187,0,1
3008,C03009,50,Female,Tablet,Direct,10,9,2,9,154,0,1
3009,C03010,43,Male,Mobile,Direct,6,7,3,7,129,1,1
3010,C03011,56,Male,Desktop,Social Media,5,6,4,3,243,1,1
3011,C03012,38,Female,Mobile,Direct,5,8,4,0,187,1,0
3012,C03013,59,Male,Mobile,Social Media,12,8,0,7,126,0,1
3013,C03014,58,Female,Desktop,Direct,12,6,1,0,43,0,0
3014,C03015,26,Female,Tablet,Search Engine,6,4,4,2,230,0,0
3015,C03016,41,Male,Mobile,Email,14,4,2,6,190,1,1
3016,C03017,54,Female,Tablet,Direct,10,4,3,2,88,0,0
3017,C03018,58,Female,Tablet,Social Media,7,6,0,7,241,0,0
3018,C03019,34,Male,Desktop,Email,9,1,2,4,172,0,0
3019,C03020,41,Male,Mobile,Social Media,7,2,3,2,220,1,0
3020,C03021,38,Female,Mobile,Search Engine,2,6,1,4,238,0,0
3021,C03022,56,Female,Tablet,Direct,6,1,2,4,123,1,0
3022,C03023,58,Male,Tablet,Email,9,9,3,7,249,0,1
3023,C03024,56,Female,Desktop,Search Engine,7,6,0,8,73,1,1
3024,C03025,30,Female,Tablet,Direct,2,7,3,5,208,1,1
3025,C03026,28,Male,Desktop,Direct,3,1,4,9,241,0,1
3026,C03027,36,Male,Mobile,Social Media,8,8,0,2,94,0,0
3027,C03028,28,Male,Desktop,Social Media,11,5,2,1,191,1,1
3028,C03029,30,Male,Tablet,Search Engine,9,5,5,2,61,1,1
3029,C03030,18,Male,Mobile,Social Media,4,6,1,8,176,0,0
3030,C03031,57,Male,Desktop,Search Engine,9,7,0,6,100,1,0
3031,C03032,36,Female,Mobile,Search Engine,2,7,0,8,227,1,0
3032,C03033,29,Female,Desktop,Search Engine,13,5,0,5,105,1,1
3033,C03034,25,Male,Tablet,Social Media,11,1,3,7,251,0,0
3034,C03035,25,Male,Tablet,Email,5,9,4,9,196,1,1
3035,C03036,29,Female,Mobile,Search Engine,11,6,5,8,126,0,1
3036,C03037,50,Female,Mobile,Email,2,9,1,2,158,0,0
3037,C03038,43,Female,Mobile,Direct,11,4,1,6,121,0,1
3038,C03039,56,Male,Desktop,Social Media,1,2,4,8,49,1,0
3039,C03040,45,Male,Tablet,Social Media,13,3,3,1,213,1,0
3040,C03041,22,Female,Mobile,Email,14,4,3,6,263,1,1
3041,C03042,25,Male,Mobile,Direct,5,8,4,4,204,0,1
3042,C03043,42,Male,Mobile,Direct,2,3,4,7,266,0,0
3043,C03044,44,Male,Desktop,Search Engine,14,8,2,3,137,0,1
3044,C03045,40,Female,Mobile,Social Media,13,6,3,0,92,0,1
3045,C03046,47,Female,Mobile,Direct,7,4,0,9,88,0,1
3046,C03047,40,Male,Desktop,Direct,8,7,1,7,261,0,1
3047,C03048,37,Male,Desktop,Search Engine,2,5,3,5,171,0,0
3048,C03049,35,Male,Mobile,Search Engine,7,5,4,7,113,0,1
3049,C03050,35,Male,Mobile,Email,4,9,0,2,290,1,0
3050,C03051,19,Male,Desktop,Social Media,1,3,2,7,248,1,0
3051,C03052,21,Female,Tablet,Direct,11,4,5,7,49,1,1
3052,C03053,47,Male,Desktop,Email,3,5,2,0,132,1,0
3053,C03054,50,Male,Tablet,Social Media,11,1,0,3,167,0,0
3054,C03055,53,Male,Mobile,Email,12,7,0,6,76,1,1
3055,C03056,35,Female,Mobile,Social Media,1,8,4,0,196,0,1
3056,C03057,54,Female,Tablet,Social Media,5,6,5,2,75,1,0
3057,C03058,36,Male,Desktop,Direct,13,9,4,2,284,0,1
3058,C03059,45,Female,Mobile,Social Media,8,3,1,5,256,1,0
3059,C03060,57,Female,Tablet,Search Engine,1,2,5,4,297,1,1
3060,C03061,37,Female,Desktop,Direct,14,5,5,6,96,1,1
3061,C03062,50,Female,Tablet,Search Engine,9,9,1,2,143,0,1
3062,C03063,29,Female,Desktop,Email,3,1,2,0,47,1,0
3063,C03064,32,Female,Desktop,Email,5,1,0,2,161,1,0
3064,C03065,58,Male,Desktop,Social Media,9,3,2,7,177,1,1
3065,C03066,56,Female,Desktop,Social Media,5,3,4,4,186,1,0
3066,C03067,19,Female,Tablet,Search Engine,9,5,3,2,204,1,1
3067,C03068,46,Male,Tablet,Search Engine,10,4,4,7,31,0,1
3068,C03069,58,Male,Tablet,Search Engine,8,6,3,5,188,0,0
3069,C03070,27,Male,Tablet,Email,7,8,0,2,125,1,0
3070,C03071,19,Male,Tablet,Search Engine,11,8,0,4,273,0,0
3071,C03072,28,Female,Desktop,Direct,1,4,5,0,117,1,0
3072,C03073,30,Female,Mobile,Direct,4,1,0,5,138,1,0
3073,C03074,27,Female,Mobile,Email,9,7,1,8,245,1,1
3074,C03075,31,Female,Tablet,Search Engine,10,6,1,6,171,1,1
3075,C03076,35,Male,Tablet,Search Engine,8,5,3,7,222,0,1
3076,C03077,26,Female,Mobile,Social Media,4,4,2,5,182,1,0
3077,C03078,56,Female,Desktop,Direct,12,6,5,4,141,1,1
3078,C03079,45,Male,Tablet,Email,1,8,2,5,35,0,1
3079,C03080,20,Female,Desktop,Search Engine,10,6,3,6,125,1,1
3080,C03081,37,Female,Mobile,Social Media,4,3,1,8,281,1,1
3081,C03082,23,Female,Mobile,Email,3,9,4,7,39,0,1
3082,C03083,44,Female,Tablet,Email,6,3,5,4,263,0,0
3083,C03084,19,Male,Desktop,Direct,11,4,3,6,263,1,1
3084,C03085,46,Male,Tablet,Search Engine,5,5,2,7,231,1,1
3085,C03086,55,Male,Mobile,Email,5,2,3,0,243,1,0
3086,C03087,20,Male,Desktop,Social Media,2,2,3,7,281,0,0
3087,C03088,33,Male,Tablet,Social Media,12,6,0,6,239,1,1
3088,C03089,47,Female,Tablet,Email,3,2,1,1,27,1,0
3089,C03090,57,Female,Tablet,Social Media,11,1,5,1,33,1,1
3090,C03091,19,Male,Mobile,Email,6,8,0,5,149,1,1
3091,C03092,34,Male,Tablet,Social Media,2,1,1,2,41,0,0
3092,C03093,58,Male,Desktop,Email,4,6,3,0,244,0,0
3093,C03094,29,Female,Tablet,Email,2,1,1,7,254,1,0
3094,C03095,52,Male,Mobile,Email,9,8,2,6,218,0,1
3095,C03096,18,Female,Tablet,Social Media,3,5,5,3,153,1,1
3096,C03097,32,Female,Mobile,Email,10,3,0,0,197,0,0
3097,C03098,43,Female,Mobile,Direct,10,5,5,1,63,0,0
3098,C03099,54,Female,Desktop,Email,6,1,3,8,27,0,0
3099,C03100,38,Male,Desktop,Search Engine,1,1,2,3,299,1,0
3100,C03101,48,Female,Tablet,Search Engine,13,4,1,2,46,1,0
3101,C03102,42,Female,Mobile,Direct,11,9,1,7,70,0,1
3102,C03103,40,Male,Mobile,Email,14,9,2,3,88,1,1
3103,C03104,41,Female,Desktop,Search Engine,10,1,1,6,63,0,0
3104,C03105,55,Female,Desktop,Email,3,3,0,4,194,1,0
3105,C03106,45,Female,Tablet,Search Engine,8,4,4,4,138,0,1
3106,C03107,38,Male,Mobile,Social Media,5,2,1,5,288,0,0
3107,C03108,35,Female,Desktop,Social Media,8,7,3,3,200,1,1
3108,C03109,53,Female,Tablet,Direct,2,3,1,1,72,1,0
3109,C03110,52,Male,Mobile,Direct,7,1,5,5,210,0,0
3110,C03111,26,Male,Mobile,Email,9,1,3,4,213,1,0
3111,C03112,55,Female,Desktop,Direct,7,3,1,2,59,0,0
3112,C03113,47,Female,Tablet,Email,3,6,1,3,97,0,0
3113,C03114,51,Male,Desktop,Social Media,7,4,3,2,208,1,0
3114,C03115,49,Female,Tablet,Social Media,8,1,0,2,114,1,0
3115,C03116,20,Male,Mobile,Search Engine,14,7,4,3,44,1,1
3116,C03117,20,Female,Tablet,Email,1,2,4,1,122,1,0
3117,C03118,45,Male,Tablet,Social Media,13,5,0,3,178,0,0
3118,C03119,32,Female,Tablet,Social Media,13,8,1,9,227,0,1
3119,C03120,58,Male,Tablet,Email,3,7,4,1,113,0,0
3120,C03121,40,Male,Tablet,Search Engine,5,8,0,9,58,1,1
3121,C03122,57,Male,Desktop,Search Engine,12,6,0,7,183,1,1
3122,C03123,28,Male,Tablet,Search Engine,6,7,4,9,74,0,1
3123,C03124,49,Male,Tablet,Search Engine,3,9,3,4,91,1,1
3124,C03125,53,Female,Mobile,Social Media,4,6,2,6,61,1,1
3125,C03126,50,Female,Tablet,Email,5,9,3,3,151,1,0
3126,C03127,41,Male,Mobile,Email,3,2,1,9,40,0,0
3127,C03128,56,Female,Desktop,Social Media,4,2,3,5,20,0,0
3128,C03129,51,Female,Desktop,Social Media,5,2,5,9,185,1,1
3129,C03130,45,Female,Tablet,Social Media,2,6,2,3,79,0,0
3130,C03131,54,Female,Desktop,Direct,10,2,2,5,95,0,0
3131,C03132,24,Female,Tablet,Email,9,3,0,0,110,0,0
3132,C03133,21,Female,Desktop,Email,10,8,5,5,226,0,1
3133,C03134,54,Male,Tablet,Email,8,8,1,5,107,0,1
3134,C03135,18,Female,Tablet,Search Engine,12,4,0,1,101,1,0
3135,C03136,18,Female,Mobile,Social Media,6,9,3,9,36,0,1
3136,C03137,37,Female,Mobile,Social Media,10,8,3,9,229,1,1
3137,C03138,36,Male,Mobile,Social Media,11,1,4,8,72,1,1
3138,C03139,46,Female,Mobile,Direct,3,8,0,5,147,0,0
3139,C03140,27,Female,Tablet,Email,11,1,5,6,165,0,0
3140,C03141,35,Female,Desktop,Social Media,2,4,0,1,267,0,0
3141,C03142,45,Male,Tablet,Direct,7,6,0,1,20,0,0
3142,C03143,52,Female,Mobile,Social Media,8,7,0,1,60,1,0
3143,C03144,48,Male,Mobile,Search Engine,10,4,2,9,92,1,1
3144,C03145,44,Female,Desktop,Email,1,8,4,8,179,1,1
3145,C03146,28,Male,Mobile,Direct,14,8,1,2,231,0,0
3146,C03147,55,Male,Tablet,Social Media,6,9,1,3,158,1,0
3147,C03148,22,Male,Tablet,Email,7,6,1,0,62,1,0
3148,C03149,25,Female,Tablet,Direct,13,4,2,0,198,0,0
3149,C03150,51,Male,Tablet,Email,9,2,4,3,208,0,0
3150,C03151,29,Male,Tablet,Email,12,7,5,1,265,0,1
3151,C03152,55,Male,Desktop,Search Engine,3,3,4,7,173,1,1
3152,C03153,18,Male,Tablet,Email,2,3,2,3,123,0,0
3153,C03154,48,Female,Mobile,Direct,5,3,5,2,30,1,1
3154,C03155,21,Female,Mobile,Email,13,4,0,2,44,0,0
3155,C03156,22,Female,Mobile,Direct,10,2,3,5,44,1,1
3156,C03157,47,Female,Mobile,Email,1,5,0,5,103,1,0
3157,C03158,41,Male,Desktop,Social Media,13,3,1,5,125,0,0
3158,C03159,20,Female,Mobile,Search Engine,6,5,0,5,260,1,0
3159,C03160,28,Male,Desktop,Social Media,9,7,2,7,138,0,1
3160,C03161,21,Female,Mobile,Search Engine,10,9,1,7,127,0,1
3161,C03162,43,Female,Desktop,Direct,9,2,3,8,199,0,1
3162,C03163,44,Female,Desktop,Search Engine,7,9,5,0,150,1,0
3163,C03164,44,Male,Desktop,Email,14,6,5,9,110,1,1
3164,C03165,59,Female,Mobile,Email,11,6,1,7,260,1,0
3165,C03166,23,Female,Desktop,Social Media,7,3,0,4,266,0,0
3166,C03167,32,Female,Tablet,Search Engine,8,9,4,2,187,1,1
3167,C03168,47,Male,Tablet,Direct,10,4,4,9,242,1,1
3168,C03169,59,Female,Mobile,Direct,14,5,5,2,297,0,1
3169,C03170,54,Female,Tablet,Email,2,3,4,5,209,0,1
3170,C03171,54,Male,Tablet,Direct,14,5,1,7,38,0,0
3171,C03172,59,Male,Tablet,Email,6,8,4,9,33,0,1
3172,C03173,54,Female,Mobile,Email,5,8,2,1,262,0,0
3173,C03174,52,Female,Mobile,Email,5,8,5,8,128,0,1
3174,C03175,40,Female,Tablet,Social Media,13,6,3,4,209,0,1
3175,C03176,23,Male,Mobile,Social Media,3,1,4,4,237,1,0
3176,C03177,21,Male,Desktop,Email,3,6,2,0,255,0,0
3177,C03178,35,Male,Tablet,Email,6,7,2,5,187,0,0
3178,C03179,26,Female,Mobile,Email,12,9,1,4,287,0,0
3179,C03180,46,Male,Mobile,Direct,10,8,5,6,212,0,1
3180,C03181,30,Female,Tablet,Email,13,8,1,6,261,0,0
3181,C03182,34,Male,Mobile,Email,10,7,3,3,181,1,1
3182,C03183,49,Male,Tablet,Search Engine,7,2,3,4,298,0,0
3183,C03184,39,Male,Mobile,Search Engine,14,1,0,9,154,1,1
3184,C03185,21,Female,Desktop,Search Engine,1,2,3,7,212,1,1
3185,C03186,22,Female,Tablet,Search Engine,14,6,5,1,108,0,1
3186,C03187,54,Female,Desktop,Email,3,2,5,0,61,0,0
3187,C03188,58,Female,Tablet,Search Engine,12,4,1,5,112,0,0
3188,C03189,30,Male,Mobile,Direct,1,3,2,3,234,1,0
3189,C03190,51,Female,Desktop,Direct,10,6,0,9,20,0,1
3190,C03191,39,Male,Mobile,Search Engine,3,8,3,2,183,1,1
3191,C03192,40,Female,Tablet,Social Media,5,6,2,6,125,1,0
3192,C03193,20,Female,Tablet,Direct,9,2,1,7,251,0,0
3193,C03194,59,Male,Tablet,Direct,3,5,4,3,65,0,0
3194,C03195,51,Male,Tablet,Search Engine,10,6,0,9,224,1,1
3195,C03196,49,Female,Tablet,Search Engine,14,9,5,5,40,1,1
3196,C03197,38,Female,Desktop,Email,10,6,2,1,196,0,1
3197,C03198,38,Male,Tablet,Direct,9,5,1,7,186,0,0
3198,C03199,28,Male,Mobile,Search Engine,1,1,1,5,284,1,0
3199,C03200,56,Male,Desktop,Search Engine,6,5,0,8,295,1,1
3200,C03201,21,Male,Mobile,Email,9,5,0,5,27,0,0
3201,C03202,18,Male,Tablet,Direct,12,6,3,5,289,1,1
3202,C03203,45,Female,Mobile,Search Engine,5,7,3,1,231,0,0
3203,C03204,41,Female,Desktop,Email,11,4,5,4,182,0,1
3204,C03205,52,Female,Desktop,Search Engine,14,7,5,8,64,0,1
3205,C03206,30,Female,Desktop,Social Media,10,5,0,0,252,1,0
3206,C03207,51,Male,Mobile,Social Media,2,6,0,3,72,1,0
3207,C03208,28,Male,Desktop,Search Engine,5,4,2,9,252,1,1
3208,C03209,53,Male,Mobile,Direct,1,8,3,9,190,0,1
3209,C03210,34,Female,Tablet,Social Media,9,9,1,2,25,0,0
3210,C03211,52,Male,Tablet,Email,10,2,3,0,63,0,0
3211,C03212,35,Male,Mobile,Search Engine,13,4,3,0,110,1,0
3212,C03213,57,Female,Desktop,Email,10,8,0,0,215,0,0
3213,C03214,39,Female,Mobile,Social Media,9,8,0,0,23,0,0
3214,C03215,41,Female,Mobile,Direct,6,9,3,1,140,0,0
3215,C03216,36,Male,Mobile,Email,11,3,4,4,82,1,1
3216,C03217,54,Male,Tablet,Social Media,9,1,4,1,111,1,0
3217,C03218,56,Female,Mobile,Social Media,14,9,5,3,266,1,1
3218,C03219,38,Female,Tablet,Social Media,3,1,3,8,238,1,1
3219,C03220,25,Male,Mobile,Email,4,3,4,2,250,1,0
3220,C03221,45,Female,Tablet,Social Media,13,3,5,1,207,1,1
3221,C03222,22,Male,Mobile,Search Engine,6,9,5,3,187,1,1
3222,C03223,34,Female,Mobile,Social Media,4,1,3,8,283,0,0
3223,C03224,54,Female,Desktop,Search Engine,1,7,5,3,124,0,1
3224,C03225,53,Female,Desktop,Direct,7,2,0,4,243,0,0
3225,C03226,36,Male,Mobile,Search Engine,5,7,0,3,134,0,0
3226,C03227,44,Male,Mobile,Direct,14,1,0,7,254,1,0
3227,C03228,51,Female,Mobile,Direct,8,8,1,3,291,1,1
3228,C03229,28,Male,Mobile,Search Engine,9,2,0,1,293,0,0
3229,C03230,29,Female,Desktop,Direct,5,3,0,3,249,0,0
3230,C03231,38,Female,Tablet,Search Engine,8,8,3,1,236,1,1
3231,C03232,28,Male,Mobile,Email,13,3,4,8,53,1,1
3232,C03233,56,Male,Desktop,Direct,1,1,4,7,216,1,1
3233,C03234,45,Male,Mobile,Search Engine,1,9,0,8,233,0,1
3234,C03235,22,Male,Mobile,Direct,7,8,0,3,65,1,0
3235,C03236,34,Female,Tablet,Social Media,6,4,0,0,259,0,0
3236,C03237,37,Male,Mobile,Search Engine,5,8,5,2,273,1,1
3237,C03238,58,Male,Mobile,Social Media,14,5,3,6,247,1,1
3238,C03239,29,Female,Tablet,Direct,5,3,3,0,240,0,0
3239,C03240,23,Female,Tablet,Direct,14,1,3,7,185,1,1
3240,C03241,34,Female,Tablet,Email,9,5,4,8,92,0,1
3241,C03242,36,Female,Tablet,Search Engine,1,6,1,7,244,1,1
3242,C03243,43,Male,Desktop,Social Media,8,4,4,4,105,1,1
3243,C03244,49,Male,Desktop,Email,2,7,3,8,100,0,1
3244,C03245,23,Female,Desktop,Direct,7,3,2,3,234,1,0
3245,C03246,53,Female,Mobile,Direct,6,7,1,8,183,1,1
3246,C03247,55,Male,Tablet,Email,10,1,0,0,259,1,0
3247,C03248,28,Male,Tablet,Social Media,2,7,5,2,88,1,0
3248,C03249,50,Male,Desktop,Direct,12,1,4,3,156,1,0
3249,C03250,41,Male,Mobile,Direct,13,1,5,9,171,1,1
3250,C03251,40,Male,Mobile,Search Engine,3,2,1,0,116,1,0
3251,C03252,32,Female,Mobile,Email,4,2,2,5,177,1,0
3252,C03253,44,Female,Desktop,Direct,7,4,1,3,205,1,0
3253,C03254,28,Female,Mobile,Social Media,8,1,4,3,187,0,0
3254,C03255,34,Female,Mobile,Search Engine,13,4,3,0,263,1,0
3255,C03256,31,Male,Mobile,Email,11,2,0,4,138,1,0
3256,C03257,44,Female,Tablet,Social Media,2,4,3,8,215,1,1
3257,C03258,35,Male,Desktop,Direct,8,4,3,5,84,0,0
3258,C03259,45,Male,Tablet,Email,11,9,4,7,181,0,1
3259,C03260,21,Male,Tablet,Email,9,9,3,3,104,0,1
3260,C03261,24,Male,Desktop,Social Media,7,1,3,8,78,0,0
3261,C03262,52,Male,Tablet,Email,1,5,4,6,169,0,0
3262,C03263,26,Male,Mobile,Social Media,6,7,4,6,140,0,1
3263,C03264,25,Male,Mobile,Direct,8,4,2,7,288,1,1
3264,C03265,34,Female,Mobile,Search Engine,5,5,3,1,274,0,0
3265,C03266,34,Male,Mobile,Social Media,12,2,1,5,243,1,1
3266,C03267,50,Female,Desktop,Search Engine,2,3,0,6,74,1,0
3267,C03268,49,Female,Tablet,Email,5,7,5,2,155,1,1
3268,C03269,25,Male,Tablet,Social Media,8,7,0,7,209,0,1
3269,C03270,36,Male,Mobile,Direct,2,4,4,0,272,1,0
3270,C03271,55,Female,Mobile,Social Media,1,1,5,0,103,1,0
3271,C03272,20,Female,Tablet,Social Media,4,1,4,9,196,0,1
3272,C03273,22,Female,Desktop,Social Media,4,4,2,2,113,0,0
3273,C03274,30,Female,Tablet,Search Engine,9,4,3,5,54,1,0
3274,C03275,48,Male,Mobile,Search Engine,3,6,4,6,231,0,0
3275,C03276,33,Male,Mobile,Email,4,7,4,1,145,0,0
3276,C03277,49,Male,Desktop,Email,3,9,0,5,249,1,0
3277,C03278,39,Female,Tablet,Email,2,9,3,4,187,1,1
3278,C03279,46,Male,Desktop,Email,4,5,2,5,33,1,1
3279,C03280,39,Female,Desktop,Social Media,14,3,4,0,93,1,1
3280,C03281,20,Male,Mobile,Search Engine,8,3,4,9,71,1,1
3281,C03282,27,Female,Tablet,Search Engine,1,6,4,6,226,1,1
3282,C03283,59,Male,Mobile,Search Engine,8,1,0,7,62,1,0
3283,C03284,38,Male,Tablet,Search Engine,8,7,4,6,22,1,1
3284,C03285,33,Female,Mobile,Email,3,3,4,8,114,0,1
3285,C03286,29,Female,Mobile,Social Media,14,5,0,0,257,0,0
3286,C03287,19,Female,Tablet,Search Engine,10,7,4,9,186,0,1
3287,C03288,58,Female,Tablet,Direct,10,7,3,8,38,0,1
3288,C03289,41,Female,Mobile,Social Media,12,9,3,2,226,0,1
3289,C03290,52,Male,Tablet,Direct,12,1,0,1,249,1,0
3290,C03291,47,Female,Mobile,Social Media,6,3,3,5,233,0,0
3291,C03292,47,Male,Tablet,Social Media,13,9,5,4,75,0,1
3292,C03293,52,Male,Mobile,Social Media,13,8,5,3,151,1,1
3293,C03294,36,Male,Mobile,Direct,4,2,5,3,28,0,0
3294,C03295,25,Male,Mobile,Search Engine,13,8,2,7,250,1,1
3295,C03296,43,Male,Desktop,Search Engine,1,8,4,9,172,0,1
3296,C03297,57,Female,Tablet,Direct,14,2,2,2,209,0,1
3297,C03298,24,Female,Mobile,Search Engine,1,8,3,0,35,1,1
3298,C03299,47,Male,Desktop,Email,5,3,0,4,222,0,0
3299,C03300,24,Male,Mobile,Search Engine,12,7,5,7,193,0,1
3300,C03301,20,Female,Desktop,Email,8,9,0,2,187,0,0
3301,C03302,18,Female,Mobile,Email,1,4,2,1,53,1,0
3302,C03303,53,Male,Mobile,Email,2,6,3,0,248,1,0
3303,C03304,42,Female,Desktop,Direct,7,9,4,3,20,1,1
3304,C03305,54,Female,Desktop,Search Engine,8,5,3,1,134,1,0
3305,C03306,18,Female,Tablet,Search Engine,12,1,5,7,233,1,1
3306,C03307,32,Male,Tablet,Direct,14,3,3,9,273,0,1
3307,C03308,54,Female,Desktop,Direct,3,9,0,8,164,0,0
3308,C03309,30,Male,Tablet,Search Engine,11,3,1,9,66,1,1
3309,C03310,57,Male,Desktop,Direct,12,2,5,0,299,1,0
3310,C03311,25,Male,Tablet,Direct,13,4,4,1,197,0,1
3311,C03312,22,Male,Mobile,Email,8,5,5,5,232,1,1
3312,C03313,26,Male,Tablet,Direct,1,7,5,9,264,0,1
3313,C03314,18,Female,Mobile,Email,9,7,4,6,272,1,1
3314,C03315,53,Male,Mobile,Social Media,12,9,5,1,225,1,1
3315,C03316,52,Male,Tablet,Email,2,8,0,7,91,0,0
3316,C03317,19,Male,Desktop,Email,14,2,3,9,241,0,1
3317,C03318,57,Female,Mobile,Direct,13,8,0,8,234,1,1
3318,C03319,40,Female,Mobile,Search Engine,2,8,3,7,160,1,1
3319,C03320,26,Female,Tablet,Social Media,4,5,1,8,175,0,1
3320,C03321,51,Female,Desktop,Social Media,12,3,5,5,241,0,1
3321,C03322,31,Female,Desktop,Social Media,10,9,1,6,250,1,1
3322,C03323,21,Female,Tablet,Search Engine,3,7,2,5,161,0,0
3323,C03324,47,Female,Desktop,Social Media,4,1,3,6,94,1,0
3324,C03325,48,Male,Tablet,Social Media,6,8,0,2,59,1,0
3325,C03326,55,Male,Tablet,Search Engine,7,5,0,3,292,1,0
3326,C03327,28,Female,Tablet,Social Media,5,6,5,8,89,1,1
3327,C03328,52,Male,Mobile,Direct,2,9,0,2,130,1,0
3328,C03329,25,Male,Mobile,Direct,3,8,2,1,253,1,1
3329,C03330,20,Female,Mobile,Email,10,3,4,6,216,1,0
3330,C03331,31,Male,Tablet,Email,11,5,0,5,218,0,1
3331,C03332,30,Male,Mobile,Email,3,4,5,2,43,0,0
3332,C03333,49,Female,Mobile,Direct,14,1,1,5,166,1,0
3333,C03334,51,Male,Mobile,Direct,5,5,0,6,81,0,0
3334,C03335,36,Female,Tablet,Direct,12,7,0,5,86,1,1
3335,C03336,55,Female,Tablet,Email,11,1,0,0,49,1,0
3336,C03337,33,Male,Tablet,Email,12,4,5,0,126,0,0
3337,C03338,19,Male,Mobile,Email,5,6,4,8,185,0,1
3338,C03339,57,Male,Desktop,Email,4,9,0,5,140,1,0
3339,C03340,34,Female,Mobile,Email,8,8,4,1,30,0,0
3340,C03341,51,Female,Mobile,Email,6,2,4,0,91,1,0
3341,C03342,59,Female,Tablet,Direct,6,3,2,1,272,0,0
3342,C03343,33,Male,Tablet,Search Engine,1,5,1,7,138,1,0
3343,C03344,55,Male,Mobile,Search Engine,6,7,0,4,27,1,0
3344,C03345,19,Female,Mobile,Email,3,3,0,6,234,1,0
3345,C03346,19,Male,Desktop,Search Engine,13,7,0,6,240,0,0
3346,C03347,43,Male,Desktop,Search Engine,6,5,4,1,99,1,1
3347,C03348,30,Female,Tablet,Direct,10,6,3,3,91,1,1
3348,C03349,48,Female,Desktop,Email,13,6,1,1,219,0,0
3349,C03350,51,Male,Desktop,Email,11,4,5,6,192,0,1
3350,C03351,56,Female,Tablet,Search Engine,13,8,0,4,253,1,1
3351,C03352,20,Male,Desktop,Email,6,9,3,0,280,0,0
3352,C03353,25,Female,Mobile,Email,2,2,3,1,164,1,0
3353,C03354,40,Female,Desktop,Email,1,9,3,5,41,1,1
3354,C03355,31,Female,Tablet,Email,11,4,1,3,97,1,0
3355,C03356,44,Male,Mobile,Search Engine,3,6,3,6,249,0,1
3356,C03357,46,Male,Desktop,Social Media,5,7,5,1,179,0,0
3357,C03358,56,Female,Mobile,Search Engine,4,4,0,1,33,0,0
3358,C03359,56,Female,Mobile,Direct,7,8,5,5,255,1,1
3359,C03360,18,Female,Desktop,Social Media,4,8,0,7,167,1,1
3360,C03361,34,Male,Desktop,Social Media,8,1,2,0,169,1,0
3361,C03362,58,Female,Tablet,Social Media,7,8,4,4,49,0,1
3362,C03363,47,Female,Tablet,Search Engine,10,3,3,0,180,0,0
3363,C03364,30,Female,Mobile,Direct,9,5,5,5,280,1,1
3364,C03365,38,Female,Tablet,Search Engine,1,8,4,6,37,0,0
3365,C03366,36,Male,Mobile,Direct,5,6,4,5,82,0,1
3366,C03367,36,Male,Mobile,Search Engine,13,4,4,8,154,0,1
3367,C03368,42,Female,Tablet,Search Engine,4,4,4,2,176,0,0
3368,C03369,39,Male,Tablet,Search Engine,6,4,4,7,76,1,1
3369,C03370,48,Male,Tablet,Social Media,1,6,0,2,284,1,0
3370,C03371,34,Male,Desktop,Search Engine,6,7,1,6,273,1,1
3371,C03372,40,Female,Mobile,Direct,1,5,3,4,206,0,0
3372,C03373,49,Male,Mobile,Direct,14,8,3,0,218,0,0
3373,C03374,27,Male,Mobile,Direct,14,7,0,3,190,0,0
3374,C03375,27,Male,Tablet,Social Media,1,8,5,8,25,1,1
3375,C03376,53,Female,Tablet,Search Engine,8,4,0,7,275,0,0
3376,C03377,25,Female,Tablet,Search Engine,2,8,4,2,267,1,1
3377,C03378,37,Male,Tablet,Email,10,6,1,1,238,1,0
3378,C03379,49,Male,Tablet,Social Media,13,3,3,8,23,1,1
3379,C03380,31,Female,Desktop,Direct,14,8,5,0,20,0,0
3380,C03381,45,Female,Tablet,Direct,6,7,2,8,50,1,1
3381,C03382,41,Male,Mobile,Search Engine,14,5,0,6,136,1,1
3382,C03383,32,Male,Tablet,Direct,6,4,2,1,294,0,0
3383,C03384,39,Female,Mobile,Search Engine,6,1,3,4,216,1,1
3384,C03385,47,Female,Tablet,Search Engine,8,3,0,1,196,0,0
3385,C03386,21,Male,Tablet,Email,4,2,3,4,255,1,1
3386,C03387,30,Female,Mobile,Social Media,3,8,0,6,98,0,0
3387,C03388,40,Male,Mobile,Search Engine,6,8,5,4,262,1,1
3388,C03389,25,Male,Mobile,Search Engine,4,5,3,1,224,1,0
3389,C03390,35,Male,Mobile,Search Engine,2,5,2,4,230,1,0
3390,C03391,29,Female,Desktop,Email,6,4,1,9,110,0,1
3391,C03392,48,Male,Mobile,Search Engine,10,1,5,5,185,0,1
3392,C03393,31,Male,Tablet,Social Media,5,1,5,4,180,0,0
3393,C03394,51,Female,Tablet,Social Media,11,6,0,1,25,1,0
3394,C03395,35,Female,Desktop,Direct,9,4,2,5,160,0,0
3395,C03396,51,Male,Mobile,Social Media,11,4,3,5,224,0,0
3396,C03397,28,Male,Tablet,Direct,6,3,2,1,39,0,0
3397,C03398,58,Female,Desktop,Social Media,14,9,5,3,119,0,0
3398,C03399,29,Female,Tablet,Direct,3,3,0,6,184,1,0
3399,C03400,32,Female,Desktop,Search Engine,11,8,2,0,64,1,0
3400,C03401,48,Male,Desktop,Email,5,2,3,0,246,1,0
3401,C03402,46,Male,Mobile,Email,10,4,4,5,71,1,1
3402,C03403,43,Male,Desktop,Email,8,1,5,6,165,1,1
3403,C03404,35,Female,Tablet,Search Engine,9,5,1,4,142,1,1
3404,C03405,49,Male,Tablet,Email,8,2,1,9,226,0,0
3405,C03406,39,Female,Mobile,Social Media,3,1,5,7,121,1,1
3406,C03407,55,Male,Mobile,Direct,9,1,4,3,293,0,0
3407,C03408,34,Female,Desktop,Search Engine,3,2,0,2,148,1,0
3408,C03409,40,Male,Mobile,Email,8,5,2,6,186,0,1
3409,C03410,41,Male,Tablet,Social Media,10,9,2,3,221,1,1
3410,C03411,25,Female,Tablet,Social Media,9,6,4,0,121,1,0
3411,C03412,58,Female,Mobile,Search Engine,7,4,4,7,90,1,1
3412,C03413,23,Male,Mobile,Search Engine,4,3,3,4,27,1,0
3413,C03414,22,Female,Mobile,Email,10,8,3,7,181,0,1
3414,C03415,46,Female,Desktop,Direct,9,3,1,7,92,0,0
3415,C03416,45,Male,Desktop,Email,3,1,0,4,46,1,0
3416,C03417,28,Female,Tablet,Email,3,4,0,7,188,1,0
3417,C03418,18,Male,Desktop,Search Engine,2,5,4,6,282,0,1
3418,C03419,36,Male,Desktop,Email,10,5,1,2,92,1,0
3419,C03420,26,Female,Desktop,Email,3,5,1,3,228,1,0
3420,C03421,44,Female,Desktop,Direct,1,8,3,6,118,0,1
3421,C03422,51,Male,Tablet,Social Media,4,8,2,3,50,0,0
3422,C03423,21,Male,Mobile,Social Media,8,4,0,5,52,0,0
3423,C03424,53,Male,Tablet,Direct,5,9,1,1,232,0,0
3424,C03425,35,Male,Desktop,Social Media,2,1,3,1,164,1,0
3425,C03426,32,Male,Mobile,Email,3,5,3,2,118,1,0
3426,C03427,30,Male,Mobile,Direct,1,5,3,9,199,1,1
3427,C03428,36,Female,Mobile,Direct,2,5,2,6,154,1,1
3428,C03429,23,Female,Tablet,Search Engine,1,8,1,2,209,0,0
3429,C03430,29,Female,Mobile,Social Media,2,9,4,2,49,1,0
3430,C03431,54,Male,Tablet,Search Engine,3,3,4,3,101,1,0
3431,C03432,34,Female,Tablet,Email,1,9,3,9,76,0,1
3432,C03433,40,Male,Desktop,Direct,11,8,3,5,193,1,1
3433,C03434,43,Male,Desktop,Email,9,3,2,0,227,0,0
3434,C03435,46,Female,Mobile,Social Media,10,2,3,5,202,0,0
3435,C03436,50,Male,Mobile,Search Engine,5,4,5,7,254,0,1
3436,C03437,44,Male,Desktop,Social Media,8,2,1,7,126,0,0
3437,C03438,42,Male,Tablet,Email,5,4,3,5,205,0,0
3438,C03439,27,Male,Tablet,Search Engine,8,5,3,5,285,1,1
3439,C03440,40,Male,Desktop,Social Media,7,2,1,2,151,1,0
3440,C03441,38,Male,Tablet,Email,12,8,0,1,190,1,0
3441,C03442,38,Female,Desktop,Social Media,4,1,5,6,43,0,0
3442,C03443,30,Male,Desktop,Direct,7,3,5,7,280,0,1
3443,C03444,54,Male,Mobile,Search Engine,6,7,4,9,215,1,1
3444,C03445,50,Male,Mobile,Search Engine,3,1,3,5,118,0,0
3445,C03446,41,Male,Desktop,Search Engine,9,2,1,4,120,0,0
3446,C03447,28,Female,Mobile,Direct,12,3,4,3,139,0,1
3447,C03448,34,Female,Desktop,Search Engine,10,2,2,0,222,1,0
3448,C03449,21,Male,Tablet,Direct,13,2,0,8,109,0,0
3449,C03450,42,Male,Tablet,Search Engine,9,6,3,9,214,0,1
3450,C03451,47,Male,Tablet,Social Media,14,7,0,3,196,0,0
3451,C03452,26,Female,Tablet,Social Media,5,6,3,1,134,1,0
3452,C03453,38,Female,Desktop,Social Media,8,6,3,3,51,0,0
3453,C03454,37,Female,Tablet,Social Media,7,9,3,4,234,1,1
3454,C03455,36,Female,Tablet,Direct,9,8,0,1,298,0,0
3455,C03456,36,Male,Tablet,Email,7,8,5,6,262,0,1
3456,C03457,29,Female,Tablet,Email,4,6,2,2,89,1,1
3457,C03458,54,Female,Desktop,Social Media,4,5,5,7,90,1,1
3458,C03459,59,Male,Tablet,Email,11,9,1,3,130,1,1
3459,C03460,34,Male,Mobile,Email,8,2,1,4,177,0,0
3460,C03461,54,Female,Mobile,Search Engine,6,7,5,2,56,1,1
3461,C03462,56,Female,Mobile,Direct,9,6,2,4,54,1,1
3462,C03463,45,Female,Mobile,Social Media,14,7,2,8,78,1,1
3463,C03464,58,Female,Mobile,Email,10,4,3,1,226,0,0
3464,C03465,52,Male,Mobile,Email,14,9,3,6,85,1,1
3465,C03466,35,Male,Desktop,Social Media,7,7,1,9,281,0,1
3466,C03467,31,Female,Mobile,Search Engine,7,2,3,7,289,0,1
3467,C03468,52,Female,Tablet,Social Media,4,4,3,2,252,0,0
3468,C03469,58,Female,Mobile,Search Engine,3,5,2,3,176,1,0
3469,C03470,24,Female,Desktop,Email,8,2,0,9,125,1,1
3470,C03471,58,Female,Mobile,Direct,7,8,5,1,173,1,1
3471,C03472,30,Male,Tablet,Search Engine,4,1,4,9,37,1,1
3472,C03473,35,Male,Tablet,Search Engine,13,3,4,8,279,0,1
3473,C03474,54,Male,Desktop,Social Media,4,1,3,2,138,1,0
3474,C03475,30,Female,Desktop,Email,1,5,3,8,121,1,1
3475,C03476,53,Female,Desktop,Direct,11,8,5,6,44,0,1
3476,C03477,48,Male,Desktop,Social Media,7,7,4,5,199,1,1
3477,C03478,19,Male,Mobile,Social Media,1,9,2,2,181,0,0
3478,C03479,33,Female,Mobile,Direct,10,2,4,6,234,0,1
3479,C03480,26,Male,Tablet,Email,10,8,4,2,143,1,1
3480,C03481,26,Female,Desktop,Direct,4,8,4,5,175,0,0
3481,C03482,55,Female,Desktop,Social Media,11,6,3,7,212,0,1
3482,C03483,28,Male,Mobile,Social Media,14,3,3,4,72,0,1
3483,C03484,39,Male,Desktop,Search Engine,3,2,5,2,189,1,1
3484,C03485,50,Male,Tablet,Direct,11,8,4,5,117,1,1
3485,C03486,53,Female,Tablet,Direct,3,6,3,7,166,1,1
3486,C03487,40,Female,Desktop,Direct,12,4,5,9,49,0,1
3487,C03488,51,Male,Tablet,Social Media,1,5,4,2,93,1,1
3488,C03489,26,Female,Tablet,Email,4,5,2,4,191,1,0
3489,C03490,41,Female,Mobile,Social Media,14,9,3,8,103,0,1
3490,C03491,25,Female,Tablet,Search Engine,1,9,0,9,92,1,1
3491,C03492,24,Male,Desktop,Social Media,14,8,5,9,251,1,1
3492,C03493,53,Female,Desktop,Social Media,13,8,3,2,146,0,0
3493,C03494,35,Male,Tablet,Social Media,13,2,2,1,104,1,0
3494,C03495,20,Male,Desktop,Search Engine,8,3,2,7,273,0,0
3495,C03496,45,Female,Mobile,Direct,1,8,3,6,171,1,1
3496,C03497,23,Male,Tablet,Email,12,5,1,8,26,1,1
3497,C03498,38,Female,Tablet,Email,14,7,5,3,155,1,1
3498,C03499,45,Male,Tablet,Search Engine,6,8,4,2,203,0,0
3499,C03500,57,Male,Desktop,Direct,7,6,4,9,246,1,1
3500,C03501,18,Female,Desktop,Direct,10,5,2,4,263,1,0
3501,C03502,53,Male,Tablet,Search Engine,14,8,3,0,283,0,1
3502,C03503,38,Male,Desktop,Social Media,12,1,1,4,270,1,0
3503,C03504,52,Male,Desktop,Direct,2,1,5,2,189,0,0
3504,C03505,30,Female,Tablet,Email,4,1,0,0,73,1,0
3505,C03506,27,Female,Tablet,Search Engine,11,3,4,2,151,1,0
3506,C03507,27,Male,Desktop,Email,14,6,5,4,113,1,1
3507,C03508,30,Male,Tablet,Social Media,3,6,5,4,65,1,1
3508,C03509,54,Male,Tablet,Search Engine,13,5,1,9,118,1,1
3509,C03510,55,Female,Tablet,Email,13,7,5,7,253,1,1
3510,C03511,41,Female,Tablet,Email,9,5,4,0,288,0,1
3511,C03512,19,Male,Desktop,Social Media,14,2,3,6,56,1,1
3512,C03513,39,Female,Tablet,Search Engine,7,4,4,4,94,0,0
3513,C03514,34,Female,Mobile,Direct,2,1,0,2,77,1,0
3514,C03515,53,Female,Tablet,Direct,11,7,3,3,38,0,1
3515,C03516,31,Female,Mobile,Email,12,4,2,2,207,0,0
3516,C03517,27,Male,Tablet,Social Media,6,4,1,7,158,0,1
3517,C03518,52,Female,Mobile,Email,9,4,4,3,162,1,0
3518,C03519,42,Female,Mobile,Social Media,12,3,3,2,127,1,0
3519,C03520,20,Male,Tablet,Direct,3,8,5,1,240,0,0
3520,C03521,55,Male,Tablet,Email,14,4,3,2,164,0,1
3521,C03522,34,Female,Tablet,Email,11,8,4,6,24,0,1
3522,C03523,29,Female,Mobile,Social Media,6,9,2,5,75,0,0
3523,C03524,41,Male,Desktop,Search Engine,14,1,4,9,274,0,1
3524,C03525,46,Male,Desktop,Social Media,3,4,2,4,241,0,0
3525,C03526,42,Male,Tablet,Search Engine,3,6,5,7,67,1,1
3526,C03527,53,Female,Desktop,Direct,4,8,4,0,182,1,1
3527,C03528,43,Female,Desktop,Email,9,6,3,2,255,0,0
3528,C03529,55,Male,Tablet,Email,11,6,0,1,267,1,0
3529,C03530,18,Female,Mobile,Social Media,13,4,0,1,119,0,0
3530,C03531,37,Male,Tablet,Social Media,8,9,5,0,40,0,0
3531,C03532,45,Female,Desktop,Direct,1,7,3,4,121,1,0
3532,C03533,33,Male,Mobile,Direct,13,6,0,4,24,0,0
3533,C03534,34,Male,Desktop,Search Engine,12,1,5,2,216,1,1
3534,C03535,57,Female,Mobile,Direct,11,2,2,8,168,0,1
3535,C03536,45,Female,Desktop,Direct,1,6,3,5,230,0,1
3536,C03537,29,Female,Tablet,Direct,7,1,2,9,179,1,1
3537,C03538,44,Female,Desktop,Direct,3,5,3,5,165,1,0
3538,C03539,59,Female,Desktop,Search Engine,14,1,2,9,77,1,1
3539,C03540,47,Female,Mobile,Direct,11,3,2,5,259,0,1
3540,C03541,58,Male,Desktop,Search Engine,7,7,0,1,98,1,0
3541,C03542,51,Female,Tablet,Social Media,9,5,3,9,171,0,1
3542,C03543,54,Male,Tablet,Email,3,1,4,9,24,0,1
3543,C03544,23,Male,Tablet,Social Media,3,1,0,7,200,1,1
3544,C03545,24,Female,Mobile,Direct,2,8,2,5,220,0,0
3545,C03546,49,Male,Mobile,Email,10,9,2,2,152,1,1
3546,C03547,49,Male,Desktop,Direct,1,7,4,9,141,1,1
3547,C03548,42,Female,Desktop,Direct,9,3,4,8,188,0,1
3548,C03549,50,Female,Desktop,Social Media,6,6,2,1,117,0,0
3549,C03550,24,Female,Mobile,Direct,6,3,4,6,287,1,1
3550,C03551,29,Male,Mobile,Social Media,8,4,1,2,38,1,0
3551,C03552,33,Female,Desktop,Direct,11,4,0,5,151,0,0
3552,C03553,33,Female,Mobile,Search Engine,5,3,3,4,115,1,0
3553,C03554,53,Female,Mobile,Email,9,6,4,5,229,0,1
3554,C03555,30,Female,Tablet,Social Media,11,5,4,7,24,0,1
3555,C03556,24,Male,Tablet,Social Media,5,9,1,2,147,1,0
3556,C03557,53,Female,Desktop,Email,2,9,3,1,73,0,0
3557,C03558,26,Male,Desktop,Social Media,6,3,1,7,217,1,1
3558,C03559,49,Female,Tablet,Email,9,9,3,0,225,1,1
3559,C03560,28,Male,Mobile,Search Engine,3,3,0,1,199,0,0
3560,C03561,25,Male,Desktop,Direct,10,4,4,9,260,0,1
3561,C03562,50,Male,Desktop,Search Engine,4,1,0,0,293,0,0
3562,C03563,40,Female,Desktop,Direct,10,5,3,4,157,1,0
3563,C03564,42,Male,Mobile,Email,11,9,4,7,42,1,1
3564,C03565,25,Female,Tablet,Search Engine,8,2,1,1,139,1,0
3565,C03566,39,Female,Desktop,Direct,6,4,2,3,134,1,0
3566,C03567,21,Female,Tablet,Email,13,2,1,3,101,1,0
3567,C03568,57,Female,Tablet,Direct,7,8,2,6,215,1,1
3568,C03569,20,Female,Mobile,Social Media,7,9,1,0,199,0,0
3569,C03570,46,Male,Mobile,Social Media,4,3,3,8,194,0,1
3570,C03571,58,Female,Mobile,Email,12,9,0,2,217,0,0
3571,C03572,46,Male,Mobile,Direct,6,6,2,5,45,1,0
3572,C03573,51,Male,Mobile,Social Media,12,6,3,9,118,0,1
3573,C03574,51,Male,Mobile,Search Engine,9,7,0,4,252,1,0
3574,C03575,45,Male,Desktop,Direct,3,5,0,3,210,0,0
3575,C03576,30,Male,Tablet,Direct,8,6,4,8,85,0,1
3576,C03577,32,Male,Mobile,Social Media,7,1,4,8,265,0,1
3577,C03578,40,Male,Desktop,Social Media,4,3,4,0,123,0,0
3578,C03579,43,Female,Tablet,Email,10,9,2,6,210,1,1
3579,C03580,21,Male,Mobile,Direct,13,5,2,9,160,1,1
3580,C03581,43,Female,Mobile,Search Engine,3,5,0,8,198,0,0
3581,C03582,57,Male,Desktop,Social Media,14,8,2,4,280,0,1
3582,C03583,26,Male,Tablet,Direct,7,2,0,0,194,1,0
3583,C03584,22,Male,Mobile,Social Media,10,7,3,7,183,1,1
3584,C03585,49,Male,Tablet,Email,9,9,1,4,38,0,0
3585,C03586,37,Female,Desktop,Direct,12,7,0,5,39,0,0
3586,C03587,28,Female,Mobile,Direct,10,5,0,6,258,0,1
3587,C03588,32,Female,Tablet,Email,3,6,3,9,63,0,1
3588,C03589,49,Male,Desktop,Search Engine,10,4,4,6,215,0,0
3589,C03590,45,Male,Desktop,Social Media,9,7,5,6,214,0,1
3590,C03591,39,Male,Mobile,Email,13,1,4,0,68,1,1
3591,C03592,58,Female,Tablet,Direct,8,4,4,6,78,1,1
3592,C03593,34,Male,Mobile,Email,12,3,0,2,151,1,0
3593,C03594,43,Female,Mobile,Direct,3,4,0,4,186,1,0
3594,C03595,24,Female,Tablet,Email,8,1,2,9,154,0,1
3595,C03596,59,Male,Tablet,Search Engine,12,2,2,4,108,1,0
3596,C03597,43,Male,Tablet,Direct,4,9,1,7,290,1,1
3597,C03598,42,Female,Desktop,Email,6,7,1,6,282,1,1
3598,C03599,27,Female,Desktop,Search Engine,12,6,5,6,135,0,1
3599,C03600,36,Female,Tablet,Search Engine,10,2,2,5,215,0,0
3600,C03601,28,Male,Desktop,Social Media,2,1,0,6,127,0,0
3601,C03602,30,Male,Mobile,Direct,8,2,3,6,66,1,0
3602,C03603,25,Male,Tablet,Social Media,13,7,2,4,260,1,1
3603,C03604,57,Male,Mobile,Search Engine,9,2,0,4,249,0,0
3604,C03605,21,Male,Tablet,Social Media,7,3,2,3,264,0,0
3605,C03606,48,Male,Mobile,Social Media,8,8,4,3,269,1,0
3606,C03607,45,Female,Tablet,Email,7,7,2,4,96,0,0
3607,C03608,28,Female,Mobile,Social Media,11,9,5,9,81,0,1
3608,C03609,18,Female,Tablet,Search Engine,10,4,4,8,78,1,1
3609,C03610,55,Male,Tablet,Social Media,4,7,0,5,257,1,0
3610,C03611,41,Female,Desktop,Direct,1,1,4,7,208,1,0
3611,C03612,48,Male,Mobile,Email,3,2,2,8,75,0,0
3612,C03613,58,Male,Desktop,Search Engine,7,7,4,3,97,1,1
3613,C03614,43,Female,Mobile,Social Media,11,2,5,6,241,1,1
3614,C03615,22,Male,Desktop,Direct,11,6,3,4,66,0,0
3615,C03616,37,Female,Tablet,Search Engine,7,9,4,3,157,0,1
3616,C03617,58,Female,Desktop,Social Media,11,5,5,6,43,0,1
3617,C03618,28,Male,Desktop,Email,13,7,4,2,48,1,1
3618,C03619,50,Female,Tablet,Social Media,3,1,1,0,154,1,0
3619,C03620,55,Female,Desktop,Search Engine,1,8,3,6,208,0,0
3620,C03621,44,Female,Tablet,Search Engine,10,9,0,8,90,1,1
3621,C03622,51,Female,Mobile,Search Engine,9,5,5,1,225,1,1
3622,C03623,32,Male,Desktop,Direct,12,6,4,6,261,1,1
3623,C03624,49,Female,Tablet,Social Media,6,8,3,9,203,1,1
3624,C03625,38,Female,Tablet,Social Media,13,4,0,1,147,0,0
3625,C03626,22,Female,Desktop,Social Media,13,2,3,2,249,1,1
3626,C03627,23,Male,Mobile,Email,12,8,5,9,60,1,1
3627,C03628,55,Female,Desktop,Direct,7,2,1,9,181,1,1
3628,C03629,39,Male,Tablet,Direct,1,5,5,2,177,0,0
3629,C03630,35,Female,Mobile,Email,1,6,5,3,40,1,1
3630,C03631,31,Female,Desktop,Direct,4,5,0,5,29,1,0
3631,C03632,27,Female,Tablet,Email,7,6,0,2,106,1,0
3632,C03633,30,Male,Desktop,Search Engine,14,6,4,8,52,0,1
3633,C03634,48,Male,Mobile,Search Engine,11,3,2,1,222,1,0
3634,C03635,47,Male,Mobile,Direct,11,3,5,6,23,0,1
3635,C03636,20,Male,Mobile,Search Engine,8,9,0,5,42,1,1
3636,C03637,47,Male,Mobile,Search Engine,10,3,5,1,216,0,1
3637,C03638,23,Male,Mobile,Search Engine,9,3,5,2,293,0,0
3638,C03639,46,Female,Desktop,Social Media,1,2,0,5,292,1,0
3639,C03640,25,Male,Mobile,Search Engine,4,7,1,9,126,1,1
3640,C03641,50,Female,Mobile,Social Media,4,4,1,3,219,0,0
3641,C03642,34,Male,Tablet,Email,3,1,5,0,234,0,0
3642,C03643,28,Male,Mobile,Email,7,6,1,0,21,1,0
3643,C03644,30,Male,Tablet,Email,1,5,5,2,140,1,0
3644,C03645,28,Female,Tablet,Email,9,2,4,7,122,1,1
3645,C03646,48,Male,Tablet,Email,13,6,0,3,168,1,0
3646,C03647,45,Male,Desktop,Search Engine,8,1,5,0,171,1,1
3647,C03648,23,Female,Desktop,Search Engine,2,3,1,7,72,1,0
3648,C03649,58,Female,Tablet,Search Engine,2,4,1,9,185,1,1
3649,C03650,33,Female,Desktop,Email,8,3,3,5,186,0,1
3650,C03651,21,Female,Mobile,Email,11,6,3,0,90,0,0
3651,C03652,52,Male,Desktop,Social Media,14,4,1,9,147,1,1
3652,C03653,43,Female,Mobile,Direct,1,1,4,9,52,1,1
3653,C03654,29,Male,Mobile,Search Engine,13,5,2,5,176,1,0
3654,C03655,28,Male,Desktop,Direct,7,5,5,0,285,0,0
3655,C03656,54,Female,Desktop,Email,9,9,3,9,223,0,1
3656,C03657,42,Male,Tablet,Email,12,8,5,9,214,1,1
3657,C03658,35,Female,Desktop,Email,3,8,3,2,128,1,0
3658,C03659,36,Male,Desktop,Direct,7,5,0,1,178,0,0
3659,C03660,40,Female,Desktop,Social Media,6,8,0,3,46,0,0
3660,C03661,55,Female,Mobile,Email,7,7,1,1,246,0,0
3661,C03662,35,Female,Mobile,Social Media,7,1,0,4,271,1,0
3662,C03663,43,Female,Mobile,Social Media,10,7,0,3,284,1,0
3663,C03664,23,Female,Tablet,Search Engine,1,8,2,5,281,0,0
3664,C03665,21,Female,Tablet,Direct,14,3,4,6,153,1,1
3665,C03666,46,Male,Tablet,Email,3,9,1,1,45,1,0
3666,C03667,51,Male,Mobile,Social Media,10,8,2,1,62,1,1
3667,C03668,34,Male,Desktop,Direct,1,2,1,7,38,0,0
3668,C03669,33,Female,Tablet,Direct,5,6,4,8,35,0,1
3669,C03670,19,Male,Tablet,Email,3,4,1,4,124,0,0
3670,C03671,51,Female,Mobile,Search Engine,1,3,5,6,298,1,1
3671,C03672,25,Male,Tablet,Search Engine,2,6,5,8,222,1,1
3672,C03673,30,Male,Desktop,Social Media,10,9,5,0,227,0,1
3673,C03674,59,Female,Mobile,Search Engine,5,2,0,7,185,1,0
3674,C03675,25,Male,Mobile,Search Engine,11,5,4,9,78,0,1
3675,C03676,47,Male,Desktop,Search Engine,3,6,2,9,67,1,1
3676,C03677,49,Male,Desktop,Direct,6,4,2,8,167,1,1
3677,C03678,53,Female,Desktop,Email,9,7,3,8,296,1,1
3678,C03679,47,Male,Tablet,Direct,6,2,2,9,197,1,1
3679,C03680,18,Female,Desktop,Direct,2,7,5,6,133,1,1
3680,C03681,56,Male,Mobile,Email,2,2,5,9,237,0,1
3681,C03682,34,Male,Desktop,Direct,13,1,3,2,285,0,1
3682,C03683,37,Male,Mobile,Social Media,13,5,0,4,181,1,0
3683,C03684,41,Male,Mobile,Social Media,8,2,2,1,55,0,0
3684,C03685,39,Female,Tablet,Direct,11,8,4,9,94,1,1
3685,C03686,46,Male,Desktop,Search Engine,8,8,3,2,154,1,0
3686,C03687,39,Female,Tablet,Direct,6,1,2,9,291,1,1
3687,C03688,26,Female,Desktop,Search Engine,10,4,0,6,198,0,0
3688,C03689,54,Male,Desktop,Direct,7,9,4,0,178,1,1
3689,C03690,27,Male,Desktop,Social Media,1,5,4,2,262,1,0
3690,C03691,53,Female,Desktop,Search Engine,12,6,0,4,223,0,0
3691,C03692,54,Female,Desktop,Social Media,9,3,2,3,297,1,0
3692,C03693,45,Male,Mobile,Direct,5,5,1,2,162,0,0
3693,C03694,45,Male,Mobile,Email,9,1,2,5,27,0,0
3694,C03695,59,Male,Desktop,Search Engine,2,8,3,5,135,0,0
3695,C03696,38,Male,Mobile,Search Engine,14,6,3,3,291,0,1
3696,C03697,41,Male,Tablet,Direct,8,2,2,8,195,0,1
3697,C03698,59,Female,Tablet,Direct,7,4,5,5,233,0,1
3698,C03699,57,Male,Tablet,Search Engine,11,4,3,8,234,0,1
3699,C03700,19,Male,Desktop,Email,14,9,1,9,76,1,1
3700,C03701,25,Female,Desktop,Direct,4,9,5,9,248,1,1
3701,C03702,44,Male,Mobile,Direct,3,5,1,1,56,1,0
3702,C03703,39,Male,Mobile,Direct,4,3,4,5,243,1,1
3703,C03704,54,Female,Mobile,Email,4,1,3,3,220,1,0
3704,C03705,44,Male,Tablet,Search Engine,10,6,5,1,119,1,1
3705,C03706,46,Female,Tablet,Social Media,10,8,2,4,94,1,1
3706,C03707,20,Male,Tablet,Direct,8,1,5,2,231,1,0
3707,C03708,30,Male,Tablet,Email,13,1,4,5,210,0,0
3708,C03709,27,Male,Mobile,Search Engine,13,7,1,7,82,1,1
3709,C03710,53,Female,Desktop,Search Engine,4,7,4,3,131,1,1
3710,C03711,26,Female,Desktop,Email,14,2,0,3,162,0,0
3711,C03712,44,Female,Tablet,Direct,5,3,3,4,118,0,0
3712,C03713,51,Female,Desktop,Social Media,2,2,2,5,284,0,0
3713,C03714,18,Male,Desktop,Direct,13,6,1,6,244,1,1
3714,C03715,49,Female,Desktop,Search Engine,4,8,4,5,94,0,1
3715,C03716,42,Female,Tablet,Social Media,7,8,2,6,297,0,0
3716,C03717,46,Female,Mobile,Direct,3,1,3,8,217,0,1
3717,C03718,24,Male,Mobile,Social Media,14,9,2,3,203,0,1
3718,C03719,20,Male,Desktop,Email,14,8,3,9,76,1,1
3719,C03720,37,Female,Mobile,Direct,1,9,3,0,268,0,0
3720,C03721,37,Female,Mobile,Search Engine,13,9,3,8,133,1,1
3721,C03722,47,Male,Tablet,Search Engine,8,6,4,6,159,0,1
3722,C03723,52,Female,Tablet,Social Media,8,3,3,3,60,0,0
3723,C03724,52,Female,Desktop,Email,6,1,2,9,172,0,1
3724,C03725,56,Female,Desktop,Direct,7,8,0,7,251,1,1
3725,C03726,44,Female,Desktop,Email,10,3,2,6,124,0,0
3726,C03727,43,Male,Tablet,Email,11,7,4,1,125,1,1
3727,C03728,31,Male,Mobile,Social Media,2,6,3,0,149,0,0
3728,C03729,34,Male,Tablet,Social Media,5,3,0,8,180,1,1
3729,C03730,35,Female,Tablet,Direct,12,6,4,6,276,1,1
3730,C03731,46,Female,Mobile,Search Engine,7,3,1,9,248,0,0
3731,C03732,37,Male,Mobile,Direct,9,9,1,0,201,0,0
3732,C03733,44,Male,Desktop,Email,1,1,1,3,33,0,0
3733,C03734,35,Male,Mobile,Social Media,3,8,0,4,119,1,1
3734,C03735,21,Female,Mobile,Email,6,5,2,4,244,0,0
3735,C03736,18,Male,Mobile,Social Media,14,4,0,4,250,1,0
3736,C03737,18,Female,Mobile,Search Engine,7,1,0,2,72,1,0
3737,C03738,43,Female,Desktop,Email,6,9,0,4,25,1,0
3738,C03739,37,Male,Desktop,Social Media,1,9,1,3,109,1,0
3739,C03740,40,Male,Mobile,Direct,4,5,5,4,83,1,1
3740,C03741,27,Female,Mobile,Direct,6,9,2,6,107,1,0
3741,C03742,28,Male,Desktop,Direct,8,9,5,4,52,1,1
3742,C03743,58,Male,Desktop,Email,10,7,5,7,91,0,1
3743,C03744,58,Female,Mobile,Social Media,14,8,0,7,63,0,1
3744,C03745,22,Female,Tablet,Social Media,4,1,2,2,272,1,0
3745,C03746,18,Female,Desktop,Social Media,7,4,5,4,126,0,1
3746,C03747,34,Female,Desktop,Email,11,4,3,3,21,0,0
3747,C03748,39,Female,Desktop,Social Media,3,9,0,4,155,1,0
3748,C03749,51,Male,Mobile,Search Engine,8,3,0,7,136,0,0
3749,C03750,58,Female,Mobile,Email,1,1,0,3,140,1,0
3750,C03751,46,Female,Desktop,Search Engine,4,5,3,4,113,1,1
3751,C03752,21,Female,Mobile,Search Engine,8,7,3,6,26,0,1
3752,C03753,22,Male,Mobile,Direct,10,4,1,2,107,1,0
3753,C03754,28,Female,Desktop,Email,4,9,4,5,201,1,1
3754,C03755,38,Female,Mobile,Social Media,2,6,2,8,210,0,0
3755,C03756,52,Female,Tablet,Search Engine,2,6,4,3,227,0,0
3756,C03757,29,Male,Mobile,Email,4,3,0,3,297,1,0
3757,C03758,43,Female,Mobile,Social Media,13,5,5,5,71,0,1
3758,C03759,36,Female,Desktop,Direct,4,6,0,5,286,1,1
3759,C03760,24,Female,Desktop,Email,2,4,5,2,263,0,0
3760,C03761,24,Male,Tablet,Email,7,3,1,0,201,0,0
3761,C03762,43,Male,Mobile,Email,6,5,4,2,230,0,0
3762,C03763,57,Male,Tablet,Social Media,11,7,0,7,217,1,1
3763,C03764,22,Male,Tablet,Search Engine,3,6,4,7,289,0,1
3764,C03765,38,Female,Desktop,Search Engine,8,2,1,5,52,1,0
3765,C03766,31,Female,Mobile,Email,8,1,4,6,121,1,1
3766,C03767,21,Male,Desktop,Email,1,5,5,1,256,1,0
3767,C03768,40,Male,Tablet,Social Media,3,5,2,8,235,0,0
3768,C03769,59,Female,Tablet,Direct,5,6,1,2,146,0,0
3769,C03770,37,Female,Desktop,Email,2,3,4,1,113,1,0
3770,C03771,32,Male,Desktop,Email,12,1,0,4,93,1,0
3771,C03772,46,Male,Desktop,Direct,12,4,3,0,147,0,0
3772,C03773,25,Male,Desktop,Email,5,4,3,4,93,0,0
3773,C03774,58,Male,Desktop,Search Engine,11,2,1,9,275,0,0
3774,C03775,36,Female,Tablet,Email,10,8,3,3,121,0,1
3775,C03776,56,Male,Desktop,Search Engine,3,6,2,5,66,1,0
3776,C03777,45,Male,Mobile,Social Media,9,3,1,4,184,1,0
3777,C03778,44,Female,Tablet,Social Media,11,1,0,8,275,0,0
3778,C03779,21,Female,Tablet,Search Engine,1,3,0,4,267,1,0
3779,C03780,32,Female,Mobile,Search Engine,4,8,1,7,223,0,0
3780,C03781,52,Female,Mobile,Direct,10,4,3,1,105,0,0
3781,C03782,54,Female,Tablet,Search Engine,6,3,3,2,183,0,1
3782,C03783,18,Male,Desktop,Search Engine,9,4,0,2,76,0,0
3783,C03784,20,Male,Tablet,Email,3,4,2,2,225,1,0
3784,C03785,41,Male,Tablet,Direct,3,2,5,5,167,1,1
3785,C03786,44,Female,Mobile,Search Engine,12,4,3,6,298,1,1
3786,C03787,57,Male,Tablet,Search Engine,5,9,2,6,40,0,1
3787,C03788,53,Female,Desktop,Search Engine,7,4,3,6,156,1,1
3788,C03789,51,Male,Mobile,Email,14,1,5,2,29,0,1
3789,C03790,46,Male,Tablet,Email,5,1,1,0,64,1,0
3790,C03791,41,Female,Tablet,Email,11,1,4,5,268,0,1
3791,C03792,41,Female,Desktop,Social Media,8,5,0,2,49,1,1
3792,C03793,59,Male,Tablet,Email,5,6,1,2,244,0,0
3793,C03794,21,Male,Tablet,Search Engine,7,6,3,2,196,1,0
3794,C03795,20,Male,Tablet,Email,6,6,5,8,115,1,1
3795,C03796,51,Male,Tablet,Email,14,9,0,3,36,1,0
3796,C03797,40,Male,Desktop,Direct,10,1,4,4,47,1,1
3797,C03798,40,Female,Tablet,Search Engine,13,6,4,2,145,1,1
3798,C03799,22,Female,Tablet,Email,2,8,5,9,292,1,1
3799,C03800,48,Female,Tablet,Social Media,3,8,5,0,206,1,1
3800,C03801,58,Female,Mobile,Direct,11,3,3,3,161,0,0
3801,C03802,23,Male,Desktop,Email,11,5,0,0,157,0,0
3802,C03803,54,Male,Mobile,Direct,4,4,3,6,248,0,1
3803,C03804,27,Female,Mobile,Direct,5,1,4,6,233,1,1
3804,C03805,57,Male,Desktop,Social Media,9,9,1,3,293,1,1
3805,C03806,24,Female,Mobile,Social Media,6,5,1,4,77,0,0
3806,C03807,56,Male,Mobile,Social Media,1,2,2,9,37,1,0
3807,C03808,55,Male,Mobile,Search Engine,3,2,4,6,199,0,1
3808,C03809,38,Male,Desktop,Direct,7,7,4,5,177,1,1
3809,C03810,37,Female,Tablet,Email,8,4,3,3,275,0,1
3810,C03811,20,Female,Desktop,Social Media,7,1,2,3,56,1,1
3811,C03812,39,Female,Desktop,Social Media,5,5,5,1,281,1,1
3812,C03813,21,Female,Desktop,Direct,10,2,2,9,98,1,1
3813,C03814,45,Male,Mobile,Direct,8,7,0,1,173,1,0
3814,C03815,29,Male,Tablet,Direct,9,9,3,3,177,1,1
3815,C03816,55,Male,Desktop,Email,7,1,5,4,94,1,0
3816,C03817,53,Male,Desktop,Search Engine,11,2,5,3,74,0,0
3817,C03818,58,Female,Tablet,Search Engine,9,6,1,2,225,0,0
3818,C03819,22,Male,Tablet,Social Media,1,8,0,1,234,0,0
3819,C03820,30,Male,Tablet,Search Engine,14,7,2,3,28,1,1
3820,C03821,40,Male,Mobile,Email,9,9,1,4,125,0,0
3821,C03822,47,Female,Tablet,Search Engine,3,2,4,0,264,1,0
3822,C03823,54,Female,Mobile,Email,6,9,3,0,122,0,1
3823,C03824,42,Female,Desktop,Social Media,8,4,2,5,294,0,0
3824,C03825,44,Male,Mobile,Direct,3,3,4,4,52,0,0
3825,C03826,31,Female,Tablet,Email,4,7,5,3,127,1,0
3826,C03827,53,Male,Mobile,Direct,7,5,2,0,288,1,0
3827,C03828,56,Male,Tablet,Social Media,12,5,1,6,92,0,1
3828,C03829,33,Male,Mobile,Email,7,2,0,3,200,1,0
3829,C03830,39,Female,Desktop,Email,4,6,1,2,287,0,0
3830,C03831,38,Female,Mobile,Search Engine,9,6,3,6,171,1,1
3831,C03832,38,Male,Desktop,Email,13,4,3,1,87,0,0
3832,C03833,25,Male,Tablet,Social Media,3,5,2,9,216,1,1
3833,C03834,33,Female,Desktop,Direct,12,7,1,0,51,0,0
3834,C03835,48,Female,Tablet,Email,8,8,0,3,127,1,0
3835,C03836,59,Female,Tablet,Social Media,8,6,5,7,98,1,1
3836,C03837,27,Male,Desktop,Social Media,13,5,3,5,278,0,1
3837,C03838,49,Male,Desktop,Email,4,3,0,8,194,1,0
3838,C03839,51,Male,Mobile,Search Engine,7,7,4,0,34,1,1
3839,C03840,26,Female,Mobile,Email,4,8,2,0,70,1,1
3840,C03841,34,Female,Desktop,Email,13,3,0,4,126,1,0
3841,C03842,28,Female,Desktop,Search Engine,12,5,2,5,229,1,1
3842,C03843,49,Male,Desktop,Social Media,1,2,4,7,221,1,1
3843,C03844,27,Male,Desktop,Email,1,4,0,2,296,1,0
3844,C03845,39,Female,Tablet,Search Engine,14,4,0,5,237,1,0
3845,C03846,34,Male,Desktop,Direct,1,8,5,2,60,1,1
3846,C03847,21,Female,Desktop,Direct,2,3,4,7,278,0,1
3847,C03848,42,Male,Desktop,Search Engine,6,5,1,3,222,1,0
3848,C03849,38,Female,Desktop,Social Media,12,5,0,1,118,1,0
3849,C03850,54,Male,Tablet,Search Engine,10,2,5,8,168,0,1
3850,C03851,55,Male,Mobile,Social Media,11,9,0,9,124,1,1
3851,C03852,18,Female,Mobile,Direct,5,4,5,7,222,1,1
3852,C03853,42,Female,Mobile,Email,11,9,3,5,114,1,1
3853,C03854,53,Female,Mobile,Search Engine,2,9,1,2,196,1,0
3854,C03855,34,Female,Mobile,Direct,8,2,0,1,84,0,0
3855,C03856,58,Female,Tablet,Email,9,9,4,3,60,1,1
3856,C03857,41,Male,Mobile,Direct,7,9,2,3,243,1,0
3857,C03858,19,Female,Tablet,Search Engine,12,2,4,0,86,0,0
3858,C03859,57,Female,Tablet,Search Engine,14,6,1,8,274,0,1
3859,C03860,32,Female,Mobile,Email,12,9,3,9,88,0,1
3860,C03861,49,Male,Mobile,Search Engine,9,4,3,7,190,1,1
3861,C03862,56,Female,Mobile,Direct,4,2,3,6,120,0,1
3862,C03863,23,Female,Desktop,Email,13,7,5,5,159,1,1
3863,C03864,18,Female,Tablet,Email,7,9,4,2,225,0,1
3864,C03865,40,Male,Mobile,Direct,5,6,2,3,92,0,0
3865,C03866,56,Male,Desktop,Social Media,5,4,2,1,79,1,0
3866,C03867,34,Female,Tablet,Email,3,1,5,6,175,0,1
3867,C03868,51,Male,Desktop,Social Media,9,4,0,1,143,1,0
3868,C03869,58,Female,Desktop,Direct,13,3,5,9,33,0,1
3869,C03870,46,Male,Mobile,Direct,10,7,2,0,283,0,1
3870,C03871,26,Female,Tablet,Email,5,5,2,5,46,1,0
3871,C03872,30,Male,Desktop,Search Engine,6,3,0,3,264,1,0
3872,C03873,23,Female,Tablet,Email,3,2,4,7,69,0,0
3873,C03874,23,Female,Mobile,Search Engine,10,2,4,0,206,1,1
3874,C03875,37,Male,Tablet,Social Media,7,5,1,8,76,0,1
3875,C03876,20,Female,Desktop,Search Engine,9,8,4,5,278,1,1
3876,C03877,34,Female,Desktop,Email,9,8,3,1,174,0,0
3877,C03878,29,Female,Tablet,Search Engine,14,5,3,7,53,1,1
3878,C03879,18,Female,Desktop,Direct,13,2,1,4,45,0,0
3879,C03880,34,Male,Desktop,Social Media,10,4,2,4,269,0,0
3880,C03881,20,Female,Desktop,Direct,14,7,1,4,105,0,0
3881,C03882,43,Male,Mobile,Direct,10,6,0,6,179,0,0
3882,C03883,32,Male,Mobile,Direct,5,7,1,6,219,1,1
3883,C03884,53,Male,Desktop,Direct,7,5,1,9,125,1,1
3884,C03885,49,Male,Tablet,Search Engine,13,2,5,6,294,1,1
3885,C03886,49,Female,Mobile,Direct,12,8,3,9,277,0,1
3886,C03887,21,Female,Tablet,Search Engine,12,2,0,1,239,0,0
3887,C03888,35,Male,Desktop,Direct,13,8,5,7,34,0,1
3888,C03889,36,Female,Desktop,Email,3,7,0,0,40,1,0
3889,C03890,52,Male,Tablet,Direct,6,3,1,1,78,1,0
3890,C03891,57,Female,Mobile,Email,12,4,5,6,101,1,1
3891,C03892,31,Female,Tablet,Search Engine,8,7,5,3,137,1,1
3892,C03893,50,Female,Tablet,Social Media,13,4,0,9,132,0,0
3893,C03894,31,Male,Desktop,Search Engine,8,9,0,9,295,0,1
3894,C03895,51,Male,Mobile,Social Media,2,7,4,8,276,0,1
3895,C03896,21,Female,Tablet,Social Media,6,1,0,8,284,0,0
3896,C03897,41,Male,Mobile,Direct,7,1,5,2,254,1,0
3897,C03898,46,Male,Desktop,Social Media,12,4,2,2,70,0,1
3898,C03899,36,Female,Mobile,Search Engine,7,9,0,8,185,1,1
3899,C03900,23,Male,Desktop,Direct,3,4,3,9,250,1,1
3900,C03901,50,Female,Mobile,Social Media,14,5,4,7,240,0,1
3901,C03902,57,Female,Tablet,Search Engine,14,1,3,0,290,1,0
3902,C03903,36,Female,Desktop,Social Media,9,2,3,5,103,1,0
3903,C03904,18,Male,Tablet,Social Media,2,4,2,6,249,0,0
3904,C03905,22,Female,Desktop,Direct,11,4,4,7,241,1,1
3905,C03906,44,Female,Mobile,Direct,3,6,1,1,173,0,0
3906,C03907,33,Male,Mobile,Search Engine,11,6,5,0,73,1,1
3907,C03908,23,Male,Desktop,Direct,2,8,5,3,138,1,1
3908,C03909,57,Male,Desktop,Direct,11,9,0,0,217,1,0
3909,C03910,30,Male,Desktop,Email,9,1,5,1,292,1,0
3910,C03911,52,Female,Mobile,Email,4,1,2,2,217,1,0
3911,C03912,36,Male,Desktop,Search Engine,2,6,5,3,147,0,0
3912,C03913,29,Male,Desktop,Direct,3,4,2,5,111,1,0
3913,C03914,33,Male,Tablet,Search Engine,13,4,1,7,28,1,0
3914,C03915,27,Male,Desktop,Email,4,1,2,8,246,1,1
3915,C03916,42,Female,Tablet,Email,14,9,1,3,65,1,1
3916,C03917,37,Male,Tablet,Email,10,3,1,0,153,0,0
3917,C03918,48,Female,Tablet,Search Engine,13,5,1,4,35,1,1
3918,C03919,21,Male,Mobile,Direct,6,1,2,4,234,1,0
3919,C03920,40,Female,Tablet,Social Media,5,8,1,8,131,1,1
3920,C03921,19,Female,Desktop,Direct,3,3,2,5,176,0,0
3921,C03922,39,Male,Mobile,Search Engine,10,1,4,4,217,1,1
3922,C03923,54,Female,Mobile,Email,8,6,1,9,77,1,1
3923,C03924,25,Male,Mobile,Social Media,8,1,2,9,97,1,1
3924,C03925,24,Female,Mobile,Search Engine,7,3,2,4,261,0,0
3925,C03926,31,Female,Mobile,Email,3,5,2,7,118,1,1
3926,C03927,20,Female,Mobile,Search Engine,14,4,0,0,25,1,0
3927,C03928,33,Male,Mobile,Social Media,1,7,0,4,298,1,0
3928,C03929,36,Female,Tablet,Email,5,6,1,0,231,0,0
3929,C03930,35,Male,Desktop,Direct,1,3,5,6,292,1,1
3930,C03931,33,Female,Desktop,Search Engine,6,8,4,6,103,1,1
3931,C03932,25,Female,Tablet,Social Media,11,8,5,9,131,1,1
3932,C03933,50,Female,Tablet,Direct,7,2,1,7,217,1,0
3933,C03934,29,Female,Mobile,Social Media,12,7,3,6,47,0,1
3934,C03935,28,Female,Mobile,Search Engine,5,1,3,8,160,0,1
3935,C03936,22,Female,Tablet,Social Media,4,2,4,7,192,0,1
3936,C03937,44,Male,Mobile,Email,2,8,4,7,39,1,1
3937,C03938,29,Male,Desktop,Social Media,5,1,4,2,136,0,0
3938,C03939,34,Male,Desktop,Search Engine,9,2,0,9,73,1,1
3939,C03940,23,Female,Mobile,Email,4,1,0,3,246,1,0
3940,C03941,50,Male,Mobile,Social Media,14,5,3,3,128,1,1
3941,C03942,22,Female,Mobile,Social Media,2,7,4,0,250,0,0
3942,C03943,45,Male,Desktop,Email,13,6,2,5,248,0,0
3943,C03944,31,Male,Mobile,Direct,6,6,5,1,106,1,0
3944,C03945,22,Female,Tablet,Direct,8,6,3,8,293,1,1
3945,C03946,50,Female,Mobile,Email,2,8,4,0,247,0,0
3946,C03947,58,Male,Tablet,Social Media,9,5,2,0,90,0,0
3947,C03948,36,Male,Mobile,Direct,7,7,4,9,247,1,1
3948,C03949,39,Male,Mobile,Email,14,3,1,5,132,0,1
3949,C03950,22,Male,Desktop,Search Engine,13,9,2,0,124,1,1
3950,C03951,19,Female,Tablet,Social Media,2,3,5,2,28,0,0
3951,C03952,47,Male,Tablet,Search Engine,11,6,1,9,184,0,1
3952,C03953,56,Female,Tablet,Social Media,5,3,0,1,79,0,0
3953,C03954,21,Female,Desktop,Direct,5,1,3,8,125,1,1
3954,C03955,50,Male,Tablet,Search Engine,7,1,4,4,130,1,0
3955,C03956,30,Female,Desktop,Search Engine,13,3,3,5,108,1,1
3956,C03957,37,Male,Mobile,Email,5,4,5,1,287,1,0
3957,C03958,24,Female,Mobile,Direct,11,2,4,7,249,0,0
3958,C03959,32,Female,Tablet,Direct,14,9,1,5,90,1,1
3959,C03960,40,Male,Mobile,Social Media,6,8,2,7,138,0,1
3960,C03961,31,Female,Mobile,Email,14,3,2,7,122,1,0
3961,C03962,40,Female,Tablet,Email,9,7,4,0,221,1,0
3962,C03963,36,Male,Mobile,Social Media,3,4,1,6,42,1,0
3963,C03964,46,Female,Tablet,Search Engine,3,5,4,1,109,0,0
3964,C03965,37,Female,Tablet,Social Media,8,4,4,7,112,0,1
3965,C03966,46,Male,Mobile,Social Media,10,9,4,1,283,0,1
3966,C03967,41,Male,Mobile,Social Media,12,7,2,3,190,1,1
3967,C03968,35,Female,Mobile,Email,6,4,5,1,240,1,0
3968,C03969,27,Female,Mobile,Social Media,12,8,4,6,43,0,1
3969,C03970,58,Female,Mobile,Social Media,10,2,2,4,221,0,0
3970,C03971,25,Male,Desktop,Social Media,3,7,0,8,143,0,0
3971,C03972,43,Female,Mobile,Direct,2,1,1,4,161,0,0
3972,C03973,46,Female,Desktop,Search Engine,13,8,0,7,71,1,1
3973,C03974,27,Female,Tablet,Search Engine,2,6,4,1,89,1,0
3974,C03975,34,Female,Mobile,Search Engine,2,5,2,2,279,1,0
3975,C03976,19,Female,Mobile,Search Engine,5,9,1,5,205,1,1
3976,C03977,23,Female,Mobile,Email,12,9,3,6,226,1,1
3977,C03978,22,Male,Tablet,Email,5,3,1,9,58,0,0
3978,C03979,45,Male,Desktop,Social Media,1,9,1,7,85,0,1
3979,C03980,58,Female,Desktop,Email,2,9,4,2,32,1,1
3980,C03981,22,Female,Mobile,Search Engine,2,2,0,6,213,0,0
3981,C03982,35,Male,Mobile,Direct,4,5,0,7,152,1,0
3982,C03983,43,Male,Mobile,Social Media,7,2,3,9,214,1,1
3983,C03984,37,Male,Mobile,Social Media,3,1,4,5,97,0,0
3984,C03985,58,Female,Tablet,Search Engine,5,7,1,3,269,0,0
3985,C03986,44,Female,Mobile,Search Engine,11,4,5,5,251,1,1
3986,C03987,29,Female,Tablet,Search Engine,9,5,0,8,199,1,1
3987,C03988,24,Female,Mobile,Email,5,4,0,2,196,0,0
3988,C03989,20,Male,Desktop,Social Media,9,6,2,1,48,0,0
3989,C03990,27,Male,Desktop,Search Engine,1,2,1,4,185,1,0
3990,C03991,51,Male,Mobile,Direct,9,8,4,6,245,0,1
3991,C03992,42,Male,Mobile,Social Media,14,4,0,2,155,1,0
3992,C03993,52,Female,Tablet,Social Media,5,8,4,4,206,1,1
3993,C03994,33,Female,Mobile,Email,8,3,1,3,74,0,0
3994,C03995,19,Male,Mobile,Social Media,5,5,1,6,21,0,1
3995,C03996,41,Male,Mobile,Search Engine,14,3,0,1,36,1,0
3996,C03997,27,Male,Desktop,Search Engine,12,7,3,6,78,0,1
3997,C03998,55,Male,Tablet,Direct,6,3,4,1,107,0,0
3998,C03999,39,Male,Desktop,Social Media,8,8,4,2,242,0,0
3999,C04000,43,Female,Tablet,Social Media,2,9,2,4,291,0,0
4000,C04001,56,Female,Desktop,Email,3,2,1,6,77,0,0
4001,C04002,44,Male,Mobile,Search Engine,11,3,1,5,211,1,1
4002,C04003,46,Male,Desktop,Direct,9,7,0,6,69,0,0
4003,C04004,55,Male,Desktop,Search Engine,5,5,0,5,232,0,0
4004,C04005,37,Female,Tablet,Social Media,5,7,0,0,249,0,0
4005,C04006,44,Female,Tablet,Social Media,9,2,2,4,173,1,0
4006,C04007,58,Female,Desktop,Direct,10,4,3,0,292,1,0
4007,C04008,37,Male,Tablet,Social Media,3,1,0,6,65,1,0
4008,C04009,36,Female,Tablet,Direct,14,5,0,3,137,0,0
4009,C04010,37,Male,Tablet,Direct,4,8,5,4,195,1,1
4010,C04011,52,Female,Tablet,Search Engine,7,1,0,0,87,0,0
4011,C04012,19,Female,Tablet,Direct,2,7,2,7,270,0,1
4012,C04013,47,Female,Desktop,Social Media,8,7,4,3,249,1,1
4013,C04014,51,Male,Tablet,Email,5,7,3,2,219,1,0
4014,C04015,39,Male,Mobile,Email,1,1,4,0,165,1,0
4015,C04016,20,Female,Desktop,Social Media,3,3,5,3,70,1,1
4016,C04017,23,Male,Desktop,Email,9,2,1,2,205,0,0
4017,C04018,32,Male,Desktop,Email,5,5,1,7,218,1,1
4018,C04019,44,Male,Tablet,Direct,8,2,0,8,164,0,0
4019,C04020,27,Male,Mobile,Email,1,5,5,4,78,1,1
4020,C04021,26,Male,Tablet,Email,14,5,4,8,214,1,1
4021,C04022,50,Male,Desktop,Email,7,4,2,0,162,1,0
4022,C04023,49,Male,Desktop,Search Engine,7,7,3,6,242,0,1
4023,C04024,23,Female,Desktop,Social Media,8,6,4,6,119,1,1
4024,C04025,58,Male,Desktop,Direct,3,2,5,5,45,0,0
4025,C04026,53,Male,Tablet,Email,1,4,5,3,33,0,0
4026,C04027,19,Female,Mobile,Social Media,11,7,4,8,141,0,1
4027,C04028,46,Female,Mobile,Email,9,9,3,2,284,0,1
4028,C04029,21,Female,Desktop,Search Engine,1,9,4,0,26,0,0
4029,C04030,18,Female,Mobile,Search Engine,11,3,4,1,238,0,0
4030,C04031,36,Male,Desktop,Email,6,1,3,2,239,0,0
4031,C04032,43,Female,Desktop,Email,9,9,2,1,202,0,0
4032,C04033,42,Female,Mobile,Email,14,8,5,5,127,0,1
4033,C04034,27,Male,Desktop,Search Engine,2,7,3,6,143,1,1
4034,C04035,32,Male,Mobile,Search Engine,4,6,0,4,189,1,0
4035,C04036,39,Male,Desktop,Social Media,2,7,0,4,276,1,0
4036,C04037,38,Female,Mobile,Direct,4,9,0,6,28,0,0
4037,C04038,39,Male,Desktop,Direct,2,6,0,5,299,0,0
4038,C04039,53,Female,Mobile,Search Engine,12,3,1,7,144,1,1
4039,C04040,51,Male,Desktop,Direct,1,3,2,8,181,1,1
4040,C04041,47,Male,Desktop,Email,11,4,1,1,55,0,0
4041,C04042,42,Female,Desktop,Social Media,3,8,4,1,23,1,0
4042,C04043,45,Male,Mobile,Search Engine,8,9,4,0,106,0,1
4043,C04044,18,Male,Tablet,Search Engine,5,8,3,6,283,1,1
4044,C04045,21,Male,Desktop,Direct,4,2,0,3,110,0,0
4045,C04046,24,Male,Desktop,Email,5,4,3,8,77,0,1
4046,C04047,26,Male,Mobile,Social Media,6,4,4,5,159,0,1
4047,C04048,53,Female,Desktop,Direct,6,2,0,6,191,0,0
4048,C04049,36,Female,Desktop,Search Engine,5,8,5,6,279,1,1
4049,C04050,18,Male,Desktop,Search Engine,12,3,2,7,44,0,1
4050,C04051,27,Female,Desktop,Direct,11,2,4,3,217,0,0
4051,C04052,53,Female,Tablet,Email,12,7,5,2,86,1,1
4052,C04053,26,Female,Tablet,Social Media,6,1,3,2,137,1,0
4053,C04054,59,Male,Desktop,Social Media,9,6,5,9,299,1,1
4054,C04055,49,Male,Desktop,Social Media,5,3,3,7,25,0,1
4055,C04056,49,Male,Desktop,Social Media,13,3,4,2,116,0,1
4056,C04057,23,Female,Tablet,Email,6,5,1,7,91,1,1
4057,C04058,55,Female,Tablet,Search Engine,4,3,2,1,277,1,0
4058,C04059,34,Male,Mobile,Search Engine,13,4,5,4,57,1,1
4059,C04060,27,Male,Mobile,Social Media,3,3,5,4,75,0,0
4060,C04061,44,Female,Desktop,Social Media,13,7,4,6,122,1,1
4061,C04062,52,Female,Desktop,Social Media,12,3,4,4,122,1,0
4062,C04063,38,Male,Tablet,Direct,6,4,3,8,235,0,1
4063,C04064,42,Female,Desktop,Direct,11,2,0,2,40,0,0
4064,C04065,45,Female,Desktop,Search Engine,11,2,0,8,134,0,0
4065,C04066,32,Female,Tablet,Search Engine,5,9,0,0,229,1,0
4066,C04067,21,Female,Tablet,Social Media,4,1,3,2,222,0,0
4067,C04068,46,Female,Tablet,Direct,5,1,0,3,207,0,0
4068,C04069,26,Female,Tablet,Email,7,1,4,5,170,1,1
4069,C04070,44,Female,Mobile,Direct,1,3,1,9,210,0,0
4070,C04071,43,Male,Tablet,Search Engine,14,2,1,7,233,1,1
4071,C04072,36,Male,Tablet,Direct,1,3,1,6,61,1,0
4072,C04073,45,Female,Desktop,Search Engine,11,5,0,7,213,0,0
4073,C04074,34,Female,Desktop,Social Media,13,9,1,5,269,1,1
4074,C04075,58,Female,Desktop,Email,1,2,5,5,100,1,0
4075,C04076,59,Male,Mobile,Social Media,2,1,0,5,60,1,0
4076,C04077,37,Male,Tablet,Social Media,9,6,5,2,39,0,1
4077,C04078,57,Female,Tablet,Email,13,3,4,9,28,1,1
4078,C04079,56,Male,Mobile,Email,5,7,5,3,143,1,1
4079,C04080,40,Female,Tablet,Email,14,6,4,5,222,0,1
4080,C04081,49,Female,Desktop,Search Engine,9,7,3,6,97,0,1
4081,C04082,50,Female,Mobile,Social Media,13,5,3,2,229,1,1
4082,C04083,22,Female,Tablet,Search Engine,5,1,5,3,37,1,1
4083,C04084,51,Female,Mobile,Email,14,3,2,5,255,0,1
4084,C04085,57,Female,Mobile,Search Engine,7,3,4,0,219,1,0
4085,C04086,28,Female,Tablet,Email,14,7,0,6,271,0,1
4086,C04087,20,Male,Desktop,Direct,14,3,2,0,258,0,0
4087,C04088,50,Female,Tablet,Email,6,5,4,9,288,0,1
4088,C04089,28,Male,Tablet,Social Media,2,4,0,8,138,1,0
4089,C04090,33,Female,Desktop,Social Media,3,4,4,9,26,0,1
4090,C04091,35,Female,Tablet,Social Media,5,7,4,8,292,0,1
4091,C04092,47,Male,Tablet,Search Engine,4,1,0,8,272,0,0
4092,C04093,27,Male,Tablet,Social Media,14,7,4,3,147,1,1
4093,C04094,35,Female,Mobile,Email,11,8,4,1,111,1,1
4094,C04095,55,Male,Mobile,Direct,6,3,4,6,25,0,0
4095,C04096,36,Female,Mobile,Social Media,8,3,3,3,93,0,0
4096,C04097,53,Female,Tablet,Search Engine,8,4,1,4,75,1,0
4097,C04098,30,Male,Desktop,Direct,3,6,4,0,257,1,0
4098,C04099,20,Male,Mobile,Social Media,4,7,0,9,41,1,1
4099,C04100,27,Male,Desktop,Social Media,1,1,5,5,60,0,0
4100,C04101,55,Male,Tablet,Direct,2,4,4,6,285,1,0
4101,C04102,18,Female,Mobile,Social Media,13,7,3,2,277,0,1
4102,C04103,44,Male,Tablet,Search Engine,9,2,3,9,67,0,0
4103,C04104,25,Male,Desktop,Email,12,1,5,1,158,1,1
4104,C04105,59,Male,Mobile,Email,10,1,4,9,221,0,1
4105,C04106,34,Male,Mobile,Direct,10,6,2,6,159,0,0
4106,C04107,26,Male,Mobile,Email,2,5,5,0,161,1,0
4107,C04108,23,Female,Mobile,Social Media,12,1,1,1,252,0,0
4108,C04109,42,Female,Desktop,Social Media,6,3,0,2,177,0,0
4109,C04110,56,Male,Mobile,Search Engine,14,7,0,3,57,1,1
4110,C04111,45,Male,Tablet,Email,7,9,0,4,94,0,0
4111,C04112,50,Female,Mobile,Direct,6,9,0,3,194,1,0
4112,C04113,54,Male,Desktop,Social Media,8,6,3,9,58,1,1
4113,C04114,26,Female,Mobile,Direct,9,3,1,2,92,0,0
4114,C04115,35,Female,Desktop,Social Media,8,1,4,0,77,0,0
4115,C04116,38,Male,Desktop,Social Media,5,3,4,6,108,1,1
4116,C04117,19,Female,Tablet,Search Engine,8,2,2,9,292,1,1
4117,C04118,55,Male,Mobile,Email,10,5,4,5,153,0,1
4118,C04119,57,Male,Mobile,Search Engine,10,8,1,1,162,0,0
4119,C04120,53,Female,Mobile,Email,9,5,4,1,114,0,0
4120,C04121,54,Female,Tablet,Direct,14,1,3,2,175,1,0
4121,C04122,32,Male,Tablet,Email,8,3,5,7,220,0,1
4122,C04123,45,Female,Desktop,Direct,2,5,4,7,179,0,1
4123,C04124,35,Male,Desktop,Social Media,2,7,0,9,230,0,1
4124,C04125,51,Female,Desktop,Direct,12,5,0,9,191,0,0
4125,C04126,39,Female,Tablet,Direct,3,5,5,9,89,1,1
4126,C04127,28,Male,Tablet,Social Media,7,7,0,9,164,1,1
4127,C04128,30,Male,Tablet,Direct,9,8,0,7,186,0,1
4128,C04129,21,Male,Desktop,Direct,8,8,3,6,136,0,1
4129,C04130,39,Female,Tablet,Social Media,9,7,3,1,204,1,0
4130,C04131,24,Male,Desktop,Social Media,6,3,3,0,222,0,0
4131,C04132,41,Male,Desktop,Social Media,1,2,4,5,181,1,0
4132,C04133,21,Female,Mobile,Email,14,1,5,7,207,1,1
4133,C04134,45,Female,Mobile,Social Media,12,6,0,0,62,1,0
4134,C04135,32,Male,Mobile,Social Media,4,9,2,2,220,1,0
4135,C04136,18,Male,Desktop,Direct,13,3,5,0,250,0,1
4136,C04137,20,Male,Mobile,Search Engine,6,5,2,9,23,1,1
4137,C04138,31,Male,Mobile,Search Engine,12,9,0,8,259,0,1
4138,C04139,55,Female,Mobile,Email,6,9,1,6,225,0,1
4139,C04140,18,Female,Tablet,Email,8,7,5,7,113,1,1
4140,C04141,55,Male,Desktop,Search Engine,1,4,4,8,251,1,1
4141,C04142,55,Male,Mobile,Search Engine,13,2,2,2,179,1,0
4142,C04143,38,Male,Tablet,Social Media,11,2,5,9,132,0,1
4143,C04144,46,Female,Tablet,Direct,2,4,5,1,271,1,0
4144,C04145,22,Male,Tablet,Social Media,2,1,3,5,241,1,0
4145,C04146,27,Male,Mobile,Email,13,4,1,4,113,1,0
4146,C04147,45,Female,Tablet,Search Engine,6,6,3,3,186,0,0
4147,C04148,38,Female,Desktop,Email,14,6,1,5,157,1,1
4148,C04149,24,Male,Tablet,Social Media,14,7,1,5,229,1,1
4149,C04150,20,Male,Tablet,Email,11,5,4,2,275,1,1
4150,C04151,37,Female,Tablet,Email,7,9,5,1,92,0,0
4151,C04152,36,Male,Tablet,Direct,2,2,3,8,233,1,1
4152,C04153,52,Male,Desktop,Email,5,2,3,7,285,0,0
4153,C04154,21,Female,Mobile,Social Media,6,4,2,3,170,0,0
4154,C04155,22,Female,Desktop,Direct,4,4,5,5,254,0,1
4155,C04156,18,Female,Desktop,Email,1,4,0,2,235,0,0
4156,C04157,21,Male,Mobile,Social Media,3,1,0,7,128,0,0
4157,C04158,29,Female,Tablet,Search Engine,14,4,2,2,139,1,0
4158,C04159,44,Female,Mobile,Direct,10,5,1,1,117,1,0
4159,C04160,59,Male,Mobile,Email,9,9,2,6,229,0,1
4160,C04161,40,Male,Desktop,Email,13,3,2,2,51,0,0
4161,C04162,42,Female,Mobile,Direct,6,3,3,8,245,0,1
4162,C04163,38,Female,Tablet,Social Media,2,5,2,2,234,0,0
4163,C04164,41,Male,Desktop,Email,9,6,1,7,142,1,1
4164,C04165,42,Male,Tablet,Social Media,4,3,0,1,166,1,0
4165,C04166,49,Female,Desktop,Direct,11,1,4,8,71,0,1
4166,C04167,49,Female,Tablet,Email,13,8,5,0,199,0,0
4167,C04168,22,Male,Mobile,Search Engine,8,1,2,2,206,0,0
4168,C04169,53,Female,Mobile,Search Engine,10,2,5,1,127,1,0
4169,C04170,59,Male,Mobile,Search Engine,7,3,2,6,145,0,0
4170,C04171,59,Female,Tablet,Direct,12,6,5,4,280,1,1
4171,C04172,56,Male,Desktop,Email,11,4,3,7,213,1,1
4172,C04173,33,Male,Desktop,Direct,3,4,3,1,53,0,0
4173,C04174,50,Female,Desktop,Email,8,9,5,7,295,1,1
4174,C04175,38,Female,Mobile,Search Engine,4,6,2,6,201,0,0
4175,C04176,26,Male,Tablet,Search Engine,2,2,2,4,258,1,0
4176,C04177,23,Female,Desktop,Social Media,11,7,1,1,165,0,0
4177,C04178,52,Female,Tablet,Direct,5,3,0,9,63,0,0
4178,C04179,56,Female,Desktop,Direct,1,9,0,6,278,0,0
4179,C04180,39,Male,Mobile,Social Media,13,6,4,9,38,0,1
4180,C04181,58,Female,Tablet,Search Engine,8,8,0,3,234,0,0
4181,C04182,22,Female,Desktop,Search Engine,14,1,4,3,230,0,1
4182,C04183,59,Male,Desktop,Direct,8,2,3,7,250,1,1
4183,C04184,40,Female,Desktop,Email,3,6,4,5,24,1,0
4184,C04185,34,Female,Desktop,Search Engine,1,3,4,8,288,0,0
4185,C04186,29,Male,Mobile,Social Media,4,1,0,1,181,1,0
4186,C04187,40,Male,Desktop,Social Media,9,6,2,4,235,0,0
4187,C04188,33,Female,Desktop,Social Media,9,5,3,5,293,1,1
4188,C04189,20,Female,Mobile,Direct,1,9,1,7,119,1,1
4189,C04190,47,Male,Desktop,Direct,11,6,4,3,190,0,1
4190,C04191,39,Male,Tablet,Direct,7,5,4,6,271,0,0
4191,C04192,26,Female,Tablet,Direct,6,1,5,6,188,1,0
4192,C04193,46,Female,Desktop,Social Media,14,1,4,3,57,1,1
4193,C04194,54,Female,Mobile,Social Media,7,1,2,0,247,1,0
4194,C04195,40,Male,Mobile,Direct,7,7,1,2,144,1,1
4195,C04196,30,Female,Mobile,Direct,8,6,5,1,297,1,1
4196,C04197,49,Male,Desktop,Social Media,8,5,0,2,156,1,0
4197,C04198,40,Male,Desktop,Direct,10,4,3,4,127,0,0
4198,C04199,34,Male,Tablet,Direct,14,8,2,0,87,1,1
4199,C04200,57,Female,Mobile,Direct,11,8,1,4,123,0,1
4200,C04201,38,Female,Desktop,Direct,2,5,3,1,265,1,0
4201,C04202,19,Female,Desktop,Search Engine,12,4,0,3,184,0,0
4202,C04203,54,Male,Desktop,Direct,12,2,3,5,211,0,1
4203,C04204,23,Female,Mobile,Social Media,12,7,5,8,214,0,1
4204,C04205,35,Male,Mobile,Social Media,4,5,4,9,151,0,1
4205,C04206,47,Male,Tablet,Social Media,4,3,4,5,163,1,1
4206,C04207,39,Male,Mobile,Social Media,13,9,2,9,238,0,1
4207,C04208,50,Male,Desktop,Direct,11,9,3,1,45,0,0
4208,C04209,47,Male,Tablet,Search Engine,10,8,4,7,270,1,1
4209,C04210,34,Male,Mobile,Email,12,1,2,4,114,1,1
4210,C04211,49,Female,Mobile,Email,13,3,2,8,219,1,1
4211,C04212,59,Male,Mobile,Email,8,2,5,9,122,0,1
4212,C04213,31,Female,Mobile,Email,14,4,2,8,212,1,1
4213,C04214,27,Male,Desktop,Social Media,13,2,0,3,21,0,0
4214,C04215,53,Female,Mobile,Direct,13,8,4,0,266,0,1
4215,C04216,51,Female,Desktop,Direct,3,1,4,8,110,0,1
4216,C04217,26,Female,Desktop,Email,12,4,1,8,64,1,1
4217,C04218,59,Female,Desktop,Email,13,5,0,7,22,0,0
4218,C04219,45,Male,Tablet,Search Engine,13,4,4,4,83,0,1
4219,C04220,28,Male,Desktop,Search Engine,12,8,5,4,154,0,1
4220,C04221,31,Male,Mobile,Search Engine,3,2,4,9,297,1,0
4221,C04222,56,Male,Tablet,Social Media,13,9,1,5,195,1,1
4222,C04223,36,Female,Mobile,Direct,2,2,3,0,139,0,0
4223,C04224,32,Female,Desktop,Social Media,1,2,3,8,281,0,0
4224,C04225,45,Female,Mobile,Social Media,8,2,0,4,193,0,0
4225,C04226,41,Male,Tablet,Direct,14,8,2,6,137,0,1
4226,C04227,25,Female,Tablet,Search Engine,9,3,1,7,204,1,1
4227,C04228,26,Male,Mobile,Direct,9,8,1,4,262,0,0
4228,C04229,50,Female,Mobile,Email,11,7,4,2,233,1,1
4229,C04230,50,Female,Mobile,Search Engine,8,4,5,5,140,0,1
4230,C04231,36,Female,Tablet,Direct,5,7,4,6,82,0,1
4231,C04232,20,Female,Desktop,Social Media,1,8,5,3,168,1,1
4232,C04233,27,Female,Mobile,Direct,9,6,1,8,295,0,0
4233,C04234,57,Male,Desktop,Search Engine,6,6,2,3,48,0,0
4234,C04235,59,Female,Tablet,Email,12,3,3,9,244,1,1
4235,C04236,18,Male,Mobile,Social Media,7,5,0,1,192,0,0
4236,C04237,46,Male,Mobile,Email,8,2,5,8,263,1,1
4237,C04238,51,Male,Tablet,Email,13,5,3,3,150,1,0
4238,C04239,30,Male,Mobile,Social Media,5,5,0,3,39,0,0
4239,C04240,18,Male,Desktop,Direct,6,7,2,9,100,1,1
4240,C04241,51,Male,Tablet,Direct,12,4,1,0,254,1,0
4241,C04242,46,Male,Tablet,Email,13,6,2,1,240,0,0
4242,C04243,30,Male,Mobile,Direct,7,9,5,2,189,0,1
4243,C04244,46,Female,Tablet,Search Engine,7,4,1,6,65,0,0
4244,C04245,56,Female,Mobile,Email,2,6,4,8,79,1,1
4245,C04246,41,Male,Mobile,Email,14,9,0,4,115,0,1
4246,C04247,43,Male,Tablet,Email,11,1,4,3,288,1,1
4247,C04248,34,Male,Mobile,Search Engine,12,8,1,1,50,0,0
4248,C04249,24,Female,Desktop,Email,14,1,0,6,135,0,0
4249,C04250,30,Female,Desktop,Direct,1,4,0,5,81,0,0
4250,C04251,22,Male,Mobile,Direct,8,3,4,6,165,1,1
4251,C04252,43,Male,Desktop,Direct,5,4,0,7,72,1,0
4252,C04253,20,Female,Mobile,Direct,10,7,1,8,70,1,1
4253,C04254,24,Female,Desktop,Email,2,9,5,9,188,0,1
4254,C04255,56,Male,Tablet,Search Engine,3,9,5,4,214,0,1
4255,C04256,18,Male,Mobile,Social Media,6,1,1,4,102,0,0
4256,C04257,34,Male,Mobile,Direct,10,1,4,3,153,0,0
4257,C04258,42,Male,Mobile,Social Media,6,9,2,2,287,0,1
4258,C04259,20,Female,Mobile,Social Media,8,4,1,6,100,0,1
4259,C04260,32,Female,Mobile,Email,5,3,5,4,238,0,1
4260,C04261,46,Male,Mobile,Direct,5,9,1,6,21,1,1
4261,C04262,49,Male,Tablet,Direct,7,5,0,1,270,0,0
4262,C04263,43,Male,Tablet,Direct,10,6,0,8,255,0,0
4263,C04264,33,Female,Desktop,Social Media,13,1,1,8,175,1,1
4264,C04265,42,Male,Mobile,Direct,14,1,4,8,56,0,1
4265,C04266,45,Male,Desktop,Direct,5,7,2,4,248,0,0
4266,C04267,26,Male,Desktop,Search Engine,9,8,0,9,164,1,1
4267,C04268,18,Female,Tablet,Email,6,8,5,8,75,0,1
4268,C04269,46,Male,Desktop,Direct,7,7,0,0,140,1,0
4269,C04270,39,Female,Tablet,Direct,12,9,5,1,230,0,1
4270,C04271,33,Male,Desktop,Email,8,1,2,9,279,1,1
4271,C04272,58,Male,Mobile,Email,13,2,0,4,122,0,0
4272,C04273,58,Male,Desktop,Social Media,5,3,4,4,254,1,1
4273,C04274,24,Female,Tablet,Social Media,14,5,5,5,57,0,1
4274,C04275,31,Male,Tablet,Social Media,11,4,0,7,127,1,0
4275,C04276,46,Male,Tablet,Email,4,4,0,0,243,0,0
4276,C04277,36,Female,Desktop,Search Engine,12,8,1,9,203,0,1
4277,C04278,36,Female,Desktop,Direct,8,8,4,8,174,0,1
4278,C04279,19,Female,Tablet,Email,12,7,4,3,51,1,1
4279,C04280,58,Male,Mobile,Search Engine,10,1,1,7,253,1,0
4280,C04281,32,Female,Mobile,Email,9,4,5,4,269,0,0
4281,C04282,20,Male,Desktop,Search Engine,1,1,3,0,77,0,0
4282,C04283,28,Female,Desktop,Email,3,5,2,8,182,1,1
4283,C04284,47,Female,Tablet,Email,12,3,4,7,36,1,1
4284,C04285,57,Female,Desktop,Search Engine,4,3,3,4,273,1,1
4285,C04286,35,Male,Desktop,Search Engine,13,4,5,3,165,1,1
4286,C04287,19,Male,Tablet,Search Engine,7,2,2,7,248,1,1
4287,C04288,49,Male,Tablet,Search Engine,6,7,4,8,259,1,1
4288,C04289,25,Male,Desktop,Search Engine,10,4,0,6,35,0,0
4289,C04290,39,Male,Mobile,Search Engine,10,5,4,3,94,0,1
4290,C04291,23,Male,Desktop,Search Engine,11,2,2,6,279,0,1
4291,C04292,29,Male,Mobile,Search Engine,1,6,3,5,23,1,0
4292,C04293,57,Male,Mobile,Email,4,9,0,2,270,1,1
4293,C04294,53,Male,Mobile,Search Engine,6,8,2,9,104,0,1
4294,C04295,32,Female,Tablet,Search Engine,3,8,5,2,82,0,1
4295,C04296,45,Female,Tablet,Email,2,2,2,0,119,1,0
4296,C04297,35,Male,Tablet,Email,2,4,4,4,262,0,0
4297,C04298,19,Male,Desktop,Social Media,10,8,5,7,181,0,1
4298,C04299,30,Male,Tablet,Social Media,12,1,1,5,197,1,0
4299,C04300,32,Male,Tablet,Search Engine,12,8,1,7,271,0,1
4300,C04301,37,Female,Desktop,Search Engine,4,3,0,6,61,0,0
4301,C04302,46,Female,Desktop,Social Media,13,8,2,1,261,1,1
4302,C04303,59,Male,Mobile,Social Media,1,6,3,7,110,1,0
4303,C04304,46,Female,Desktop,Direct,10,7,0,3,47,1,0
4304,C04305,20,Female,Desktop,Direct,2,2,5,4,174,1,1
4305,C04306,36,Male,Tablet,Search Engine,13,1,0,7,138,0,0
4306,C04307,20,Male,Mobile,Direct,10,6,4,4,239,0,1
4307,C04308,31,Male,Mobile,Social Media,2,3,5,4,283,1,1
4308,C04309,57,Male,Desktop,Search Engine,4,4,3,5,140,1,1
4309,C04310,21,Female,Tablet,Email,4,9,2,6,65,1,1
4310,C04311,28,Male,Tablet,Email,1,3,5,8,299,0,1
4311,C04312,48,Female,Tablet,Social Media,7,2,2,6,134,0,0
4312,C04313,49,Male,Tablet,Direct,7,2,2,5,187,0,1
4313,C04314,44,Female,Desktop,Email,10,2,0,9,265,1,0
4314,C04315,47,Male,Tablet,Direct,11,6,4,3,299,1,1
4315,C04316,19,Male,Mobile,Email,10,2,0,9,253,0,0
4316,C04317,26,Female,Mobile,Direct,10,7,1,1,41,0,0
4317,C04318,45,Female,Desktop,Email,1,7,1,8,221,1,1
4318,C04319,48,Female,Tablet,Email,11,7,2,9,87,1,1
4319,C04320,51,Male,Tablet,Search Engine,8,2,4,4,155,1,1
4320,C04321,32,Female,Tablet,Search Engine,10,7,5,4,250,1,1
4321,C04322,42,Female,Tablet,Social Media,14,8,2,2,77,1,1
4322,C04323,53,Female,Desktop,Email,14,8,5,2,34,1,1
4323,C04324,25,Female,Tablet,Direct,7,2,2,0,283,1,0
4324,C04325,26,Female,Desktop,Email,7,5,0,4,189,1,0
4325,C04326,54,Female,Tablet,Direct,11,6,2,2,188,0,0
4326,C04327,56,Female,Tablet,Direct,6,9,2,1,67,0,0
4327,C04328,49,Female,Mobile,Email,12,6,4,8,115,0,1
4328,C04329,34,Female,Desktop,Direct,4,6,4,9,63,1,1
4329,C04330,52,Male,Mobile,Social Media,11,6,5,5,259,0,1
4330,C04331,54,Male,Desktop,Search Engine,8,9,4,2,89,0,1
4331,C04332,36,Female,Tablet,Direct,2,7,2,6,272,0,0
4332,C04333,46,Male,Tablet,Email,7,1,4,8,85,1,1
4333,C04334,24,Male,Desktop,Search Engine,3,1,4,8,50,1,1
4334,C04335,45,Female,Mobile,Social Media,14,4,3,0,233,1,1
4335,C04336,26,Female,Desktop,Direct,3,2,3,1,200,0,0
4336,C04337,45,Female,Desktop,Direct,14,3,1,7,221,0,1
4337,C04338,23,Female,Tablet,Search Engine,7,7,0,0,87,1,0
4338,C04339,46,Female,Mobile,Direct,12,7,0,2,44,0,0
4339,C04340,34,Female,Desktop,Email,3,3,4,6,267,0,1
4340,C04341,33,Male,Mobile,Search Engine,5,2,1,7,179,1,0
4341,C04342,40,Female,Mobile,Search Engine,8,1,1,4,299,1,0
4342,C04343,48,Male,Desktop,Direct,14,9,5,1,276,1,1
4343,C04344,20,Female,Mobile,Social Media,13,3,3,2,130,1,0
4344,C04345,38,Female,Tablet,Social Media,4,9,1,8,66,1,1
4345,C04346,43,Male,Tablet,Social Media,7,4,2,9,198,1,1
4346,C04347,53,Female,Tablet,Social Media,7,6,5,6,55,1,1
4347,C04348,59,Female,Tablet,Search Engine,2,7,4,0,217,1,0
4348,C04349,54,Male,Mobile,Search Engine,14,6,2,2,61,1,1
4349,C04350,39,Female,Tablet,Direct,8,1,0,8,109,1,1
4350,C04351,59,Male,Desktop,Social Media,10,6,3,6,87,1,1
4351,C04352,29,Female,Tablet,Social Media,12,6,2,1,89,1,0
4352,C04353,59,Female,Desktop,Direct,10,5,4,5,129,0,1
4353,C04354,30,Male,Desktop,Direct,14,3,2,8,41,1,1
4354,C04355,28,Female,Tablet,Direct,9,3,2,3,296,0,0
4355,C04356,33,Male,Tablet,Email,6,7,1,9,214,0,1
4356,C04357,25,Male,Mobile,Direct,14,8,3,1,64,0,1
4357,C04358,57,Male,Desktop,Direct,5,3,0,2,130,1,0
4358,C04359,57,Female,Tablet,Email,1,3,4,6,228,1,0
4359,C04360,19,Female,Mobile,Social Media,1,7,5,3,249,1,1
4360,C04361,47,Male,Tablet,Search Engine,9,7,5,6,197,1,1
4361,C04362,47,Female,Tablet,Social Media,14,9,4,4,269,0,1
4362,C04363,29,Female,Tablet,Search Engine,4,6,0,7,30,0,0
4363,C04364,27,Female,Desktop,Search Engine,1,7,4,7,271,1,1
4364,C04365,28,Male,Tablet,Direct,11,1,1,4,254,1,0
4365,C04366,32,Female,Mobile,Direct,10,7,5,6,155,1,1
4366,C04367,33,Male,Tablet,Email,12,2,5,5,273,1,1
4367,C04368,34,Female,Tablet,Social Media,3,7,2,7,73,0,0
4368,C04369,43,Female,Mobile,Social Media,6,3,1,8,148,1,1
4369,C04370,19,Male,Mobile,Search Engine,14,9,5,4,245,0,1
4370,C04371,29,Female,Desktop,Direct,11,5,1,6,39,1,0
4371,C04372,43,Male,Desktop,Direct,13,7,1,0,119,1,0
4372,C04373,40,Female,Desktop,Social Media,13,8,0,7,76,1,1
4373,C04374,35,Male,Desktop,Email,11,2,5,2,245,1,1
4374,C04375,49,Female,Mobile,Direct,8,1,3,0,160,1,0
4375,C04376,55,Female,Tablet,Email,13,7,0,5,144,1,1
4376,C04377,20,Female,Tablet,Social Media,10,6,0,7,71,0,1
4377,C04378,55,Male,Tablet,Social Media,2,6,1,2,153,0,0
4378,C04379,20,Male,Desktop,Email,8,2,3,0,172,1,0
4379,C04380,47,Male,Mobile,Direct,14,3,0,2,205,0,0
4380,C04381,18,Female,Mobile,Social Media,13,4,3,4,258,1,1
4381,C04382,47,Male,Mobile,Search Engine,1,3,5,7,202,0,1
4382,C04383,49,Male,Tablet,Social Media,11,2,1,8,22,1,0
4383,C04384,45,Male,Desktop,Direct,2,3,0,8,215,0,0
4384,C04385,38,Male,Mobile,Search Engine,8,6,3,3,185,1,1
4385,C04386,30,Male,Desktop,Social Media,7,9,4,7,160,0,1
4386,C04387,44,Male,Mobile,Direct,5,4,0,4,130,0,0
4387,C04388,53,Male,Desktop,Direct,13,6,0,2,280,1,0
4388,C04389,24,Male,Mobile,Social Media,10,1,0,4,207,1,0
4389,C04390,39,Male,Desktop,Direct,2,6,3,1,292,1,0
4390,C04391,27,Male,Mobile,Email,9,3,2,5,204,1,1
4391,C04392,56,Female,Mobile,Search Engine,5,9,5,0,111,1,1
4392,C04393,32,Female,Desktop,Email,8,4,0,5,213,0,0
4393,C04394,32,Male,Desktop,Social Media,13,7,4,4,66,1,1
4394,C04395,21,Female,Tablet,Email,4,4,4,8,163,1,1
4395,C04396,49,Female,Desktop,Social Media,14,6,1,6,168,0,0
4396,C04397,40,Male,Mobile,Social Media,9,7,2,5,139,0,1
4397,C04398,23,Male,Mobile,Direct,10,2,2,6,153,0,0
4398,C04399,41,Male,Desktop,Direct,7,6,3,9,216,1,1
4399,C04400,37,Female,Tablet,Social Media,2,8,1,4,56,1,0
4400,C04401,54,Male,Desktop,Search Engine,3,6,3,0,206,0,0
4401,C04402,37,Female,Mobile,Search Engine,14,2,1,8,232,0,1
4402,C04403,29,Male,Mobile,Search Engine,2,4,5,4,129,1,1
4403,C04404,50,Female,Tablet,Email,5,1,2,3,206,0,0
4404,C04405,45,Female,Desktop,Social Media,2,7,5,5,97,1,1
4405,C04406,25,Male,Mobile,Direct,5,8,3,4,144,0,0
4406,C04407,18,Male,Mobile,Email,13,2,1,0,21,0,0
4407,C04408,54,Female,Mobile,Email,9,5,2,1,90,1,0
4408,C04409,39,Female,Desktop,Direct,2,8,2,3,231,0,1
4409,C04410,23,Male,Desktop,Social Media,9,8,0,7,27,0,1
4410,C04411,38,Male,Tablet,Email,7,5,3,4,203,1,0
4411,C04412,49,Female,Mobile,Social Media,7,8,0,6,183,1,1
4412,C04413,52,Male,Mobile,Social Media,14,6,2,1,288,0,0
4413,C04414,32,Female,Tablet,Social Media,5,5,3,7,100,1,1
4414,C04415,22,Male,Mobile,Direct,8,4,3,4,281,1,1
4415,C04416,23,Male,Tablet,Social Media,7,5,5,3,294,1,1
4416,C04417,42,Male,Tablet,Email,6,4,4,8,124,0,0
4417,C04418,57,Female,Mobile,Direct,2,1,1,5,47,0,0
4418,C04419,46,Male,Desktop,Direct,6,3,4,3,66,0,0
4419,C04420,24,Female,Desktop,Email,14,8,4,7,74,0,1
4420,C04421,57,Male,Desktop,Direct,2,7,2,2,98,0,0
4421,C04422,30,Female,Desktop,Email,1,7,5,9,20,0,1
4422,C04423,55,Female,Mobile,Search Engine,9,3,1,1,187,0,0
4423,C04424,35,Male,Tablet,Email,13,9,4,6,42,1,1
4424,C04425,19,Female,Tablet,Direct,5,6,4,3,247,1,0
4425,C04426,25,Female,Mobile,Email,10,8,3,3,279,0,0
4426,C04427,28,Female,Desktop,Search Engine,10,8,2,9,283,0,1
4427,C04428,50,Female,Tablet,Social Media,4,3,4,8,183,1,1
4428,C04429,55,Male,Mobile,Social Media,12,4,1,1,29,0,0
4429,C04430,44,Male,Mobile,Social Media,11,6,0,0,135,0,0
4430,C04431,37,Male,Desktop,Direct,8,2,0,6,177,0,0
4431,C04432,29,Female,Mobile,Search Engine,5,7,2,7,291,1,1
4432,C04433,48,Female,Tablet,Email,14,2,0,2,177,1,0
4433,C04434,44,Male,Tablet,Email,7,5,3,1,221,1,0
4434,C04435,49,Male,Mobile,Email,3,4,3,3,140,0,0
4435,C04436,27,Female,Tablet,Email,8,9,1,1,158,1,0
4436,C04437,20,Male,Mobile,Direct,8,2,5,1,181,1,1
4437,C04438,44,Male,Tablet,Direct,3,7,2,4,227,0,0
4438,C04439,52,Female,Desktop,Search Engine,9,7,2,9,74,0,1
4439,C04440,48,Male,Tablet,Email,14,7,0,4,279,0,0
4440,C04441,32,Female,Desktop,Social Media,8,1,4,7,63,0,0
4441,C04442,33,Male,Desktop,Direct,1,8,4,8,178,1,1
4442,C04443,30,Female,Mobile,Search Engine,8,2,5,1,117,1,0
4443,C04444,52,Female,Desktop,Search Engine,12,5,4,0,45,0,0
4444,C04445,28,Female,Tablet,Direct,11,2,5,2,217,0,0
4445,C04446,38,Female,Tablet,Social Media,4,5,1,5,116,0,0
4446,C04447,28,Female,Desktop,Social Media,6,7,2,4,258,0,0
4447,C04448,47,Male,Mobile,Email,14,6,0,7,31,0,1
4448,C04449,52,Male,Desktop,Direct,13,5,1,7,64,1,1
4449,C04450,39,Male,Tablet,Social Media,10,4,3,1,28,0,0
4450,C04451,55,Female,Tablet,Direct,9,8,3,8,20,1,1
4451,C04452,48,Male,Desktop,Search Engine,5,8,3,3,229,0,0
4452,C04453,31,Female,Desktop,Search Engine,7,1,5,0,73,1,0
4453,C04454,41,Female,Desktop,Search Engine,13,2,5,1,123,0,0
4454,C04455,49,Male,Tablet,Direct,1,3,2,5,171,0,0
4455,C04456,53,Female,Tablet,Email,9,1,3,4,29,1,1
4456,C04457,49,Male,Tablet,Email,14,3,5,6,59,1,1
4457,C04458,32,Female,Mobile,Social Media,6,8,5,8,63,1,1
4458,C04459,52,Female,Tablet,Direct,11,4,4,5,287,1,1
4459,C04460,20,Male,Tablet,Email,4,7,5,5,297,1,1
4460,C04461,33,Female,Mobile,Direct,6,7,3,1,174,1,1
4461,C04462,22,Male,Mobile,Email,5,5,1,6,101,1,0
4462,C04463,38,Female,Mobile,Search Engine,3,1,3,1,216,1,0
4463,C04464,27,Male,Mobile,Search Engine,7,4,4,6,71,0,1
4464,C04465,36,Female,Mobile,Social Media,3,7,3,7,242,0,1
4465,C04466,42,Male,Mobile,Search Engine,13,5,0,0,78,0,0
4466,C04467,21,Male,Desktop,Email,14,2,4,8,295,1,1
4467,C04468,46,Female,Desktop,Social Media,13,8,2,7,295,1,1
4468,C04469,36,Male,Desktop,Social Media,2,2,3,8,129,0,0
4469,C04470,19,Female,Desktop,Search Engine,14,8,5,4,49,1,1
4470,C04471,27,Female,Tablet,Direct,4,2,1,3,126,0,0
4471,C04472,42,Male,Mobile,Search Engine,7,5,3,0,114,1,0
4472,C04473,37,Male,Tablet,Search Engine,5,4,1,8,226,1,1
4473,C04474,36,Male,Mobile,Social Media,14,1,0,3,191,1,0
4474,C04475,40,Male,Mobile,Search Engine,9,8,2,3,98,1,1
4475,C04476,41,Male,Tablet,Email,10,3,5,3,269,0,0
4476,C04477,28,Female,Desktop,Social Media,7,4,4,1,237,0,0
4477,C04478,51,Male,Tablet,Search Engine,12,4,4,3,76,0,1
4478,C04479,45,Female,Tablet,Direct,14,5,2,1,166,1,0
4479,C04480,22,Male,Mobile,Email,9,3,0,7,253,0,0
4480,C04481,22,Male,Mobile,Direct,14,9,0,6,36,0,1
4481,C04482,38,Male,Mobile,Email,9,4,3,9,216,0,1
4482,C04483,29,Female,Desktop,Direct,12,4,0,1,208,0,0
4483,C04484,21,Male,Tablet,Search Engine,2,6,3,1,151,0,0
4484,C04485,59,Female,Tablet,Email,1,8,1,1,267,0,0
4485,C04486,37,Female,Desktop,Social Media,11,7,2,0,169,1,0
4486,C04487,55,Female,Tablet,Social Media,4,4,1,5,221,1,0
4487,C04488,42,Male,Tablet,Direct,4,4,1,5,232,1,0
4488,C04489,31,Female,Mobile,Direct,13,5,1,0,236,1,0
4489,C04490,28,Male,Desktop,Direct,2,5,1,0,25,0,0
4490,C04491,49,Female,Mobile,Email,3,1,4,5,177,0,0
4491,C04492,28,Male,Desktop,Social Media,3,8,0,5,94,1,1
4492,C04493,35,Female,Mobile,Search Engine,5,5,2,3,270,0,0
4493,C04494,44,Male,Tablet,Email,1,3,2,2,65,0,0
4494,C04495,35,Male,Desktop,Direct,9,3,5,8,248,0,1
4495,C04496,40,Male,Desktop,Social Media,8,4,1,5,201,1,0
4496,C04497,28,Female,Mobile,Direct,8,7,2,0,102,0,0
4497,C04498,38,Female,Desktop,Search Engine,3,5,3,2,164,1,0
4498,C04499,22,Male,Tablet,Search Engine,2,1,2,0,69,1,0
4499,C04500,40,Female,Tablet,Social Media,1,5,1,2,119,0,0
4500,C04501,58,Female,Tablet,Email,12,5,2,1,239,1,1
4501,C04502,42,Female,Mobile,Search Engine,6,6,0,4,158,1,0
4502,C04503,58,Female,Desktop,Search Engine,13,7,1,2,33,1,0
4503,C04504,27,Female,Mobile,Search Engine,10,5,4,6,32,1,1
4504,C04505,39,Female,Tablet,Search Engine,1,2,0,7,269,1,0
4505,C04506,36,Female,Desktop,Direct,14,2,2,6,191,0,0
4506,C04507,18,Male,Tablet,Direct,11,4,4,1,125,0,1
4507,C04508,24,Male,Desktop,Email,5,1,5,9,208,1,1
4508,C04509,21,Female,Desktop,Social Media,9,7,0,9,36,1,1
4509,C04510,18,Male,Mobile,Social Media,11,1,5,6,69,1,1
4510,C04511,32,Male,Desktop,Social Media,9,3,3,9,268,1,1
4511,C04512,57,Male,Tablet,Search Engine,13,7,0,2,246,1,0
4512,C04513,29,Female,Desktop,Direct,12,6,4,6,98,1,1
4513,C04514,39,Female,Tablet,Direct,4,7,5,0,291,1,1
4514,C04515,39,Female,Mobile,Email,7,5,3,1,232,0,0
4515,C04516,34,Female,Tablet,Social Media,14,8,5,9,36,1,1
4516,C04517,46,Female,Desktop,Direct,11,6,2,0,270,0,0
4517,C04518,31,Male,Tablet,Email,7,4,1,8,103,0,1
4518,C04519,37,Female,Tablet,Social Media,4,1,5,1,216,1,0
4519,C04520,50,Male,Desktop,Search Engine,5,2,2,1,284,0,0
4520,C04521,32,Female,Tablet,Direct,11,6,1,5,37,1,1
4521,C04522,29,Male,Desktop,Direct,9,4,1,6,240,0,0
4522,C04523,57,Female,Mobile,Social Media,7,3,4,1,254,0,0
4523,C04524,37,Female,Tablet,Search Engine,7,7,3,3,195,1,1
4524,C04525,47,Female,Mobile,Search Engine,10,7,3,2,91,0,0
4525,C04526,55,Female,Tablet,Direct,7,2,0,4,110,0,0
4526,C04527,20,Female,Tablet,Social Media,9,8,2,8,42,0,1
4527,C04528,45,Female,Mobile,Email,5,1,4,1,232,0,0
4528,C04529,43,Male,Tablet,Direct,6,7,5,4,147,1,1
4529,C04530,47,Female,Tablet,Search Engine,3,1,2,7,78,0,0
4530,C04531,30,Male,Mobile,Email,1,3,5,5,104,1,1
4531,C04532,30,Female,Tablet,Social Media,11,3,5,3,248,1,1
4532,C04533,19,Male,Desktop,Search Engine,12,2,5,9,287,1,1
4533,C04534,54,Male,Tablet,Email,2,5,0,7,131,1,0
4534,C04535,55,Male,Tablet,Direct,8,4,0,2,135,0,0
4535,C04536,19,Male,Tablet,Search Engine,13,6,4,3,257,0,0
4536,C04537,53,Male,Mobile,Social Media,1,2,0,8,71,0,0
4537,C04538,43,Male,Desktop,Search Engine,10,4,4,4,103,0,0
4538,C04539,28,Female,Desktop,Direct,7,7,0,5,130,1,0
4539,C04540,25,Male,Tablet,Social Media,5,1,3,1,219,1,0
4540,C04541,57,Female,Mobile,Direct,13,3,4,8,238,0,1
4541,C04542,39,Female,Mobile,Email,6,1,3,7,248,1,0
4542,C04543,37,Male,Desktop,Search Engine,8,2,3,6,40,1,1
4543,C04544,25,Male,Mobile,Direct,4,9,4,8,195,1,1
4544,C04545,46,Female,Tablet,Email,6,5,2,4,75,1,0
4545,C04546,57,Male,Tablet,Social Media,14,4,1,4,162,1,0
4546,C04547,43,Male,Mobile,Social Media,11,4,0,8,245,1,0
4547,C04548,47,Male,Tablet,Email,3,8,5,4,27,1,1
4548,C04549,34,Male,Desktop,Email,7,3,0,8,143,1,0
4549,C04550,37,Male,Tablet,Social Media,2,4,5,0,265,1,0
4550,C04551,33,Male,Mobile,Direct,12,2,2,9,120,0,1
4551,C04552,24,Male,Desktop,Email,8,6,1,9,112,0,1
4552,C04553,33,Female,Tablet,Direct,13,9,2,7,273,1,1
4553,C04554,44,Male,Desktop,Social Media,7,4,1,2,99,0,0
4554,C04555,40,Female,Mobile,Direct,12,6,4,7,50,1,1
4555,C04556,41,Female,Tablet,Direct,12,4,4,4,31,1,1
4556,C04557,26,Female,Tablet,Email,8,2,5,1,146,0,0
4557,C04558,52,Female,Desktop,Direct,2,6,3,8,206,0,1
4558,C04559,37,Male,Tablet,Direct,3,7,3,3,88,1,1
4559,C04560,54,Female,Tablet,Direct,12,4,5,6,30,1,1
4560,C04561,59,Female,Tablet,Social Media,4,7,4,7,42,0,1
4561,C04562,34,Female,Tablet,Social Media,12,8,5,6,228,1,1
4562,C04563,48,Female,Mobile,Search Engine,9,3,3,5,234,0,1
4563,C04564,25,Female,Tablet,Social Media,12,2,5,6,142,1,1
4564,C04565,32,Male,Desktop,Social Media,12,5,4,3,92,1,1
4565,C04566,48,Male,Mobile,Search Engine,5,2,2,9,229,0,0
4566,C04567,47,Female,Desktop,Search Engine,6,5,0,0,293,1,0
4567,C04568,37,Male,Desktop,Email,1,6,4,4,113,0,0
4568,C04569,56,Male,Desktop,Email,4,8,5,7,255,1,1
4569,C04570,29,Female,Mobile,Social Media,14,6,4,9,173,0,1
4570,C04571,34,Female,Mobile,Direct,4,4,4,5,293,1,0
4571,C04572,59,Female,Mobile,Email,10,3,3,4,232,0,1
4572,C04573,47,Male,Tablet,Email,8,2,5,1,147,0,0
4573,C04574,46,Female,Desktop,Social Media,8,1,3,9,252,0,1
4574,C04575,36,Male,Mobile,Direct,10,2,5,4,60,0,1
4575,C04576,28,Male,Desktop,Search Engine,6,2,3,9,62,0,0
4576,C04577,51,Male,Mobile,Search Engine,8,5,3,2,289,0,0
4577,C04578,24,Female,Mobile,Social Media,9,9,2,1,47,1,1
4578,C04579,51,Male,Mobile,Social Media,5,1,4,2,289,0,0
4579,C04580,37,Female,Desktop,Direct,1,4,2,3,93,1,0
4580,C04581,55,Female,Tablet,Social Media,1,7,3,1,164,1,0
4581,C04582,41,Female,Mobile,Social Media,2,3,2,3,181,0,0
4582,C04583,27,Female,Mobile,Social Media,2,8,4,3,265,1,1
4583,C04584,49,Female,Mobile,Direct,5,3,4,5,289,1,1
4584,C04585,32,Male,Tablet,Social Media,7,8,3,4,230,0,1
4585,C04586,54,Male,Desktop,Email,7,2,4,6,299,0,0
4586,C04587,37,Male,Desktop,Direct,4,5,2,6,242,0,0
4587,C04588,20,Male,Desktop,Email,13,4,1,2,89,0,0
4588,C04589,54,Male,Desktop,Direct,4,9,4,8,39,1,1
4589,C04590,57,Female,Mobile,Email,14,3,2,6,140,0,0
4590,C04591,25,Female,Tablet,Direct,14,5,2,6,192,0,0
4591,C04592,57,Male,Mobile,Search Engine,11,9,2,1,53,0,1
4592,C04593,40,Male,Tablet,Social Media,10,6,4,9,90,1,1
4593,C04594,57,Male,Desktop,Social Media,3,2,1,2,52,1,0
4594,C04595,28,Female,Tablet,Direct,11,1,3,2,281,0,0
4595,C04596,25,Female,Mobile,Email,2,1,3,5,291,0,0
4596,C04597,46,Female,Mobile,Search Engine,3,7,4,3,128,0,1
4597,C04598,47,Male,Desktop,Email,8,2,4,3,42,1,0
4598,C04599,27,Male,Mobile,Social Media,1,7,0,0,165,1,0
4599,C04600,56,Male,Mobile,Social Media,4,1,5,5,33,1,0
4600,C04601,45,Male,Tablet,Email,7,4,1,7,55,1,1
4601,C04602,53,Female,Mobile,Direct,5,4,2,7,290,0,1
4602,C04603,30,Male,Desktop,Direct,2,5,5,7,280,1,1
4603,C04604,49,Male,Desktop,Email,1,1,2,4,72,0,0
4604,C04605,53,Male,Mobile,Social Media,6,7,5,9,67,0,1
4605,C04606,54,Female,Desktop,Email,13,2,3,5,30,0,1
4606,C04607,43,Female,Tablet,Social Media,13,2,5,4,277,0,1
4607,C04608,39,Male,Tablet,Email,5,8,4,3,299,1,1
4608,C04609,21,Female,Mobile,Direct,3,9,1,3,229,0,0
4609,C04610,48,Female,Mobile,Search Engine,11,6,3,3,31,1,0
4610,C04611,35,Female,Tablet,Social Media,11,1,5,3,270,1,1
4611,C04612,55,Female,Desktop,Search Engine,11,1,1,5,179,1,0
4612,C04613,41,Female,Mobile,Direct,9,7,4,5,55,0,1
4613,C04614,40,Male,Mobile,Email,3,8,2,4,168,0,0
4614,C04615,39,Male,Desktop,Direct,2,3,0,8,217,0,0
4615,C04616,19,Male,Mobile,Search Engine,5,9,1,7,265,0,0
4616,C04617,48,Female,Desktop,Direct,9,4,2,9,223,0,1
4617,C04618,28,Female,Desktop,Direct,8,4,1,5,63,1,0
4618,C04619,45,Female,Desktop,Email,6,3,1,8,225,0,0
4619,C04620,49,Female,Desktop,Search Engine,3,8,1,4,260,1,1
4620,C04621,22,Male,Desktop,Search Engine,6,9,4,9,60,1,1
4621,C04622,55,Male,Tablet,Search Engine,5,1,3,3,95,1,0
4622,C04623,27,Male,Desktop,Social Media,1,2,1,5,221,1,0
4623,C04624,57,Male,Tablet,Direct,5,1,4,3,114,0,0
4624,C04625,41,Male,Desktop,Search Engine,14,4,0,7,47,0,1
4625,C04626,52,Male,Mobile,Direct,7,7,3,6,163,0,1
4626,C04627,40,Female,Tablet,Email,9,7,4,4,78,1,1
4627,C04628,34,Female,Mobile,Email,12,6,0,9,148,1,1
4628,C04629,18,Male,Desktop,Social Media,1,5,3,5,20,1,1
4629,C04630,48,Female,Desktop,Social Media,3,4,4,6,41,1,1
4630,C04631,48,Male,Mobile,Email,8,8,0,1,245,1,0
4631,C04632,59,Male,Desktop,Search Engine,6,7,4,8,223,1,1
4632,C04633,59,Female,Mobile,Email,13,1,0,6,206,0,0
4633,C04634,51,Male,Desktop,Direct,5,6,1,7,46,1,0
4634,C04635,26,Male,Desktop,Social Media,13,2,1,4,148,0,1
4635,C04636,39,Male,Tablet,Social Media,10,4,3,2,114,0,0
4636,C04637,30,Female,Mobile,Email,2,5,0,1,85,0,0
4637,C04638,42,Female,Desktop,Search Engine,3,8,1,1,196,1,1
4638,C04639,35,Female,Mobile,Search Engine,12,6,3,2,294,0,0
4639,C04640,29,Female,Tablet,Direct,2,2,2,0,175,0,0
4640,C04641,57,Male,Mobile,Social Media,1,5,1,0,38,1,0
4641,C04642,34,Female,Tablet,Email,7,5,1,6,77,0,0
4642,C04643,32,Female,Mobile,Email,14,6,5,9,292,0,1
4643,C04644,59,Female,Mobile,Social Media,3,1,4,7,217,1,1
4644,C04645,32,Male,Tablet,Email,7,8,2,5,98,1,1
4645,C04646,32,Female,Desktop,Social Media,12,3,0,6,60,1,0
4646,C04647,56,Female,Desktop,Search Engine,7,5,3,0,245,0,0
4647,C04648,30,Male,Desktop,Search Engine,8,7,2,0,280,0,0
4648,C04649,34,Male,Mobile,Email,1,3,0,8,264,1,0
4649,C04650,49,Male,Mobile,Search Engine,5,6,1,4,42,0,0
4650,C04651,26,Male,Desktop,Search Engine,10,5,5,6,216,1,1
4651,C04652,57,Female,Mobile,Direct,9,7,3,5,255,1,1
4652,C04653,37,Male,Mobile,Social Media,12,3,3,3,145,1,0
4653,C04654,43,Female,Desktop,Social Media,11,2,2,0,285,0,0
4654,C04655,44,Female,Tablet,Email,7,4,4,3,159,0,0
4655,C04656,38,Female,Mobile,Social Media,1,3,0,9,146,0,0
4656,C04657,35,Female,Mobile,Direct,8,4,5,9,133,1,1
4657,C04658,30,Female,Mobile,Email,3,7,5,7,32,1,1
4658,C04659,33,Male,Mobile,Email,13,5,2,0,247,0,0
4659,C04660,26,Female,Tablet,Social Media,4,4,4,1,28,0,0
4660,C04661,29,Female,Desktop,Search Engine,4,6,4,7,165,0,1
4661,C04662,55,Female,Mobile,Search Engine,10,7,4,1,182,1,1
4662,C04663,36,Male,Desktop,Search Engine,14,5,3,9,242,1,1
4663,C04664,24,Female,Mobile,Search Engine,12,7,0,8,235,0,1
4664,C04665,52,Female,Tablet,Direct,8,3,0,2,188,0,0
4665,C04666,35,Male,Desktop,Email,1,7,2,2,45,0,0
4666,C04667,33,Female,Tablet,Search Engine,8,3,1,5,144,0,0
4667,C04668,56,Female,Mobile,Direct,9,6,2,2,269,1,0
4668,C04669,21,Male,Tablet,Email,9,8,0,8,29,0,1
4669,C04670,42,Female,Tablet,Social Media,5,6,3,7,124,0,1
4670,C04671,49,Female,Mobile,Social Media,4,3,2,3,125,1,0
4671,C04672,57,Female,Mobile,Direct,4,5,1,5,20,1,1
4672,C04673,30,Female,Desktop,Email,9,9,5,7,201,0,1
4673,C04674,34,Female,Mobile,Search Engine,8,8,2,3,160,1,0
4674,C04675,54,Male,Desktop,Email,10,6,4,4,249,0,1
4675,C04676,23,Male,Tablet,Search Engine,10,9,1,6,83,0,0
4676,C04677,36,Male,Tablet,Direct,12,2,4,7,97,0,1
4677,C04678,30,Female,Desktop,Search Engine,7,9,3,6,251,1,1
4678,C04679,43,Female,Mobile,Direct,12,6,0,7,106,0,1
4679,C04680,31,Female,Mobile,Email,3,9,2,3,202,0,0
4680,C04681,48,Male,Tablet,Email,4,4,2,0,165,1,0
4681,C04682,21,Female,Desktop,Search Engine,9,5,4,5,111,1,1
4682,C04683,56,Female,Tablet,Email,14,2,4,4,142,1,1
4683,C04684,25,Female,Tablet,Search Engine,13,3,0,3,295,0,0
4684,C04685,42,Male,Mobile,Email,8,1,2,1,83,0,0
4685,C04686,30,Male,Desktop,Social Media,12,4,0,0,238,0,0
4686,C04687,49,Female,Tablet,Search Engine,12,2,4,8,211,0,1
4687,C04688,55,Female,Mobile,Direct,1,2,5,1,126,0,0
4688,C04689,55,Female,Tablet,Social Media,3,1,4,8,266,1,1
4689,C04690,45,Male,Tablet,Direct,14,2,1,5,76,1,0
4690,C04691,47,Male,Mobile,Email,12,4,4,5,64,0,1
4691,C04692,20,Male,Mobile,Social Media,10,6,4,1,105,0,0
4692,C04693,45,Female,Desktop,Email,2,7,5,5,57,0,1
4693,C04694,20,Male,Tablet,Search Engine,2,7,0,2,201,0,0
4694,C04695,51,Female,Desktop,Direct,13,7,1,6,183,0,1
4695,C04696,33,Female,Mobile,Email,13,4,1,9,264,0,1
4696,C04697,39,Male,Mobile,Direct,8,5,2,3,145,0,0
4697,C04698,49,Female,Tablet,Direct,6,3,5,8,226,0,1
4698,C04699,55,Male,Desktop,Email,12,1,3,4,286,1,0
4699,C04700,25,Female,Desktop,Search Engine,12,8,2,9,106,1,1
4700,C04701,25,Female,Tablet,Direct,12,7,2,2,164,0,0
4701,C04702,23,Male,Tablet,Email,13,9,2,0,141,0,0
4702,C04703,31,Female,Desktop,Search Engine,6,4,1,0,117,0,0
4703,C04704,49,Female,Mobile,Email,4,5,0,3,152,1,1
4704,C04705,52,Female,Mobile,Search Engine,1,5,4,9,84,1,1
4705,C04706,27,Female,Tablet,Direct,11,7,1,9,218,0,1
4706,C04707,20,Female,Desktop,Social Media,7,9,4,3,144,0,0
4707,C04708,29,Female,Desktop,Email,8,8,4,8,227,0,1
4708,C04709,48,Female,Desktop,Direct,2,7,3,7,227,0,1
4709,C04710,46,Female,Mobile,Email,2,1,2,3,140,0,0
4710,C04711,22,Male,Mobile,Email,1,6,3,5,161,1,0
4711,C04712,42,Male,Desktop,Search Engine,4,9,2,6,76,0,1
4712,C04713,58,Female,Desktop,Email,6,7,1,9,164,0,1
4713,C04714,48,Female,Tablet,Search Engine,14,1,4,7,63,1,1
4714,C04715,38,Male,Tablet,Direct,5,9,3,3,151,0,0
4715,C04716,37,Female,Desktop,Email,4,3,5,0,100,1,0
4716,C04717,56,Male,Desktop,Direct,14,9,1,4,49,1,1
4717,C04718,39,Male,Mobile,Social Media,4,4,1,0,228,1,0
4718,C04719,21,Male,Desktop,Direct,10,9,5,3,262,0,0
4719,C04720,30,Female,Tablet,Email,7,8,2,6,202,1,1
4720,C04721,59,Female,Mobile,Social Media,7,7,4,6,177,1,1
4721,C04722,37,Female,Tablet,Search Engine,2,4,2,0,165,1,0
4722,C04723,30,Male,Tablet,Social Media,13,9,2,8,252,0,1
4723,C04724,34,Male,Mobile,Email,7,4,1,1,111,1,0
4724,C04725,53,Male,Tablet,Email,2,1,2,4,191,1,0
4725,C04726,50,Female,Desktop,Direct,4,6,0,5,209,0,0
4726,C04727,18,Male,Tablet,Search Engine,1,4,5,0,50,0,0
4727,C04728,32,Male,Mobile,Email,5,3,5,1,128,1,1
4728,C04729,30,Female,Mobile,Email,1,5,4,6,291,1,1
4729,C04730,34,Male,Mobile,Search Engine,4,3,5,5,114,1,0
4730,C04731,41,Male,Tablet,Search Engine,13,9,2,5,96,0,1
4731,C04732,25,Female,Desktop,Direct,9,6,2,5,170,0,0
4732,C04733,44,Female,Mobile,Social Media,13,3,3,6,161,0,1
4733,C04734,40,Male,Desktop,Search Engine,12,5,4,9,250,0,1
4734,C04735,25,Female,Mobile,Email,8,8,4,8,277,0,1
4735,C04736,25,Male,Desktop,Search Engine,6,8,5,8,147,1,1
4736,C04737,43,Female,Desktop,Email,8,6,2,1,243,1,0
4737,C04738,30,Male,Desktop,Direct,5,5,0,1,203,0,0
4738,C04739,56,Female,Mobile,Social Media,7,5,3,4,299,1,0
4739,C04740,54,Male,Tablet,Direct,8,1,0,9,48,0,1
4740,C04741,45,Female,Tablet,Search Engine,7,2,2,6,37,1,0
4741,C04742,42,Female,Tablet,Email,14,4,4,2,150,1,0
4742,C04743,33,Female,Desktop,Search Engine,4,6,4,2,288,0,1
4743,C04744,19,Female,Mobile,Search Engine,5,7,0,3,125,0,0
4744,C04745,35,Female,Desktop,Search Engine,13,1,1,2,176,1,0
4745,C04746,34,Female,Mobile,Search Engine,14,8,2,2,78,1,1
4746,C04747,47,Female,Desktop,Social Media,10,1,4,7,111,1,1
4747,C04748,56,Male,Mobile,Email,6,9,5,6,279,1,1
4748,C04749,30,Male,Mobile,Search Engine,14,4,1,6,70,0,0
4749,C04750,49,Female,Mobile,Email,14,7,4,9,152,1,1
4750,C04751,46,Female,Desktop,Social Media,12,6,5,1,186,0,0
4751,C04752,47,Male,Tablet,Email,11,9,4,8,24,1,1
4752,C04753,35,Male,Desktop,Email,6,2,1,5,155,0,0
4753,C04754,30,Female,Desktop,Social Media,13,7,0,2,245,0,0
4754,C04755,38,Male,Mobile,Search Engine,9,5,2,8,203,0,1
4755,C04756,47,Male,Mobile,Email,10,7,1,8,110,1,1
4756,C04757,38,Female,Tablet,Direct,14,1,1,5,208,1,0
4757,C04758,34,Female,Tablet,Email,14,9,4,9,152,0,1
4758,C04759,57,Female,Mobile,Search Engine,2,1,5,5,191,1,1
4759,C04760,36,Male,Tablet,Direct,6,5,1,7,269,0,0
4760,C04761,32,Female,Tablet,Search Engine,13,8,2,7,80,0,1
4761,C04762,26,Female,Mobile,Email,3,1,0,5,69,0,0
4762,C04763,27,Male,Desktop,Social Media,14,7,5,6,242,0,1
4763,C04764,48,Female,Tablet,Search Engine,2,2,0,3,191,0,0
4764,C04765,40,Male,Mobile,Search Engine,6,7,0,0,244,1,0
4765,C04766,47,Male,Tablet,Social Media,4,7,2,3,210,0,0
4766,C04767,50,Male,Tablet,Email,5,9,4,7,284,1,1
4767,C04768,26,Male,Mobile,Search Engine,5,6,5,7,263,1,1
4768,C04769,18,Male,Tablet,Email,3,4,5,1,98,1,0
4769,C04770,52,Male,Tablet,Email,12,7,2,6,41,0,0
4770,C04771,28,Female,Tablet,Email,4,7,5,0,55,1,1
4771,C04772,51,Female,Desktop,Social Media,3,4,1,1,175,1,0
4772,C04773,33,Female,Desktop,Email,7,2,3,7,75,1,1
4773,C04774,26,Male,Tablet,Email,1,9,3,9,267,1,1
4774,C04775,49,Female,Mobile,Direct,6,8,3,3,280,0,0
4775,C04776,32,Male,Tablet,Direct,4,5,0,2,279,1,0
4776,C04777,29,Female,Tablet,Direct,1,5,5,1,34,1,1
4777,C04778,50,Male,Desktop,Search Engine,1,1,2,5,207,0,0
4778,C04779,31,Female,Desktop,Search Engine,5,9,5,3,45,1,1
4779,C04780,25,Male,Desktop,Direct,14,8,2,2,42,1,0
4780,C04781,25,Female,Tablet,Social Media,5,5,5,2,122,1,1
4781,C04782,44,Male,Tablet,Social Media,10,6,0,9,48,1,1
4782,C04783,29,Female,Mobile,Direct,7,8,1,2,76,1,0
4783,C04784,18,Male,Tablet,Search Engine,13,6,3,7,81,0,1
4784,C04785,57,Female,Tablet,Search Engine,12,4,3,8,67,1,1
4785,C04786,59,Female,Desktop,Social Media,4,3,5,8,54,1,1
4786,C04787,28,Female,Desktop,Email,14,7,0,4,65,0,0
4787,C04788,56,Male,Desktop,Social Media,9,2,3,0,52,1,0
4788,C04789,48,Male,Desktop,Email,4,7,5,9,245,1,1
4789,C04790,34,Male,Desktop,Search Engine,7,1,4,4,285,1,1
4790,C04791,50,Male,Mobile,Search Engine,5,5,5,0,235,0,1
4791,C04792,49,Male,Mobile,Direct,5,9,2,8,236,1,1
4792,C04793,46,Female,Mobile,Search Engine,6,1,3,9,195,1,1
4793,C04794,38,Male,Desktop,Email,8,8,3,7,63,1,1
4794,C04795,38,Female,Desktop,Social Media,5,9,4,6,238,1,1
4795,C04796,57,Female,Desktop,Direct,3,9,1,1,145,1,0
4796,C04797,40,Male,Mobile,Email,6,8,5,1,219,0,0
4797,C04798,23,Female,Desktop,Social Media,14,4,1,3,104,1,0
4798,C04799,39,Male,Mobile,Social Media,12,7,5,8,60,0,1
4799,C04800,55,Male,Desktop,Social Media,14,1,4,8,230,1,1
4800,C04801,54,Male,Tablet,Search Engine,2,7,1,7,58,1,1
4801,C04802,25,Female,Mobile,Social Media,12,6,0,4,288,1,0
4802,C04803,58,Male,Tablet,Search Engine,12,5,4,6,200,0,1
4803,C04804,52,Male,Mobile,Social Media,8,1,5,8,250,0,1
4804,C04805,28,Male,Desktop,Social Media,8,8,2,2,89,1,1
4805,C04806,41,Female,Desktop,Search Engine,3,1,2,3,95,1,0
4806,C04807,38,Male,Tablet,Search Engine,12,1,2,1,295,0,0
4807,C04808,19,Female,Desktop,Email,8,3,5,8,253,0,1
4808,C04809,57,Female,Mobile,Social Media,9,8,3,6,155,0,1
4809,C04810,36,Male,Desktop,Search Engine,5,8,4,5,173,1,1
4810,C04811,56,Female,Desktop,Email,5,7,4,4,118,0,1
4811,C04812,45,Female,Mobile,Email,6,5,1,6,149,0,0
4812,C04813,34,Male,Tablet,Search Engine,7,8,4,2,26,0,1
4813,C04814,23,Male,Tablet,Social Media,3,2,4,4,124,0,0
4814,C04815,36,Male,Desktop,Email,5,8,1,1,69,1,0
4815,C04816,55,Female,Mobile,Social Media,1,2,4,4,243,0,0
4816,C04817,45,Male,Tablet,Social Media,11,5,4,6,83,0,1
4817,C04818,19,Female,Tablet,Email,10,4,0,9,200,1,0
4818,C04819,55,Female,Desktop,Search Engine,5,1,5,6,94,0,1
4819,C04820,54,Female,Mobile,Social Media,4,5,1,8,285,1,1
4820,C04821,21,Female,Tablet,Direct,1,7,0,2,208,0,0
4821,C04822,39,Female,Desktop,Search Engine,7,1,3,7,202,1,1
4822,C04823,43,Male,Desktop,Email,1,2,1,4,87,0,0
4823,C04824,53,Male,Desktop,Direct,13,9,5,6,189,1,1
4824,C04825,30,Female,Desktop,Social Media,8,5,4,0,191,1,0
4825,C04826,49,Female,Tablet,Search Engine,14,7,4,0,126,1,1
4826,C04827,34,Male,Mobile,Direct,10,2,0,3,130,1,0
4827,C04828,58,Male,Desktop,Search Engine,12,7,0,4,97,1,1
4828,C04829,53,Female,Desktop,Social Media,2,7,3,9,205,1,1
4829,C04830,36,Female,Tablet,Search Engine,10,7,3,2,272,0,0
4830,C04831,52,Male,Desktop,Direct,13,5,5,5,255,1,1
4831,C04832,57,Male,Desktop,Search Engine,12,9,4,2,112,1,1
4832,C04833,45,Female,Mobile,Email,5,2,2,4,149,1,0
4833,C04834,18,Male,Desktop,Email,13,4,3,0,202,1,0
4834,C04835,59,Male,Tablet,Direct,6,2,4,2,53,0,0
4835,C04836,35,Female,Mobile,Search Engine,9,8,3,6,241,1,1
4836,C04837,57,Female,Tablet,Direct,14,1,1,2,20,0,0
4837,C04838,50,Female,Mobile,Search Engine,7,9,0,4,116,1,0
4838,C04839,29,Male,Mobile,Social Media,6,5,4,6,106,0,1
4839,C04840,25,Female,Desktop,Email,5,3,3,1,271,0,0
4840,C04841,41,Male,Desktop,Social Media,6,4,0,2,34,0,0
4841,C04842,33,Female,Desktop,Search Engine,14,1,2,3,161,1,0
4842,C04843,21,Female,Tablet,Social Media,11,3,3,4,89,0,0
4843,C04844,55,Male,Desktop,Direct,4,8,4,8,298,1,1
4844,C04845,44,Male,Desktop,Direct,1,2,1,8,73,1,1
4845,C04846,26,Female,Mobile,Search Engine,12,2,0,3,271,1,0
4846,C04847,33,Female,Desktop,Email,9,9,0,8,266,0,1
4847,C04848,29,Male,Desktop,Direct,11,5,1,3,153,0,0
4848,C04849,48,Female,Desktop,Email,5,5,4,1,263,1,1
4849,C04850,41,Male,Desktop,Search Engine,8,1,5,9,258,0,1
4850,C04851,31,Male,Mobile,Email,7,6,2,0,36,1,0
4851,C04852,42,Female,Desktop,Search Engine,8,8,5,6,298,0,1
4852,C04853,51,Male,Mobile,Social Media,1,6,1,3,252,1,0
4853,C04854,20,Male,Tablet,Search Engine,9,7,2,7,173,1,1
4854,C04855,41,Male,Desktop,Social Media,1,4,4,7,205,0,1
4855,C04856,59,Female,Desktop,Search Engine,3,2,3,7,102,0,1
4856,C04857,26,Male,Desktop,Direct,8,1,3,5,74,1,0
4857,C04858,43,Female,Mobile,Direct,12,6,5,8,81,0,1
4858,C04859,37,Female,Desktop,Email,11,9,4,3,78,0,1
4859,C04860,57,Female,Desktop,Search Engine,1,5,2,4,161,0,0
4860,C04861,27,Male,Tablet,Search Engine,14,2,5,3,168,0,1
4861,C04862,36,Male,Mobile,Search Engine,1,1,1,4,193,0,0
4862,C04863,20,Female,Mobile,Email,6,3,5,1,81,1,0
4863,C04864,41,Female,Tablet,Direct,5,4,4,4,186,0,1
4864,C04865,22,Male,Mobile,Search Engine,11,7,4,9,189,0,1
4865,C04866,20,Female,Desktop,Email,6,9,3,7,122,0,1
4866,C04867,44,Female,Desktop,Search Engine,3,8,1,8,47,0,1
4867,C04868,33,Male,Tablet,Social Media,10,9,3,6,103,1,1
4868,C04869,32,Female,Mobile,Search Engine,12,7,2,6,153,0,1
4869,C04870,52,Male,Mobile,Social Media,10,8,2,5,78,1,1
4870,C04871,29,Male,Mobile,Email,6,8,0,1,109,0,0
4871,C04872,58,Female,Tablet,Email,2,1,4,9,89,1,1
4872,C04873,43,Male,Desktop,Direct,8,9,1,9,204,0,0
4873,C04874,51,Male,Tablet,Search Engine,12,2,1,8,79,0,1
4874,C04875,40,Male,Desktop,Email,6,7,3,4,164,0,0
4875,C04876,48,Female,Tablet,Direct,13,5,5,5,187,0,1
4876,C04877,37,Female,Desktop,Search Engine,13,4,5,0,85,1,1
4877,C04878,29,Female,Mobile,Email,4,1,3,4,143,0,0
4878,C04879,40,Male,Mobile,Social Media,4,1,5,5,232,1,1
4879,C04880,21,Male,Mobile,Email,14,3,1,9,201,1,1
4880,C04881,40,Female,Tablet,Social Media,11,1,3,1,90,0,0
4881,C04882,18,Female,Tablet,Direct,7,8,5,6,63,1,1
4882,C04883,42,Male,Tablet,Direct,14,3,0,3,214,1,0
4883,C04884,19,Female,Mobile,Search Engine,3,2,4,4,76,0,0
4884,C04885,47,Female,Desktop,Search Engine,11,6,0,2,76,0,0
4885,C04886,20,Female,Mobile,Search Engine,3,4,5,4,190,0,0
4886,C04887,38,Female,Mobile,Direct,6,4,2,3,102,0,0
4887,C04888,42,Female,Desktop,Social Media,9,2,1,9,113,0,1
4888,C04889,37,Male,Desktop,Search Engine,1,2,0,5,286,0,0
4889,C04890,39,Female,Desktop,Search Engine,5,6,0,1,180,0,0
4890,C04891,38,Female,Desktop,Direct,1,5,3,2,121,1,0
4891,C04892,50,Male,Mobile,Social Media,1,9,3,9,131,1,1
4892,C04893,55,Male,Tablet,Email,3,4,3,0,85,0,0
4893,C04894,32,Male,Mobile,Search Engine,3,5,5,6,129,1,1
4894,C04895,32,Male,Desktop,Email,4,1,2,8,139,1,0
4895,C04896,42,Female,Tablet,Email,3,2,0,1,298,1,0
4896,C04897,38,Female,Tablet,Search Engine,6,3,4,6,261,0,1
4897,C04898,41,Female,Mobile,Direct,12,5,3,2,167,1,1
4898,C04899,22,Female,Mobile,Search Engine,4,5,2,4,261,0,0
4899,C04900,23,Male,Mobile,Social Media,8,4,5,5,241,1,1
4900,C04901,40,Male,Tablet,Social Media,1,3,2,7,290,0,0
4901,C04902,21,Female,Tablet,Search Engine,8,9,3,3,23,1,1
4902,C04903,44,Female,Tablet,Email,11,1,1,1,27,1,0
4903,C04904,35,Female,Desktop,Social Media,1,6,0,2,71,0,0
4904,C04905,38,Female,Desktop,Social Media,11,7,3,7,161,1,1
4905,C04906,45,Male,Mobile,Search Engine,1,4,4,6,286,0,0
4906,C04907,52,Female,Tablet,Search Engine,7,3,0,5,299,0,0
4907,C04908,39,Male,Mobile,Direct,1,8,2,4,107,0,0
4908,C04909,57,Male,Tablet,Search Engine,9,9,4,4,179,1,1
4909,C04910,40,Male,Mobile,Search Engine,14,1,0,0,47,1,0
4910,C04911,20,Male,Desktop,Social Media,8,9,4,5,35,0,1
4911,C04912,57,Female,Tablet,Social Media,13,7,2,8,291,0,0
4912,C04913,27,Female,Desktop,Social Media,1,1,3,7,119,0,1
4913,C04914,42,Female,Tablet,Email,2,7,4,9,223,1,1
4914,C04915,25,Female,Mobile,Social Media,2,5,3,0,209,1,0
4915,C04916,28,Male,Tablet,Social Media,2,7,2,5,53,0,1
4916,C04917,22,Male,Desktop,Search Engine,6,9,2,2,297,1,0
4917,C04918,54,Male,Tablet,Direct,4,8,4,5,278,1,1
4918,C04919,55,Female,Mobile,Social Media,8,6,4,8,276,0,1
4919,C04920,46,Male,Tablet,Direct,1,2,2,5,72,0,0
4920,C04921,22,Male,Desktop,Social Media,10,8,4,7,211,1,1
4921,C04922,26,Male,Mobile,Social Media,14,4,4,5,191,0,1
4922,C04923,19,Male,Desktop,Direct,4,8,4,5,66,0,1
4923,C04924,18,Female,Tablet,Search Engine,10,7,5,6,210,1,1
4924,C04925,57,Male,Desktop,Social Media,11,4,4,9,60,0,1
4925,C04926,47,Male,Tablet,Direct,5,8,0,3,213,0,0
4926,C04927,28,Female,Mobile,Social Media,9,2,2,7,85,1,1
4927,C04928,45,Female,Desktop,Email,5,9,2,3,62,0,1
4928,C04929,29,Female,Desktop,Email,13,6,1,6,209,1,1
4929,C04930,56,Male,Tablet,Email,11,7,3,0,108,0,0
4930,C04931,43,Male,Desktop,Email,3,1,1,8,195,1,0
4931,C04932,30,Male,Desktop,Search Engine,11,3,4,9,45,1,1
4932,C04933,25,Male,Mobile,Email,4,5,4,8,118,0,1
4933,C04934,45,Female,Tablet,Direct,10,7,0,6,80,0,0
4934,C04935,47,Male,Tablet,Social Media,7,1,0,7,269,0,0
4935,C04936,26,Male,Mobile,Direct,1,9,0,1,244,1,0
4936,C04937,56,Female,Mobile,Email,11,5,0,9,101,1,1
4937,C04938,48,Female,Tablet,Search Engine,6,3,0,9,201,0,1
4938,C04939,38,Female,Mobile,Email,8,7,0,6,207,0,1
4939,C04940,51,Male,Mobile,Email,1,8,0,0,63,1,0
4940,C04941,48,Male,Mobile,Search Engine,8,3,0,2,278,0,0
4941,C04942,42,Male,Tablet,Search Engine,7,7,5,5,117,1,1
4942,C04943,29,Male,Mobile,Search Engine,1,7,0,4,110,0,0
4943,C04944,18,Male,Desktop,Search Engine,9,4,2,4,160,0,0
4944,C04945,39,Female,Desktop,Search Engine,11,9,0,8,271,0,1
4945,C04946,57,Female,Tablet,Search Engine,3,1,3,5,227,1,0
4946,C04947,54,Male,Mobile,Social Media,2,1,0,2,198,0,0
4947,C04948,18,Male,Desktop,Email,7,5,5,1,206,1,0
4948,C04949,18,Male,Tablet,Email,11,3,4,8,129,1,1
4949,C04950,59,Male,Desktop,Search Engine,3,9,5,9,238,0,1
4950,C04951,59,Male,Mobile,Direct,1,5,5,3,22,0,1
4951,C04952,38,Female,Tablet,Search Engine,10,7,4,4,60,1,1
4952,C04953,32,Female,Desktop,Social Media,13,1,0,8,144,0,0
4953,C04954,34,Female,Tablet,Direct,3,2,0,4,276,0,0
4954,C04955,39,Male,Desktop,Social Media,6,4,4,6,212,1,1
4955,C04956,55,Male,Desktop,Direct,3,9,3,1,134,0,0
4956,C04957,52,Female,Mobile,Direct,5,5,1,1,89,1,0
4957,C04958,33,Female,Mobile,Search Engine,9,5,2,3,116,1,0
4958,C04959,25,Male,Desktop,Social Media,7,9,4,7,235,1,1
4959,C04960,34,Female,Tablet,Direct,2,8,0,1,243,1,0
4960,C04961,34,Female,Tablet,Social Media,1,2,2,9,148,1,1
4961,C04962,43,Male,Mobile,Search Engine,7,7,0,6,118,0,0
4962,C04963,30,Female,Desktop,Search Engine,4,1,1,0,289,1,0
4963,C04964,34,Female,Mobile,Search Engine,11,9,1,8,266,1,1
4964,C04965,55,Female,Desktop,Search Engine,7,3,4,9,205,0,1
4965,C04966,34,Male,Desktop,Email,6,2,2,5,263,1,1
4966,C04967,31,Female,Mobile,Direct,7,4,5,0,57,1,1
4967,C04968,23,Female,Tablet,Email,4,4,2,9,276,0,1
4968,C04969,52,Female,Mobile,Search Engine,3,3,5,5,267,0,1
4969,C04970,31,Male,Desktop,Direct,12,2,1,4,152,0,0
4970,C04971,25,Male,Mobile,Direct,5,5,0,4,63,1,0
4971,C04972,32,Female,Tablet,Social Media,3,4,5,4,212,1,0
4972,C04973,44,Male,Tablet,Search Engine,14,5,5,3,76,1,1
4973,C04974,30,Female,Desktop,Email,3,8,4,6,267,0,1
4974,C04975,48,Male,Mobile,Social Media,4,2,3,8,123,1,1
4975,C04976,52,Male,Tablet,Direct,8,9,1,3,64,1,1
4976,C04977,23,Female,Mobile,Email,2,1,5,1,79,1,0
4977,C04978,22,Female,Tablet,Search Engine,4,8,1,1,85,0,0
4978,C04979,39,Female,Desktop,Email,11,5,4,1,242,0,0
4979,C04980,40,Male,Desktop,Email,3,2,0,6,66,0,0
4980,C04981,42,Female,Mobile,Email,7,8,2,3,257,0,0
4981,C04982,51,Male,Desktop,Social Media,2,5,1,3,45,1,0
4982,C04983,43,Male,Tablet,Direct,1,3,4,0,113,1,0
4983,C04984,22,Female,Desktop,Email,10,7,4,3,129,1,1
4984,C04985,43,Male,Tablet,Direct,1,4,4,5,280,0,0
4985,C04986,37,Female,Tablet,Social Media,6,6,2,1,273,1,0
4986,C04987,23,Male,Desktop,Search Engine,3,8,1,3,59,1,0
4987,C04988,23,Female,Tablet,Search Engine,7,1,5,6,273,1,1
4988,C04989,35,Male,Tablet,Email,8,2,4,8,116,1,1
4989,C04990,21,Male,Mobile,Social Media,5,8,2,1,45,0,1
4990,C04991,34,Female,Mobile,Search Engine,5,7,0,7,123,1,1
4991,C04992,31,Male,Mobile,Social Media,12,9,3,5,122,0,1
4992,C04993,31,Female,Desktop,Social Media,2,2,1,7,94,1,0
4993,C04994,30,Male,Mobile,Email,8,8,2,1,104,0,0
4994,C04995,24,Male,Tablet,Email,10,6,3,0,233,0,1
4995,C04996,32,Male,Desktop,Social Media,13,1,3,6,132,0,1
4996,C04997,36,Female,Desktop,Social Media,1,4,2,8,76,1,1
4997,C04998,52,Female,Desktop,Email,10,2,5,8,120,0,1
4998,C04999,34,Female,Desktop,Social Media,9,7,5,1,269,0,1
4999,C05000,52,Female,Tablet,Email,1,9,2,3,154,1,0
