feedback,processed_text,sentiment,category
"Honestly, i would like to schedule deliveries I need assistance.",honestly would like schedule delivery need assistance,neutral,feature_request
"For some reason, the website response time is very poor Can you fix this?",reason website response time poor fix,negative,performance
I am having trouble because the application is lagging badly Please look into it.,trouble application lagging badly please look,negative,performance
"Honestly, the payment page shows an error I need assistance.",honestly payment page show error need assistance,negative,payment
I noticed that the application interface is easy to use Please help.,noticed application interface easy use please help,negative,ui
"Unfortunately, support took too long to respond Please help.",unfortunately support took long respond please help,negative,support
"For some reason, please add more payment methods Please help.",reason please add payment method please help,neutral,feature_request
"Today, please add notifications for price changes This is frustrating.",today please add notification price change frustrating,neutral,feature_request
I noticed that please add notifications for price changes,noticed please add notification price change,neutral,feature_request
"Honestly, the app shows an error after checkout This is frustrating.",honestly app show error checkout frustrating,negative,bug
"Recently, i am unable to pay for my order Please look into it.",recently unable pay order please look,negative,payment
I noticed that please add more payment methods Please help.,noticed please add payment method please help,neutral,feature_request
"Recently, the interface needs improvement This is frustrating.",recently interface need improvement frustrating,positive,ui
"Today, the app takes too long to load This is frustrating.",today app take long load frustrating,negative,performance
The application closes unexpectedly Please look into it.,application close unexpectedly please look,negative,bug
"For some reason, i am happy with the assistance I received This happens repeatedly.",reason happy assistance received happens repeatedly,positive,support
I noticed that can you add fingerprint login Please help.,noticed add fingerprint login please help,neutral,feature_request
"For some reason, every screen takes a long time to open Please look into it.",reason every screen take long time open please look,negative,performance
I am having trouble because my account login keeps failing Can you fix this?,trouble account login keep failing fix,negative,login
I noticed that i am unable to pay for my order This happens repeatedly.,noticed unable pay order happens repeatedly,negative,payment
"Unfortunately, the support team solved my issue quickly This happens repeatedly.",unfortunately support team solved issue quickly happens repeatedly,neutral,support
I noticed that the support experience was disappointing This is frustrating.,noticed support experience disappointing frustrating,negative,support
"For some reason, support took too long to respond Can you fix this?",reason support took long respond fix,negative,support
I noticed that the card payment keeps failing Please help.,noticed card payment keep failing please help,negative,payment
"Recently, please add notifications for price changes I need assistance.",recently please add notification price change need assistance,neutral,feature_request
I cannot verify my account Please look into it.,verify account please look,negative,login
"Recently, i was charged but the order was not placed Please look into it.",recently charged order placed please look,negative,payment
"For some reason, i have not received a response from support",reason received response support,positive,support
"Unfortunately, the OTP is not arriving during login This happens repeatedly.",unfortunately otp arriving login happens repeatedly,negative,login
"Unfortunately, i am happy with the assistance I received I need assistance.",unfortunately happy assistance received need assistance,neutral,support
"Recently, the app takes too long to load I need assistance.",recently app take long load need assistance,negative,performance
I am having trouble because i was charged but the order was not placed Please help.,trouble charged order placed please help,negative,payment
"For some reason, the app crashes whenever I upload a file This is frustrating.",reason app crash whenever upload file frustrating,negative,bug
I am having trouble because i found a bug in the checkout process Please help.,trouble found bug checkout process please help,negative,bug
"Recently, customer service was very helpful",recently customer service helpful,positive,support
"Recently, i cannot login to my account This happens repeatedly.",recently login account happens repeatedly,negative,login
Support took too long to respond I need assistance.,support took long respond need assistance,positive,support
Pages are loading slowly This happens repeatedly.,page loading slowly happens repeatedly,negative,performance
"Recently, can you add fingerprint login This happens repeatedly.",recently add fingerprint login happens repeatedly,neutral,feature_request
"Honestly, the app shows an error after checkout This is frustrating.",honestly app show error checkout frustrating,negative,bug
"Today, the support staff were polite and professional Please look into it.",today support staff polite professional please look,neutral,support
"Recently, the password reset link is not working I need assistance.",recently password reset link working need assistance,negative,login
"Honestly, the payment page shows an error",honestly payment page show error,neutral,payment
"Recently, login takes me back to the sign in page I need assistance.",recently login take back sign page need assistance,negative,login
"Honestly, the notification is showing the wrong information I need assistance.",honestly notification showing wrong information need assistance,negative,bug
Nobody from customer support has contacted me Please help.,nobody customer support contacted please help,negative,support
"Recently, pages are loading slowly This is frustrating.",recently page loading slowly frustrating,negative,performance
"Honestly, pages are loading slowly",honestly page loading slowly,negative,performance
"Honestly, the order status is displaying incorrectly This is frustrating.",honestly order status displaying incorrectly frustrating,negative,bug
"Today, the transaction was declined Please help.",today transaction declined please help,negative,payment
"Unfortunately, i would like an option to download invoices Please look into it.",unfortunately would like option download invoice please look,neutral,feature_request
I noticed that money was deducted but the payment failed I need assistance.,noticed money deducted payment failed need assistance,negative,payment
"Honestly, i have not received a response from support Can you fix this?",honestly received response support fix,positive,support
"Recently, the customer care representative was helpful",recently customer care representative helpful,neutral,support
"Today, the interface needs improvement This happens repeatedly.",today interface need improvement happens repeatedly,negative,ui
"Honestly, the support team did not resolve my problem I need assistance.",honestly support team resolve problem need assistance,positive,support
"Recently, the design is simple and user friendly Please help.",recently design simple user friendly please help,negative,ui
I noticed that uPI payment is not going through Please look into it.,noticed upi payment going please look,negative,payment
"Honestly, the app logs me out whenever I try to sign in Please help.",honestly app log whenever try sign please help,negative,login
"Today, my account login keeps failing I need assistance.",today account login keep failing need assistance,negative,login
I noticed that uPI payment is not going through Can you fix this?,noticed upi payment going fix,neutral,payment
"Recently, the support team solved my issue quickly",recently support team solved issue quickly,negative,support
I am having trouble because the login page is not working Please help.,trouble login page working please help,neutral,login
"For some reason, the support experience was disappointing Can you fix this?",reason support experience disappointing fix,neutral,support
"Recently, it takes forever to open the dashboard Please help.",recently take forever open dashboard please help,negative,performance
I am having trouble because the new interface looks clean I need assistance.,trouble new interface look clean need assistance,neutral,ui
I noticed that the card payment keeps failing Please help.,noticed card payment keep failing please help,negative,payment
"Honestly, the dashboard looks great This is frustrating.",honestly dashboard look great frustrating,positive,ui
"Honestly, the buttons are difficult to find This is frustrating.",honestly button difficult find frustrating,positive,ui
I am having trouble because the colors and layout make the app easy to use This is frustrating.,trouble color layout make app easy use frustrating,positive,ui
"For some reason, i have not received a response from support This is frustrating.",reason received response support frustrating,positive,support
"Honestly, i cannot login to my account I need assistance.",honestly login account need assistance,negative,login
"Unfortunately, the support experience was disappointing I need assistance.",unfortunately support experience disappointing need assistance,positive,support
"Unfortunately, please provide an option to change the language Please look into it.",unfortunately please provide option change language please look,neutral,feature_request
"Recently, please add dark mode to the application I need assistance.",recently please add dark mode application need assistance,neutral,feature_request
The application is very slow Can you fix this?,application slow fix,negative,performance
"For some reason, the application is very slow This happens repeatedly.",reason application slow happens repeatedly,negative,performance
"Honestly, the colors and layout make the app easy to use Can you fix this?",honestly color layout make app easy use fix,negative,ui
"For some reason, the login page is not working Please help.",reason login page working please help,negative,login
I noticed that it takes forever to open the dashboard Can you fix this?,noticed take forever open dashboard fix,negative,performance
"Honestly, my payment failed while placing the order Please look into it.",honestly payment failed placing order please look,negative,payment
I noticed that the support staff were polite and professional Please look into it.,noticed support staff polite professional please look,positive,support
"Recently, the buttons are difficult to find This happens repeatedly.",recently button difficult find happens repeatedly,negative,ui
"Recently, it would be great to have a dark theme Please look into it.",recently would great dark theme please look,neutral,feature_request
I noticed that the website response time is very poor This happens repeatedly.,noticed website response time poor happens repeatedly,negative,performance
I noticed that the support team solved my issue quickly I need assistance.,noticed support team solved issue quickly need assistance,positive,support
The app crashes whenever I upload a file This happens repeatedly.,app crash whenever upload file happens repeatedly,negative,bug
"Honestly, money was deducted but the payment failed Please look into it.",honestly money deducted payment failed please look,negative,payment
Please add a filter for previous orders Please look into it.,please add filter previous order please look,positive,feature_request
"Today, the colors and layout make the app easy to use I need assistance.",today color layout make app easy use need assistance,negative,ui
"Recently, the customer care representative was helpful Please look into it.",recently customer care representative helpful please look,negative,support
I am having trouble because the password reset link is not working Please help.,trouble password reset link working please help,neutral,login
"Recently, my account login keeps failing Please help.",recently account login keep failing please help,negative,login
"Recently, it takes forever to open the dashboard",recently take forever open dashboard,negative,performance
"Today, please add notifications for price changes Can you fix this?",today please add notification price change fix,neutral,feature_request
I am having trouble because the app becomes slow during checkout Please help.,trouble app becomes slow checkout please help,negative,performance
I am having trouble because the design is simple and user friendly This happens repeatedly.,trouble design simple user friendly happens repeatedly,positive,ui
"Recently, the support team solved my issue quickly Can you fix this?",recently support team solved issue quickly fix,neutral,support
"Unfortunately, the colors and layout make the app easy to use Please help.",unfortunately color layout make app easy use please help,negative,ui
I noticed that support took too long to respond Please help.,noticed support took long respond please help,negative,support
"Unfortunately, the new interface looks clean I need assistance.",unfortunately new interface look clean need assistance,positive,ui
"Unfortunately, the interface needs improvement Please help.",unfortunately interface need improvement please help,neutral,ui
I noticed that the order status is displaying incorrectly,noticed order status displaying incorrectly,negative,bug
"For some reason, every screen takes a long time to open Can you fix this?",reason every screen take long time open fix,negative,performance
The customer care representative was helpful I need assistance.,customer care representative helpful need assistance,positive,support
"For some reason, the page becomes blank after clicking the button Please help.",reason page becomes blank clicking button please help,negative,bug
Pages are loading slowly This happens repeatedly.,page loading slowly happens repeatedly,negative,performance
I am having trouble because the text on the screen is too small I need assistance.,trouble text screen small need assistance,positive,ui
"Today, the support experience was disappointing This happens repeatedly.",today support experience disappointing happens repeatedly,negative,support
I am having trouble because the app shows an error after checkout I need assistance.,trouble app show error checkout need assistance,neutral,bug
"For some reason, i cannot login to my account This happens repeatedly.",reason login account happens repeatedly,negative,login
"Today, the application closes unexpectedly This is frustrating.",today application close unexpectedly frustrating,negative,bug
I noticed that the application is very slow Please look into it.,noticed application slow please look,negative,performance
I am having trouble because please add dark mode to the application Please help.,trouble please add dark mode application please help,neutral,feature_request
It takes forever to open the dashboard This is frustrating.,take forever open dashboard frustrating,negative,performance
"Today, i found a bug in the checkout process This is frustrating.",today found bug checkout process frustrating,negative,bug
"For some reason, the buttons are difficult to find Can you fix this?",reason button difficult find fix,negative,ui
"Unfortunately, login takes me back to the sign in page",unfortunately login take back sign page,negative,login
My payment is stuck This happens repeatedly.,payment stuck happens repeatedly,negative,payment
"Recently, my payment failed while placing the order This is frustrating.",recently payment failed placing order frustrating,negative,payment
"For some reason, i was charged but the order was not placed",reason charged order placed,negative,payment
"Today, i would like an option to download invoices This happens repeatedly.",today would like option download invoice happens repeatedly,neutral,feature_request
"Today, the app crashes whenever I upload a file Can you fix this?",today app crash whenever upload file fix,negative,bug
I am having trouble because something is broken in the application This happens repeatedly.,trouble something broken application happens repeatedly,negative,bug
I noticed that nobody from customer support has contacted me,noticed nobody customer support contacted,negative,support
"Unfortunately, i found a bug in the checkout process Please help.",unfortunately found bug checkout process please help,negative,bug
I noticed that customer service was very helpful This is frustrating.,noticed customer service helpful frustrating,positive,support
"Honestly, the password reset link is not working I need assistance.",honestly password reset link working need assistance,negative,login
"Recently, the app logs me out whenever I try to sign in Can you fix this?",recently app log whenever try sign fix,negative,login
I have not received a response from support This happens repeatedly.,received response support happens repeatedly,negative,support
"Today, the login page is not working I need assistance.",today login page working need assistance,negative,login
"For some reason, something is broken in the application",reason something broken application,negative,bug
I noticed that the search results are incorrect This is frustrating.,noticed search result incorrect frustrating,negative,bug
"Honestly, the app becomes slow during checkout This is frustrating.",honestly app becomes slow checkout frustrating,negative,performance
"Unfortunately, the design is simple and user friendly I need assistance.",unfortunately design simple user friendly need assistance,neutral,ui
"Recently, the application freezes frequently This happens repeatedly.",recently application freeze frequently happens repeatedly,negative,performance
"For some reason, the app takes too long to load This happens repeatedly.",reason app take long load happens repeatedly,negative,performance
"Recently, every screen takes a long time to open",recently every screen take long time open,negative,performance
I noticed that i would like to schedule deliveries I need assistance.,noticed would like schedule delivery need assistance,neutral,feature_request
"Today, the app takes too long to load Please help.",today app take long load please help,negative,performance
"Today, i cannot complete the payment I need assistance.",today complete payment need assistance,negative,payment
"Unfortunately, the transaction was declined Can you fix this?",unfortunately transaction declined fix,negative,payment
"Honestly, can you add fingerprint login Please help.",honestly add fingerprint login please help,positive,feature_request
I noticed that the new interface looks clean,noticed new interface look clean,positive,ui
"Unfortunately, the support team did not resolve my problem Can you fix this?",unfortunately support team resolve problem fix,positive,support
"Honestly, pages are loading slowly This is frustrating.",honestly page loading slowly frustrating,negative,performance
"Today, the buttons are difficult to find This is frustrating.",today button difficult find frustrating,positive,ui
"Honestly, please add notifications for price changes I need assistance.",honestly please add notification price change need assistance,neutral,feature_request
"Recently, support took too long to respond Can you fix this?",recently support took long respond fix,negative,support
"For some reason, the application crashes when I open my profile This happens repeatedly.",reason application crash open profile happens repeatedly,negative,bug
"Honestly, please add more payment methods Can you fix this?",honestly please add payment method fix,neutral,feature_request
"Recently, the support team solved my issue quickly Please look into it.",recently support team solved issue quickly please look,negative,support
I am having trouble because i am unable to access my account Can you fix this?,trouble unable access account fix,negative,login
"Honestly, the website is extremely slow today Please look into it.",honestly website extremely slow today please look,negative,performance
"Recently, uPI payment is not going through",recently upi payment going,negative,payment
"Recently, the app logs me out whenever I try to sign in Please help.",recently app log whenever try sign please help,negative,login
I noticed that please provide an option to change the language I need assistance.,noticed please provide option change language need assistance,neutral,feature_request
"For some reason, my account login keeps failing I need assistance.",reason account login keep failing need assistance,negative,login
"For some reason, the password reset link is not working Can you fix this?",reason password reset link working fix,negative,login
I am having trouble because the buttons are difficult to find This is frustrating.,trouble button difficult find frustrating,positive,ui
"Honestly, the transaction was declined Please look into it.",honestly transaction declined please look,negative,payment
"For some reason, i cannot verify my account Please help.",reason verify account please help,negative,login
"For some reason, the application closes unexpectedly Please help.",reason application close unexpectedly please help,neutral,bug
"For some reason, the order status is displaying incorrectly This is frustrating.",reason order status displaying incorrectly frustrating,negative,bug
I noticed that the transaction was declined,noticed transaction declined,negative,payment
"Today, the app crashes whenever I upload a file I need assistance.",today app crash whenever upload file need assistance,negative,bug
"Unfortunately, the search results are incorrect Can you fix this?",unfortunately search result incorrect fix,negative,bug
"Today, login takes me back to the sign in page This is frustrating.",today login take back sign page frustrating,neutral,login
"Unfortunately, the app shows an error after checkout This is frustrating.",unfortunately app show error checkout frustrating,neutral,bug
I noticed that the application is very slow I need assistance.,noticed application slow need assistance,negative,performance
"Unfortunately, money was deducted but the payment failed This is frustrating.",unfortunately money deducted payment failed frustrating,negative,payment
"For some reason, the transaction was declined Please look into it.",reason transaction declined please look,negative,payment
"Honestly, i forgot my password and cannot sign in Can you fix this?",honestly forgot password sign fix,negative,login
"Honestly, support took too long to respond",honestly support took long respond,neutral,support
"Honestly, the app shows an error after checkout I need assistance.",honestly app show error checkout need assistance,negative,bug
The support staff were polite and professional Can you fix this?,support staff polite professional fix,positive,support
"Today, i have not received a response from support This is frustrating.",today received response support frustrating,positive,support
I am having trouble because it would be useful to have a wishlist Please look into it.,trouble would useful wishlist please look,positive,feature_request
I noticed that the menu layout is confusing Please look into it.,noticed menu layout confusing please look,positive,ui
I noticed that the page becomes blank after clicking the button Please look into it.,noticed page becomes blank clicking button please look,negative,bug
"Honestly, the support staff were polite and professional Please look into it.",honestly support staff polite professional please look,negative,support
I noticed that i would like an option to download invoices This happens repeatedly.,noticed would like option download invoice happens repeatedly,neutral,feature_request
"For some reason, my payment failed while placing the order I need assistance.",reason payment failed placing order need assistance,negative,payment
"Recently, please add more payment methods This happens repeatedly.",recently please add payment method happens repeatedly,neutral,feature_request
I am having trouble because the app takes too long to load Please look into it.,trouble app take long load please look,neutral,performance
"Honestly, i cannot verify my account I need assistance.",honestly verify account need assistance,neutral,login
"Honestly, the menu layout is confusing Can you fix this?",honestly menu layout confusing fix,negative,ui
I am having trouble because i forgot my password and cannot sign in,trouble forgot password sign,negative,login
"Unfortunately, please provide an option to change the language Please help.",unfortunately please provide option change language please help,neutral,feature_request
"For some reason, the application closes unexpectedly",reason application close unexpectedly,negative,bug
"Honestly, i found a bug in the checkout process Please look into it.",honestly found bug checkout process please look,neutral,bug
"Recently, please add more payment methods This is frustrating.",recently please add payment method frustrating,positive,feature_request
"For some reason, please provide an option to change the language This happens repeatedly.",reason please provide option change language happens repeatedly,neutral,feature_request
"Honestly, i would like an option to download invoices This is frustrating.",honestly would like option download invoice frustrating,neutral,feature_request
"Today, the application is very slow Please help.",today application slow please help,negative,performance
"Honestly, my account login keeps failing Please help.",honestly account login keep failing please help,neutral,login
I am having trouble because i found a bug in the checkout process This happens repeatedly.,trouble found bug checkout process happens repeatedly,negative,bug
It would be great to have a dark theme This happens repeatedly.,would great dark theme happens repeatedly,neutral,feature_request
"Honestly, i was charged but the order was not placed Can you fix this?",honestly charged order placed fix,negative,payment
I am having trouble because the order status is displaying incorrectly Please look into it.,trouble order status displaying incorrectly please look,negative,bug
"Unfortunately, customer service was very helpful Please help.",unfortunately customer service helpful please help,negative,support
"Honestly, the application closes unexpectedly I need assistance.",honestly application close unexpectedly need assistance,negative,bug
"Recently, the application freezes frequently Please look into it.",recently application freeze frequently please look,neutral,performance
I am having trouble because the app shows an error after checkout Can you fix this?,trouble app show error checkout fix,negative,bug
"Honestly, i am happy with the assistance I received I need assistance.",honestly happy assistance received need assistance,negative,support
"Honestly, the customer care representative was helpful",honestly customer care representative helpful,positive,support
"Unfortunately, i have not received a response from support",unfortunately received response support,negative,support
"Recently, the app shows an error after checkout Can you fix this?",recently app show error checkout fix,neutral,bug
I am having trouble because the dashboard looks great I need assistance.,trouble dashboard look great need assistance,negative,ui
I am having trouble because the support team solved my issue quickly Please look into it.,trouble support team solved issue quickly please look,positive,support
I noticed that i cannot verify my account This happens repeatedly.,noticed verify account happens repeatedly,negative,login
"Today, it would be great to have a dark theme Please look into it.",today would great dark theme please look,neutral,feature_request
I noticed that every screen takes a long time to open Please look into it.,noticed every screen take long time open please look,negative,performance
The notification is showing the wrong information This is frustrating.,notification showing wrong information frustrating,negative,bug
"Today, i am unable to access my account This is frustrating.",today unable access account frustrating,negative,login
"Unfortunately, login takes me back to the sign in page This is frustrating.",unfortunately login take back sign page frustrating,negative,login
Money was deducted but the payment failed I need assistance.,money deducted payment failed need assistance,negative,payment
I noticed that the application crashes when I open my profile Can you fix this?,noticed application crash open profile fix,neutral,bug
I am having trouble because something is broken in the application Please look into it.,trouble something broken application please look,negative,bug
I am having trouble because please add a filter for previous orders,trouble please add filter previous order,neutral,feature_request
"Honestly, the app crashes whenever I upload a file I need assistance.",honestly app crash whenever upload file need assistance,neutral,bug
Please add dark mode to the application Please look into it.,please add dark mode application please look,neutral,feature_request
"Today, the support team solved my issue quickly I need assistance.",today support team solved issue quickly need assistance,negative,support
"Today, nobody from customer support has contacted me Can you fix this?",today nobody customer support contacted fix,neutral,support
"Unfortunately, the website is extremely slow today I need assistance.",unfortunately website extremely slow today need assistance,neutral,performance
My account login keeps failing Please look into it.,account login keep failing please look,negative,login
"Today, i am unable to pay for my order Please look into it.",today unable pay order please look,negative,payment
"Honestly, the app crashes whenever I upload a file This is frustrating.",honestly app crash whenever upload file frustrating,negative,bug
I am having trouble because i am unable to access my account Can you fix this?,trouble unable access account fix,negative,login
I am having trouble because the dashboard looks great Can you fix this?,trouble dashboard look great fix,positive,ui
"Today, the dashboard looks great This happens repeatedly.",today dashboard look great happens repeatedly,negative,ui
"Unfortunately, the support experience was disappointing This happens repeatedly.",unfortunately support experience disappointing happens repeatedly,positive,support
I noticed that the application is very slow This is frustrating.,noticed application slow frustrating,neutral,performance
"Honestly, money was deducted but the payment failed",honestly money deducted payment failed,negative,payment
"Today, i cannot login to my account This happens repeatedly.",today login account happens repeatedly,negative,login
"Honestly, i cannot verify my account I need assistance.",honestly verify account need assistance,negative,login
"Today, please add a filter for previous orders This is frustrating.",today please add filter previous order frustrating,neutral,feature_request
"Unfortunately, the application is very slow Please look into it.",unfortunately application slow please look,negative,performance
"Unfortunately, the colors and layout make the app easy to use This is frustrating.",unfortunately color layout make app easy use frustrating,positive,ui
I am having trouble because the text on the screen is too small,trouble text screen small,positive,ui
"Recently, please add more payment methods I need assistance.",recently please add payment method need assistance,neutral,feature_request
I noticed that the support staff were polite and professional I need assistance.,noticed support staff polite professional need assistance,negative,support
Login takes me back to the sign in page This happens repeatedly.,login take back sign page happens repeatedly,negative,login
I am having trouble because the search results are incorrect This happens repeatedly.,trouble search result incorrect happens repeatedly,negative,bug
"Unfortunately, the website response time is very poor Please look into it.",unfortunately website response time poor please look,negative,performance
"Honestly, the text on the screen is too small",honestly text screen small,negative,ui
"Honestly, i am unable to access my account I need assistance.",honestly unable access account need assistance,negative,login
"For some reason, the text on the screen is too small This is frustrating.",reason text screen small frustrating,positive,ui
"Recently, the notification is showing the wrong information This is frustrating.",recently notification showing wrong information frustrating,negative,bug
"Recently, i have not received a response from support Can you fix this?",recently received response support fix,negative,support
I noticed that the colors and layout make the app easy to use This happens repeatedly.,noticed color layout make app easy use happens repeatedly,negative,ui
I noticed that i cannot complete the payment,noticed complete payment,negative,payment
"Today, the dashboard looks great",today dashboard look great,positive,ui
I am having trouble because the application interface is easy to use Please help.,trouble application interface easy use please help,positive,ui
"Today, the support team solved my issue quickly Please help.",today support team solved issue quickly please help,negative,support
I noticed that customer service was very helpful This is frustrating.,noticed customer service helpful frustrating,positive,support
"Recently, my payment is stuck I need assistance.",recently payment stuck need assistance,negative,payment
"For some reason, i would like an option to download invoices Can you fix this?",reason would like option download invoice fix,neutral,feature_request
"Recently, the page becomes blank after clicking the button I need assistance.",recently page becomes blank clicking button need assistance,negative,bug
"Honestly, the support staff were polite and professional Please look into it.",honestly support staff polite professional please look,positive,support
I am having trouble because the menu layout is confusing This is frustrating.,trouble menu layout confusing frustrating,negative,ui
"Today, the password reset link is not working Please help.",today password reset link working please help,negative,login
"Today, the dashboard looks great Can you fix this?",today dashboard look great fix,negative,ui
"Honestly, the card payment keeps failing Can you fix this?",honestly card payment keep failing fix,negative,payment
I noticed that please add a filter for previous orders Please help.,noticed please add filter previous order please help,neutral,feature_request
"Unfortunately, i would like an option to download invoices Please look into it.",unfortunately would like option download invoice please look,neutral,feature_request
I noticed that i cannot verify my account,noticed verify account,negative,login
"Unfortunately, i have not received a response from support This happens repeatedly.",unfortunately received response support happens repeatedly,positive,support
"For some reason, the application closes unexpectedly This happens repeatedly.",reason application close unexpectedly happens repeatedly,negative,bug
The colors and layout make the app easy to use Please look into it.,color layout make app easy use please look,negative,ui
"Today, my payment failed while placing the order This happens repeatedly.",today payment failed placing order happens repeatedly,negative,payment
I noticed that the application is very slow,noticed application slow,negative,performance
"Honestly, i was charged but the order was not placed I need assistance.",honestly charged order placed need assistance,negative,payment
"Honestly, the application freezes frequently This is frustrating.",honestly application freeze frequently frustrating,negative,performance
"Honestly, the transaction was declined Can you fix this?",honestly transaction declined fix,negative,payment
"Honestly, the payment page shows an error This is frustrating.",honestly payment page show error frustrating,negative,payment
"Honestly, the application is very slow Please look into it.",honestly application slow please look,negative,performance
The password reset link is not working Please look into it.,password reset link working please look,negative,login
"Unfortunately, i cannot complete the payment Can you fix this?",unfortunately complete payment fix,negative,payment
I am having trouble because i was charged but the order was not placed Can you fix this?,trouble charged order placed fix,negative,payment
I am having trouble because the search results are incorrect Please look into it.,trouble search result incorrect please look,negative,bug
"For some reason, the app shows an error after checkout I need assistance.",reason app show error checkout need assistance,negative,bug
"Honestly, the support experience was disappointing Please help.",honestly support experience disappointing please help,neutral,support
I noticed that the menu layout is confusing Please help.,noticed menu layout confusing please help,positive,ui
"Today, my account login keeps failing Please help.",today account login keep failing please help,negative,login
"Today, the notification is showing the wrong information This is frustrating.",today notification showing wrong information frustrating,negative,bug
"Today, i found a bug in the checkout process",today found bug checkout process,negative,bug
I noticed that the buttons are difficult to find I need assistance.,noticed button difficult find need assistance,positive,ui
"Unfortunately, i am unable to pay for my order This is frustrating.",unfortunately unable pay order frustrating,negative,payment
Pages are loading slowly,page loading slowly,negative,performance
I am having trouble because i would like to schedule deliveries I need assistance.,trouble would like schedule delivery need assistance,positive,feature_request
"Honestly, i cannot login to my account I need assistance.",honestly login account need assistance,negative,login
"Honestly, i forgot my password and cannot sign in Please look into it.",honestly forgot password sign please look,negative,login
"Recently, i would like to schedule deliveries This is frustrating.",recently would like schedule delivery frustrating,neutral,feature_request
"Unfortunately, i found a bug in the checkout process This happens repeatedly.",unfortunately found bug checkout process happens repeatedly,negative,bug
"Recently, the app logs me out whenever I try to sign in",recently app log whenever try sign,negative,login
"Today, the support staff were polite and professional Please look into it.",today support staff polite professional please look,negative,support
I noticed that can you add fingerprint login This happens repeatedly.,noticed add fingerprint login happens repeatedly,positive,feature_request
The colors and layout make the app easy to use Please help.,color layout make app easy use please help,positive,ui
"Honestly, the buttons are difficult to find Please look into it.",honestly button difficult find please look,negative,ui
I noticed that my account login keeps failing Can you fix this?,noticed account login keep failing fix,negative,login
"Honestly, the transaction was declined This happens repeatedly.",honestly transaction declined happens repeatedly,negative,payment
I noticed that my account login keeps failing,noticed account login keep failing,negative,login
I noticed that it would be useful to have a wishlist Can you fix this?,noticed would useful wishlist fix,neutral,feature_request
"Today, money was deducted but the payment failed",today money deducted payment failed,negative,payment
"Honestly, the login page is not working Please help.",honestly login page working please help,negative,login
"Recently, the new interface looks clean Can you fix this?",recently new interface look clean fix,neutral,ui
"Recently, the application interface is easy to use Please look into it.",recently application interface easy use please look,negative,ui
"Honestly, i found a bug in the checkout process",honestly found bug checkout process,neutral,bug
I am having trouble because i have not received a response from support Can you fix this?,trouble received response support fix,positive,support
"For some reason, the login page is not working This is frustrating.",reason login page working frustrating,negative,login
Can you add fingerprint login I need assistance.,add fingerprint login need assistance,neutral,feature_request
"For some reason, i cannot complete the payment Please help.",reason complete payment please help,negative,payment
"Unfortunately, the support team solved my issue quickly This is frustrating.",unfortunately support team solved issue quickly frustrating,negative,support
I noticed that the application is lagging badly,noticed application lagging badly,negative,performance
"Unfortunately, i am unable to pay for my order Please look into it.",unfortunately unable pay order please look,negative,payment
"Recently, i cannot login to my account Please look into it.",recently login account please look,negative,login
"Today, the application is lagging badly I need assistance.",today application lagging badly need assistance,neutral,performance
The application crashes when I open my profile Please look into it.,application crash open profile please look,negative,bug
I am having trouble because please add dark mode to the application Can you fix this?,trouble please add dark mode application fix,positive,feature_request
"Today, my payment failed while placing the order Please look into it.",today payment failed placing order please look,negative,payment
"Today, the password reset link is not working This happens repeatedly.",today password reset link working happens repeatedly,negative,login
"Recently, the navigation is difficult to understand Please help.",recently navigation difficult understand please help,negative,ui
"For some reason, the text on the screen is too small Please look into it.",reason text screen small please look,positive,ui
"Honestly, i cannot verify my account I need assistance.",honestly verify account need assistance,negative,login
"Honestly, i am unable to access my account This happens repeatedly.",honestly unable access account happens repeatedly,negative,login
"Today, the customer care representative was helpful This is frustrating.",today customer care representative helpful frustrating,negative,support
"Honestly, customer service was very helpful This is frustrating.",honestly customer service helpful frustrating,positive,support
"Honestly, i forgot my password and cannot sign in Can you fix this?",honestly forgot password sign fix,negative,login
"Honestly, the website response time is very poor Please look into it.",honestly website response time poor please look,negative,performance
I noticed that the support team did not resolve my problem This is frustrating.,noticed support team resolve problem frustrating,negative,support
"Recently, the customer care representative was helpful I need assistance.",recently customer care representative helpful need assistance,negative,support
I noticed that the buttons are difficult to find Please help.,noticed button difficult find please help,positive,ui
"Recently, login takes me back to the sign in page I need assistance.",recently login take back sign page need assistance,negative,login
"Unfortunately, the login page is not working I need assistance.",unfortunately login page working need assistance,negative,login
"Today, the password reset link is not working Can you fix this?",today password reset link working fix,negative,login
I noticed that can you add fingerprint login Please help.,noticed add fingerprint login please help,neutral,feature_request
"Today, it would be great to have a dark theme Please look into it.",today would great dark theme please look,positive,feature_request
I am having trouble because please add more payment methods Please help.,trouble please add payment method please help,positive,feature_request
I cannot complete the payment Can you fix this?,complete payment fix,neutral,payment
I have not received a response from support This is frustrating.,received response support frustrating,negative,support
"Recently, please add notifications for price changes Please help.",recently please add notification price change please help,neutral,feature_request
I noticed that the interface needs improvement Can you fix this?,noticed interface need improvement fix,positive,ui
I am having trouble because the login page is not working Please look into it.,trouble login page working please look,neutral,login
"Honestly, i cannot complete the payment Please look into it.",honestly complete payment please look,negative,payment
I noticed that the new interface looks clean This happens repeatedly.,noticed new interface look clean happens repeatedly,positive,ui
"Recently, it would be great to have a dark theme Please look into it.",recently would great dark theme please look,neutral,feature_request
"Unfortunately, my account login keeps failing Please look into it.",unfortunately account login keep failing please look,negative,login
"Today, i would like an option to download invoices Can you fix this?",today would like option download invoice fix,neutral,feature_request
"Unfortunately, the application interface is easy to use This is frustrating.",unfortunately application interface easy use frustrating,positive,ui
"Recently, please add more payment methods",recently please add payment method,positive,feature_request
"Unfortunately, the colors and layout make the app easy to use This happens repeatedly.",unfortunately color layout make app easy use happens repeatedly,positive,ui
"Recently, i cannot verify my account Please look into it.",recently verify account please look,negative,login
I noticed that something is broken in the application I need assistance.,noticed something broken application need assistance,negative,bug
"Honestly, the website is extremely slow today I need assistance.",honestly website extremely slow today need assistance,negative,performance
I am having trouble because the notification is showing the wrong information This is frustrating.,trouble notification showing wrong information frustrating,negative,bug
"For some reason, the password reset link is not working Please help.",reason password reset link working please help,negative,login
"Honestly, the menu layout is confusing",honestly menu layout confusing,negative,ui
"Recently, customer service was very helpful Can you fix this?",recently customer service helpful fix,positive,support
The support staff were polite and professional Please help.,support staff polite professional please help,negative,support
The OTP is not arriving during login Please help.,otp arriving login please help,negative,login
I am having trouble because the card payment keeps failing I need assistance.,trouble card payment keep failing need assistance,negative,payment
"For some reason, the transaction was declined",reason transaction declined,neutral,payment
"Unfortunately, the login page is not working Please help.",unfortunately login page working please help,negative,login
"Recently, the support staff were polite and professional Please help.",recently support staff polite professional please help,negative,support
I have not received a response from support Please help.,received response support please help,negative,support
"Today, i am unable to access my account Please help.",today unable access account please help,neutral,login
"Today, the website is extremely slow today Please look into it.",today website extremely slow today please look,negative,performance
I cannot verify my account Can you fix this?,verify account fix,neutral,login
"Honestly, the text on the screen is too small I need assistance.",honestly text screen small need assistance,positive,ui
I am having trouble because the menu layout is confusing,trouble menu layout confusing,neutral,ui
"Unfortunately, the support team did not resolve my problem Please help.",unfortunately support team resolve problem please help,negative,support
"Unfortunately, the password reset link is not working This is frustrating.",unfortunately password reset link working frustrating,negative,login
"Recently, it takes forever to open the dashboard I need assistance.",recently take forever open dashboard need assistance,negative,performance
"Unfortunately, the application is very slow Please help.",unfortunately application slow please help,negative,performance
I am having trouble because pages are loading slowly Can you fix this?,trouble page loading slowly fix,negative,performance
I am having trouble because the website is extremely slow today Please look into it.,trouble website extremely slow today please look,negative,performance
"Unfortunately, the interface needs improvement This happens repeatedly.",unfortunately interface need improvement happens repeatedly,negative,ui
"For some reason, the page becomes blank after clicking the button Can you fix this?",reason page becomes blank clicking button fix,negative,bug
"For some reason, please add a filter for previous orders Can you fix this?",reason please add filter previous order fix,positive,feature_request
"Recently, the customer care representative was helpful Please help.",recently customer care representative helpful please help,negative,support
"Unfortunately, i found a bug in the checkout process Please help.",unfortunately found bug checkout process please help,negative,bug
"Unfortunately, the menu layout is confusing This happens repeatedly.",unfortunately menu layout confusing happens repeatedly,positive,ui
I noticed that the support team did not resolve my problem This happens repeatedly.,noticed support team resolve problem happens repeatedly,negative,support
Please add notifications for price changes This happens repeatedly.,please add notification price change happens repeatedly,neutral,feature_request
"Honestly, the password reset link is not working Please help.",honestly password reset link working please help,negative,login
"Recently, i cannot login to my account This is frustrating.",recently login account frustrating,negative,login
"For some reason, please add dark mode to the application Can you fix this?",reason please add dark mode application fix,neutral,feature_request
"Today, the dashboard looks great Please help.",today dashboard look great please help,positive,ui
I noticed that please add more payment methods This happens repeatedly.,noticed please add payment method happens repeatedly,neutral,feature_request
"Recently, the application interface is easy to use",recently application interface easy use,positive,ui
"Recently, i cannot login to my account Can you fix this?",recently login account fix,negative,login
"Unfortunately, my payment is stuck This happens repeatedly.",unfortunately payment stuck happens repeatedly,negative,payment
"Unfortunately, i was charged but the order was not placed This is frustrating.",unfortunately charged order placed frustrating,negative,payment
The navigation is difficult to understand Can you fix this?,navigation difficult understand fix,positive,ui
"Today, i am happy with the assistance I received I need assistance.",today happy assistance received need assistance,positive,support
I am having trouble because it would be useful to have a wishlist This happens repeatedly.,trouble would useful wishlist happens repeatedly,neutral,feature_request
"Unfortunately, the transaction was declined Can you fix this?",unfortunately transaction declined fix,negative,payment
"For some reason, the support staff were polite and professional This happens repeatedly.",reason support staff polite professional happens repeatedly,positive,support
I noticed that i cannot login to my account This is frustrating.,noticed login account frustrating,negative,login
I am having trouble because i would like to schedule deliveries,trouble would like schedule delivery,neutral,feature_request
"Today, the menu layout is confusing Can you fix this?",today menu layout confusing fix,neutral,ui
"Unfortunately, the app takes too long to load",unfortunately app take long load,negative,performance
I noticed that i forgot my password and cannot sign in I need assistance.,noticed forgot password sign need assistance,negative,login
"Recently, the support team solved my issue quickly Please help.",recently support team solved issue quickly please help,positive,support
"Recently, i would like to schedule deliveries Please help.",recently would like schedule delivery please help,neutral,feature_request
"Today, the search results are incorrect This happens repeatedly.",today search result incorrect happens repeatedly,negative,bug
"Honestly, the support team did not resolve my problem Please help.",honestly support team resolve problem please help,positive,support
"Honestly, i was charged but the order was not placed I need assistance.",honestly charged order placed need assistance,negative,payment
Support took too long to respond I need assistance.,support took long respond need assistance,neutral,support
I noticed that i am unable to pay for my order I need assistance.,noticed unable pay order need assistance,negative,payment
"Honestly, please add a filter for previous orders I need assistance.",honestly please add filter previous order need assistance,neutral,feature_request
"Recently, nobody from customer support has contacted me This is frustrating.",recently nobody customer support contacted frustrating,negative,support
"Honestly, the password reset link is not working Can you fix this?",honestly password reset link working fix,negative,login
I forgot my password and cannot sign in,forgot password sign,negative,login
I noticed that the navigation is difficult to understand Please help.,noticed navigation difficult understand please help,negative,ui
"Recently, the text on the screen is too small Please help.",recently text screen small please help,neutral,ui
"Honestly, i cannot verify my account This is frustrating.",honestly verify account frustrating,negative,login
I noticed that the customer care representative was helpful Please look into it.,noticed customer care representative helpful please look,positive,support
"Today, my payment failed while placing the order Can you fix this?",today payment failed placing order fix,negative,payment
I am having trouble because please provide an option to change the language This is frustrating.,trouble please provide option change language frustrating,neutral,feature_request
I noticed that please add more payment methods This is frustrating.,noticed please add payment method frustrating,neutral,feature_request
"For some reason, my payment failed while placing the order This happens repeatedly.",reason payment failed placing order happens repeatedly,negative,payment
I am having trouble because the search results are incorrect Please look into it.,trouble search result incorrect please look,negative,bug
I noticed that the login page is not working Can you fix this?,noticed login page working fix,negative,login
"Honestly, my payment failed while placing the order Please look into it.",honestly payment failed placing order please look,negative,payment
I noticed that the app crashes whenever I upload a file Please help.,noticed app crash whenever upload file please help,neutral,bug
"For some reason, i have not received a response from support I need assistance.",reason received response support need assistance,negative,support
I noticed that the buttons are difficult to find This happens repeatedly.,noticed button difficult find happens repeatedly,positive,ui
The new interface looks clean Please help.,new interface look clean please help,negative,ui
"Recently, my account login keeps failing This happens repeatedly.",recently account login keep failing happens repeatedly,negative,login
I noticed that the transaction was declined Please look into it.,noticed transaction declined please look,negative,payment
"Honestly, the website response time is very poor Please help.",honestly website response time poor please help,negative,performance
"Today, my payment failed while placing the order",today payment failed placing order,negative,payment
I am having trouble because i forgot my password and cannot sign in Can you fix this?,trouble forgot password sign fix,negative,login
I noticed that the app crashes whenever I upload a file Can you fix this?,noticed app crash whenever upload file fix,negative,bug
I noticed that the notification is showing the wrong information,noticed notification showing wrong information,negative,bug
"Today, the search results are incorrect Can you fix this?",today search result incorrect fix,negative,bug
"Honestly, the support staff were polite and professional",honestly support staff polite professional,negative,support
I am having trouble because the order status is displaying incorrectly,trouble order status displaying incorrectly,negative,bug
"Unfortunately, it would be great to have a dark theme This is frustrating.",unfortunately would great dark theme frustrating,neutral,feature_request
"For some reason, i would like an option to download invoices Please look into it.",reason would like option download invoice please look,positive,feature_request
"Recently, i am unable to access my account This is frustrating.",recently unable access account frustrating,neutral,login
I am having trouble because login takes me back to the sign in page Can you fix this?,trouble login take back sign page fix,negative,login
I noticed that money was deducted but the payment failed This is frustrating.,noticed money deducted payment failed frustrating,neutral,payment
"For some reason, the new interface looks clean Please help.",reason new interface look clean please help,negative,ui
"Honestly, the buttons are difficult to find Can you fix this?",honestly button difficult find fix,negative,ui
"Honestly, the application crashes when I open my profile This is frustrating.",honestly application crash open profile frustrating,negative,bug
I am having trouble because the transaction was declined This is frustrating.,trouble transaction declined frustrating,negative,payment
I am unable to pay for my order Can you fix this?,unable pay order fix,negative,payment
I am having trouble because the support team solved my issue quickly I need assistance.,trouble support team solved issue quickly need assistance,negative,support
"Today, the notification is showing the wrong information",today notification showing wrong information,negative,bug
"Unfortunately, i am happy with the assistance I received This is frustrating.",unfortunately happy assistance received frustrating,negative,support
I am having trouble because the order status is displaying incorrectly Please look into it.,trouble order status displaying incorrectly please look,negative,bug
"For some reason, i am happy with the assistance I received Can you fix this?",reason happy assistance received fix,positive,support
Login takes me back to the sign in page Can you fix this?,login take back sign page fix,negative,login
"Honestly, please add notifications for price changes This is frustrating.",honestly please add notification price change frustrating,neutral,feature_request
"Unfortunately, the buttons are difficult to find This is frustrating.",unfortunately button difficult find frustrating,neutral,ui
"Today, the support team solved my issue quickly This happens repeatedly.",today support team solved issue quickly happens repeatedly,negative,support
"Recently, the text on the screen is too small",recently text screen small,negative,ui
"Unfortunately, the website response time is very poor Please help.",unfortunately website response time poor please help,negative,performance
I noticed that support took too long to respond Can you fix this?,noticed support took long respond fix,negative,support
I am having trouble because the application freezes frequently Can you fix this?,trouble application freeze frequently fix,neutral,performance
I noticed that the dashboard looks great This happens repeatedly.,noticed dashboard look great happens repeatedly,positive,ui
I noticed that customer service was very helpful I need assistance.,noticed customer service helpful need assistance,negative,support
"Unfortunately, i forgot my password and cannot sign in Can you fix this?",unfortunately forgot password sign fix,negative,login
"Unfortunately, the application interface is easy to use Please help.",unfortunately application interface easy use please help,positive,ui
I found a bug in the checkout process Can you fix this?,found bug checkout process fix,negative,bug
"For some reason, the order status is displaying incorrectly This happens repeatedly.",reason order status displaying incorrectly happens repeatedly,negative,bug
"For some reason, it would be great to have a dark theme",reason would great dark theme,positive,feature_request
"Honestly, the card payment keeps failing Can you fix this?",honestly card payment keep failing fix,negative,payment
"Honestly, i am unable to pay for my order Please look into it.",honestly unable pay order please look,negative,payment
"Recently, i was charged but the order was not placed",recently charged order placed,negative,payment
"Recently, the OTP is not arriving during login Please help.",recently otp arriving login please help,negative,login
"For some reason, the card payment keeps failing This happens repeatedly.",reason card payment keep failing happens repeatedly,negative,payment
"Today, the website is extremely slow today",today website extremely slow today,negative,performance
"Honestly, i cannot login to my account This happens repeatedly.",honestly login account happens repeatedly,negative,login
I noticed that i cannot verify my account Please help.,noticed verify account please help,negative,login
"Today, customer service was very helpful Please look into it.",today customer service helpful please look,negative,support
I am having trouble because the application is lagging badly This is frustrating.,trouble application lagging badly frustrating,negative,performance
I am having trouble because please provide an option to change the language Please help.,trouble please provide option change language please help,neutral,feature_request
"Recently, the design is simple and user friendly Please help.",recently design simple user friendly please help,negative,ui
"For some reason, the application is lagging badly Please help.",reason application lagging badly please help,negative,performance
I noticed that please add a filter for previous orders,noticed please add filter previous order,positive,feature_request
I noticed that uPI payment is not going through This is frustrating.,noticed upi payment going frustrating,negative,payment
Money was deducted but the payment failed This happens repeatedly.,money deducted payment failed happens repeatedly,negative,payment
"Recently, it would be useful to have a wishlist",recently would useful wishlist,neutral,feature_request
"Today, the buttons are difficult to find This is frustrating.",today button difficult find frustrating,negative,ui
"Honestly, i cannot verify my account Can you fix this?",honestly verify account fix,negative,login
Money was deducted but the payment failed Can you fix this?,money deducted payment failed fix,neutral,payment
"For some reason, the support team did not resolve my problem Please look into it.",reason support team resolve problem please look,negative,support
I noticed that the website response time is very poor I need assistance.,noticed website response time poor need assistance,negative,performance
"Recently, the OTP is not arriving during login Can you fix this?",recently otp arriving login fix,negative,login
The page becomes blank after clicking the button This is frustrating.,page becomes blank clicking button frustrating,negative,bug
"Recently, my payment is stuck This happens repeatedly.",recently payment stuck happens repeatedly,negative,payment
I noticed that please add dark mode to the application This happens repeatedly.,noticed please add dark mode application happens repeatedly,neutral,feature_request
Please add notifications for price changes Can you fix this?,please add notification price change fix,neutral,feature_request
"For some reason, the application closes unexpectedly Can you fix this?",reason application close unexpectedly fix,negative,bug
"Unfortunately, the password reset link is not working This happens repeatedly.",unfortunately password reset link working happens repeatedly,negative,login
"Unfortunately, my payment failed while placing the order This happens repeatedly.",unfortunately payment failed placing order happens repeatedly,negative,payment
I am having trouble because i cannot login to my account This is frustrating.,trouble login account frustrating,neutral,login
I am having trouble because the payment page shows an error This happens repeatedly.,trouble payment page show error happens repeatedly,negative,payment
"Unfortunately, i cannot login to my account This is frustrating.",unfortunately login account frustrating,negative,login
"For some reason, the notification is showing the wrong information This is frustrating.",reason notification showing wrong information frustrating,negative,bug
"Unfortunately, the new interface looks clean I need assistance.",unfortunately new interface look clean need assistance,positive,ui
"For some reason, i have not received a response from support",reason received response support,negative,support
"Recently, the buttons are difficult to find This is frustrating.",recently button difficult find frustrating,neutral,ui
I am having trouble because i am happy with the assistance I received This is frustrating.,trouble happy assistance received frustrating,positive,support
"Honestly, i am unable to access my account Can you fix this?",honestly unable access account fix,neutral,login
"Today, i was charged but the order was not placed",today charged order placed,neutral,payment
The login page is not working Can you fix this?,login page working fix,negative,login
"Unfortunately, please add notifications for price changes Please help.",unfortunately please add notification price change please help,neutral,feature_request
"Recently, the support team solved my issue quickly",recently support team solved issue quickly,negative,support
"Honestly, the support team solved my issue quickly I need assistance.",honestly support team solved issue quickly need assistance,negative,support
"Recently, the login page is not working Can you fix this?",recently login page working fix,negative,login
The support experience was disappointing This happens repeatedly.,support experience disappointing happens repeatedly,negative,support
I noticed that can you add fingerprint login Can you fix this?,noticed add fingerprint login fix,neutral,feature_request
"Honestly, the login page is not working I need assistance.",honestly login page working need assistance,negative,login
"Unfortunately, the OTP is not arriving during login Can you fix this?",unfortunately otp arriving login fix,negative,login
I noticed that i would like to schedule deliveries,noticed would like schedule delivery,neutral,feature_request
"For some reason, the app shows an error after checkout Please look into it.",reason app show error checkout please look,negative,bug
I noticed that it would be great to have a dark theme Please help.,noticed would great dark theme please help,neutral,feature_request
"Honestly, please provide an option to change the language This is frustrating.",honestly please provide option change language frustrating,neutral,feature_request
I noticed that the navigation is difficult to understand I need assistance.,noticed navigation difficult understand need assistance,negative,ui
"Honestly, the support team did not resolve my problem This is frustrating.",honestly support team resolve problem frustrating,neutral,support
I noticed that the app takes too long to load Can you fix this?,noticed app take long load fix,negative,performance
I am having trouble because it would be useful to have a wishlist,trouble would useful wishlist,neutral,feature_request
"Honestly, the app shows an error after checkout Please help.",honestly app show error checkout please help,negative,bug
I noticed that i was charged but the order was not placed Please look into it.,noticed charged order placed please look,negative,payment
"For some reason, the colors and layout make the app easy to use Please look into it.",reason color layout make app easy use please look,negative,ui
"Recently, the payment page shows an error This happens repeatedly.",recently payment page show error happens repeatedly,negative,payment
"For some reason, the page becomes blank after clicking the button",reason page becomes blank clicking button,neutral,bug
I noticed that the application closes unexpectedly Can you fix this?,noticed application close unexpectedly fix,neutral,bug
"Recently, the app crashes whenever I upload a file This happens repeatedly.",recently app crash whenever upload file happens repeatedly,negative,bug
"Unfortunately, the page becomes blank after clicking the button Can you fix this?",unfortunately page becomes blank clicking button fix,negative,bug
"Today, the support team did not resolve my problem Can you fix this?",today support team resolve problem fix,negative,support
I am having trouble because i am unable to pay for my order,trouble unable pay order,negative,payment
"For some reason, please add more payment methods Please help.",reason please add payment method please help,neutral,feature_request
"Recently, it takes forever to open the dashboard Please help.",recently take forever open dashboard please help,negative,performance
"Honestly, the dashboard looks great I need assistance.",honestly dashboard look great need assistance,positive,ui
"For some reason, the support team solved my issue quickly This is frustrating.",reason support team solved issue quickly frustrating,negative,support
"For some reason, the application interface is easy to use Please help.",reason application interface easy use please help,negative,ui
"Today, the search results are incorrect This happens repeatedly.",today search result incorrect happens repeatedly,negative,bug
I noticed that nobody from customer support has contacted me,noticed nobody customer support contacted,negative,support
"Honestly, the text on the screen is too small Please help.",honestly text screen small please help,positive,ui
Please add notifications for price changes Can you fix this?,please add notification price change fix,neutral,feature_request
"Today, the app becomes slow during checkout This is frustrating.",today app becomes slow checkout frustrating,negative,performance
"Today, the menu layout is confusing This is frustrating.",today menu layout confusing frustrating,neutral,ui
"Recently, please add notifications for price changes Can you fix this?",recently please add notification price change fix,neutral,feature_request
"Honestly, my payment is stuck Please help.",honestly payment stuck please help,negative,payment
"Honestly, the order status is displaying incorrectly This happens repeatedly.",honestly order status displaying incorrectly happens repeatedly,negative,bug
I am having trouble because my payment is stuck This happens repeatedly.,trouble payment stuck happens repeatedly,negative,payment
"For some reason, the application is lagging badly This happens repeatedly.",reason application lagging badly happens repeatedly,negative,performance
"Recently, the OTP is not arriving during login Please look into it.",recently otp arriving login please look,negative,login
"Honestly, the password reset link is not working",honestly password reset link working,negative,login
I am having trouble because the new interface looks clean This happens repeatedly.,trouble new interface look clean happens repeatedly,negative,ui
"Honestly, the transaction was declined Please help.",honestly transaction declined please help,negative,payment
"Honestly, i cannot login to my account Please help.",honestly login account please help,negative,login
"Recently, i have not received a response from support Can you fix this?",recently received response support fix,neutral,support
Please add a filter for previous orders Please help.,please add filter previous order please help,neutral,feature_request
"Today, uPI payment is not going through This is frustrating.",today upi payment going frustrating,negative,payment
"Unfortunately, the app becomes slow during checkout Please look into it.",unfortunately app becomes slow checkout please look,negative,performance
"Honestly, the password reset link is not working Please help.",honestly password reset link working please help,negative,login
"Unfortunately, every screen takes a long time to open Please help.",unfortunately every screen take long time open please help,negative,performance
I am having trouble because please add more payment methods Please help.,trouble please add payment method please help,neutral,feature_request
"Unfortunately, i found a bug in the checkout process I need assistance.",unfortunately found bug checkout process need assistance,negative,bug
I noticed that the support team solved my issue quickly Please help.,noticed support team solved issue quickly please help,negative,support
I found a bug in the checkout process This is frustrating.,found bug checkout process frustrating,negative,bug
"Recently, my account login keeps failing This is frustrating.",recently account login keep failing frustrating,negative,login
I noticed that the app becomes slow during checkout I need assistance.,noticed app becomes slow checkout need assistance,negative,performance
"For some reason, the design is simple and user friendly Please help.",reason design simple user friendly please help,positive,ui
"Recently, the support team solved my issue quickly This happens repeatedly.",recently support team solved issue quickly happens repeatedly,positive,support
"Recently, the login page is not working This is frustrating.",recently login page working frustrating,negative,login
I noticed that the support team did not resolve my problem This happens repeatedly.,noticed support team resolve problem happens repeatedly,negative,support
I noticed that can you add fingerprint login,noticed add fingerprint login,neutral,feature_request
It would be great to have a dark theme This happens repeatedly.,would great dark theme happens repeatedly,neutral,feature_request
"Unfortunately, it would be great to have a dark theme This happens repeatedly.",unfortunately would great dark theme happens repeatedly,positive,feature_request
I noticed that i forgot my password and cannot sign in Please help.,noticed forgot password sign please help,negative,login
I am having trouble because the app takes too long to load Please look into it.,trouble app take long load please look,negative,performance
"For some reason, customer service was very helpful Can you fix this?",reason customer service helpful fix,negative,support
"For some reason, the support staff were polite and professional Please look into it.",reason support staff polite professional please look,positive,support
"Recently, the payment page shows an error This is frustrating.",recently payment page show error frustrating,negative,payment
I am having trouble because the application crashes when I open my profile This is frustrating.,trouble application crash open profile frustrating,negative,bug
The support team solved my issue quickly Please look into it.,support team solved issue quickly please look,negative,support
I noticed that login takes me back to the sign in page This happens repeatedly.,noticed login take back sign page happens repeatedly,negative,login
The page becomes blank after clicking the button Please help.,page becomes blank clicking button please help,negative,bug
"Today, i am happy with the assistance I received This happens repeatedly.",today happy assistance received happens repeatedly,negative,support
The menu layout is confusing Please look into it.,menu layout confusing please look,negative,ui
"Unfortunately, the interface needs improvement I need assistance.",unfortunately interface need improvement need assistance,negative,ui
I noticed that support took too long to respond Please help.,noticed support took long respond please help,positive,support
"Recently, the new interface looks clean Please look into it.",recently new interface look clean please look,positive,ui
I am having trouble because i am happy with the assistance I received Please look into it.,trouble happy assistance received please look,positive,support
"Unfortunately, the page becomes blank after clicking the button",unfortunately page becomes blank clicking button,negative,bug
I noticed that uPI payment is not going through This happens repeatedly.,noticed upi payment going happens repeatedly,neutral,payment
"Today, please add dark mode to the application Can you fix this?",today please add dark mode application fix,neutral,feature_request
"For some reason, please add notifications for price changes",reason please add notification price change,neutral,feature_request
"Recently, i was charged but the order was not placed This is frustrating.",recently charged order placed frustrating,negative,payment
"Recently, pages are loading slowly",recently page loading slowly,negative,performance
"Recently, the order status is displaying incorrectly Can you fix this?",recently order status displaying incorrectly fix,neutral,bug
"Recently, the support experience was disappointing I need assistance.",recently support experience disappointing need assistance,positive,support
The app crashes whenever I upload a file,app crash whenever upload file,negative,bug
"Today, the application is lagging badly This happens repeatedly.",today application lagging badly happens repeatedly,neutral,performance
It would be great to have a dark theme This happens repeatedly.,would great dark theme happens repeatedly,neutral,feature_request
I am having trouble because i am happy with the assistance I received Can you fix this?,trouble happy assistance received fix,negative,support
I noticed that the support staff were polite and professional This happens repeatedly.,noticed support staff polite professional happens repeatedly,neutral,support
"Unfortunately, i cannot verify my account This happens repeatedly.",unfortunately verify account happens repeatedly,negative,login
"Honestly, the application crashes when I open my profile This happens repeatedly.",honestly application crash open profile happens repeatedly,negative,bug
"Unfortunately, it takes forever to open the dashboard Please help.",unfortunately take forever open dashboard please help,negative,performance
"Recently, the application is very slow Can you fix this?",recently application slow fix,negative,performance
"Honestly, the new interface looks clean This happens repeatedly.",honestly new interface look clean happens repeatedly,negative,ui
"Recently, i found a bug in the checkout process This happens repeatedly.",recently found bug checkout process happens repeatedly,negative,bug
"For some reason, i found a bug in the checkout process This is frustrating.",reason found bug checkout process frustrating,negative,bug
"For some reason, the website response time is very poor Can you fix this?",reason website response time poor fix,negative,performance
"Unfortunately, please add a filter for previous orders Please look into it.",unfortunately please add filter previous order please look,positive,feature_request
"Honestly, please add a filter for previous orders I need assistance.",honestly please add filter previous order need assistance,positive,feature_request
"Honestly, login takes me back to the sign in page Can you fix this?",honestly login take back sign page fix,negative,login
"Unfortunately, the support team solved my issue quickly Please help.",unfortunately support team solved issue quickly please help,positive,support
"Today, i would like an option to download invoices This is frustrating.",today would like option download invoice frustrating,neutral,feature_request
"Honestly, pages are loading slowly Can you fix this?",honestly page loading slowly fix,negative,performance
"Recently, the customer care representative was helpful Please look into it.",recently customer care representative helpful please look,neutral,support
"Recently, the support team solved my issue quickly This is frustrating.",recently support team solved issue quickly frustrating,neutral,support
"Today, the design is simple and user friendly Please help.",today design simple user friendly please help,negative,ui
The payment page shows an error This is frustrating.,payment page show error frustrating,neutral,payment
I noticed that the app takes too long to load Please look into it.,noticed app take long load please look,negative,performance
"Today, the customer care representative was helpful Can you fix this?",today customer care representative helpful fix,negative,support
I am having trouble because i was charged but the order was not placed This happens repeatedly.,trouble charged order placed happens repeatedly,negative,payment
"Unfortunately, something is broken in the application Please look into it.",unfortunately something broken application please look,negative,bug
"Unfortunately, the navigation is difficult to understand Please look into it.",unfortunately navigation difficult understand please look,neutral,ui
The customer care representative was helpful,customer care representative helpful,negative,support
"Today, i am happy with the assistance I received This happens repeatedly.",today happy assistance received happens repeatedly,positive,support
"Honestly, i cannot verify my account Please look into it.",honestly verify account please look,negative,login
"For some reason, i am unable to access my account Please look into it.",reason unable access account please look,negative,login
I cannot verify my account I need assistance.,verify account need assistance,negative,login
"Honestly, the page becomes blank after clicking the button",honestly page becomes blank clicking button,negative,bug
I noticed that the app crashes whenever I upload a file Please look into it.,noticed app crash whenever upload file please look,negative,bug
I am having trouble because the menu layout is confusing This happens repeatedly.,trouble menu layout confusing happens repeatedly,positive,ui
"Unfortunately, the app becomes slow during checkout I need assistance.",unfortunately app becomes slow checkout need assistance,negative,performance
"Recently, the application crashes when I open my profile Can you fix this?",recently application crash open profile fix,negative,bug
"Today, the OTP is not arriving during login This happens repeatedly.",today otp arriving login happens repeatedly,negative,login
"Unfortunately, the application freezes frequently This is frustrating.",unfortunately application freeze frequently frustrating,negative,performance
"Recently, i am unable to access my account Please help.",recently unable access account please help,negative,login
"Honestly, the support staff were polite and professional Please help.",honestly support staff polite professional please help,positive,support
"Today, the support staff were polite and professional This is frustrating.",today support staff polite professional frustrating,positive,support
"For some reason, the transaction was declined This happens repeatedly.",reason transaction declined happens repeatedly,negative,payment
I am having trouble because my payment failed while placing the order Please look into it.,trouble payment failed placing order please look,negative,payment
"Honestly, pages are loading slowly",honestly page loading slowly,negative,performance
I am having trouble because i have not received a response from support Please look into it.,trouble received response support please look,positive,support
"Today, i have not received a response from support Please look into it.",today received response support please look,positive,support
I noticed that the support staff were polite and professional This happens repeatedly.,noticed support staff polite professional happens repeatedly,positive,support
"For some reason, the transaction was declined I need assistance.",reason transaction declined need assistance,negative,payment
I noticed that please add dark mode to the application This happens repeatedly.,noticed please add dark mode application happens repeatedly,neutral,feature_request
The card payment keeps failing This happens repeatedly.,card payment keep failing happens repeatedly,negative,payment
I cannot complete the payment Please help.,complete payment please help,negative,payment
I noticed that i would like to schedule deliveries Please help.,noticed would like schedule delivery please help,neutral,feature_request
I am having trouble because the application crashes when I open my profile This happens repeatedly.,trouble application crash open profile happens repeatedly,negative,bug
"Honestly, the new interface looks clean This happens repeatedly.",honestly new interface look clean happens repeatedly,positive,ui
"Today, my account login keeps failing This happens repeatedly.",today account login keep failing happens repeatedly,negative,login
I noticed that the support staff were polite and professional I need assistance.,noticed support staff polite professional need assistance,positive,support
The application crashes when I open my profile,application crash open profile,negative,bug
"Unfortunately, i would like an option to download invoices This is frustrating.",unfortunately would like option download invoice frustrating,neutral,feature_request
"Recently, uPI payment is not going through I need assistance.",recently upi payment going need assistance,negative,payment
"Unfortunately, the app takes too long to load Please look into it.",unfortunately app take long load please look,negative,performance
I noticed that i was charged but the order was not placed,noticed charged order placed,negative,payment
"For some reason, the application crashes when I open my profile",reason application crash open profile,negative,bug
"Recently, login takes me back to the sign in page This happens repeatedly.",recently login take back sign page happens repeatedly,negative,login
"Unfortunately, i forgot my password and cannot sign in Please look into it.",unfortunately forgot password sign please look,neutral,login
The text on the screen is too small I need assistance.,text screen small need assistance,positive,ui
"Honestly, the order status is displaying incorrectly This is frustrating.",honestly order status displaying incorrectly frustrating,negative,bug
I noticed that my account login keeps failing,noticed account login keep failing,negative,login
I am having trouble because the login page is not working Please look into it.,trouble login page working please look,negative,login
"For some reason, the support team solved my issue quickly",reason support team solved issue quickly,neutral,support
"Recently, i have not received a response from support",recently received response support,positive,support
"Unfortunately, please add notifications for price changes Can you fix this?",unfortunately please add notification price change fix,positive,feature_request
"Today, the order status is displaying incorrectly Please look into it.",today order status displaying incorrectly please look,negative,bug
I noticed that the support team solved my issue quickly This is frustrating.,noticed support team solved issue quickly frustrating,positive,support
I noticed that my account login keeps failing Please help.,noticed account login keep failing please help,negative,login
"Unfortunately, the transaction was declined This is frustrating.",unfortunately transaction declined frustrating,neutral,payment
"Recently, can you add fingerprint login Please help.",recently add fingerprint login please help,neutral,feature_request
"Recently, it takes forever to open the dashboard This is frustrating.",recently take forever open dashboard frustrating,negative,performance
"Recently, i cannot verify my account I need assistance.",recently verify account need assistance,negative,login
"For some reason, can you add fingerprint login This happens repeatedly.",reason add fingerprint login happens repeatedly,neutral,feature_request
"Today, the app becomes slow during checkout Please help.",today app becomes slow checkout please help,negative,performance
The app takes too long to load This is frustrating.,app take long load frustrating,negative,performance
"Unfortunately, my payment is stuck This happens repeatedly.",unfortunately payment stuck happens repeatedly,negative,payment
I noticed that please add a filter for previous orders Please help.,noticed please add filter previous order please help,neutral,feature_request
"Unfortunately, i cannot verify my account",unfortunately verify account,negative,login
"Unfortunately, money was deducted but the payment failed",unfortunately money deducted payment failed,negative,payment
"Unfortunately, i forgot my password and cannot sign in I need assistance.",unfortunately forgot password sign need assistance,negative,login
"For some reason, i would like to schedule deliveries Please look into it.",reason would like schedule delivery please look,neutral,feature_request
The OTP is not arriving during login Please look into it.,otp arriving login please look,negative,login
The transaction was declined I need assistance.,transaction declined need assistance,negative,payment
The application crashes when I open my profile This is frustrating.,application crash open profile frustrating,neutral,bug
"Today, i am happy with the assistance I received This happens repeatedly.",today happy assistance received happens repeatedly,positive,support
"Unfortunately, the login page is not working Please help.",unfortunately login page working please help,negative,login
"Honestly, it would be useful to have a wishlist I need assistance.",honestly would useful wishlist need assistance,neutral,feature_request
"Recently, the page becomes blank after clicking the button I need assistance.",recently page becomes blank clicking button need assistance,negative,bug
"Honestly, can you add fingerprint login I need assistance.",honestly add fingerprint login need assistance,neutral,feature_request
"For some reason, the app becomes slow during checkout",reason app becomes slow checkout,negative,performance
"Today, the support experience was disappointing This is frustrating.",today support experience disappointing frustrating,negative,support
I am having trouble because the app logs me out whenever I try to sign in Please help.,trouble app log whenever try sign please help,negative,login
I am having trouble because the notification is showing the wrong information I need assistance.,trouble notification showing wrong information need assistance,negative,bug
"Unfortunately, the app shows an error after checkout This is frustrating.",unfortunately app show error checkout frustrating,negative,bug
"Today, i cannot login to my account Can you fix this?",today login account fix,negative,login
Please provide an option to change the language This happens repeatedly.,please provide option change language happens repeatedly,neutral,feature_request
I noticed that please add more payment methods This is frustrating.,noticed please add payment method frustrating,neutral,feature_request
"Unfortunately, i was charged but the order was not placed This is frustrating.",unfortunately charged order placed frustrating,negative,payment
I am happy with the assistance I received I need assistance.,happy assistance received need assistance,positive,support
"For some reason, i forgot my password and cannot sign in Can you fix this?",reason forgot password sign fix,negative,login
Can you add fingerprint login Please help.,add fingerprint login please help,neutral,feature_request
"For some reason, the application closes unexpectedly This happens repeatedly.",reason application close unexpectedly happens repeatedly,negative,bug
The app logs me out whenever I try to sign in Please look into it.,app log whenever try sign please look,negative,login
"Unfortunately, it would be useful to have a wishlist I need assistance.",unfortunately would useful wishlist need assistance,neutral,feature_request
"Recently, the application freezes frequently I need assistance.",recently application freeze frequently need assistance,neutral,performance
"Recently, please add more payment methods Please look into it.",recently please add payment method please look,neutral,feature_request
"Today, the password reset link is not working Please look into it.",today password reset link working please look,negative,login
"Honestly, something is broken in the application I need assistance.",honestly something broken application need assistance,negative,bug
"Honestly, the support team did not resolve my problem Can you fix this?",honestly support team resolve problem fix,negative,support
I forgot my password and cannot sign in This happens repeatedly.,forgot password sign happens repeatedly,negative,login
"Recently, the app shows an error after checkout Please help.",recently app show error checkout please help,negative,bug
"For some reason, the new interface looks clean I need assistance.",reason new interface look clean need assistance,positive,ui
I noticed that the application is lagging badly Can you fix this?,noticed application lagging badly fix,negative,performance
"For some reason, the login page is not working This happens repeatedly.",reason login page working happens repeatedly,negative,login
"Today, i am happy with the assistance I received This is frustrating.",today happy assistance received frustrating,positive,support
I noticed that customer service was very helpful This is frustrating.,noticed customer service helpful frustrating,negative,support
I noticed that my payment failed while placing the order Please help.,noticed payment failed placing order please help,neutral,payment
I am having trouble because the application crashes when I open my profile This happens repeatedly.,trouble application crash open profile happens repeatedly,negative,bug
"Unfortunately, the app becomes slow during checkout Please look into it.",unfortunately app becomes slow checkout please look,negative,performance
"Today, the application is lagging badly This is frustrating.",today application lagging badly frustrating,negative,performance
"Today, money was deducted but the payment failed I need assistance.",today money deducted payment failed need assistance,negative,payment
"Today, the application is lagging badly I need assistance.",today application lagging badly need assistance,negative,performance
I noticed that the support staff were polite and professional,noticed support staff polite professional,negative,support
I am having trouble because it would be great to have a dark theme Please look into it.,trouble would great dark theme please look,neutral,feature_request
"Unfortunately, i am happy with the assistance I received Please look into it.",unfortunately happy assistance received please look,negative,support
I am having trouble because it takes forever to open the dashboard Please look into it.,trouble take forever open dashboard please look,neutral,performance
I am having trouble because i have not received a response from support Please look into it.,trouble received response support please look,positive,support
"Unfortunately, i would like to schedule deliveries Please help.",unfortunately would like schedule delivery please help,positive,feature_request
I noticed that i cannot login to my account,noticed login account,negative,login
"Today, i would like an option to download invoices I need assistance.",today would like option download invoice need assistance,neutral,feature_request
"For some reason, the OTP is not arriving during login Please look into it.",reason otp arriving login please look,negative,login
"Recently, i am unable to access my account",recently unable access account,negative,login
"Unfortunately, the support team did not resolve my problem Can you fix this?",unfortunately support team resolve problem fix,positive,support
"Today, my payment failed while placing the order This is frustrating.",today payment failed placing order frustrating,negative,payment
I am having trouble because the new interface looks clean,trouble new interface look clean,positive,ui
"Recently, the menu layout is confusing Can you fix this?",recently menu layout confusing fix,neutral,ui
"Honestly, i cannot login to my account Can you fix this?",honestly login account fix,negative,login
"Today, please add dark mode to the application",today please add dark mode application,neutral,feature_request
"Unfortunately, the application is lagging badly Can you fix this?",unfortunately application lagging badly fix,negative,performance
"Unfortunately, the interface needs improvement This happens repeatedly.",unfortunately interface need improvement happens repeatedly,neutral,ui
I noticed that i cannot login to my account I need assistance.,noticed login account need assistance,negative,login
"Honestly, the page becomes blank after clicking the button Please help.",honestly page becomes blank clicking button please help,negative,bug
I noticed that the page becomes blank after clicking the button I need assistance.,noticed page becomes blank clicking button need assistance,negative,bug
I noticed that it would be great to have a dark theme This is frustrating.,noticed would great dark theme frustrating,neutral,feature_request
I noticed that money was deducted but the payment failed,noticed money deducted payment failed,negative,payment
"For some reason, i have not received a response from support I need assistance.",reason received response support need assistance,negative,support
"Honestly, uPI payment is not going through This is frustrating.",honestly upi payment going frustrating,negative,payment
The login page is not working,login page working,negative,login
"Recently, i was charged but the order was not placed",recently charged order placed,negative,payment
I noticed that login takes me back to the sign in page This happens repeatedly.,noticed login take back sign page happens repeatedly,negative,login
The colors and layout make the app easy to use This is frustrating.,color layout make app easy use frustrating,positive,ui
"Unfortunately, the website is extremely slow today Please help.",unfortunately website extremely slow today please help,negative,performance
The login page is not working I need assistance.,login page working need assistance,negative,login
The transaction was declined,transaction declined,negative,payment
"Unfortunately, the order status is displaying incorrectly Please look into it.",unfortunately order status displaying incorrectly please look,negative,bug
"Recently, the colors and layout make the app easy to use",recently color layout make app easy use,positive,ui
"Honestly, the card payment keeps failing",honestly card payment keep failing,negative,payment
"Honestly, the colors and layout make the app easy to use This happens repeatedly.",honestly color layout make app easy use happens repeatedly,negative,ui
I noticed that the support team did not resolve my problem This happens repeatedly.,noticed support team resolve problem happens repeatedly,negative,support
"Honestly, the payment page shows an error I need assistance.",honestly payment page show error need assistance,negative,payment
"Recently, it takes forever to open the dashboard I need assistance.",recently take forever open dashboard need assistance,negative,performance
The website response time is very poor Please help.,website response time poor please help,negative,performance
I am having trouble because the OTP is not arriving during login This is frustrating.,trouble otp arriving login frustrating,neutral,login
I am having trouble because the application freezes frequently,trouble application freeze frequently,negative,performance
"For some reason, the application is very slow Please look into it.",reason application slow please look,negative,performance
"Today, the support experience was disappointing This happens repeatedly.",today support experience disappointing happens repeatedly,negative,support
"Today, support took too long to respond",today support took long respond,positive,support
I noticed that login takes me back to the sign in page Please help.,noticed login take back sign page please help,negative,login
"Recently, the colors and layout make the app easy to use This is frustrating.",recently color layout make app easy use frustrating,negative,ui
"Unfortunately, the application is lagging badly This is frustrating.",unfortunately application lagging badly frustrating,negative,performance
"For some reason, the application is very slow This happens repeatedly.",reason application slow happens repeatedly,negative,performance
I noticed that the application closes unexpectedly Please help.,noticed application close unexpectedly please help,negative,bug
"Unfortunately, the buttons are difficult to find This is frustrating.",unfortunately button difficult find frustrating,positive,ui
"Honestly, the search results are incorrect This happens repeatedly.",honestly search result incorrect happens repeatedly,negative,bug
Please add notifications for price changes Please help.,please add notification price change please help,neutral,feature_request
The application crashes when I open my profile,application crash open profile,negative,bug
"For some reason, the support experience was disappointing Please look into it.",reason support experience disappointing please look,neutral,support
Money was deducted but the payment failed Can you fix this?,money deducted payment failed fix,negative,payment
"Recently, the page becomes blank after clicking the button I need assistance.",recently page becomes blank clicking button need assistance,negative,bug
"Recently, the application interface is easy to use I need assistance.",recently application interface easy use need assistance,positive,ui
"Unfortunately, the card payment keeps failing This happens repeatedly.",unfortunately card payment keep failing happens repeatedly,negative,payment
"Honestly, the card payment keeps failing This is frustrating.",honestly card payment keep failing frustrating,negative,payment
"Recently, pages are loading slowly I need assistance.",recently page loading slowly need assistance,negative,performance
"Honestly, the application is lagging badly This is frustrating.",honestly application lagging badly frustrating,negative,performance
"For some reason, i was charged but the order was not placed This happens repeatedly.",reason charged order placed happens repeatedly,negative,payment
"Recently, the search results are incorrect Can you fix this?",recently search result incorrect fix,negative,bug
The login page is not working This happens repeatedly.,login page working happens repeatedly,negative,login
"Honestly, the application is lagging badly",honestly application lagging badly,negative,performance
"Recently, the interface needs improvement Can you fix this?",recently interface need improvement fix,negative,ui
"Today, the application closes unexpectedly Please look into it.",today application close unexpectedly please look,negative,bug
"Today, the support team solved my issue quickly Please look into it.",today support team solved issue quickly please look,positive,support
I am having trouble because the text on the screen is too small This is frustrating.,trouble text screen small frustrating,negative,ui
I am having trouble because the login page is not working This is frustrating.,trouble login page working frustrating,negative,login
"For some reason, i cannot complete the payment This happens repeatedly.",reason complete payment happens repeatedly,negative,payment
"Unfortunately, the app crashes whenever I upload a file",unfortunately app crash whenever upload file,negative,bug
The new interface looks clean Please help.,new interface look clean please help,negative,ui
I noticed that the interface needs improvement Can you fix this?,noticed interface need improvement fix,neutral,ui
I am having trouble because i have not received a response from support,trouble received response support,negative,support
I am having trouble because i would like to schedule deliveries This is frustrating.,trouble would like schedule delivery frustrating,positive,feature_request
"For some reason, the website is extremely slow today",reason website extremely slow today,neutral,performance
"Honestly, the application closes unexpectedly I need assistance.",honestly application close unexpectedly need assistance,negative,bug
I noticed that the support team did not resolve my problem,noticed support team resolve problem,negative,support
"Unfortunately, the card payment keeps failing Please look into it.",unfortunately card payment keep failing please look,negative,payment
"Honestly, the app shows an error after checkout I need assistance.",honestly app show error checkout need assistance,negative,bug
I noticed that the new interface looks clean Please help.,noticed new interface look clean please help,negative,ui
I noticed that i am unable to access my account This is frustrating.,noticed unable access account frustrating,negative,login
I am having trouble because the text on the screen is too small This is frustrating.,trouble text screen small frustrating,negative,ui
"For some reason, pages are loading slowly",reason page loading slowly,negative,performance
"For some reason, money was deducted but the payment failed Please look into it.",reason money deducted payment failed please look,negative,payment
Support took too long to respond Please help.,support took long respond please help,negative,support
"Recently, the application is lagging badly",recently application lagging badly,negative,performance
"Honestly, the application is very slow",honestly application slow,negative,performance
"Honestly, the interface needs improvement Please look into it.",honestly interface need improvement please look,neutral,ui
"Today, i cannot complete the payment Can you fix this?",today complete payment fix,negative,payment
"Recently, the OTP is not arriving during login This happens repeatedly.",recently otp arriving login happens repeatedly,negative,login
"Honestly, it takes forever to open the dashboard Please help.",honestly take forever open dashboard please help,negative,performance
I am having trouble because i found a bug in the checkout process This happens repeatedly.,trouble found bug checkout process happens repeatedly,negative,bug
"Honestly, i cannot complete the payment Please look into it.",honestly complete payment please look,negative,payment
"For some reason, the card payment keeps failing Please help.",reason card payment keep failing please help,negative,payment
I noticed that the dashboard looks great This happens repeatedly.,noticed dashboard look great happens repeatedly,negative,ui
"Honestly, the page becomes blank after clicking the button Please look into it.",honestly page becomes blank clicking button please look,negative,bug
"Honestly, the support staff were polite and professional This happens repeatedly.",honestly support staff polite professional happens repeatedly,neutral,support
"Honestly, i am unable to access my account I need assistance.",honestly unable access account need assistance,negative,login
I am having trouble because the interface needs improvement This is frustrating.,trouble interface need improvement frustrating,negative,ui
"For some reason, the order status is displaying incorrectly Can you fix this?",reason order status displaying incorrectly fix,negative,bug
"Recently, the website is extremely slow today This happens repeatedly.",recently website extremely slow today happens repeatedly,negative,performance
I noticed that the app logs me out whenever I try to sign in Can you fix this?,noticed app log whenever try sign fix,negative,login
I am unable to pay for my order,unable pay order,negative,payment
"Honestly, my payment is stuck This is frustrating.",honestly payment stuck frustrating,negative,payment
"Honestly, the application freezes frequently",honestly application freeze frequently,negative,performance
I noticed that the website response time is very poor This is frustrating.,noticed website response time poor frustrating,negative,performance
"Recently, the app takes too long to load",recently app take long load,negative,performance
I noticed that it takes forever to open the dashboard,noticed take forever open dashboard,negative,performance
"For some reason, the buttons are difficult to find Please help.",reason button difficult find please help,neutral,ui
"Unfortunately, the application freezes frequently",unfortunately application freeze frequently,neutral,performance
"Honestly, the support team did not resolve my problem I need assistance.",honestly support team resolve problem need assistance,positive,support
"Honestly, login takes me back to the sign in page Please help.",honestly login take back sign page please help,negative,login
"Honestly, i cannot complete the payment This happens repeatedly.",honestly complete payment happens repeatedly,negative,payment
I am having trouble because the application closes unexpectedly Can you fix this?,trouble application close unexpectedly fix,negative,bug
I am having trouble because the transaction was declined This happens repeatedly.,trouble transaction declined happens repeatedly,negative,payment
I am having trouble because the notification is showing the wrong information Please look into it.,trouble notification showing wrong information please look,negative,bug
"Honestly, the order status is displaying incorrectly This happens repeatedly.",honestly order status displaying incorrectly happens repeatedly,negative,bug
"Recently, the application freezes frequently Can you fix this?",recently application freeze frequently fix,negative,performance
I noticed that i would like an option to download invoices Please help.,noticed would like option download invoice please help,neutral,feature_request
"For some reason, the support experience was disappointing This is frustrating.",reason support experience disappointing frustrating,negative,support
"Recently, the app takes too long to load",recently app take long load,negative,performance
"Today, the website response time is very poor Please help.",today website response time poor please help,neutral,performance
I noticed that the OTP is not arriving during login Can you fix this?,noticed otp arriving login fix,negative,login
I noticed that the buttons are difficult to find This happens repeatedly.,noticed button difficult find happens repeatedly,positive,ui
I noticed that i cannot login to my account Please look into it.,noticed login account please look,negative,login
"For some reason, please add dark mode to the application Can you fix this?",reason please add dark mode application fix,neutral,feature_request
I noticed that every screen takes a long time to open This is frustrating.,noticed every screen take long time open frustrating,negative,performance
It would be great to have a dark theme This is frustrating.,would great dark theme frustrating,neutral,feature_request
I would like to schedule deliveries,would like schedule delivery,neutral,feature_request
"Recently, i cannot login to my account Please look into it.",recently login account please look,negative,login
"Honestly, please add dark mode to the application Can you fix this?",honestly please add dark mode application fix,neutral,feature_request
I noticed that the application crashes when I open my profile This is frustrating.,noticed application crash open profile frustrating,negative,bug
"Unfortunately, the payment page shows an error This happens repeatedly.",unfortunately payment page show error happens repeatedly,negative,payment
"For some reason, support took too long to respond I need assistance.",reason support took long respond need assistance,negative,support
"Unfortunately, the app crashes whenever I upload a file This happens repeatedly.",unfortunately app crash whenever upload file happens repeatedly,negative,bug
I am having trouble because please add a filter for previous orders Please look into it.,trouble please add filter previous order please look,neutral,feature_request
I noticed that the password reset link is not working Can you fix this?,noticed password reset link working fix,negative,login
I noticed that the colors and layout make the app easy to use Can you fix this?,noticed color layout make app easy use fix,neutral,ui
"Unfortunately, the search results are incorrect Please help.",unfortunately search result incorrect please help,negative,bug
"For some reason, the application closes unexpectedly Please look into it.",reason application close unexpectedly please look,negative,bug
"Recently, the app crashes whenever I upload a file This happens repeatedly.",recently app crash whenever upload file happens repeatedly,neutral,bug
"Honestly, the password reset link is not working This is frustrating.",honestly password reset link working frustrating,negative,login
"Today, please provide an option to change the language Please help.",today please provide option change language please help,neutral,feature_request
"Honestly, please add dark mode to the application Can you fix this?",honestly please add dark mode application fix,positive,feature_request
I noticed that customer service was very helpful This is frustrating.,noticed customer service helpful frustrating,positive,support
"For some reason, the app logs me out whenever I try to sign in I need assistance.",reason app log whenever try sign need assistance,neutral,login
The menu layout is confusing I need assistance.,menu layout confusing need assistance,negative,ui
"Unfortunately, the notification is showing the wrong information Can you fix this?",unfortunately notification showing wrong information fix,negative,bug
"Unfortunately, i would like an option to download invoices Please look into it.",unfortunately would like option download invoice please look,neutral,feature_request
"Today, something is broken in the application This happens repeatedly.",today something broken application happens repeatedly,negative,bug
"Recently, please add more payment methods Please look into it.",recently please add payment method please look,positive,feature_request
"Honestly, the website response time is very poor",honestly website response time poor,negative,performance
"Today, the app becomes slow during checkout Please look into it.",today app becomes slow checkout please look,negative,performance
"Honestly, the support staff were polite and professional",honestly support staff polite professional,positive,support
"Recently, the customer care representative was helpful This happens repeatedly.",recently customer care representative helpful happens repeatedly,negative,support
"Unfortunately, i forgot my password and cannot sign in I need assistance.",unfortunately forgot password sign need assistance,neutral,login
I noticed that the app becomes slow during checkout I need assistance.,noticed app becomes slow checkout need assistance,neutral,performance
"Honestly, the support team did not resolve my problem",honestly support team resolve problem,neutral,support
I noticed that the app crashes whenever I upload a file This is frustrating.,noticed app crash whenever upload file frustrating,negative,bug
"For some reason, the support team solved my issue quickly Please help.",reason support team solved issue quickly please help,positive,support
"Today, i have not received a response from support This is frustrating.",today received response support frustrating,negative,support
"Unfortunately, i am unable to pay for my order This is frustrating.",unfortunately unable pay order frustrating,negative,payment
I noticed that the password reset link is not working,noticed password reset link working,negative,login
"For some reason, my payment is stuck",reason payment stuck,negative,payment
I am having trouble because please add dark mode to the application I need assistance.,trouble please add dark mode application need assistance,positive,feature_request
"Unfortunately, the application closes unexpectedly I need assistance.",unfortunately application close unexpectedly need assistance,neutral,bug
"For some reason, the OTP is not arriving during login Can you fix this?",reason otp arriving login fix,negative,login
I am having trouble because the card payment keeps failing This is frustrating.,trouble card payment keep failing frustrating,negative,payment
"Today, the app logs me out whenever I try to sign in This happens repeatedly.",today app log whenever try sign happens repeatedly,negative,login
"For some reason, the text on the screen is too small This happens repeatedly.",reason text screen small happens repeatedly,negative,ui
Please add dark mode to the application Please help.,please add dark mode application please help,neutral,feature_request
"Honestly, the login page is not working Please help.",honestly login page working please help,negative,login
"Today, i cannot login to my account Please look into it.",today login account please look,negative,login
I noticed that i cannot verify my account This happens repeatedly.,noticed verify account happens repeatedly,negative,login
"Today, the navigation is difficult to understand This happens repeatedly.",today navigation difficult understand happens repeatedly,positive,ui
"Today, the page becomes blank after clicking the button Please help.",today page becomes blank clicking button please help,negative,bug
"For some reason, i cannot login to my account This is frustrating.",reason login account frustrating,negative,login
I noticed that please add notifications for price changes I need assistance.,noticed please add notification price change need assistance,positive,feature_request
"Recently, the colors and layout make the app easy to use This happens repeatedly.",recently color layout make app easy use happens repeatedly,positive,ui
"Unfortunately, the colors and layout make the app easy to use Can you fix this?",unfortunately color layout make app easy use fix,positive,ui
"Today, my payment is stuck Please look into it.",today payment stuck please look,negative,payment
"Today, the transaction was declined Can you fix this?",today transaction declined fix,negative,payment
"Honestly, the OTP is not arriving during login Can you fix this?",honestly otp arriving login fix,negative,login
The interface needs improvement Please look into it.,interface need improvement please look,negative,ui
I noticed that the support staff were polite and professional Please look into it.,noticed support staff polite professional please look,negative,support
"Recently, the customer care representative was helpful I need assistance.",recently customer care representative helpful need assistance,neutral,support
"For some reason, i forgot my password and cannot sign in Can you fix this?",reason forgot password sign fix,negative,login
I noticed that the app logs me out whenever I try to sign in I need assistance.,noticed app log whenever try sign need assistance,negative,login
"For some reason, the app takes too long to load This is frustrating.",reason app take long load frustrating,negative,performance
The app takes too long to load This happens repeatedly.,app take long load happens repeatedly,negative,performance
I am unable to access my account Please help.,unable access account please help,negative,login
"Unfortunately, i am happy with the assistance I received Please help.",unfortunately happy assistance received please help,positive,support
"Unfortunately, my payment is stuck Please look into it.",unfortunately payment stuck please look,negative,payment
"Recently, the text on the screen is too small Please help.",recently text screen small please help,negative,ui
I am having trouble because the support staff were polite and professional Please look into it.,trouble support staff polite professional please look,negative,support
"Honestly, the application interface is easy to use Can you fix this?",honestly application interface easy use fix,positive,ui
"For some reason, the support team solved my issue quickly Can you fix this?",reason support team solved issue quickly fix,negative,support
"For some reason, i am unable to pay for my order This happens repeatedly.",reason unable pay order happens repeatedly,negative,payment
"Unfortunately, the transaction was declined This happens repeatedly.",unfortunately transaction declined happens repeatedly,negative,payment
I am having trouble because i cannot complete the payment,trouble complete payment,negative,payment
"For some reason, the page becomes blank after clicking the button This happens repeatedly.",reason page becomes blank clicking button happens repeatedly,negative,bug
The website is extremely slow today This happens repeatedly.,website extremely slow today happens repeatedly,negative,performance
I am having trouble because the application freezes frequently This is frustrating.,trouble application freeze frequently frustrating,neutral,performance
I noticed that the navigation is difficult to understand Please help.,noticed navigation difficult understand please help,neutral,ui
I noticed that i cannot login to my account This happens repeatedly.,noticed login account happens repeatedly,negative,login
I am unable to pay for my order This happens repeatedly.,unable pay order happens repeatedly,negative,payment
"Honestly, the password reset link is not working I need assistance.",honestly password reset link working need assistance,negative,login
"Honestly, i would like to schedule deliveries Can you fix this?",honestly would like schedule delivery fix,neutral,feature_request
"Honestly, the design is simple and user friendly Can you fix this?",honestly design simple user friendly fix,neutral,ui
I am having trouble because i am unable to access my account This is frustrating.,trouble unable access account frustrating,negative,login
The search results are incorrect Please look into it.,search result incorrect please look,negative,bug
"Today, the colors and layout make the app easy to use",today color layout make app easy use,positive,ui
"Today, i cannot complete the payment This happens repeatedly.",today complete payment happens repeatedly,negative,payment
"Today, pages are loading slowly Please help.",today page loading slowly please help,negative,performance
"Honestly, my payment is stuck This happens repeatedly.",honestly payment stuck happens repeatedly,negative,payment
The customer care representative was helpful This happens repeatedly.,customer care representative helpful happens repeatedly,neutral,support
"Today, please add a filter for previous orders",today please add filter previous order,neutral,feature_request
"For some reason, i would like an option to download invoices I need assistance.",reason would like option download invoice need assistance,neutral,feature_request
"Honestly, the page becomes blank after clicking the button This happens repeatedly.",honestly page becomes blank clicking button happens repeatedly,negative,bug
I am having trouble because i cannot complete the payment This happens repeatedly.,trouble complete payment happens repeatedly,negative,payment
Please add more payment methods This is frustrating.,please add payment method frustrating,neutral,feature_request
I noticed that the search results are incorrect This is frustrating.,noticed search result incorrect frustrating,neutral,bug
I am having trouble because the colors and layout make the app easy to use I need assistance.,trouble color layout make app easy use need assistance,negative,ui
"Honestly, it would be useful to have a wishlist Can you fix this?",honestly would useful wishlist fix,neutral,feature_request
I am having trouble because i would like to schedule deliveries Please look into it.,trouble would like schedule delivery please look,neutral,feature_request
"For some reason, support took too long to respond Can you fix this?",reason support took long respond fix,positive,support
"Honestly, i cannot verify my account Can you fix this?",honestly verify account fix,negative,login
"Today, i am happy with the assistance I received Please help.",today happy assistance received please help,negative,support
I noticed that can you add fingerprint login,noticed add fingerprint login,neutral,feature_request
"Today, the interface needs improvement This happens repeatedly.",today interface need improvement happens repeatedly,neutral,ui
"Honestly, the website is extremely slow today Please look into it.",honestly website extremely slow today please look,negative,performance
The search results are incorrect Please help.,search result incorrect please help,negative,bug
The customer care representative was helpful Can you fix this?,customer care representative helpful fix,negative,support
"For some reason, customer service was very helpful Please help.",reason customer service helpful please help,negative,support
"Today, the app becomes slow during checkout Please help.",today app becomes slow checkout please help,negative,performance
I am having trouble because pages are loading slowly,trouble page loading slowly,negative,performance
"Honestly, the login page is not working",honestly login page working,negative,login
I noticed that the design is simple and user friendly,noticed design simple user friendly,positive,ui
"Unfortunately, the support team did not resolve my problem This is frustrating.",unfortunately support team resolve problem frustrating,negative,support
"For some reason, the support team did not resolve my problem",reason support team resolve problem,positive,support
I am having trouble because the application interface is easy to use This happens repeatedly.,trouble application interface easy use happens repeatedly,positive,ui
"Today, the website is extremely slow today Can you fix this?",today website extremely slow today fix,neutral,performance
"Honestly, the application is lagging badly Please help.",honestly application lagging badly please help,negative,performance
"Today, the transaction was declined Please help.",today transaction declined please help,negative,payment
I am having trouble because support took too long to respond I need assistance.,trouble support took long respond need assistance,negative,support
"For some reason, the application crashes when I open my profile",reason application crash open profile,negative,bug
I am having trouble because my account login keeps failing Can you fix this?,trouble account login keep failing fix,negative,login
I am having trouble because i cannot complete the payment This happens repeatedly.,trouble complete payment happens repeatedly,negative,payment
I am having trouble because the support experience was disappointing Can you fix this?,trouble support experience disappointing fix,positive,support
"Unfortunately, the support team solved my issue quickly Please look into it.",unfortunately support team solved issue quickly please look,positive,support
Please add more payment methods Please look into it.,please add payment method please look,neutral,feature_request
"Honestly, please add notifications for price changes This happens repeatedly.",honestly please add notification price change happens repeatedly,neutral,feature_request
"For some reason, i am unable to pay for my order I need assistance.",reason unable pay order need assistance,negative,payment
The search results are incorrect Can you fix this?,search result incorrect fix,negative,bug
"Honestly, the application closes unexpectedly Please help.",honestly application close unexpectedly please help,negative,bug
"Today, the app shows an error after checkout Please help.",today app show error checkout please help,negative,bug
My payment is stuck,payment stuck,negative,payment
I cannot complete the payment Please look into it.,complete payment please look,negative,payment
"Unfortunately, i would like to schedule deliveries Please look into it.",unfortunately would like schedule delivery please look,positive,feature_request
Pages are loading slowly Please help.,page loading slowly please help,negative,performance
I noticed that i have not received a response from support,noticed received response support,negative,support
"Recently, i found a bug in the checkout process This happens repeatedly.",recently found bug checkout process happens repeatedly,negative,bug
"Recently, the transaction was declined This happens repeatedly.",recently transaction declined happens repeatedly,negative,payment
I am having trouble because i would like to schedule deliveries Can you fix this?,trouble would like schedule delivery fix,positive,feature_request
I forgot my password and cannot sign in Please look into it.,forgot password sign please look,neutral,login
"Honestly, the card payment keeps failing Can you fix this?",honestly card payment keep failing fix,negative,payment
"Today, the new interface looks clean",today new interface look clean,positive,ui
The app shows an error after checkout This happens repeatedly.,app show error checkout happens repeatedly,negative,bug
I am having trouble because the application crashes when I open my profile Please look into it.,trouble application crash open profile please look,negative,bug
"Recently, the app shows an error after checkout Can you fix this?",recently app show error checkout fix,neutral,bug
"Honestly, the application is lagging badly",honestly application lagging badly,neutral,performance
I noticed that the application is lagging badly This is frustrating.,noticed application lagging badly frustrating,negative,performance
I am having trouble because every screen takes a long time to open This is frustrating.,trouble every screen take long time open frustrating,negative,performance
"For some reason, the text on the screen is too small This is frustrating.",reason text screen small frustrating,negative,ui
I am having trouble because please add more payment methods Can you fix this?,trouble please add payment method fix,neutral,feature_request
"Today, my payment is stuck This is frustrating.",today payment stuck frustrating,negative,payment
"For some reason, the application is very slow Can you fix this?",reason application slow fix,negative,performance
"Today, the buttons are difficult to find This is frustrating.",today button difficult find frustrating,negative,ui
"Honestly, the OTP is not arriving during login Please look into it.",honestly otp arriving login please look,neutral,login
"Unfortunately, the text on the screen is too small Please help.",unfortunately text screen small please help,negative,ui
"Recently, every screen takes a long time to open This is frustrating.",recently every screen take long time open frustrating,negative,performance
I noticed that i am happy with the assistance I received Please help.,noticed happy assistance received please help,positive,support
"Today, it takes forever to open the dashboard Please help.",today take forever open dashboard please help,negative,performance
The order status is displaying incorrectly Please help.,order status displaying incorrectly please help,negative,bug
I am having trouble because i was charged but the order was not placed Please look into it.,trouble charged order placed please look,negative,payment
I am having trouble because support took too long to respond,trouble support took long respond,neutral,support
"Recently, please add more payment methods I need assistance.",recently please add payment method need assistance,neutral,feature_request
I am having trouble because it would be great to have a dark theme I need assistance.,trouble would great dark theme need assistance,positive,feature_request
I am having trouble because something is broken in the application This is frustrating.,trouble something broken application frustrating,neutral,bug
"Honestly, i cannot login to my account Please help.",honestly login account please help,negative,login
"Unfortunately, it takes forever to open the dashboard I need assistance.",unfortunately take forever open dashboard need assistance,negative,performance
I am having trouble because the app shows an error after checkout Please help.,trouble app show error checkout please help,negative,bug
"Honestly, it takes forever to open the dashboard",honestly take forever open dashboard,neutral,performance
I am having trouble because every screen takes a long time to open Please look into it.,trouble every screen take long time open please look,negative,performance
I am having trouble because i cannot login to my account Please look into it.,trouble login account please look,negative,login
"Recently, i cannot verify my account This happens repeatedly.",recently verify account happens repeatedly,negative,login
I noticed that money was deducted but the payment failed Please help.,noticed money deducted payment failed please help,negative,payment
I noticed that nobody from customer support has contacted me Can you fix this?,noticed nobody customer support contacted fix,neutral,support
I noticed that login takes me back to the sign in page Can you fix this?,noticed login take back sign page fix,neutral,login
"Unfortunately, my account login keeps failing Please help.",unfortunately account login keep failing please help,negative,login
Please add a filter for previous orders Please help.,please add filter previous order please help,neutral,feature_request
"Recently, the interface needs improvement Please look into it.",recently interface need improvement please look,positive,ui
"Honestly, the card payment keeps failing Please help.",honestly card payment keep failing please help,negative,payment
"Unfortunately, the application is lagging badly I need assistance.",unfortunately application lagging badly need assistance,negative,performance
I am having trouble because the application closes unexpectedly Please look into it.,trouble application close unexpectedly please look,negative,bug
"Recently, the app shows an error after checkout I need assistance.",recently app show error checkout need assistance,negative,bug
I am having trouble because i would like to schedule deliveries Please look into it.,trouble would like schedule delivery please look,neutral,feature_request
"Recently, the notification is showing the wrong information",recently notification showing wrong information,negative,bug
"Unfortunately, the application interface is easy to use This happens repeatedly.",unfortunately application interface easy use happens repeatedly,positive,ui
"Honestly, the website response time is very poor Please help.",honestly website response time poor please help,neutral,performance
"Honestly, the OTP is not arriving during login Can you fix this?",honestly otp arriving login fix,negative,login
I cannot complete the payment This happens repeatedly.,complete payment happens repeatedly,negative,payment
"For some reason, the search results are incorrect Please look into it.",reason search result incorrect please look,negative,bug
"For some reason, it takes forever to open the dashboard Please look into it.",reason take forever open dashboard please look,neutral,performance
"For some reason, the menu layout is confusing I need assistance.",reason menu layout confusing need assistance,negative,ui
"Honestly, please add dark mode to the application Can you fix this?",honestly please add dark mode application fix,neutral,feature_request
"Recently, the dashboard looks great",recently dashboard look great,neutral,ui
"Recently, the app shows an error after checkout This happens repeatedly.",recently app show error checkout happens repeatedly,neutral,bug
"For some reason, the app becomes slow during checkout Please help.",reason app becomes slow checkout please help,negative,performance
"Today, the application interface is easy to use",today application interface easy use,negative,ui
I am having trouble because the customer care representative was helpful This is frustrating.,trouble customer care representative helpful frustrating,negative,support
"Recently, please add more payment methods This is frustrating.",recently please add payment method frustrating,neutral,feature_request
"For some reason, the application interface is easy to use This happens repeatedly.",reason application interface easy use happens repeatedly,negative,ui
I am having trouble because i would like an option to download invoices This happens repeatedly.,trouble would like option download invoice happens repeatedly,neutral,feature_request
"Unfortunately, the app crashes whenever I upload a file Please look into it.",unfortunately app crash whenever upload file please look,negative,bug
"For some reason, i cannot login to my account Please look into it.",reason login account please look,negative,login
"For some reason, login takes me back to the sign in page Can you fix this?",reason login take back sign page fix,negative,login
The payment page shows an error Can you fix this?,payment page show error fix,negative,payment
"Recently, please provide an option to change the language Please look into it.",recently please provide option change language please look,neutral,feature_request
"Today, i would like an option to download invoices I need assistance.",today would like option download invoice need assistance,neutral,feature_request
"Unfortunately, nobody from customer support has contacted me",unfortunately nobody customer support contacted,positive,support
I am having trouble because it would be great to have a dark theme I need assistance.,trouble would great dark theme need assistance,neutral,feature_request
I noticed that please add more payment methods This is frustrating.,noticed please add payment method frustrating,neutral,feature_request
I am having trouble because the colors and layout make the app easy to use Can you fix this?,trouble color layout make app easy use fix,neutral,ui
"For some reason, i cannot login to my account Please look into it.",reason login account please look,negative,login
"For some reason, i have not received a response from support I need assistance.",reason received response support need assistance,positive,support
The app logs me out whenever I try to sign in This happens repeatedly.,app log whenever try sign happens repeatedly,negative,login
The interface needs improvement Please help.,interface need improvement please help,positive,ui
"Honestly, customer service was very helpful Please help.",honestly customer service helpful please help,negative,support
I noticed that the design is simple and user friendly Can you fix this?,noticed design simple user friendly fix,neutral,ui
"For some reason, the login page is not working This is frustrating.",reason login page working frustrating,negative,login
I was charged but the order was not placed This is frustrating.,charged order placed frustrating,negative,payment
"Honestly, please add dark mode to the application This is frustrating.",honestly please add dark mode application frustrating,neutral,feature_request
"Recently, i was charged but the order was not placed Can you fix this?",recently charged order placed fix,negative,payment
"Today, i am happy with the assistance I received Can you fix this?",today happy assistance received fix,negative,support
"Recently, pages are loading slowly This happens repeatedly.",recently page loading slowly happens repeatedly,negative,performance
"Honestly, pages are loading slowly Can you fix this?",honestly page loading slowly fix,negative,performance
"Honestly, the dashboard looks great Can you fix this?",honestly dashboard look great fix,positive,ui
"Honestly, the support experience was disappointing Please look into it.",honestly support experience disappointing please look,positive,support
"Honestly, i forgot my password and cannot sign in",honestly forgot password sign,negative,login
"Unfortunately, the page becomes blank after clicking the button Can you fix this?",unfortunately page becomes blank clicking button fix,negative,bug
I noticed that the website is extremely slow today This is frustrating.,noticed website extremely slow today frustrating,negative,performance
"Today, customer service was very helpful This happens repeatedly.",today customer service helpful happens repeatedly,negative,support
"Recently, the app shows an error after checkout This happens repeatedly.",recently app show error checkout happens repeatedly,negative,bug
"Unfortunately, the website is extremely slow today Can you fix this?",unfortunately website extremely slow today fix,negative,performance
The app shows an error after checkout Please look into it.,app show error checkout please look,negative,bug
"Today, i am unable to pay for my order Please look into it.",today unable pay order please look,negative,payment
The card payment keeps failing Please look into it.,card payment keep failing please look,negative,payment
I am having trouble because i was charged but the order was not placed,trouble charged order placed,neutral,payment
I am having trouble because the order status is displaying incorrectly Can you fix this?,trouble order status displaying incorrectly fix,negative,bug
"Unfortunately, i have not received a response from support This happens repeatedly.",unfortunately received response support happens repeatedly,negative,support
I am having trouble because the payment page shows an error This happens repeatedly.,trouble payment page show error happens repeatedly,negative,payment
I noticed that i cannot login to my account,noticed login account,negative,login
"Today, the support team did not resolve my problem I need assistance.",today support team resolve problem need assistance,negative,support
"For some reason, the support experience was disappointing Please help.",reason support experience disappointing please help,neutral,support
I am happy with the assistance I received Please look into it.,happy assistance received please look,negative,support
The card payment keeps failing This happens repeatedly.,card payment keep failing happens repeatedly,negative,payment
"For some reason, the login page is not working Can you fix this?",reason login page working fix,negative,login
"Today, it takes forever to open the dashboard Please look into it.",today take forever open dashboard please look,negative,performance
"For some reason, the website response time is very poor I need assistance.",reason website response time poor need assistance,negative,performance
"For some reason, the customer care representative was helpful This is frustrating.",reason customer care representative helpful frustrating,negative,support
I noticed that the navigation is difficult to understand I need assistance.,noticed navigation difficult understand need assistance,positive,ui
"Honestly, i would like to schedule deliveries This is frustrating.",honestly would like schedule delivery frustrating,neutral,feature_request
"Today, money was deducted but the payment failed",today money deducted payment failed,negative,payment
"Recently, nobody from customer support has contacted me Can you fix this?",recently nobody customer support contacted fix,positive,support
The application freezes frequently Please help.,application freeze frequently please help,negative,performance
I am having trouble because my account login keeps failing Please help.,trouble account login keep failing please help,negative,login
I am having trouble because please add a filter for previous orders,trouble please add filter previous order,positive,feature_request
"Today, the app becomes slow during checkout",today app becomes slow checkout,neutral,performance
"Today, the order status is displaying incorrectly I need assistance.",today order status displaying incorrectly need assistance,negative,bug
"Today, i cannot login to my account Please help.",today login account please help,negative,login
"Recently, the transaction was declined Please help.",recently transaction declined please help,negative,payment
The application crashes when I open my profile Please help.,application crash open profile please help,negative,bug
"Recently, uPI payment is not going through Can you fix this?",recently upi payment going fix,neutral,payment
"For some reason, i found a bug in the checkout process",reason found bug checkout process,negative,bug
"Recently, the navigation is difficult to understand",recently navigation difficult understand,negative,ui
I am having trouble because nobody from customer support has contacted me Please look into it.,trouble nobody customer support contacted please look,positive,support
I noticed that i was charged but the order was not placed Please look into it.,noticed charged order placed please look,negative,payment
"Unfortunately, the customer care representative was helpful This is frustrating.",unfortunately customer care representative helpful frustrating,neutral,support
"Today, i am happy with the assistance I received This happens repeatedly.",today happy assistance received happens repeatedly,negative,support
I noticed that the app crashes whenever I upload a file,noticed app crash whenever upload file,neutral,bug
I am having trouble because i would like an option to download invoices Please help.,trouble would like option download invoice please help,neutral,feature_request
"Today, the buttons are difficult to find Please help.",today button difficult find please help,positive,ui
I noticed that i forgot my password and cannot sign in Please help.,noticed forgot password sign please help,negative,login
"Unfortunately, i am happy with the assistance I received Please help.",unfortunately happy assistance received please help,negative,support
I have not received a response from support This is frustrating.,received response support frustrating,neutral,support
"Recently, the buttons are difficult to find Please help.",recently button difficult find please help,neutral,ui
Please add notifications for price changes Please look into it.,please add notification price change please look,positive,feature_request
"Recently, the design is simple and user friendly I need assistance.",recently design simple user friendly need assistance,positive,ui
"For some reason, the card payment keeps failing This happens repeatedly.",reason card payment keep failing happens repeatedly,negative,payment
I am having trouble because i would like an option to download invoices,trouble would like option download invoice,neutral,feature_request
"Honestly, i cannot complete the payment This is frustrating.",honestly complete payment frustrating,neutral,payment
"For some reason, the design is simple and user friendly Can you fix this?",reason design simple user friendly fix,negative,ui
"Unfortunately, the support team did not resolve my problem This happens repeatedly.",unfortunately support team resolve problem happens repeatedly,positive,support
"For some reason, it would be useful to have a wishlist This happens repeatedly.",reason would useful wishlist happens repeatedly,neutral,feature_request
"Honestly, the order status is displaying incorrectly Please help.",honestly order status displaying incorrectly please help,neutral,bug
"Honestly, please add dark mode to the application Please help.",honestly please add dark mode application please help,neutral,feature_request
I am having trouble because the buttons are difficult to find Please look into it.,trouble button difficult find please look,negative,ui
I am having trouble because my account login keeps failing,trouble account login keep failing,neutral,login
I am having trouble because i cannot complete the payment Please look into it.,trouble complete payment please look,negative,payment
"Today, the application closes unexpectedly Please help.",today application close unexpectedly please help,negative,bug
"Honestly, i am happy with the assistance I received",honestly happy assistance received,positive,support
"Honestly, the customer care representative was helpful Please help.",honestly customer care representative helpful please help,positive,support
"Recently, login takes me back to the sign in page I need assistance.",recently login take back sign page need assistance,negative,login
I am having trouble because i am happy with the assistance I received,trouble happy assistance received,negative,support
"Honestly, it takes forever to open the dashboard Please help.",honestly take forever open dashboard please help,negative,performance
"Unfortunately, please add dark mode to the application This happens repeatedly.",unfortunately please add dark mode application happens repeatedly,neutral,feature_request
"Today, my payment is stuck",today payment stuck,negative,payment
I noticed that login takes me back to the sign in page This is frustrating.,noticed login take back sign page frustrating,negative,login
I noticed that the support team did not resolve my problem I need assistance.,noticed support team resolve problem need assistance,positive,support
My account login keeps failing This is frustrating.,account login keep failing frustrating,negative,login
I noticed that the app takes too long to load Can you fix this?,noticed app take long load fix,negative,performance
"Today, the support team solved my issue quickly Please look into it.",today support team solved issue quickly please look,negative,support
I noticed that my payment is stuck Can you fix this?,noticed payment stuck fix,negative,payment
"Today, i am unable to pay for my order Please help.",today unable pay order please help,negative,payment
"For some reason, the page becomes blank after clicking the button",reason page becomes blank clicking button,negative,bug
I am having trouble because please provide an option to change the language I need assistance.,trouble please provide option change language need assistance,neutral,feature_request
"Unfortunately, it would be great to have a dark theme This is frustrating.",unfortunately would great dark theme frustrating,neutral,feature_request
"Unfortunately, can you add fingerprint login Please look into it.",unfortunately add fingerprint login please look,neutral,feature_request
"Honestly, the application crashes when I open my profile This is frustrating.",honestly application crash open profile frustrating,negative,bug
I noticed that my account login keeps failing This is frustrating.,noticed account login keep failing frustrating,negative,login
"Today, the navigation is difficult to understand Please help.",today navigation difficult understand please help,negative,ui
I noticed that the application is lagging badly I need assistance.,noticed application lagging badly need assistance,negative,performance
I am having trouble because the menu layout is confusing Please look into it.,trouble menu layout confusing please look,negative,ui
The application is lagging badly This is frustrating.,application lagging badly frustrating,negative,performance
"Today, the card payment keeps failing Please help.",today card payment keep failing please help,negative,payment
"Today, my account login keeps failing This is frustrating.",today account login keep failing frustrating,negative,login
UPI payment is not going through,upi payment going,negative,payment
"Honestly, the transaction was declined This is frustrating.",honestly transaction declined frustrating,negative,payment
I am having trouble because the new interface looks clean This happens repeatedly.,trouble new interface look clean happens repeatedly,positive,ui
"For some reason, customer service was very helpful I need assistance.",reason customer service helpful need assistance,negative,support
I noticed that the payment page shows an error This happens repeatedly.,noticed payment page show error happens repeatedly,negative,payment
"For some reason, it takes forever to open the dashboard I need assistance.",reason take forever open dashboard need assistance,negative,performance
"For some reason, the card payment keeps failing Please help.",reason card payment keep failing please help,negative,payment
"Recently, the interface needs improvement",recently interface need improvement,negative,ui
"Honestly, login takes me back to the sign in page This is frustrating.",honestly login take back sign page frustrating,negative,login
"Unfortunately, the login page is not working I need assistance.",unfortunately login page working need assistance,negative,login
"Recently, the support team solved my issue quickly Please help.",recently support team solved issue quickly please help,neutral,support
"Today, every screen takes a long time to open",today every screen take long time open,negative,performance
"For some reason, the application interface is easy to use Can you fix this?",reason application interface easy use fix,positive,ui
"Today, the text on the screen is too small Please look into it.",today text screen small please look,positive,ui
The app takes too long to load Can you fix this?,app take long load fix,negative,performance
I am having trouble because i cannot login to my account This is frustrating.,trouble login account frustrating,negative,login
"Today, my payment failed while placing the order I need assistance.",today payment failed placing order need assistance,negative,payment
"Unfortunately, the page becomes blank after clicking the button I need assistance.",unfortunately page becomes blank clicking button need assistance,negative,bug
"Today, money was deducted but the payment failed I need assistance.",today money deducted payment failed need assistance,neutral,payment
Pages are loading slowly I need assistance.,page loading slowly need assistance,negative,performance
"Recently, the notification is showing the wrong information Can you fix this?",recently notification showing wrong information fix,negative,bug
The app logs me out whenever I try to sign in Please look into it.,app log whenever try sign please look,negative,login
"Honestly, my payment is stuck",honestly payment stuck,negative,payment
I am having trouble because i cannot verify my account,trouble verify account,negative,login
"Honestly, the navigation is difficult to understand Please look into it.",honestly navigation difficult understand please look,neutral,ui
"Unfortunately, please add notifications for price changes Please look into it.",unfortunately please add notification price change please look,neutral,feature_request
I noticed that the application closes unexpectedly Can you fix this?,noticed application close unexpectedly fix,negative,bug
"Recently, the application interface is easy to use Please look into it.",recently application interface easy use please look,positive,ui
"For some reason, can you add fingerprint login I need assistance.",reason add fingerprint login need assistance,positive,feature_request
I noticed that the notification is showing the wrong information,noticed notification showing wrong information,negative,bug
The application crashes when I open my profile Please look into it.,application crash open profile please look,neutral,bug
The support team solved my issue quickly I need assistance.,support team solved issue quickly need assistance,negative,support
I am having trouble because the application closes unexpectedly I need assistance.,trouble application close unexpectedly need assistance,negative,bug
"Today, can you add fingerprint login I need assistance.",today add fingerprint login need assistance,neutral,feature_request
"Today, the search results are incorrect I need assistance.",today search result incorrect need assistance,negative,bug
"Honestly, the support experience was disappointing",honestly support experience disappointing,negative,support
"Today, i found a bug in the checkout process Please help.",today found bug checkout process please help,negative,bug
"Honestly, the support team solved my issue quickly I need assistance.",honestly support team solved issue quickly need assistance,negative,support
Please add a filter for previous orders Please help.,please add filter previous order please help,neutral,feature_request
"Today, the app crashes whenever I upload a file I need assistance.",today app crash whenever upload file need assistance,negative,bug
"Unfortunately, please add more payment methods",unfortunately please add payment method,neutral,feature_request
"Today, customer service was very helpful Please help.",today customer service helpful please help,negative,support
I am having trouble because the card payment keeps failing I need assistance.,trouble card payment keep failing need assistance,negative,payment
"For some reason, the application is lagging badly This happens repeatedly.",reason application lagging badly happens repeatedly,negative,performance
"Honestly, please provide an option to change the language Please help.",honestly please provide option change language please help,neutral,feature_request
"Honestly, the app becomes slow during checkout Can you fix this?",honestly app becomes slow checkout fix,negative,performance
The app takes too long to load Can you fix this?,app take long load fix,negative,performance
"Today, the OTP is not arriving during login Please help.",today otp arriving login please help,negative,login
The payment page shows an error,payment page show error,negative,payment
"Unfortunately, it would be great to have a dark theme Please help.",unfortunately would great dark theme please help,neutral,feature_request
"Unfortunately, i was charged but the order was not placed",unfortunately charged order placed,neutral,payment
"Recently, i would like to schedule deliveries Can you fix this?",recently would like schedule delivery fix,neutral,feature_request
The support staff were polite and professional This is frustrating.,support staff polite professional frustrating,positive,support
I am having trouble because the transaction was declined Please help.,trouble transaction declined please help,negative,payment
The navigation is difficult to understand This is frustrating.,navigation difficult understand frustrating,neutral,ui
"Today, the transaction was declined This happens repeatedly.",today transaction declined happens repeatedly,negative,payment
It would be useful to have a wishlist This is frustrating.,would useful wishlist frustrating,neutral,feature_request
"Today, it would be great to have a dark theme This happens repeatedly.",today would great dark theme happens repeatedly,neutral,feature_request
I noticed that my payment failed while placing the order This is frustrating.,noticed payment failed placing order frustrating,negative,payment
"Recently, the application interface is easy to use Can you fix this?",recently application interface easy use fix,negative,ui
"Honestly, the transaction was declined Please look into it.",honestly transaction declined please look,negative,payment
The application closes unexpectedly This happens repeatedly.,application close unexpectedly happens repeatedly,negative,bug
"For some reason, the search results are incorrect I need assistance.",reason search result incorrect need assistance,negative,bug
"Honestly, i cannot login to my account Please help.",honestly login account please help,negative,login
"Unfortunately, the buttons are difficult to find Please help.",unfortunately button difficult find please help,negative,ui
"Today, the menu layout is confusing This is frustrating.",today menu layout confusing frustrating,negative,ui
I noticed that i found a bug in the checkout process Can you fix this?,noticed found bug checkout process fix,negative,bug
I noticed that the support team did not resolve my problem I need assistance.,noticed support team resolve problem need assistance,negative,support
I am having trouble because nobody from customer support has contacted me Please look into it.,trouble nobody customer support contacted please look,negative,support
I cannot complete the payment Please help.,complete payment please help,negative,payment
"Today, the design is simple and user friendly Please help.",today design simple user friendly please help,neutral,ui
"Unfortunately, the page becomes blank after clicking the button I need assistance.",unfortunately page becomes blank clicking button need assistance,neutral,bug
The support staff were polite and professional I need assistance.,support staff polite professional need assistance,positive,support
"Today, the application interface is easy to use Please look into it.",today application interface easy use please look,negative,ui
"For some reason, every screen takes a long time to open Can you fix this?",reason every screen take long time open fix,neutral,performance
"Today, the text on the screen is too small Please help.",today text screen small please help,positive,ui
I am having trouble because my payment failed while placing the order Please look into it.,trouble payment failed placing order please look,negative,payment
"Today, please add notifications for price changes This is frustrating.",today please add notification price change frustrating,neutral,feature_request
"Today, nobody from customer support has contacted me This is frustrating.",today nobody customer support contacted frustrating,positive,support
"Unfortunately, the navigation is difficult to understand Please help.",unfortunately navigation difficult understand please help,positive,ui
"Unfortunately, support took too long to respond This happens repeatedly.",unfortunately support took long respond happens repeatedly,neutral,support
The colors and layout make the app easy to use,color layout make app easy use,positive,ui
"Today, something is broken in the application Can you fix this?",today something broken application fix,negative,bug
Something is broken in the application Please look into it.,something broken application please look,negative,bug
"Honestly, can you add fingerprint login This happens repeatedly.",honestly add fingerprint login happens repeatedly,neutral,feature_request
"For some reason, the page becomes blank after clicking the button Can you fix this?",reason page becomes blank clicking button fix,negative,bug
"Honestly, it would be useful to have a wishlist Can you fix this?",honestly would useful wishlist fix,neutral,feature_request
"Today, the buttons are difficult to find",today button difficult find,neutral,ui
"Unfortunately, i have not received a response from support Please look into it.",unfortunately received response support please look,positive,support
"Recently, the order status is displaying incorrectly Can you fix this?",recently order status displaying incorrectly fix,negative,bug
I noticed that i cannot verify my account I need assistance.,noticed verify account need assistance,negative,login
"Honestly, the application is lagging badly Please help.",honestly application lagging badly please help,negative,performance
I noticed that the card payment keeps failing I need assistance.,noticed card payment keep failing need assistance,neutral,payment
I noticed that i am unable to pay for my order Please look into it.,noticed unable pay order please look,negative,payment
"For some reason, the app takes too long to load",reason app take long load,negative,performance
"Honestly, the app shows an error after checkout Please help.",honestly app show error checkout please help,negative,bug
"Honestly, please provide an option to change the language Can you fix this?",honestly please provide option change language fix,neutral,feature_request
I am having trouble because please add dark mode to the application Please help.,trouble please add dark mode application please help,positive,feature_request
"Today, i found a bug in the checkout process Can you fix this?",today found bug checkout process fix,negative,bug
"Recently, i am unable to pay for my order Please look into it.",recently unable pay order please look,neutral,payment
"Honestly, pages are loading slowly Please help.",honestly page loading slowly please help,negative,performance
"Unfortunately, the notification is showing the wrong information Can you fix this?",unfortunately notification showing wrong information fix,negative,bug
The payment page shows an error,payment page show error,negative,payment
I am unable to pay for my order This is frustrating.,unable pay order frustrating,negative,payment
I am unable to access my account This happens repeatedly.,unable access account happens repeatedly,negative,login
"Honestly, it takes forever to open the dashboard I need assistance.",honestly take forever open dashboard need assistance,negative,performance
"Unfortunately, the order status is displaying incorrectly Please look into it.",unfortunately order status displaying incorrectly please look,negative,bug
"Honestly, the notification is showing the wrong information Please help.",honestly notification showing wrong information please help,negative,bug
"Recently, my account login keeps failing This is frustrating.",recently account login keep failing frustrating,negative,login
The support staff were polite and professional Can you fix this?,support staff polite professional fix,negative,support
The app takes too long to load,app take long load,negative,performance
"For some reason, the page becomes blank after clicking the button Please help.",reason page becomes blank clicking button please help,negative,bug
"Honestly, the app logs me out whenever I try to sign in Please help.",honestly app log whenever try sign please help,negative,login
The application interface is easy to use This happens repeatedly.,application interface easy use happens repeatedly,positive,ui
"Unfortunately, the website is extremely slow today Can you fix this?",unfortunately website extremely slow today fix,negative,performance
"For some reason, please provide an option to change the language Can you fix this?",reason please provide option change language fix,positive,feature_request
"Unfortunately, the payment page shows an error Please look into it.",unfortunately payment page show error please look,negative,payment
"Unfortunately, the website is extremely slow today This is frustrating.",unfortunately website extremely slow today frustrating,neutral,performance
I noticed that the password reset link is not working Can you fix this?,noticed password reset link working fix,negative,login
I am having trouble because the design is simple and user friendly Please help.,trouble design simple user friendly please help,positive,ui
"Honestly, the buttons are difficult to find This is frustrating.",honestly button difficult find frustrating,negative,ui
"Today, i would like an option to download invoices",today would like option download invoice,neutral,feature_request
"For some reason, support took too long to respond Please look into it.",reason support took long respond please look,negative,support
"Unfortunately, please add dark mode to the application Please help.",unfortunately please add dark mode application please help,neutral,feature_request
"Honestly, the password reset link is not working Can you fix this?",honestly password reset link working fix,negative,login
"For some reason, the application freezes frequently This is frustrating.",reason application freeze frequently frustrating,negative,performance
I am having trouble because my account login keeps failing Please look into it.,trouble account login keep failing please look,negative,login
I noticed that my account login keeps failing This is frustrating.,noticed account login keep failing frustrating,neutral,login
"Unfortunately, uPI payment is not going through Please look into it.",unfortunately upi payment going please look,negative,payment
"Recently, i cannot complete the payment Please help.",recently complete payment please help,negative,payment
"Unfortunately, the notification is showing the wrong information Please help.",unfortunately notification showing wrong information please help,negative,bug
I noticed that the card payment keeps failing I need assistance.,noticed card payment keep failing need assistance,negative,payment
I noticed that please add a filter for previous orders I need assistance.,noticed please add filter previous order need assistance,neutral,feature_request
"Honestly, the text on the screen is too small I need assistance.",honestly text screen small need assistance,neutral,ui
"Today, the login page is not working Can you fix this?",today login page working fix,negative,login
The application interface is easy to use Can you fix this?,application interface easy use fix,negative,ui
"Today, i am unable to access my account This is frustrating.",today unable access account frustrating,negative,login
The application is lagging badly I need assistance.,application lagging badly need assistance,negative,performance
"Today, the app logs me out whenever I try to sign in This is frustrating.",today app log whenever try sign frustrating,negative,login
"Recently, the support staff were polite and professional I need assistance.",recently support staff polite professional need assistance,negative,support
I noticed that please add notifications for price changes I need assistance.,noticed please add notification price change need assistance,neutral,feature_request
"Honestly, the application is lagging badly This is frustrating.",honestly application lagging badly frustrating,negative,performance
"Today, the support staff were polite and professional This is frustrating.",today support staff polite professional frustrating,negative,support
"Unfortunately, the design is simple and user friendly I need assistance.",unfortunately design simple user friendly need assistance,positive,ui
I am having trouble because the app crashes whenever I upload a file This happens repeatedly.,trouble app crash whenever upload file happens repeatedly,negative,bug
"Unfortunately, uPI payment is not going through I need assistance.",unfortunately upi payment going need assistance,negative,payment
The design is simple and user friendly Can you fix this?,design simple user friendly fix,negative,ui
I am having trouble because the page becomes blank after clicking the button Please look into it.,trouble page becomes blank clicking button please look,negative,bug
I am having trouble because the transaction was declined,trouble transaction declined,negative,payment
The new interface looks clean,new interface look clean,positive,ui
"Today, i am unable to pay for my order Please help.",today unable pay order please help,negative,payment
"Recently, the app becomes slow during checkout Please look into it.",recently app becomes slow checkout please look,negative,performance
"Recently, the order status is displaying incorrectly This happens repeatedly.",recently order status displaying incorrectly happens repeatedly,negative,bug
"Recently, the menu layout is confusing Can you fix this?",recently menu layout confusing fix,positive,ui
"Today, the search results are incorrect Please help.",today search result incorrect please help,negative,bug
"Today, my payment is stuck Please look into it.",today payment stuck please look,neutral,payment
"Honestly, the application crashes when I open my profile I need assistance.",honestly application crash open profile need assistance,negative,bug
"Honestly, the password reset link is not working Can you fix this?",honestly password reset link working fix,neutral,login
"For some reason, the application is lagging badly This is frustrating.",reason application lagging badly frustrating,negative,performance
"Today, the website response time is very poor Can you fix this?",today website response time poor fix,negative,performance
"Today, i cannot login to my account I need assistance.",today login account need assistance,negative,login
"For some reason, my account login keeps failing I need assistance.",reason account login keep failing need assistance,negative,login
"Today, the payment page shows an error This is frustrating.",today payment page show error frustrating,negative,payment
"For some reason, the navigation is difficult to understand This is frustrating.",reason navigation difficult understand frustrating,positive,ui
"Recently, the transaction was declined Please help.",recently transaction declined please help,negative,payment
I am having trouble because i forgot my password and cannot sign in Please look into it.,trouble forgot password sign please look,negative,login
"Unfortunately, the new interface looks clean This happens repeatedly.",unfortunately new interface look clean happens repeatedly,negative,ui
"Honestly, i cannot verify my account Please help.",honestly verify account please help,negative,login
"Honestly, the application interface is easy to use I need assistance.",honestly application interface easy use need assistance,negative,ui
"Honestly, something is broken in the application",honestly something broken application,negative,bug
"Honestly, the website response time is very poor This happens repeatedly.",honestly website response time poor happens repeatedly,negative,performance
"For some reason, the order status is displaying incorrectly Can you fix this?",reason order status displaying incorrectly fix,negative,bug
"Recently, the application is very slow This happens repeatedly.",recently application slow happens repeatedly,negative,performance
"Unfortunately, i found a bug in the checkout process I need assistance.",unfortunately found bug checkout process need assistance,negative,bug
I am having trouble because i was charged but the order was not placed I need assistance.,trouble charged order placed need assistance,negative,payment
I noticed that the order status is displaying incorrectly,noticed order status displaying incorrectly,negative,bug
"Recently, i cannot complete the payment I need assistance.",recently complete payment need assistance,negative,payment
I noticed that customer service was very helpful I need assistance.,noticed customer service helpful need assistance,negative,support
"For some reason, the design is simple and user friendly Please look into it.",reason design simple user friendly please look,negative,ui
"Recently, the transaction was declined I need assistance.",recently transaction declined need assistance,negative,payment
"Honestly, i found a bug in the checkout process This happens repeatedly.",honestly found bug checkout process happens repeatedly,negative,bug
I noticed that it would be useful to have a wishlist This is frustrating.,noticed would useful wishlist frustrating,neutral,feature_request
"Recently, the page becomes blank after clicking the button I need assistance.",recently page becomes blank clicking button need assistance,neutral,bug
"Recently, it would be useful to have a wishlist This happens repeatedly.",recently would useful wishlist happens repeatedly,positive,feature_request
"Recently, my payment failed while placing the order Please look into it.",recently payment failed placing order please look,negative,payment
"Today, pages are loading slowly Can you fix this?",today page loading slowly fix,negative,performance
I noticed that nobody from customer support has contacted me This happens repeatedly.,noticed nobody customer support contacted happens repeatedly,negative,support
"Honestly, the notification is showing the wrong information Can you fix this?",honestly notification showing wrong information fix,negative,bug
"Recently, the support staff were polite and professional Please help.",recently support staff polite professional please help,negative,support
The app logs me out whenever I try to sign in I need assistance.,app log whenever try sign need assistance,negative,login
The support experience was disappointing Please look into it.,support experience disappointing please look,negative,support
"Today, i would like to schedule deliveries",today would like schedule delivery,neutral,feature_request
I am having trouble because it takes forever to open the dashboard This is frustrating.,trouble take forever open dashboard frustrating,negative,performance
"Honestly, the interface needs improvement",honestly interface need improvement,positive,ui
"Recently, i am unable to pay for my order",recently unable pay order,negative,payment
I noticed that every screen takes a long time to open This is frustrating.,noticed every screen take long time open frustrating,negative,performance
"Recently, pages are loading slowly This is frustrating.",recently page loading slowly frustrating,negative,performance
The buttons are difficult to find This is frustrating.,button difficult find frustrating,negative,ui
"Honestly, i was charged but the order was not placed This happens repeatedly.",honestly charged order placed happens repeatedly,negative,payment
"For some reason, please add more payment methods I need assistance.",reason please add payment method need assistance,positive,feature_request
"Recently, i cannot complete the payment Please look into it.",recently complete payment please look,neutral,payment
I am having trouble because the app crashes whenever I upload a file Can you fix this?,trouble app crash whenever upload file fix,negative,bug
I am having trouble because something is broken in the application Please help.,trouble something broken application please help,negative,bug
"For some reason, the password reset link is not working",reason password reset link working,negative,login
"Unfortunately, i cannot login to my account Please help.",unfortunately login account please help,negative,login
"Honestly, i would like to schedule deliveries This is frustrating.",honestly would like schedule delivery frustrating,positive,feature_request
I noticed that it would be great to have a dark theme This is frustrating.,noticed would great dark theme frustrating,neutral,feature_request
I forgot my password and cannot sign in,forgot password sign,negative,login
"Today, the OTP is not arriving during login Please look into it.",today otp arriving login please look,negative,login
"Honestly, i cannot verify my account Please help.",honestly verify account please help,neutral,login
"Recently, nobody from customer support has contacted me I need assistance.",recently nobody customer support contacted need assistance,negative,support
"For some reason, i forgot my password and cannot sign in I need assistance.",reason forgot password sign need assistance,negative,login
"Recently, i found a bug in the checkout process I need assistance.",recently found bug checkout process need assistance,negative,bug
"Recently, something is broken in the application Please help.",recently something broken application please help,negative,bug
I am having trouble because the app crashes whenever I upload a file,trouble app crash whenever upload file,negative,bug
"For some reason, the page becomes blank after clicking the button This happens repeatedly.",reason page becomes blank clicking button happens repeatedly,negative,bug
"For some reason, support took too long to respond Please help.",reason support took long respond please help,positive,support
I noticed that i found a bug in the checkout process This is frustrating.,noticed found bug checkout process frustrating,negative,bug
"Unfortunately, the app crashes whenever I upload a file Please look into it.",unfortunately app crash whenever upload file please look,negative,bug
"Unfortunately, the app becomes slow during checkout This is frustrating.",unfortunately app becomes slow checkout frustrating,negative,performance
"Unfortunately, please add more payment methods I need assistance.",unfortunately please add payment method need assistance,neutral,feature_request
"Honestly, the page becomes blank after clicking the button Can you fix this?",honestly page becomes blank clicking button fix,negative,bug
"Recently, i cannot login to my account Can you fix this?",recently login account fix,neutral,login
I noticed that the application crashes when I open my profile Can you fix this?,noticed application crash open profile fix,negative,bug
"For some reason, the colors and layout make the app easy to use Please look into it.",reason color layout make app easy use please look,positive,ui
The customer care representative was helpful I need assistance.,customer care representative helpful need assistance,negative,support
Login takes me back to the sign in page Please look into it.,login take back sign page please look,negative,login
"For some reason, the interface needs improvement Please help.",reason interface need improvement please help,neutral,ui
I noticed that i cannot complete the payment This happens repeatedly.,noticed complete payment happens repeatedly,negative,payment
"For some reason, the buttons are difficult to find This is frustrating.",reason button difficult find frustrating,positive,ui
"For some reason, the OTP is not arriving during login Please look into it.",reason otp arriving login please look,negative,login
I noticed that please add dark mode to the application,noticed please add dark mode application,positive,feature_request
"For some reason, the support team did not resolve my problem This happens repeatedly.",reason support team resolve problem happens repeatedly,negative,support
"Today, the application is very slow Please help.",today application slow please help,negative,performance
I am having trouble because please add dark mode to the application I need assistance.,trouble please add dark mode application need assistance,neutral,feature_request
I noticed that please add a filter for previous orders This is frustrating.,noticed please add filter previous order frustrating,neutral,feature_request
"Unfortunately, the app becomes slow during checkout This is frustrating.",unfortunately app becomes slow checkout frustrating,neutral,performance
I am having trouble because login takes me back to the sign in page Please help.,trouble login take back sign page please help,negative,login
I am having trouble because i am unable to access my account,trouble unable access account,negative,login
"For some reason, money was deducted but the payment failed",reason money deducted payment failed,negative,payment
"Unfortunately, every screen takes a long time to open Please look into it.",unfortunately every screen take long time open please look,negative,performance
"For some reason, money was deducted but the payment failed Can you fix this?",reason money deducted payment failed fix,negative,payment
"For some reason, the card payment keeps failing",reason card payment keep failing,negative,payment
"Unfortunately, the application freezes frequently Please look into it.",unfortunately application freeze frequently please look,negative,performance
I am having trouble because every screen takes a long time to open Please look into it.,trouble every screen take long time open please look,negative,performance
"For some reason, money was deducted but the payment failed This happens repeatedly.",reason money deducted payment failed happens repeatedly,negative,payment
Money was deducted but the payment failed Please look into it.,money deducted payment failed please look,negative,payment
The search results are incorrect Can you fix this?,search result incorrect fix,negative,bug
I noticed that money was deducted but the payment failed This is frustrating.,noticed money deducted payment failed frustrating,negative,payment
I noticed that i am happy with the assistance I received Please help.,noticed happy assistance received please help,negative,support
The application is lagging badly Can you fix this?,application lagging badly fix,negative,performance
"Recently, my payment failed while placing the order Please help.",recently payment failed placing order please help,negative,payment
"For some reason, the app crashes whenever I upload a file This happens repeatedly.",reason app crash whenever upload file happens repeatedly,neutral,bug
I am having trouble because the app shows an error after checkout Can you fix this?,trouble app show error checkout fix,negative,bug
"Unfortunately, please add a filter for previous orders This happens repeatedly.",unfortunately please add filter previous order happens repeatedly,positive,feature_request
"Unfortunately, please provide an option to change the language I need assistance.",unfortunately please provide option change language need assistance,neutral,feature_request
"Honestly, it takes forever to open the dashboard I need assistance.",honestly take forever open dashboard need assistance,negative,performance
The application closes unexpectedly This is frustrating.,application close unexpectedly frustrating,negative,bug
I would like to schedule deliveries Can you fix this?,would like schedule delivery fix,positive,feature_request
"Honestly, the navigation is difficult to understand This happens repeatedly.",honestly navigation difficult understand happens repeatedly,negative,ui
"Unfortunately, the order status is displaying incorrectly Please help.",unfortunately order status displaying incorrectly please help,negative,bug
"Today, the application closes unexpectedly Please help.",today application close unexpectedly please help,neutral,bug
"For some reason, the application is very slow This happens repeatedly.",reason application slow happens repeatedly,negative,performance
"Recently, the transaction was declined Please look into it.",recently transaction declined please look,negative,payment
"Unfortunately, the customer care representative was helpful This happens repeatedly.",unfortunately customer care representative helpful happens repeatedly,negative,support
I cannot complete the payment Please look into it.,complete payment please look,negative,payment
"Unfortunately, the password reset link is not working Can you fix this?",unfortunately password reset link working fix,negative,login
The website is extremely slow today Can you fix this?,website extremely slow today fix,neutral,performance
I noticed that the new interface looks clean Can you fix this?,noticed new interface look clean fix,negative,ui
I am having trouble because money was deducted but the payment failed Can you fix this?,trouble money deducted payment failed fix,negative,payment
I noticed that the website response time is very poor Please look into it.,noticed website response time poor please look,neutral,performance
I am having trouble because the colors and layout make the app easy to use,trouble color layout make app easy use,neutral,ui
"Today, the buttons are difficult to find This is frustrating.",today button difficult find frustrating,neutral,ui
I noticed that please provide an option to change the language Can you fix this?,noticed please provide option change language fix,neutral,feature_request
I am happy with the assistance I received I need assistance.,happy assistance received need assistance,negative,support
I am having trouble because login takes me back to the sign in page Please help.,trouble login take back sign page please help,negative,login
"Recently, the app takes too long to load",recently app take long load,negative,performance
I noticed that uPI payment is not going through Can you fix this?,noticed upi payment going fix,negative,payment
"Honestly, the order status is displaying incorrectly This is frustrating.",honestly order status displaying incorrectly frustrating,negative,bug
"Today, i would like to schedule deliveries This happens repeatedly.",today would like schedule delivery happens repeatedly,neutral,feature_request
"Unfortunately, the customer care representative was helpful I need assistance.",unfortunately customer care representative helpful need assistance,positive,support
"Unfortunately, the app logs me out whenever I try to sign in I need assistance.",unfortunately app log whenever try sign need assistance,negative,login
"Honestly, i cannot verify my account Please help.",honestly verify account please help,negative,login
"Today, the support staff were polite and professional Can you fix this?",today support staff polite professional fix,negative,support
"For some reason, the support experience was disappointing This happens repeatedly.",reason support experience disappointing happens repeatedly,negative,support
Pages are loading slowly,page loading slowly,negative,performance
The application is lagging badly I need assistance.,application lagging badly need assistance,negative,performance
"For some reason, the buttons are difficult to find Can you fix this?",reason button difficult find fix,positive,ui
"Honestly, i would like to schedule deliveries Please help.",honestly would like schedule delivery please help,neutral,feature_request
The customer care representative was helpful,customer care representative helpful,positive,support
The application closes unexpectedly This happens repeatedly.,application close unexpectedly happens repeatedly,negative,bug
I noticed that i am unable to pay for my order This happens repeatedly.,noticed unable pay order happens repeatedly,negative,payment
I noticed that the buttons are difficult to find Please look into it.,noticed button difficult find please look,positive,ui
"Recently, the dashboard looks great Please look into it.",recently dashboard look great please look,negative,ui
"Today, i have not received a response from support Please look into it.",today received response support please look,negative,support
I am having trouble because the application interface is easy to use This is frustrating.,trouble application interface easy use frustrating,negative,ui
I noticed that please add dark mode to the application This happens repeatedly.,noticed please add dark mode application happens repeatedly,neutral,feature_request
I noticed that can you add fingerprint login Please help.,noticed add fingerprint login please help,neutral,feature_request
"Today, i cannot verify my account I need assistance.",today verify account need assistance,negative,login
I noticed that the new interface looks clean,noticed new interface look clean,positive,ui
"Honestly, the design is simple and user friendly Can you fix this?",honestly design simple user friendly fix,negative,ui
"Honestly, the login page is not working This happens repeatedly.",honestly login page working happens repeatedly,neutral,login
"Today, the application crashes when I open my profile Please help.",today application crash open profile please help,negative,bug
"Unfortunately, the support staff were polite and professional I need assistance.",unfortunately support staff polite professional need assistance,positive,support
"Unfortunately, the app shows an error after checkout I need assistance.",unfortunately app show error checkout need assistance,negative,bug
I noticed that i was charged but the order was not placed This happens repeatedly.,noticed charged order placed happens repeatedly,negative,payment
"Today, support took too long to respond Please look into it.",today support took long respond please look,negative,support
"Recently, please provide an option to change the language I need assistance.",recently please provide option change language need assistance,neutral,feature_request
"For some reason, the website response time is very poor This is frustrating.",reason website response time poor frustrating,negative,performance
"Honestly, the payment page shows an error Please help.",honestly payment page show error please help,negative,payment
"For some reason, i am unable to pay for my order I need assistance.",reason unable pay order need assistance,negative,payment
"For some reason, the application freezes frequently",reason application freeze frequently,negative,performance
I am having trouble because the customer care representative was helpful Can you fix this?,trouble customer care representative helpful fix,negative,support
"Recently, it would be great to have a dark theme Can you fix this?",recently would great dark theme fix,neutral,feature_request
"For some reason, the dashboard looks great Can you fix this?",reason dashboard look great fix,positive,ui
"For some reason, the login page is not working This is frustrating.",reason login page working frustrating,negative,login
"For some reason, the application crashes when I open my profile This is frustrating.",reason application crash open profile frustrating,neutral,bug
I am having trouble because the payment page shows an error,trouble payment page show error,negative,payment
I noticed that the OTP is not arriving during login Can you fix this?,noticed otp arriving login fix,negative,login
"Recently, the dashboard looks great Please help.",recently dashboard look great please help,negative,ui
"For some reason, the menu layout is confusing This happens repeatedly.",reason menu layout confusing happens repeatedly,positive,ui
Money was deducted but the payment failed Please look into it.,money deducted payment failed please look,negative,payment
"Unfortunately, my payment is stuck This happens repeatedly.",unfortunately payment stuck happens repeatedly,negative,payment
I forgot my password and cannot sign in Please help.,forgot password sign please help,negative,login
Login takes me back to the sign in page Please help.,login take back sign page please help,negative,login
"Honestly, the application is lagging badly Please help.",honestly application lagging badly please help,negative,performance
"Today, i cannot complete the payment This happens repeatedly.",today complete payment happens repeatedly,negative,payment
"Unfortunately, the transaction was declined",unfortunately transaction declined,negative,payment
I noticed that support took too long to respond This happens repeatedly.,noticed support took long respond happens repeatedly,positive,support
The website is extremely slow today Can you fix this?,website extremely slow today fix,neutral,performance
"Today, money was deducted but the payment failed Can you fix this?",today money deducted payment failed fix,negative,payment
"Unfortunately, i was charged but the order was not placed This happens repeatedly.",unfortunately charged order placed happens repeatedly,negative,payment
"Unfortunately, the interface needs improvement I need assistance.",unfortunately interface need improvement need assistance,neutral,ui
The application closes unexpectedly Can you fix this?,application close unexpectedly fix,negative,bug
"Today, please add notifications for price changes Please look into it.",today please add notification price change please look,neutral,feature_request
"Today, the website response time is very poor This happens repeatedly.",today website response time poor happens repeatedly,negative,performance
Please add more payment methods This happens repeatedly.,please add payment method happens repeatedly,neutral,feature_request
The login page is not working,login page working,negative,login
"Today, the menu layout is confusing Can you fix this?",today menu layout confusing fix,negative,ui
"Today, please provide an option to change the language Please help.",today please provide option change language please help,neutral,feature_request
"Honestly, the application is very slow Please look into it.",honestly application slow please look,negative,performance
"Recently, the application is very slow",recently application slow,negative,performance
I am having trouble because the application interface is easy to use This is frustrating.,trouble application interface easy use frustrating,negative,ui
I cannot verify my account,verify account,negative,login
"Recently, the support team did not resolve my problem This is frustrating.",recently support team resolve problem frustrating,negative,support
"Today, please provide an option to change the language Please help.",today please provide option change language please help,neutral,feature_request
"Honestly, the website is extremely slow today Please look into it.",honestly website extremely slow today please look,negative,performance
"Honestly, my account login keeps failing Can you fix this?",honestly account login keep failing fix,neutral,login
"Today, the app crashes whenever I upload a file Can you fix this?",today app crash whenever upload file fix,negative,bug
I am having trouble because the application is lagging badly This is frustrating.,trouble application lagging badly frustrating,negative,performance
"Today, please add dark mode to the application I need assistance.",today please add dark mode application need assistance,neutral,feature_request
I am having trouble because the password reset link is not working Can you fix this?,trouble password reset link working fix,negative,login
I noticed that customer service was very helpful Please look into it.,noticed customer service helpful please look,positive,support
I cannot verify my account This happens repeatedly.,verify account happens repeatedly,negative,login
The buttons are difficult to find I need assistance.,button difficult find need assistance,positive,ui
"For some reason, the OTP is not arriving during login Can you fix this?",reason otp arriving login fix,neutral,login
"Honestly, the app takes too long to load",honestly app take long load,negative,performance
The page becomes blank after clicking the button This happens repeatedly.,page becomes blank clicking button happens repeatedly,negative,bug
The interface needs improvement This is frustrating.,interface need improvement frustrating,neutral,ui
I am having trouble because the text on the screen is too small This happens repeatedly.,trouble text screen small happens repeatedly,negative,ui
"Honestly, i forgot my password and cannot sign in This happens repeatedly.",honestly forgot password sign happens repeatedly,neutral,login
"Today, it takes forever to open the dashboard Please help.",today take forever open dashboard please help,negative,performance
I am having trouble because can you add fingerprint login This happens repeatedly.,trouble add fingerprint login happens repeatedly,neutral,feature_request
"Recently, i am happy with the assistance I received This happens repeatedly.",recently happy assistance received happens repeatedly,neutral,support
"Today, i cannot verify my account Please look into it.",today verify account please look,negative,login
"Recently, the colors and layout make the app easy to use Please look into it.",recently color layout make app easy use please look,negative,ui
"Unfortunately, i was charged but the order was not placed Please help.",unfortunately charged order placed please help,negative,payment
"Recently, i am happy with the assistance I received This is frustrating.",recently happy assistance received frustrating,positive,support
The dashboard looks great This is frustrating.,dashboard look great frustrating,positive,ui
The text on the screen is too small Please look into it.,text screen small please look,negative,ui
I noticed that it takes forever to open the dashboard I need assistance.,noticed take forever open dashboard need assistance,negative,performance
"Unfortunately, please add notifications for price changes",unfortunately please add notification price change,neutral,feature_request
"Recently, the support staff were polite and professional This happens repeatedly.",recently support staff polite professional happens repeatedly,negative,support
I am having trouble because the support team did not resolve my problem Please look into it.,trouble support team resolve problem please look,negative,support
"Recently, something is broken in the application This is frustrating.",recently something broken application frustrating,neutral,bug
"For some reason, i was charged but the order was not placed I need assistance.",reason charged order placed need assistance,negative,payment
"Today, my payment is stuck",today payment stuck,neutral,payment
"Recently, i cannot login to my account This happens repeatedly.",recently login account happens repeatedly,negative,login
"For some reason, the password reset link is not working Can you fix this?",reason password reset link working fix,negative,login
I am having trouble because it takes forever to open the dashboard I need assistance.,trouble take forever open dashboard need assistance,negative,performance
The website is extremely slow today Please help.,website extremely slow today please help,negative,performance
"Unfortunately, the interface needs improvement This is frustrating.",unfortunately interface need improvement frustrating,positive,ui
"Recently, something is broken in the application Please look into it.",recently something broken application please look,neutral,bug
"Honestly, i have not received a response from support This happens repeatedly.",honestly received response support happens repeatedly,positive,support
"For some reason, i would like an option to download invoices This happens repeatedly.",reason would like option download invoice happens repeatedly,neutral,feature_request
"Today, my payment is stuck Can you fix this?",today payment stuck fix,neutral,payment
"Recently, customer service was very helpful Can you fix this?",recently customer service helpful fix,positive,support
I forgot my password and cannot sign in Please look into it.,forgot password sign please look,negative,login
I noticed that nobody from customer support has contacted me I need assistance.,noticed nobody customer support contacted need assistance,negative,support
"Recently, uPI payment is not going through Please look into it.",recently upi payment going please look,negative,payment
I noticed that can you add fingerprint login Please help.,noticed add fingerprint login please help,neutral,feature_request
The application closes unexpectedly I need assistance.,application close unexpectedly need assistance,negative,bug
Login takes me back to the sign in page Please help.,login take back sign page please help,negative,login
"Recently, pages are loading slowly Please help.",recently page loading slowly please help,negative,performance
I noticed that my payment is stuck Please look into it.,noticed payment stuck please look,negative,payment
I noticed that support took too long to respond This is frustrating.,noticed support took long respond frustrating,positive,support
"Today, i would like an option to download invoices This is frustrating.",today would like option download invoice frustrating,neutral,feature_request
"Today, please add notifications for price changes",today please add notification price change,neutral,feature_request
I noticed that please add a filter for previous orders This happens repeatedly.,noticed please add filter previous order happens repeatedly,neutral,feature_request
"For some reason, the password reset link is not working Please look into it.",reason password reset link working please look,negative,login
"Unfortunately, the customer care representative was helpful Please look into it.",unfortunately customer care representative helpful please look,positive,support
"Honestly, i was charged but the order was not placed This is frustrating.",honestly charged order placed frustrating,negative,payment
I noticed that login takes me back to the sign in page Please look into it.,noticed login take back sign page please look,negative,login
"For some reason, uPI payment is not going through Please help.",reason upi payment going please help,negative,payment
I am having trouble because please add notifications for price changes Please help.,trouble please add notification price change please help,neutral,feature_request
The app shows an error after checkout Please look into it.,app show error checkout please look,negative,bug
"For some reason, please add dark mode to the application",reason please add dark mode application,neutral,feature_request
"Today, the new interface looks clean This is frustrating.",today new interface look clean frustrating,positive,ui
"For some reason, i am unable to access my account Can you fix this?",reason unable access account fix,negative,login
I noticed that login takes me back to the sign in page Please look into it.,noticed login take back sign page please look,negative,login
"Honestly, the application closes unexpectedly This happens repeatedly.",honestly application close unexpectedly happens repeatedly,neutral,bug
"For some reason, i would like to schedule deliveries This happens repeatedly.",reason would like schedule delivery happens repeatedly,neutral,feature_request
"Today, the application crashes when I open my profile This happens repeatedly.",today application crash open profile happens repeatedly,negative,bug
"Honestly, the design is simple and user friendly I need assistance.",honestly design simple user friendly need assistance,negative,ui
"Honestly, the design is simple and user friendly I need assistance.",honestly design simple user friendly need assistance,positive,ui
"Unfortunately, the navigation is difficult to understand This happens repeatedly.",unfortunately navigation difficult understand happens repeatedly,negative,ui
"Unfortunately, the navigation is difficult to understand Can you fix this?",unfortunately navigation difficult understand fix,positive,ui
"Unfortunately, the application is very slow Please help.",unfortunately application slow please help,negative,performance
I noticed that the OTP is not arriving during login I need assistance.,noticed otp arriving login need assistance,negative,login
"Honestly, the support experience was disappointing",honestly support experience disappointing,positive,support
"Unfortunately, the application is very slow I need assistance.",unfortunately application slow need assistance,negative,performance
"Honestly, uPI payment is not going through I need assistance.",honestly upi payment going need assistance,negative,payment
"For some reason, my payment failed while placing the order This happens repeatedly.",reason payment failed placing order happens repeatedly,negative,payment
"Unfortunately, uPI payment is not going through This happens repeatedly.",unfortunately upi payment going happens repeatedly,negative,payment
"Honestly, i am unable to pay for my order This happens repeatedly.",honestly unable pay order happens repeatedly,neutral,payment
"For some reason, login takes me back to the sign in page This happens repeatedly.",reason login take back sign page happens repeatedly,negative,login
"For some reason, my account login keeps failing This happens repeatedly.",reason account login keep failing happens repeatedly,negative,login
"Unfortunately, the buttons are difficult to find Please help.",unfortunately button difficult find please help,negative,ui
I am having trouble because i was charged but the order was not placed Please help.,trouble charged order placed please help,negative,payment
"Unfortunately, every screen takes a long time to open",unfortunately every screen take long time open,negative,performance
"Unfortunately, i would like to schedule deliveries Please help.",unfortunately would like schedule delivery please help,neutral,feature_request
I cannot complete the payment Can you fix this?,complete payment fix,negative,payment
I am having trouble because the support team did not resolve my problem I need assistance.,trouble support team resolve problem need assistance,positive,support
I noticed that the app logs me out whenever I try to sign in,noticed app log whenever try sign,negative,login
I noticed that the app crashes whenever I upload a file This is frustrating.,noticed app crash whenever upload file frustrating,negative,bug
"Recently, please provide an option to change the language",recently please provide option change language,neutral,feature_request
"Today, the navigation is difficult to understand This is frustrating.",today navigation difficult understand frustrating,negative,ui
"Recently, the design is simple and user friendly Please help.",recently design simple user friendly please help,positive,ui
"Unfortunately, it would be great to have a dark theme Please look into it.",unfortunately would great dark theme please look,neutral,feature_request
"Honestly, the new interface looks clean This is frustrating.",honestly new interface look clean frustrating,negative,ui
"Today, the transaction was declined",today transaction declined,negative,payment
I am having trouble because the website response time is very poor Please help.,trouble website response time poor please help,negative,performance
"Today, the navigation is difficult to understand Can you fix this?",today navigation difficult understand fix,positive,ui
"Honestly, please add dark mode to the application I need assistance.",honestly please add dark mode application need assistance,neutral,feature_request
"Honestly, support took too long to respond Please look into it.",honestly support took long respond please look,negative,support
"Recently, the app shows an error after checkout",recently app show error checkout,negative,bug
"For some reason, the password reset link is not working This happens repeatedly.",reason password reset link working happens repeatedly,negative,login
"For some reason, customer service was very helpful",reason customer service helpful,neutral,support
"For some reason, the customer care representative was helpful I need assistance.",reason customer care representative helpful need assistance,negative,support
I noticed that the order status is displaying incorrectly I need assistance.,noticed order status displaying incorrectly need assistance,neutral,bug
"Honestly, the colors and layout make the app easy to use This is frustrating.",honestly color layout make app easy use frustrating,neutral,ui
"Today, something is broken in the application Can you fix this?",today something broken application fix,negative,bug
I noticed that my payment is stuck This happens repeatedly.,noticed payment stuck happens repeatedly,negative,payment
I am having trouble because the application is lagging badly This happens repeatedly.,trouble application lagging badly happens repeatedly,negative,performance
"Recently, the support staff were polite and professional Please look into it.",recently support staff polite professional please look,negative,support
"For some reason, support took too long to respond This happens repeatedly.",reason support took long respond happens repeatedly,negative,support
I am having trouble because i would like to schedule deliveries,trouble would like schedule delivery,neutral,feature_request
"Unfortunately, the design is simple and user friendly This happens repeatedly.",unfortunately design simple user friendly happens repeatedly,neutral,ui
"Honestly, support took too long to respond Please help.",honestly support took long respond please help,neutral,support
"Unfortunately, the app takes too long to load Please look into it.",unfortunately app take long load please look,negative,performance
"Honestly, the notification is showing the wrong information This happens repeatedly.",honestly notification showing wrong information happens repeatedly,negative,bug
I noticed that the interface needs improvement Can you fix this?,noticed interface need improvement fix,negative,ui
"Today, the search results are incorrect I need assistance.",today search result incorrect need assistance,negative,bug
"Today, the application is lagging badly Please look into it.",today application lagging badly please look,negative,performance
"Today, the app takes too long to load Can you fix this?",today app take long load fix,negative,performance
I am having trouble because the payment page shows an error,trouble payment page show error,negative,payment
"For some reason, i was charged but the order was not placed This happens repeatedly.",reason charged order placed happens repeatedly,negative,payment
"Honestly, the payment page shows an error I need assistance.",honestly payment page show error need assistance,negative,payment
"Honestly, support took too long to respond",honestly support took long respond,negative,support
"Honestly, the text on the screen is too small",honestly text screen small,neutral,ui
"For some reason, please add a filter for previous orders This happens repeatedly.",reason please add filter previous order happens repeatedly,neutral,feature_request
"Unfortunately, the text on the screen is too small Please look into it.",unfortunately text screen small please look,positive,ui
I am having trouble because something is broken in the application Can you fix this?,trouble something broken application fix,negative,bug
I am having trouble because the payment page shows an error This is frustrating.,trouble payment page show error frustrating,neutral,payment
Money was deducted but the payment failed I need assistance.,money deducted payment failed need assistance,negative,payment
"Unfortunately, the website response time is very poor Can you fix this?",unfortunately website response time poor fix,negative,performance
"Honestly, the password reset link is not working This is frustrating.",honestly password reset link working frustrating,negative,login
"For some reason, the application is very slow Please look into it.",reason application slow please look,neutral,performance
"Honestly, the application is very slow Can you fix this?",honestly application slow fix,negative,performance
"Unfortunately, my payment is stuck This is frustrating.",unfortunately payment stuck frustrating,negative,payment
"Recently, i cannot complete the payment Can you fix this?",recently complete payment fix,neutral,payment
"Honestly, i cannot verify my account Can you fix this?",honestly verify account fix,negative,login
"For some reason, the customer care representative was helpful",reason customer care representative helpful,negative,support
I noticed that the dashboard looks great Please look into it.,noticed dashboard look great please look,negative,ui
I noticed that money was deducted but the payment failed Please help.,noticed money deducted payment failed please help,negative,payment
I noticed that the design is simple and user friendly This happens repeatedly.,noticed design simple user friendly happens repeatedly,negative,ui
I noticed that the dashboard looks great Please help.,noticed dashboard look great please help,positive,ui
"Recently, my account login keeps failing Please help.",recently account login keep failing please help,negative,login
I noticed that i am unable to pay for my order I need assistance.,noticed unable pay order need assistance,negative,payment
"For some reason, please provide an option to change the language",reason please provide option change language,neutral,feature_request
I am having trouble because the order status is displaying incorrectly This happens repeatedly.,trouble order status displaying incorrectly happens repeatedly,negative,bug
"Today, the app logs me out whenever I try to sign in This is frustrating.",today app log whenever try sign frustrating,negative,login
"Honestly, i would like to schedule deliveries Can you fix this?",honestly would like schedule delivery fix,neutral,feature_request
The interface needs improvement Please look into it.,interface need improvement please look,negative,ui
"Today, it takes forever to open the dashboard Please look into it.",today take forever open dashboard please look,negative,performance
"For some reason, the support team did not resolve my problem Please look into it.",reason support team resolve problem please look,negative,support
"For some reason, the payment page shows an error Can you fix this?",reason payment page show error fix,negative,payment
"For some reason, it takes forever to open the dashboard Please look into it.",reason take forever open dashboard please look,negative,performance
"Recently, the customer care representative was helpful Please look into it.",recently customer care representative helpful please look,positive,support
"Unfortunately, the website is extremely slow today",unfortunately website extremely slow today,negative,performance
"Recently, the OTP is not arriving during login I need assistance.",recently otp arriving login need assistance,negative,login
I am having trouble because the colors and layout make the app easy to use This is frustrating.,trouble color layout make app easy use frustrating,positive,ui
I am having trouble because the password reset link is not working Please help.,trouble password reset link working please help,negative,login
I would like to schedule deliveries Please help.,would like schedule delivery please help,positive,feature_request
I am having trouble because i cannot verify my account I need assistance.,trouble verify account need assistance,negative,login
"Today, can you add fingerprint login This happens repeatedly.",today add fingerprint login happens repeatedly,neutral,feature_request
"Recently, it would be useful to have a wishlist Please help.",recently would useful wishlist please help,neutral,feature_request
"Today, i cannot verify my account Please look into it.",today verify account please look,neutral,login
"Today, i would like to schedule deliveries",today would like schedule delivery,positive,feature_request
I am having trouble because i would like an option to download invoices This happens repeatedly.,trouble would like option download invoice happens repeatedly,positive,feature_request
The menu layout is confusing I need assistance.,menu layout confusing need assistance,neutral,ui
"For some reason, the app crashes whenever I upload a file Can you fix this?",reason app crash whenever upload file fix,negative,bug
I am having trouble because the interface needs improvement,trouble interface need improvement,positive,ui
"Today, i would like to schedule deliveries Can you fix this?",today would like schedule delivery fix,neutral,feature_request
"Honestly, the customer care representative was helpful",honestly customer care representative helpful,negative,support
"Today, the application is lagging badly I need assistance.",today application lagging badly need assistance,neutral,performance
I am having trouble because the app takes too long to load,trouble app take long load,negative,performance
"Today, it would be great to have a dark theme This is frustrating.",today would great dark theme frustrating,positive,feature_request
"Recently, the card payment keeps failing This happens repeatedly.",recently card payment keep failing happens repeatedly,negative,payment
"Today, the page becomes blank after clicking the button I need assistance.",today page becomes blank clicking button need assistance,negative,bug
"Honestly, the application freezes frequently I need assistance.",honestly application freeze frequently need assistance,negative,performance
Nobody from customer support has contacted me I need assistance.,nobody customer support contacted need assistance,positive,support
"Unfortunately, please add a filter for previous orders Please help.",unfortunately please add filter previous order please help,neutral,feature_request
"Today, i forgot my password and cannot sign in Please look into it.",today forgot password sign please look,neutral,login
I noticed that i was charged but the order was not placed Please help.,noticed charged order placed please help,negative,payment
Money was deducted but the payment failed I need assistance.,money deducted payment failed need assistance,negative,payment
The support experience was disappointing,support experience disappointing,negative,support
"Unfortunately, i was charged but the order was not placed This is frustrating.",unfortunately charged order placed frustrating,negative,payment
I noticed that the support team did not resolve my problem This is frustrating.,noticed support team resolve problem frustrating,positive,support
"Today, something is broken in the application Please help.",today something broken application please help,negative,bug
Please add more payment methods Please look into it.,please add payment method please look,neutral,feature_request
"Recently, it takes forever to open the dashboard Can you fix this?",recently take forever open dashboard fix,negative,performance
"Honestly, it takes forever to open the dashboard I need assistance.",honestly take forever open dashboard need assistance,negative,performance
"Honestly, the customer care representative was helpful This happens repeatedly.",honestly customer care representative helpful happens repeatedly,negative,support
"Today, my payment is stuck I need assistance.",today payment stuck need assistance,negative,payment
"Today, the application is lagging badly This happens repeatedly.",today application lagging badly happens repeatedly,negative,performance
"Today, i cannot complete the payment Please look into it.",today complete payment please look,negative,payment
"Today, i would like an option to download invoices Please help.",today would like option download invoice please help,neutral,feature_request
"Unfortunately, nobody from customer support has contacted me",unfortunately nobody customer support contacted,negative,support
"Honestly, the order status is displaying incorrectly",honestly order status displaying incorrectly,negative,bug
"For some reason, the support team solved my issue quickly Can you fix this?",reason support team solved issue quickly fix,negative,support
I am having trouble because the support team did not resolve my problem This is frustrating.,trouble support team resolve problem frustrating,neutral,support
"Today, the support staff were polite and professional This happens repeatedly.",today support staff polite professional happens repeatedly,negative,support
"Today, the support staff were polite and professional This is frustrating.",today support staff polite professional frustrating,negative,support
"Today, the support staff were polite and professional Can you fix this?",today support staff polite professional fix,neutral,support
"Today, the transaction was declined This is frustrating.",today transaction declined frustrating,negative,payment
"Recently, the support team solved my issue quickly I need assistance.",recently support team solved issue quickly need assistance,negative,support
I am having trouble because the application freezes frequently,trouble application freeze frequently,negative,performance
"Recently, the menu layout is confusing Please look into it.",recently menu layout confusing please look,negative,ui
"For some reason, i was charged but the order was not placed This is frustrating.",reason charged order placed frustrating,negative,payment
I noticed that the application freezes frequently,noticed application freeze frequently,negative,performance
I noticed that the buttons are difficult to find This happens repeatedly.,noticed button difficult find happens repeatedly,positive,ui
I noticed that it would be useful to have a wishlist Can you fix this?,noticed would useful wishlist fix,neutral,feature_request
I am having trouble because the application is lagging badly Please help.,trouble application lagging badly please help,negative,performance
"For some reason, the menu layout is confusing Can you fix this?",reason menu layout confusing fix,positive,ui
"Recently, the card payment keeps failing This happens repeatedly.",recently card payment keep failing happens repeatedly,negative,payment
I forgot my password and cannot sign in This happens repeatedly.,forgot password sign happens repeatedly,negative,login
I am having trouble because the application is lagging badly,trouble application lagging badly,negative,performance
"Recently, it would be useful to have a wishlist",recently would useful wishlist,positive,feature_request
"Today, can you add fingerprint login This happens repeatedly.",today add fingerprint login happens repeatedly,neutral,feature_request
"For some reason, i was charged but the order was not placed Please look into it.",reason charged order placed please look,negative,payment
I have not received a response from support Please look into it.,received response support please look,negative,support
"Unfortunately, the search results are incorrect Can you fix this?",unfortunately search result incorrect fix,negative,bug
"Unfortunately, the support experience was disappointing Can you fix this?",unfortunately support experience disappointing fix,neutral,support
"Recently, the application freezes frequently This is frustrating.",recently application freeze frequently frustrating,negative,performance
"Unfortunately, it would be great to have a dark theme This is frustrating.",unfortunately would great dark theme frustrating,neutral,feature_request
"Unfortunately, the support experience was disappointing This happens repeatedly.",unfortunately support experience disappointing happens repeatedly,positive,support
"For some reason, the transaction was declined Please help.",reason transaction declined please help,negative,payment
"Today, the page becomes blank after clicking the button I need assistance.",today page becomes blank clicking button need assistance,negative,bug
"Honestly, the application interface is easy to use This is frustrating.",honestly application interface easy use frustrating,positive,ui
"Unfortunately, the notification is showing the wrong information This happens repeatedly.",unfortunately notification showing wrong information happens repeatedly,negative,bug
"Honestly, the application crashes when I open my profile Can you fix this?",honestly application crash open profile fix,negative,bug
"For some reason, the text on the screen is too small Can you fix this?",reason text screen small fix,positive,ui
"Honestly, the password reset link is not working Can you fix this?",honestly password reset link working fix,negative,login
I am having trouble because the navigation is difficult to understand This is frustrating.,trouble navigation difficult understand frustrating,negative,ui
"Honestly, login takes me back to the sign in page Please look into it.",honestly login take back sign page please look,negative,login
The page becomes blank after clicking the button,page becomes blank clicking button,negative,bug
"Recently, the app takes too long to load This happens repeatedly.",recently app take long load happens repeatedly,negative,performance
I am having trouble because the website is extremely slow today This is frustrating.,trouble website extremely slow today frustrating,negative,performance
I noticed that the support team did not resolve my problem Can you fix this?,noticed support team resolve problem fix,negative,support
"Recently, the website is extremely slow today",recently website extremely slow today,neutral,performance
"Today, i cannot login to my account This is frustrating.",today login account frustrating,negative,login
I noticed that the app crashes whenever I upload a file This happens repeatedly.,noticed app crash whenever upload file happens repeatedly,negative,bug
The website is extremely slow today This is frustrating.,website extremely slow today frustrating,negative,performance
"Honestly, please add notifications for price changes This happens repeatedly.",honestly please add notification price change happens repeatedly,positive,feature_request
The navigation is difficult to understand This happens repeatedly.,navigation difficult understand happens repeatedly,positive,ui
I am having trouble because the app crashes whenever I upload a file Can you fix this?,trouble app crash whenever upload file fix,negative,bug
"Unfortunately, uPI payment is not going through This happens repeatedly.",unfortunately upi payment going happens repeatedly,negative,payment
I am having trouble because the transaction was declined,trouble transaction declined,negative,payment
"For some reason, the support team did not resolve my problem I need assistance.",reason support team resolve problem need assistance,negative,support
"For some reason, the support staff were polite and professional I need assistance.",reason support staff polite professional need assistance,positive,support
I noticed that the order status is displaying incorrectly Please look into it.,noticed order status displaying incorrectly please look,negative,bug
I am having trouble because the application freezes frequently Can you fix this?,trouble application freeze frequently fix,negative,performance
"For some reason, the page becomes blank after clicking the button This happens repeatedly.",reason page becomes blank clicking button happens repeatedly,negative,bug
"Today, uPI payment is not going through Can you fix this?",today upi payment going fix,negative,payment
"Today, the customer care representative was helpful Please look into it.",today customer care representative helpful please look,negative,support
"Unfortunately, the payment page shows an error Please help.",unfortunately payment page show error please help,negative,payment
I noticed that my account login keeps failing Can you fix this?,noticed account login keep failing fix,negative,login
I am having trouble because it takes forever to open the dashboard,trouble take forever open dashboard,negative,performance
I noticed that i cannot login to my account Please help.,noticed login account please help,negative,login
"Today, the application crashes when I open my profile Please help.",today application crash open profile please help,negative,bug
"Recently, please add more payment methods",recently please add payment method,positive,feature_request
"For some reason, uPI payment is not going through Please look into it.",reason upi payment going please look,negative,payment
"Recently, the page becomes blank after clicking the button I need assistance.",recently page becomes blank clicking button need assistance,negative,bug
I am having trouble because the application interface is easy to use Please help.,trouble application interface easy use please help,positive,ui
"For some reason, it takes forever to open the dashboard Please look into it.",reason take forever open dashboard please look,negative,performance
"Honestly, please add notifications for price changes Please look into it.",honestly please add notification price change please look,positive,feature_request
I noticed that i would like to schedule deliveries This happens repeatedly.,noticed would like schedule delivery happens repeatedly,positive,feature_request
"Unfortunately, the application crashes when I open my profile Please help.",unfortunately application crash open profile please help,neutral,bug
"Unfortunately, i would like an option to download invoices Please help.",unfortunately would like option download invoice please help,neutral,feature_request
Please add notifications for price changes I need assistance.,please add notification price change need assistance,neutral,feature_request
"Unfortunately, i forgot my password and cannot sign in I need assistance.",unfortunately forgot password sign need assistance,neutral,login
I noticed that the menu layout is confusing This happens repeatedly.,noticed menu layout confusing happens repeatedly,positive,ui
"Today, the page becomes blank after clicking the button Please help.",today page becomes blank clicking button please help,negative,bug
"Today, i cannot complete the payment",today complete payment,negative,payment
"Honestly, please provide an option to change the language Can you fix this?",honestly please provide option change language fix,positive,feature_request
The app shows an error after checkout,app show error checkout,negative,bug
I am having trouble because i cannot login to my account Please look into it.,trouble login account please look,negative,login
I am having trouble because pages are loading slowly Please help.,trouble page loading slowly please help,negative,performance
"For some reason, please add a filter for previous orders This happens repeatedly.",reason please add filter previous order happens repeatedly,neutral,feature_request
The menu layout is confusing,menu layout confusing,positive,ui
I noticed that the application is lagging badly Please help.,noticed application lagging badly please help,negative,performance
I noticed that the application is very slow Can you fix this?,noticed application slow fix,negative,performance
"Today, please add dark mode to the application Please help.",today please add dark mode application please help,neutral,feature_request
"Honestly, the application freezes frequently This is frustrating.",honestly application freeze frequently frustrating,negative,performance
I am having trouble because money was deducted but the payment failed This is frustrating.,trouble money deducted payment failed frustrating,negative,payment
I have not received a response from support Please help.,received response support please help,negative,support
"Unfortunately, the application interface is easy to use Can you fix this?",unfortunately application interface easy use fix,neutral,ui
"For some reason, the order status is displaying incorrectly Can you fix this?",reason order status displaying incorrectly fix,negative,bug
"Recently, the app takes too long to load I need assistance.",recently app take long load need assistance,negative,performance
"Today, something is broken in the application This is frustrating.",today something broken application frustrating,negative,bug
I am having trouble because my payment is stuck This is frustrating.,trouble payment stuck frustrating,negative,payment
I noticed that the payment page shows an error Please help.,noticed payment page show error please help,negative,payment
"Honestly, i was charged but the order was not placed",honestly charged order placed,negative,payment
"Recently, the app crashes whenever I upload a file This happens repeatedly.",recently app crash whenever upload file happens repeatedly,negative,bug
"Honestly, the app crashes whenever I upload a file I need assistance.",honestly app crash whenever upload file need assistance,negative,bug
"Unfortunately, the colors and layout make the app easy to use Can you fix this?",unfortunately color layout make app easy use fix,positive,ui
"Honestly, the colors and layout make the app easy to use Please help.",honestly color layout make app easy use please help,positive,ui
"Recently, the support staff were polite and professional This is frustrating.",recently support staff polite professional frustrating,negative,support
"Honestly, the website response time is very poor I need assistance.",honestly website response time poor need assistance,negative,performance
"Today, the payment page shows an error Please help.",today payment page show error please help,negative,payment
"Unfortunately, the transaction was declined",unfortunately transaction declined,negative,payment
I noticed that the app becomes slow during checkout This happens repeatedly.,noticed app becomes slow checkout happens repeatedly,negative,performance
I noticed that please add a filter for previous orders Can you fix this?,noticed please add filter previous order fix,neutral,feature_request
I noticed that the app takes too long to load This happens repeatedly.,noticed app take long load happens repeatedly,neutral,performance
"Today, uPI payment is not going through Please help.",today upi payment going please help,negative,payment
I have not received a response from support Please help.,received response support please help,positive,support
"Honestly, please add a filter for previous orders Can you fix this?",honestly please add filter previous order fix,neutral,feature_request
I am unable to pay for my order Please look into it.,unable pay order please look,negative,payment
The new interface looks clean,new interface look clean,negative,ui
"For some reason, i cannot verify my account Please look into it.",reason verify account please look,neutral,login
"For some reason, the application is lagging badly Can you fix this?",reason application lagging badly fix,negative,performance
"Unfortunately, it would be useful to have a wishlist",unfortunately would useful wishlist,neutral,feature_request
I noticed that i forgot my password and cannot sign in Please look into it.,noticed forgot password sign please look,negative,login
"Honestly, the search results are incorrect Can you fix this?",honestly search result incorrect fix,negative,bug
I am having trouble because please add a filter for previous orders Please help.,trouble please add filter previous order please help,neutral,feature_request
I am having trouble because the website response time is very poor Please look into it.,trouble website response time poor please look,negative,performance
"Unfortunately, the colors and layout make the app easy to use This is frustrating.",unfortunately color layout make app easy use frustrating,positive,ui
"Unfortunately, the application interface is easy to use Please help.",unfortunately application interface easy use please help,positive,ui
"For some reason, i am happy with the assistance I received This happens repeatedly.",reason happy assistance received happens repeatedly,neutral,support
"Honestly, the dashboard looks great Please help.",honestly dashboard look great please help,negative,ui
"Today, the design is simple and user friendly Please help.",today design simple user friendly please help,positive,ui
"Unfortunately, the payment page shows an error",unfortunately payment page show error,negative,payment
I am having trouble because the app crashes whenever I upload a file Can you fix this?,trouble app crash whenever upload file fix,negative,bug
I am having trouble because something is broken in the application Can you fix this?,trouble something broken application fix,neutral,bug
I noticed that it takes forever to open the dashboard Please help.,noticed take forever open dashboard please help,negative,performance
"Today, i would like to schedule deliveries This is frustrating.",today would like schedule delivery frustrating,neutral,feature_request
I noticed that the support experience was disappointing Please help.,noticed support experience disappointing please help,negative,support
"Today, can you add fingerprint login Can you fix this?",today add fingerprint login fix,neutral,feature_request
"For some reason, please add dark mode to the application Please look into it.",reason please add dark mode application please look,neutral,feature_request
Every screen takes a long time to open I need assistance.,every screen take long time open need assistance,negative,performance
I noticed that the website response time is very poor Please help.,noticed website response time poor please help,negative,performance
I noticed that customer service was very helpful I need assistance.,noticed customer service helpful need assistance,negative,support
I noticed that the buttons are difficult to find This happens repeatedly.,noticed button difficult find happens repeatedly,neutral,ui
I noticed that the page becomes blank after clicking the button Please help.,noticed page becomes blank clicking button please help,negative,bug
"Today, the application interface is easy to use Please look into it.",today application interface easy use please look,neutral,ui
"Honestly, i would like to schedule deliveries",honestly would like schedule delivery,neutral,feature_request
I am having trouble because the application crashes when I open my profile I need assistance.,trouble application crash open profile need assistance,negative,bug
I noticed that the text on the screen is too small This happens repeatedly.,noticed text screen small happens repeatedly,positive,ui
"Honestly, i cannot login to my account This is frustrating.",honestly login account frustrating,negative,login
The application is very slow I need assistance.,application slow need assistance,negative,performance
"Honestly, the application is lagging badly This happens repeatedly.",honestly application lagging badly happens repeatedly,negative,performance
I would like an option to download invoices,would like option download invoice,neutral,feature_request
"Recently, the application freezes frequently This is frustrating.",recently application freeze frequently frustrating,negative,performance
The app crashes whenever I upload a file Can you fix this?,app crash whenever upload file fix,negative,bug
I am having trouble because i would like an option to download invoices I need assistance.,trouble would like option download invoice need assistance,neutral,feature_request
"Unfortunately, uPI payment is not going through This happens repeatedly.",unfortunately upi payment going happens repeatedly,negative,payment
"Today, the text on the screen is too small",today text screen small,neutral,ui
I am having trouble because the password reset link is not working Please look into it.,trouble password reset link working please look,negative,login
I forgot my password and cannot sign in I need assistance.,forgot password sign need assistance,negative,login
My payment is stuck This happens repeatedly.,payment stuck happens repeatedly,negative,payment
The password reset link is not working Please look into it.,password reset link working please look,negative,login
"Unfortunately, the notification is showing the wrong information This happens repeatedly.",unfortunately notification showing wrong information happens repeatedly,negative,bug
The app becomes slow during checkout I need assistance.,app becomes slow checkout need assistance,negative,performance
"Today, the application interface is easy to use Can you fix this?",today application interface easy use fix,positive,ui
"For some reason, i am unable to pay for my order This happens repeatedly.",reason unable pay order happens repeatedly,neutral,payment
"Today, the buttons are difficult to find This happens repeatedly.",today button difficult find happens repeatedly,positive,ui
"Today, the application crashes when I open my profile Can you fix this?",today application crash open profile fix,negative,bug
"For some reason, the buttons are difficult to find I need assistance.",reason button difficult find need assistance,positive,ui
"Today, the application freezes frequently Please look into it.",today application freeze frequently please look,negative,performance
"For some reason, the application freezes frequently",reason application freeze frequently,negative,performance
"Honestly, the navigation is difficult to understand This happens repeatedly.",honestly navigation difficult understand happens repeatedly,neutral,ui
I cannot complete the payment This happens repeatedly.,complete payment happens repeatedly,negative,payment
I am having trouble because the application freezes frequently I need assistance.,trouble application freeze frequently need assistance,negative,performance
"For some reason, something is broken in the application This is frustrating.",reason something broken application frustrating,neutral,bug
The app shows an error after checkout I need assistance.,app show error checkout need assistance,negative,bug
"Recently, i cannot verify my account Please help.",recently verify account please help,negative,login
"Honestly, my account login keeps failing",honestly account login keep failing,neutral,login
"For some reason, the search results are incorrect This happens repeatedly.",reason search result incorrect happens repeatedly,negative,bug
My payment is stuck Can you fix this?,payment stuck fix,negative,payment
It takes forever to open the dashboard Can you fix this?,take forever open dashboard fix,negative,performance
I am having trouble because the app takes too long to load,trouble app take long load,negative,performance
The menu layout is confusing Can you fix this?,menu layout confusing fix,negative,ui
I found a bug in the checkout process I need assistance.,found bug checkout process need assistance,negative,bug
I noticed that the page becomes blank after clicking the button,noticed page becomes blank clicking button,negative,bug
"For some reason, the app shows an error after checkout Please look into it.",reason app show error checkout please look,negative,bug
"For some reason, i am happy with the assistance I received This happens repeatedly.",reason happy assistance received happens repeatedly,negative,support
I am having trouble because i was charged but the order was not placed I need assistance.,trouble charged order placed need assistance,negative,payment
"Honestly, i was charged but the order was not placed Please look into it.",honestly charged order placed please look,negative,payment
"Recently, the new interface looks clean",recently new interface look clean,negative,ui
"Unfortunately, every screen takes a long time to open This is frustrating.",unfortunately every screen take long time open frustrating,negative,performance
"Unfortunately, it would be useful to have a wishlist This is frustrating.",unfortunately would useful wishlist frustrating,neutral,feature_request
"Unfortunately, the app takes too long to load This is frustrating.",unfortunately app take long load frustrating,negative,performance
It would be great to have a dark theme Please look into it.,would great dark theme please look,neutral,feature_request
"Unfortunately, please add notifications for price changes Please look into it.",unfortunately please add notification price change please look,neutral,feature_request
I noticed that i cannot complete the payment,noticed complete payment,negative,payment
I am having trouble because please add more payment methods Please look into it.,trouble please add payment method please look,neutral,feature_request
I am having trouble because please add notifications for price changes This is frustrating.,trouble please add notification price change frustrating,neutral,feature_request
"Recently, support took too long to respond Please look into it.",recently support took long respond please look,positive,support
"Recently, my account login keeps failing Can you fix this?",recently account login keep failing fix,negative,login
"Today, the support staff were polite and professional Can you fix this?",today support staff polite professional fix,negative,support
I noticed that the payment page shows an error Can you fix this?,noticed payment page show error fix,negative,payment
"Unfortunately, the app logs me out whenever I try to sign in This happens repeatedly.",unfortunately app log whenever try sign happens repeatedly,negative,login
"Today, the notification is showing the wrong information I need assistance.",today notification showing wrong information need assistance,negative,bug
"Honestly, the support experience was disappointing I need assistance.",honestly support experience disappointing need assistance,negative,support
I am having trouble because support took too long to respond Please look into it.,trouble support took long respond please look,negative,support
I noticed that please provide an option to change the language This happens repeatedly.,noticed please provide option change language happens repeatedly,positive,feature_request
I noticed that the support team solved my issue quickly Please help.,noticed support team solved issue quickly please help,neutral,support
I am having trouble because login takes me back to the sign in page I need assistance.,trouble login take back sign page need assistance,negative,login
"Today, the website response time is very poor",today website response time poor,negative,performance
I noticed that the text on the screen is too small Can you fix this?,noticed text screen small fix,positive,ui
"For some reason, my account login keeps failing Please look into it.",reason account login keep failing please look,negative,login
"Today, the support experience was disappointing Please look into it.",today support experience disappointing please look,negative,support
"Today, the application is very slow Please look into it.",today application slow please look,negative,performance
The payment page shows an error Please look into it.,payment page show error please look,negative,payment
"Unfortunately, login takes me back to the sign in page This is frustrating.",unfortunately login take back sign page frustrating,negative,login
I am having trouble because the password reset link is not working This is frustrating.,trouble password reset link working frustrating,negative,login
"Today, i cannot complete the payment This is frustrating.",today complete payment frustrating,negative,payment
"Unfortunately, the order status is displaying incorrectly",unfortunately order status displaying incorrectly,negative,bug
I noticed that please add dark mode to the application,noticed please add dark mode application,neutral,feature_request
I am having trouble because the colors and layout make the app easy to use,trouble color layout make app easy use,negative,ui
"Unfortunately, please provide an option to change the language Please look into it.",unfortunately please provide option change language please look,neutral,feature_request
"Unfortunately, pages are loading slowly I need assistance.",unfortunately page loading slowly need assistance,negative,performance
I noticed that uPI payment is not going through,noticed upi payment going,negative,payment
I forgot my password and cannot sign in Please look into it.,forgot password sign please look,negative,login
The app becomes slow during checkout This happens repeatedly.,app becomes slow checkout happens repeatedly,negative,performance
I am having trouble because the colors and layout make the app easy to use Please help.,trouble color layout make app easy use please help,negative,ui
"For some reason, my payment is stuck This happens repeatedly.",reason payment stuck happens repeatedly,negative,payment
"Honestly, the app logs me out whenever I try to sign in Can you fix this?",honestly app log whenever try sign fix,negative,login
"Honestly, the application is lagging badly This happens repeatedly.",honestly application lagging badly happens repeatedly,negative,performance
"Unfortunately, the app shows an error after checkout This happens repeatedly.",unfortunately app show error checkout happens repeatedly,negative,bug
I noticed that i found a bug in the checkout process Please look into it.,noticed found bug checkout process please look,negative,bug
I noticed that the application is very slow Please look into it.,noticed application slow please look,negative,performance
Please add more payment methods I need assistance.,please add payment method need assistance,neutral,feature_request
"For some reason, the support team did not resolve my problem Please look into it.",reason support team resolve problem please look,positive,support
"Honestly, the app logs me out whenever I try to sign in",honestly app log whenever try sign,negative,login
I noticed that the app becomes slow during checkout I need assistance.,noticed app becomes slow checkout need assistance,neutral,performance
"For some reason, the new interface looks clean",reason new interface look clean,positive,ui
I am having trouble because i am unable to access my account Can you fix this?,trouble unable access account fix,negative,login
"Recently, i am happy with the assistance I received This happens repeatedly.",recently happy assistance received happens repeatedly,positive,support
"Unfortunately, the interface needs improvement I need assistance.",unfortunately interface need improvement need assistance,negative,ui
I am having trouble because the navigation is difficult to understand,trouble navigation difficult understand,negative,ui
The application interface is easy to use This happens repeatedly.,application interface easy use happens repeatedly,positive,ui
Customer service was very helpful Please look into it.,customer service helpful please look,positive,support
"Today, the design is simple and user friendly This is frustrating.",today design simple user friendly frustrating,positive,ui
"Recently, the menu layout is confusing Please look into it.",recently menu layout confusing please look,negative,ui
"Recently, please add dark mode to the application I need assistance.",recently please add dark mode application need assistance,positive,feature_request
"For some reason, the application interface is easy to use Please help.",reason application interface easy use please help,neutral,ui
"Today, the interface needs improvement This happens repeatedly.",today interface need improvement happens repeatedly,positive,ui
I noticed that nobody from customer support has contacted me I need assistance.,noticed nobody customer support contacted need assistance,negative,support
"Honestly, my payment is stuck",honestly payment stuck,negative,payment
"Recently, the website response time is very poor Please help.",recently website response time poor please help,negative,performance
"Today, it takes forever to open the dashboard",today take forever open dashboard,negative,performance
I am having trouble because the app takes too long to load This happens repeatedly.,trouble app take long load happens repeatedly,negative,performance
"Today, i am happy with the assistance I received Can you fix this?",today happy assistance received fix,positive,support
"Today, i am unable to access my account This happens repeatedly.",today unable access account happens repeatedly,negative,login
"For some reason, i would like to schedule deliveries This happens repeatedly.",reason would like schedule delivery happens repeatedly,neutral,feature_request
The OTP is not arriving during login This happens repeatedly.,otp arriving login happens repeatedly,negative,login
"Honestly, i forgot my password and cannot sign in This happens repeatedly.",honestly forgot password sign happens repeatedly,negative,login
"Today, can you add fingerprint login I need assistance.",today add fingerprint login need assistance,positive,feature_request
"Recently, i was charged but the order was not placed Please look into it.",recently charged order placed please look,negative,payment
"Recently, the payment page shows an error Please help.",recently payment page show error please help,negative,payment
"Unfortunately, the new interface looks clean I need assistance.",unfortunately new interface look clean need assistance,positive,ui
My payment failed while placing the order This is frustrating.,payment failed placing order frustrating,negative,payment
I am having trouble because the application closes unexpectedly Please help.,trouble application close unexpectedly please help,negative,bug
"Recently, i am unable to access my account Please look into it.",recently unable access account please look,negative,login
"For some reason, the app takes too long to load Please look into it.",reason app take long load please look,negative,performance
"Honestly, the search results are incorrect",honestly search result incorrect,negative,bug
Pages are loading slowly Please look into it.,page loading slowly please look,negative,performance
"Honestly, please add notifications for price changes I need assistance.",honestly please add notification price change need assistance,neutral,feature_request
"For some reason, the app crashes whenever I upload a file Please look into it.",reason app crash whenever upload file please look,negative,bug
I noticed that it takes forever to open the dashboard Can you fix this?,noticed take forever open dashboard fix,negative,performance
"Recently, my payment is stuck This happens repeatedly.",recently payment stuck happens repeatedly,negative,payment
I noticed that the OTP is not arriving during login This happens repeatedly.,noticed otp arriving login happens repeatedly,negative,login
I noticed that please add more payment methods Can you fix this?,noticed please add payment method fix,neutral,feature_request
"Honestly, the text on the screen is too small Can you fix this?",honestly text screen small fix,negative,ui
"For some reason, the application crashes when I open my profile This happens repeatedly.",reason application crash open profile happens repeatedly,negative,bug
"Recently, the app shows an error after checkout This happens repeatedly.",recently app show error checkout happens repeatedly,negative,bug
The support team did not resolve my problem Please look into it.,support team resolve problem please look,negative,support
"Unfortunately, uPI payment is not going through",unfortunately upi payment going,negative,payment
I am having trouble because the colors and layout make the app easy to use This is frustrating.,trouble color layout make app easy use frustrating,negative,ui
I am having trouble because the website response time is very poor This is frustrating.,trouble website response time poor frustrating,negative,performance
"Today, please add more payment methods Please help.",today please add payment method please help,neutral,feature_request
"Honestly, i forgot my password and cannot sign in Please look into it.",honestly forgot password sign please look,negative,login
Support took too long to respond This is frustrating.,support took long respond frustrating,negative,support
"Unfortunately, can you add fingerprint login This happens repeatedly.",unfortunately add fingerprint login happens repeatedly,neutral,feature_request
The text on the screen is too small This happens repeatedly.,text screen small happens repeatedly,negative,ui
"Honestly, the app becomes slow during checkout",honestly app becomes slow checkout,negative,performance
I noticed that the application freezes frequently,noticed application freeze frequently,neutral,performance
"Honestly, the app logs me out whenever I try to sign in This is frustrating.",honestly app log whenever try sign frustrating,neutral,login
"Honestly, support took too long to respond",honestly support took long respond,positive,support
The order status is displaying incorrectly,order status displaying incorrectly,negative,bug
"Honestly, the new interface looks clean",honestly new interface look clean,negative,ui
"Unfortunately, login takes me back to the sign in page This is frustrating.",unfortunately login take back sign page frustrating,negative,login
"For some reason, can you add fingerprint login Please look into it.",reason add fingerprint login please look,neutral,feature_request
I noticed that it would be useful to have a wishlist This is frustrating.,noticed would useful wishlist frustrating,positive,feature_request
"Recently, the notification is showing the wrong information This is frustrating.",recently notification showing wrong information frustrating,negative,bug
I noticed that the text on the screen is too small I need assistance.,noticed text screen small need assistance,negative,ui
I noticed that the website response time is very poor This is frustrating.,noticed website response time poor frustrating,negative,performance
"Honestly, the transaction was declined This is frustrating.",honestly transaction declined frustrating,negative,payment
"Unfortunately, nobody from customer support has contacted me This is frustrating.",unfortunately nobody customer support contacted frustrating,negative,support
"Recently, the text on the screen is too small Please look into it.",recently text screen small please look,positive,ui
"Honestly, the application closes unexpectedly Please help.",honestly application close unexpectedly please help,negative,bug
I am having trouble because the text on the screen is too small Can you fix this?,trouble text screen small fix,negative,ui
I am having trouble because uPI payment is not going through This is frustrating.,trouble upi payment going frustrating,negative,payment
"Today, uPI payment is not going through I need assistance.",today upi payment going need assistance,negative,payment
"For some reason, it takes forever to open the dashboard This happens repeatedly.",reason take forever open dashboard happens repeatedly,negative,performance
The application closes unexpectedly This is frustrating.,application close unexpectedly frustrating,negative,bug
"Honestly, the OTP is not arriving during login This is frustrating.",honestly otp arriving login frustrating,neutral,login
I am having trouble because i forgot my password and cannot sign in Please help.,trouble forgot password sign please help,negative,login
I am having trouble because i was charged but the order was not placed Please look into it.,trouble charged order placed please look,negative,payment
"Unfortunately, i would like to schedule deliveries Please help.",unfortunately would like schedule delivery please help,neutral,feature_request
I noticed that the support staff were polite and professional Can you fix this?,noticed support staff polite professional fix,negative,support
The application freezes frequently Please help.,application freeze frequently please help,negative,performance
"Unfortunately, the application interface is easy to use Can you fix this?",unfortunately application interface easy use fix,neutral,ui
"Recently, the application freezes frequently Can you fix this?",recently application freeze frequently fix,negative,performance
"Recently, customer service was very helpful Please look into it.",recently customer service helpful please look,negative,support
The application is lagging badly This is frustrating.,application lagging badly frustrating,negative,performance
"Recently, money was deducted but the payment failed I need assistance.",recently money deducted payment failed need assistance,negative,payment
"Honestly, every screen takes a long time to open I need assistance.",honestly every screen take long time open need assistance,neutral,performance
"Today, i cannot login to my account I need assistance.",today login account need assistance,negative,login
"Recently, the menu layout is confusing Can you fix this?",recently menu layout confusing fix,positive,ui
I am having trouble because every screen takes a long time to open,trouble every screen take long time open,negative,performance
"Unfortunately, pages are loading slowly I need assistance.",unfortunately page loading slowly need assistance,negative,performance
The application interface is easy to use Please look into it.,application interface easy use please look,negative,ui
"For some reason, i forgot my password and cannot sign in I need assistance.",reason forgot password sign need assistance,negative,login
"Honestly, the card payment keeps failing Please help.",honestly card payment keep failing please help,negative,payment
"Unfortunately, the website is extremely slow today This is frustrating.",unfortunately website extremely slow today frustrating,negative,performance
"Today, the text on the screen is too small Please look into it.",today text screen small please look,positive,ui
"Recently, please add dark mode to the application",recently please add dark mode application,positive,feature_request
"Recently, something is broken in the application",recently something broken application,negative,bug
"Today, the support experience was disappointing This happens repeatedly.",today support experience disappointing happens repeatedly,positive,support
I am having trouble because can you add fingerprint login Can you fix this?,trouble add fingerprint login fix,neutral,feature_request
I am having trouble because my payment is stuck This is frustrating.,trouble payment stuck frustrating,negative,payment
"For some reason, the design is simple and user friendly This is frustrating.",reason design simple user friendly frustrating,negative,ui
"Honestly, i cannot verify my account This is frustrating.",honestly verify account frustrating,negative,login
I am having trouble because please add more payment methods Can you fix this?,trouble please add payment method fix,neutral,feature_request
Login takes me back to the sign in page This is frustrating.,login take back sign page frustrating,negative,login
"Today, the support staff were polite and professional",today support staff polite professional,negative,support
I am having trouble because the password reset link is not working I need assistance.,trouble password reset link working need assistance,negative,login
"Today, the app shows an error after checkout This happens repeatedly.",today app show error checkout happens repeatedly,negative,bug
I noticed that i cannot verify my account I need assistance.,noticed verify account need assistance,neutral,login
"For some reason, pages are loading slowly This is frustrating.",reason page loading slowly frustrating,negative,performance
I am having trouble because the design is simple and user friendly,trouble design simple user friendly,negative,ui
"Honestly, it would be useful to have a wishlist Please help.",honestly would useful wishlist please help,neutral,feature_request
I am having trouble because it would be great to have a dark theme This happens repeatedly.,trouble would great dark theme happens repeatedly,neutral,feature_request
"Honestly, every screen takes a long time to open",honestly every screen take long time open,negative,performance
"Today, please add dark mode to the application This happens repeatedly.",today please add dark mode application happens repeatedly,neutral,feature_request
"Recently, the search results are incorrect This happens repeatedly.",recently search result incorrect happens repeatedly,negative,bug
"Unfortunately, the app shows an error after checkout This is frustrating.",unfortunately app show error checkout frustrating,neutral,bug
"For some reason, the order status is displaying incorrectly",reason order status displaying incorrectly,negative,bug
My payment is stuck Please look into it.,payment stuck please look,negative,payment
I noticed that i cannot login to my account This is frustrating.,noticed login account frustrating,negative,login
"Recently, please add notifications for price changes Can you fix this?",recently please add notification price change fix,positive,feature_request
"For some reason, i am unable to access my account Please look into it.",reason unable access account please look,negative,login
It would be great to have a dark theme Can you fix this?,would great dark theme fix,neutral,feature_request
I am having trouble because the dashboard looks great Please look into it.,trouble dashboard look great please look,positive,ui
"For some reason, support took too long to respond I need assistance.",reason support took long respond need assistance,negative,support
I am having trouble because i am unable to access my account I need assistance.,trouble unable access account need assistance,negative,login
"Unfortunately, money was deducted but the payment failed Can you fix this?",unfortunately money deducted payment failed fix,negative,payment
"Honestly, the menu layout is confusing Can you fix this?",honestly menu layout confusing fix,positive,ui
"Honestly, the new interface looks clean",honestly new interface look clean,positive,ui
I am having trouble because the application is very slow,trouble application slow,negative,performance
I noticed that the application is very slow This is frustrating.,noticed application slow frustrating,negative,performance
"Today, i was charged but the order was not placed This is frustrating.",today charged order placed frustrating,negative,payment
"Honestly, uPI payment is not going through Please help.",honestly upi payment going please help,negative,payment
I noticed that the buttons are difficult to find I need assistance.,noticed button difficult find need assistance,neutral,ui
I am having trouble because the customer care representative was helpful Can you fix this?,trouble customer care representative helpful fix,negative,support
"Recently, i cannot complete the payment I need assistance.",recently complete payment need assistance,negative,payment
"Unfortunately, please provide an option to change the language I need assistance.",unfortunately please provide option change language need assistance,neutral,feature_request
"Unfortunately, something is broken in the application I need assistance.",unfortunately something broken application need assistance,negative,bug
It takes forever to open the dashboard I need assistance.,take forever open dashboard need assistance,neutral,performance
"Recently, please provide an option to change the language I need assistance.",recently please provide option change language need assistance,neutral,feature_request
The buttons are difficult to find Please help.,button difficult find please help,negative,ui
I am having trouble because i would like to schedule deliveries This is frustrating.,trouble would like schedule delivery frustrating,neutral,feature_request
"Honestly, the OTP is not arriving during login Can you fix this?",honestly otp arriving login fix,negative,login
The customer care representative was helpful Please look into it.,customer care representative helpful please look,negative,support
"Honestly, the application interface is easy to use I need assistance.",honestly application interface easy use need assistance,positive,ui
"Recently, the dashboard looks great Please help.",recently dashboard look great please help,negative,ui
I noticed that the application is lagging badly This happens repeatedly.,noticed application lagging badly happens repeatedly,negative,performance
I noticed that i would like to schedule deliveries Please help.,noticed would like schedule delivery please help,neutral,feature_request
"For some reason, my payment failed while placing the order",reason payment failed placing order,negative,payment
I noticed that the app takes too long to load I need assistance.,noticed app take long load need assistance,negative,performance
"For some reason, can you add fingerprint login Please look into it.",reason add fingerprint login please look,neutral,feature_request
"Today, the password reset link is not working Please help.",today password reset link working please help,negative,login
"Unfortunately, the OTP is not arriving during login Can you fix this?",unfortunately otp arriving login fix,negative,login
"Honestly, i am happy with the assistance I received Please help.",honestly happy assistance received please help,positive,support
The interface needs improvement Please help.,interface need improvement please help,positive,ui
I noticed that i have not received a response from support Please look into it.,noticed received response support please look,negative,support
"Recently, the design is simple and user friendly Can you fix this?",recently design simple user friendly fix,negative,ui
"Honestly, please add notifications for price changes I need assistance.",honestly please add notification price change need assistance,neutral,feature_request
"Unfortunately, i cannot verify my account Please help.",unfortunately verify account please help,negative,login
I am having trouble because i cannot verify my account Please help.,trouble verify account please help,neutral,login
"Today, i am happy with the assistance I received This happens repeatedly.",today happy assistance received happens repeatedly,negative,support
"Unfortunately, the support staff were polite and professional This is frustrating.",unfortunately support staff polite professional frustrating,positive,support
"For some reason, the search results are incorrect Please help.",reason search result incorrect please help,negative,bug
I noticed that login takes me back to the sign in page I need assistance.,noticed login take back sign page need assistance,negative,login
I am having trouble because the text on the screen is too small,trouble text screen small,positive,ui
I am having trouble because i am unable to access my account I need assistance.,trouble unable access account need assistance,negative,login
"Unfortunately, the application interface is easy to use Please help.",unfortunately application interface easy use please help,neutral,ui
"Honestly, the password reset link is not working Please help.",honestly password reset link working please help,negative,login
I noticed that money was deducted but the payment failed,noticed money deducted payment failed,negative,payment
The support team solved my issue quickly This is frustrating.,support team solved issue quickly frustrating,positive,support
I am having trouble because the text on the screen is too small Please help.,trouble text screen small please help,positive,ui
"Today, it takes forever to open the dashboard Please look into it.",today take forever open dashboard please look,negative,performance
I cannot complete the payment Please look into it.,complete payment please look,negative,payment
"Unfortunately, support took too long to respond Can you fix this?",unfortunately support took long respond fix,negative,support
"For some reason, the application crashes when I open my profile I need assistance.",reason application crash open profile need assistance,negative,bug
I noticed that it would be great to have a dark theme I need assistance.,noticed would great dark theme need assistance,neutral,feature_request
"Today, every screen takes a long time to open",today every screen take long time open,negative,performance
I am having trouble because the payment page shows an error,trouble payment page show error,negative,payment
I am having trouble because support took too long to respond This is frustrating.,trouble support took long respond frustrating,negative,support
I noticed that the login page is not working This is frustrating.,noticed login page working frustrating,negative,login
I noticed that the menu layout is confusing Please look into it.,noticed menu layout confusing please look,positive,ui
"Recently, i am unable to pay for my order Please look into it.",recently unable pay order please look,negative,payment
"Honestly, the OTP is not arriving during login",honestly otp arriving login,negative,login
The colors and layout make the app easy to use Please look into it.,color layout make app easy use please look,negative,ui
"Unfortunately, the application is lagging badly This is frustrating.",unfortunately application lagging badly frustrating,negative,performance
The order status is displaying incorrectly Please help.,order status displaying incorrectly please help,negative,bug
"Today, nobody from customer support has contacted me Can you fix this?",today nobody customer support contacted fix,negative,support
"For some reason, i found a bug in the checkout process This is frustrating.",reason found bug checkout process frustrating,negative,bug
"Honestly, the application interface is easy to use I need assistance.",honestly application interface easy use need assistance,positive,ui
"Recently, the OTP is not arriving during login Can you fix this?",recently otp arriving login fix,negative,login
"Unfortunately, every screen takes a long time to open This happens repeatedly.",unfortunately every screen take long time open happens repeatedly,negative,performance
I am happy with the assistance I received Please look into it.,happy assistance received please look,negative,support
I noticed that it would be great to have a dark theme Please look into it.,noticed would great dark theme please look,neutral,feature_request
"Honestly, the design is simple and user friendly This is frustrating.",honestly design simple user friendly frustrating,negative,ui
"Unfortunately, the application interface is easy to use This is frustrating.",unfortunately application interface easy use frustrating,negative,ui
I cannot login to my account This happens repeatedly.,login account happens repeatedly,negative,login
I cannot complete the payment This happens repeatedly.,complete payment happens repeatedly,negative,payment
"Unfortunately, please add a filter for previous orders",unfortunately please add filter previous order,neutral,feature_request
"Honestly, the interface needs improvement This happens repeatedly.",honestly interface need improvement happens repeatedly,negative,ui
The app takes too long to load Can you fix this?,app take long load fix,negative,performance
"For some reason, can you add fingerprint login Can you fix this?",reason add fingerprint login fix,positive,feature_request
I noticed that i am happy with the assistance I received Can you fix this?,noticed happy assistance received fix,positive,support
I noticed that the design is simple and user friendly Please look into it.,noticed design simple user friendly please look,negative,ui
I am having trouble because i forgot my password and cannot sign in This is frustrating.,trouble forgot password sign frustrating,negative,login
"Honestly, the app logs me out whenever I try to sign in Can you fix this?",honestly app log whenever try sign fix,negative,login
I am having trouble because the buttons are difficult to find Can you fix this?,trouble button difficult find fix,neutral,ui
"Recently, i have not received a response from support Please look into it.",recently received response support please look,negative,support
I am having trouble because the navigation is difficult to understand Please look into it.,trouble navigation difficult understand please look,negative,ui
"Unfortunately, i was charged but the order was not placed Please look into it.",unfortunately charged order placed please look,negative,payment
"Unfortunately, something is broken in the application Please help.",unfortunately something broken application please help,negative,bug
I am having trouble because please add notifications for price changes Can you fix this?,trouble please add notification price change fix,positive,feature_request
I noticed that i cannot complete the payment Please look into it.,noticed complete payment please look,negative,payment
"Recently, i cannot verify my account",recently verify account,negative,login
I noticed that the application freezes frequently,noticed application freeze frequently,neutral,performance
"Unfortunately, the interface needs improvement Please help.",unfortunately interface need improvement please help,negative,ui
I noticed that the customer care representative was helpful,noticed customer care representative helpful,negative,support
I noticed that the new interface looks clean This happens repeatedly.,noticed new interface look clean happens repeatedly,neutral,ui
The interface needs improvement Please look into it.,interface need improvement please look,positive,ui
"For some reason, customer service was very helpful Can you fix this?",reason customer service helpful fix,neutral,support
"Today, the transaction was declined I need assistance.",today transaction declined need assistance,negative,payment
"Recently, something is broken in the application Please look into it.",recently something broken application please look,negative,bug
"For some reason, it takes forever to open the dashboard This is frustrating.",reason take forever open dashboard frustrating,neutral,performance
"Unfortunately, i cannot verify my account This is frustrating.",unfortunately verify account frustrating,negative,login
"Today, money was deducted but the payment failed Please help.",today money deducted payment failed please help,negative,payment
"Unfortunately, the customer care representative was helpful Please look into it.",unfortunately customer care representative helpful please look,positive,support
"Today, the transaction was declined This happens repeatedly.",today transaction declined happens repeatedly,negative,payment
"For some reason, please add a filter for previous orders Please help.",reason please add filter previous order please help,neutral,feature_request
"For some reason, the card payment keeps failing This is frustrating.",reason card payment keep failing frustrating,negative,payment
I am having trouble because please provide an option to change the language,trouble please provide option change language,positive,feature_request
"Unfortunately, the app crashes whenever I upload a file",unfortunately app crash whenever upload file,negative,bug
"For some reason, the new interface looks clean Can you fix this?",reason new interface look clean fix,positive,ui
Can you add fingerprint login I need assistance.,add fingerprint login need assistance,neutral,feature_request
I noticed that the notification is showing the wrong information Can you fix this?,noticed notification showing wrong information fix,negative,bug
I noticed that please add notifications for price changes Please help.,noticed please add notification price change please help,neutral,feature_request
"Today, the support staff were polite and professional",today support staff polite professional,positive,support
"Recently, my account login keeps failing",recently account login keep failing,negative,login
Something is broken in the application Can you fix this?,something broken application fix,negative,bug
"Recently, money was deducted but the payment failed Can you fix this?",recently money deducted payment failed fix,negative,payment
"Recently, please add more payment methods Please help.",recently please add payment method please help,positive,feature_request
"Recently, nobody from customer support has contacted me This happens repeatedly.",recently nobody customer support contacted happens repeatedly,negative,support
The app takes too long to load This happens repeatedly.,app take long load happens repeatedly,negative,performance
"For some reason, the design is simple and user friendly Can you fix this?",reason design simple user friendly fix,neutral,ui
"Honestly, my account login keeps failing",honestly account login keep failing,negative,login
"Honestly, i forgot my password and cannot sign in Can you fix this?",honestly forgot password sign fix,neutral,login
I noticed that the interface needs improvement This happens repeatedly.,noticed interface need improvement happens repeatedly,positive,ui
I am having trouble because please provide an option to change the language,trouble please provide option change language,neutral,feature_request
"Recently, the application is lagging badly",recently application lagging badly,neutral,performance
"Unfortunately, the notification is showing the wrong information Can you fix this?",unfortunately notification showing wrong information fix,negative,bug
"Unfortunately, the app takes too long to load",unfortunately app take long load,negative,performance
"Recently, the application crashes when I open my profile Please help.",recently application crash open profile please help,negative,bug
"For some reason, the app logs me out whenever I try to sign in Please look into it.",reason app log whenever try sign please look,negative,login
"Honestly, the search results are incorrect Please help.",honestly search result incorrect please help,neutral,bug
"Honestly, i found a bug in the checkout process Please help.",honestly found bug checkout process please help,negative,bug
"For some reason, every screen takes a long time to open I need assistance.",reason every screen take long time open need assistance,negative,performance
"Recently, support took too long to respond This is frustrating.",recently support took long respond frustrating,negative,support
"For some reason, the navigation is difficult to understand",reason navigation difficult understand,negative,ui
"Honestly, the support staff were polite and professional I need assistance.",honestly support staff polite professional need assistance,positive,support
I am having trouble because the menu layout is confusing Please help.,trouble menu layout confusing please help,negative,ui
"Honestly, the support experience was disappointing This happens repeatedly.",honestly support experience disappointing happens repeatedly,positive,support
I noticed that the support staff were polite and professional I need assistance.,noticed support staff polite professional need assistance,positive,support
"For some reason, please add notifications for price changes Can you fix this?",reason please add notification price change fix,neutral,feature_request
I noticed that the application crashes when I open my profile,noticed application crash open profile,negative,bug
"Recently, the login page is not working This is frustrating.",recently login page working frustrating,negative,login
"Today, the app becomes slow during checkout Can you fix this?",today app becomes slow checkout fix,negative,performance
"Honestly, nobody from customer support has contacted me Please help.",honestly nobody customer support contacted please help,positive,support
I noticed that the app crashes whenever I upload a file This happens repeatedly.,noticed app crash whenever upload file happens repeatedly,negative,bug
"Honestly, the app shows an error after checkout Please look into it.",honestly app show error checkout please look,negative,bug
"Unfortunately, please add a filter for previous orders Can you fix this?",unfortunately please add filter previous order fix,neutral,feature_request
My account login keeps failing Please help.,account login keep failing please help,negative,login
"Recently, i was charged but the order was not placed I need assistance.",recently charged order placed need assistance,neutral,payment
I am having trouble because i have not received a response from support Please help.,trouble received response support please help,negative,support
"Today, the app takes too long to load Please help.",today app take long load please help,negative,performance
"Recently, my payment is stuck",recently payment stuck,negative,payment
"Unfortunately, the application interface is easy to use This is frustrating.",unfortunately application interface easy use frustrating,neutral,ui
"Honestly, my payment failed while placing the order",honestly payment failed placing order,negative,payment
I noticed that i was charged but the order was not placed This is frustrating.,noticed charged order placed frustrating,negative,payment
"Today, the app logs me out whenever I try to sign in Can you fix this?",today app log whenever try sign fix,negative,login
"Recently, the website response time is very poor Please look into it.",recently website response time poor please look,negative,performance
I am having trouble because support took too long to respond Please look into it.,trouble support took long respond please look,negative,support
I noticed that the application freezes frequently This happens repeatedly.,noticed application freeze frequently happens repeatedly,negative,performance
The payment page shows an error This is frustrating.,payment page show error frustrating,negative,payment
"For some reason, the app shows an error after checkout",reason app show error checkout,negative,bug
"Recently, the app crashes whenever I upload a file I need assistance.",recently app crash whenever upload file need assistance,negative,bug
"Honestly, the card payment keeps failing I need assistance.",honestly card payment keep failing need assistance,negative,payment
"Honestly, i cannot verify my account",honestly verify account,negative,login
"Recently, the app crashes whenever I upload a file I need assistance.",recently app crash whenever upload file need assistance,negative,bug
"Today, the application freezes frequently I need assistance.",today application freeze frequently need assistance,negative,performance
"Honestly, it takes forever to open the dashboard I need assistance.",honestly take forever open dashboard need assistance,negative,performance
I noticed that the menu layout is confusing This is frustrating.,noticed menu layout confusing frustrating,positive,ui
I forgot my password and cannot sign in I need assistance.,forgot password sign need assistance,negative,login
Please add a filter for previous orders This is frustrating.,please add filter previous order frustrating,positive,feature_request
"Recently, please add more payment methods I need assistance.",recently please add payment method need assistance,neutral,feature_request
"For some reason, please add dark mode to the application Please look into it.",reason please add dark mode application please look,positive,feature_request
"Unfortunately, it takes forever to open the dashboard Please help.",unfortunately take forever open dashboard please help,negative,performance
"Today, please add more payment methods",today please add payment method,neutral,feature_request
"Today, the menu layout is confusing This happens repeatedly.",today menu layout confusing happens repeatedly,negative,ui
I am having trouble because the card payment keeps failing I need assistance.,trouble card payment keep failing need assistance,negative,payment
I am having trouble because every screen takes a long time to open Can you fix this?,trouble every screen take long time open fix,negative,performance
I am happy with the assistance I received This is frustrating.,happy assistance received frustrating,negative,support
I noticed that the application closes unexpectedly This is frustrating.,noticed application close unexpectedly frustrating,negative,bug
I noticed that the app shows an error after checkout,noticed app show error checkout,negative,bug
I am having trouble because i would like to schedule deliveries This is frustrating.,trouble would like schedule delivery frustrating,positive,feature_request
I am having trouble because support took too long to respond I need assistance.,trouble support took long respond need assistance,negative,support
I noticed that the support team solved my issue quickly Please look into it.,noticed support team solved issue quickly please look,negative,support
"Honestly, the notification is showing the wrong information Can you fix this?",honestly notification showing wrong information fix,negative,bug
I am having trouble because every screen takes a long time to open This happens repeatedly.,trouble every screen take long time open happens repeatedly,negative,performance
"Today, can you add fingerprint login This happens repeatedly.",today add fingerprint login happens repeatedly,neutral,feature_request
"Unfortunately, i was charged but the order was not placed Please help.",unfortunately charged order placed please help,negative,payment
My account login keeps failing This is frustrating.,account login keep failing frustrating,negative,login
I am having trouble because the colors and layout make the app easy to use I need assistance.,trouble color layout make app easy use need assistance,positive,ui
"Honestly, the search results are incorrect This happens repeatedly.",honestly search result incorrect happens repeatedly,negative,bug
"Recently, i cannot login to my account Please look into it.",recently login account please look,negative,login
I am having trouble because the support staff were polite and professional Can you fix this?,trouble support staff polite professional fix,positive,support
"For some reason, the search results are incorrect I need assistance.",reason search result incorrect need assistance,negative,bug
I am unable to pay for my order I need assistance.,unable pay order need assistance,negative,payment
"Unfortunately, the login page is not working Can you fix this?",unfortunately login page working fix,negative,login
I noticed that the menu layout is confusing I need assistance.,noticed menu layout confusing need assistance,negative,ui
"Honestly, the colors and layout make the app easy to use",honestly color layout make app easy use,positive,ui
"For some reason, the website is extremely slow today This is frustrating.",reason website extremely slow today frustrating,negative,performance
"Recently, the support team solved my issue quickly I need assistance.",recently support team solved issue quickly need assistance,positive,support
"Recently, the design is simple and user friendly I need assistance.",recently design simple user friendly need assistance,positive,ui
"Recently, i am happy with the assistance I received This is frustrating.",recently happy assistance received frustrating,negative,support
"For some reason, the support staff were polite and professional This is frustrating.",reason support staff polite professional frustrating,positive,support
I noticed that login takes me back to the sign in page Please look into it.,noticed login take back sign page please look,negative,login
"Unfortunately, something is broken in the application",unfortunately something broken application,negative,bug
"Today, i cannot login to my account",today login account,negative,login
"Today, it would be useful to have a wishlist Please help.",today would useful wishlist please help,neutral,feature_request
It would be great to have a dark theme Can you fix this?,would great dark theme fix,neutral,feature_request
"For some reason, something is broken in the application Please look into it.",reason something broken application please look,negative,bug
"Unfortunately, the buttons are difficult to find This happens repeatedly.",unfortunately button difficult find happens repeatedly,negative,ui
"Unfortunately, every screen takes a long time to open This happens repeatedly.",unfortunately every screen take long time open happens repeatedly,negative,performance
"Unfortunately, please add notifications for price changes This is frustrating.",unfortunately please add notification price change frustrating,positive,feature_request
"Today, the interface needs improvement Please look into it.",today interface need improvement please look,positive,ui
"For some reason, please add a filter for previous orders This happens repeatedly.",reason please add filter previous order happens repeatedly,neutral,feature_request
I am having trouble because pages are loading slowly Please look into it.,trouble page loading slowly please look,negative,performance
The order status is displaying incorrectly Please help.,order status displaying incorrectly please help,negative,bug
"For some reason, i am unable to access my account Can you fix this?",reason unable access account fix,negative,login
"Today, please add more payment methods Can you fix this?",today please add payment method fix,neutral,feature_request
I noticed that customer service was very helpful Can you fix this?,noticed customer service helpful fix,positive,support
"Recently, the colors and layout make the app easy to use Can you fix this?",recently color layout make app easy use fix,negative,ui
"Unfortunately, the website is extremely slow today I need assistance.",unfortunately website extremely slow today need assistance,negative,performance
"For some reason, please add more payment methods",reason please add payment method,neutral,feature_request
"Unfortunately, the login page is not working This happens repeatedly.",unfortunately login page working happens repeatedly,negative,login
I noticed that the application crashes when I open my profile Please look into it.,noticed application crash open profile please look,neutral,bug
I forgot my password and cannot sign in This happens repeatedly.,forgot password sign happens repeatedly,negative,login
"Recently, pages are loading slowly I need assistance.",recently page loading slowly need assistance,negative,performance
"Honestly, the app logs me out whenever I try to sign in Can you fix this?",honestly app log whenever try sign fix,negative,login
Please add a filter for previous orders Can you fix this?,please add filter previous order fix,neutral,feature_request
"Honestly, my payment failed while placing the order I need assistance.",honestly payment failed placing order need assistance,negative,payment
"Recently, the application crashes when I open my profile I need assistance.",recently application crash open profile need assistance,negative,bug
I noticed that i would like to schedule deliveries Please help.,noticed would like schedule delivery please help,neutral,feature_request
"Unfortunately, please add dark mode to the application This is frustrating.",unfortunately please add dark mode application frustrating,neutral,feature_request
"Honestly, i am unable to pay for my order I need assistance.",honestly unable pay order need assistance,negative,payment
"Honestly, it would be useful to have a wishlist This is frustrating.",honestly would useful wishlist frustrating,positive,feature_request
Something is broken in the application I need assistance.,something broken application need assistance,negative,bug
"Honestly, the application crashes when I open my profile Can you fix this?",honestly application crash open profile fix,negative,bug
"For some reason, customer service was very helpful",reason customer service helpful,negative,support
"Recently, nobody from customer support has contacted me This is frustrating.",recently nobody customer support contacted frustrating,positive,support
"For some reason, the colors and layout make the app easy to use I need assistance.",reason color layout make app easy use need assistance,negative,ui
I noticed that my payment is stuck Please look into it.,noticed payment stuck please look,negative,payment
"For some reason, the navigation is difficult to understand",reason navigation difficult understand,negative,ui
"For some reason, it would be useful to have a wishlist Please look into it.",reason would useful wishlist please look,neutral,feature_request
"Honestly, support took too long to respond Can you fix this?",honestly support took long respond fix,negative,support
I am having trouble because the OTP is not arriving during login This is frustrating.,trouble otp arriving login frustrating,negative,login
I noticed that the search results are incorrect I need assistance.,noticed search result incorrect need assistance,negative,bug
"For some reason, the card payment keeps failing",reason card payment keep failing,negative,payment
I noticed that the customer care representative was helpful Please help.,noticed customer care representative helpful please help,positive,support
"Honestly, the application closes unexpectedly This happens repeatedly.",honestly application close unexpectedly happens repeatedly,negative,bug
"Recently, the navigation is difficult to understand I need assistance.",recently navigation difficult understand need assistance,neutral,ui
Something is broken in the application I need assistance.,something broken application need assistance,negative,bug
I noticed that i found a bug in the checkout process Please help.,noticed found bug checkout process please help,negative,bug
I noticed that i would like an option to download invoices Please help.,noticed would like option download invoice please help,neutral,feature_request
"Unfortunately, i am unable to pay for my order",unfortunately unable pay order,negative,payment
I noticed that support took too long to respond Please help.,noticed support took long respond please help,negative,support
"Today, the buttons are difficult to find Please help.",today button difficult find please help,negative,ui
"For some reason, the app shows an error after checkout This happens repeatedly.",reason app show error checkout happens repeatedly,negative,bug
I noticed that please add notifications for price changes Can you fix this?,noticed please add notification price change fix,positive,feature_request
I noticed that please add dark mode to the application,noticed please add dark mode application,neutral,feature_request
"Honestly, it takes forever to open the dashboard This happens repeatedly.",honestly take forever open dashboard happens repeatedly,negative,performance
"Honestly, the application crashes when I open my profile Can you fix this?",honestly application crash open profile fix,negative,bug
Every screen takes a long time to open I need assistance.,every screen take long time open need assistance,negative,performance
Nobody from customer support has contacted me This happens repeatedly.,nobody customer support contacted happens repeatedly,negative,support
The colors and layout make the app easy to use Please help.,color layout make app easy use please help,negative,ui
"Recently, my account login keeps failing Please help.",recently account login keep failing please help,negative,login
"Honestly, the payment page shows an error Please look into it.",honestly payment page show error please look,negative,payment
I noticed that please add a filter for previous orders This happens repeatedly.,noticed please add filter previous order happens repeatedly,neutral,feature_request
I noticed that the login page is not working Please look into it.,noticed login page working please look,negative,login
"Recently, the order status is displaying incorrectly Please help.",recently order status displaying incorrectly please help,negative,bug
"Unfortunately, please add a filter for previous orders I need assistance.",unfortunately please add filter previous order need assistance,neutral,feature_request
I am having trouble because please add a filter for previous orders,trouble please add filter previous order,neutral,feature_request
"Honestly, the payment page shows an error This happens repeatedly.",honestly payment page show error happens repeatedly,negative,payment
I am having trouble because the support team did not resolve my problem Please look into it.,trouble support team resolve problem please look,negative,support
"For some reason, i have not received a response from support This happens repeatedly.",reason received response support happens repeatedly,negative,support
"Honestly, my payment failed while placing the order",honestly payment failed placing order,negative,payment
"Recently, the application crashes when I open my profile This happens repeatedly.",recently application crash open profile happens repeatedly,negative,bug
I cannot verify my account,verify account,negative,login
I am having trouble because i found a bug in the checkout process This happens repeatedly.,trouble found bug checkout process happens repeatedly,negative,bug
"For some reason, my account login keeps failing This happens repeatedly.",reason account login keep failing happens repeatedly,negative,login
"Unfortunately, the notification is showing the wrong information Please look into it.",unfortunately notification showing wrong information please look,negative,bug
The buttons are difficult to find Can you fix this?,button difficult find fix,positive,ui
I noticed that please provide an option to change the language,noticed please provide option change language,neutral,feature_request
I noticed that the interface needs improvement,noticed interface need improvement,negative,ui
"Unfortunately, the application closes unexpectedly This is frustrating.",unfortunately application close unexpectedly frustrating,neutral,bug
"Honestly, nobody from customer support has contacted me This happens repeatedly.",honestly nobody customer support contacted happens repeatedly,neutral,support
The order status is displaying incorrectly This happens repeatedly.,order status displaying incorrectly happens repeatedly,negative,bug
"Honestly, the app crashes whenever I upload a file I need assistance.",honestly app crash whenever upload file need assistance,negative,bug
I am having trouble because the website response time is very poor This is frustrating.,trouble website response time poor frustrating,negative,performance
I am having trouble because the app takes too long to load This happens repeatedly.,trouble app take long load happens repeatedly,negative,performance
The card payment keeps failing I need assistance.,card payment keep failing need assistance,negative,payment
I noticed that i am unable to pay for my order This is frustrating.,noticed unable pay order frustrating,negative,payment
I noticed that the app shows an error after checkout Please look into it.,noticed app show error checkout please look,negative,bug
"Unfortunately, the design is simple and user friendly I need assistance.",unfortunately design simple user friendly need assistance,neutral,ui
I noticed that login takes me back to the sign in page,noticed login take back sign page,negative,login
I noticed that the page becomes blank after clicking the button This happens repeatedly.,noticed page becomes blank clicking button happens repeatedly,neutral,bug
"Recently, pages are loading slowly Please help.",recently page loading slowly please help,negative,performance
"For some reason, the menu layout is confusing I need assistance.",reason menu layout confusing need assistance,negative,ui
"Today, i have not received a response from support This is frustrating.",today received response support frustrating,negative,support
"Unfortunately, i would like to schedule deliveries Can you fix this?",unfortunately would like schedule delivery fix,neutral,feature_request
"Honestly, it would be great to have a dark theme This is frustrating.",honestly would great dark theme frustrating,neutral,feature_request
"Unfortunately, the app crashes whenever I upload a file I need assistance.",unfortunately app crash whenever upload file need assistance,negative,bug
"Unfortunately, the application closes unexpectedly This is frustrating.",unfortunately application close unexpectedly frustrating,negative,bug
I noticed that the app shows an error after checkout Please look into it.,noticed app show error checkout please look,negative,bug
I am having trouble because the support experience was disappointing I need assistance.,trouble support experience disappointing need assistance,negative,support
I am having trouble because i have not received a response from support This happens repeatedly.,trouble received response support happens repeatedly,negative,support
I noticed that the application crashes when I open my profile This happens repeatedly.,noticed application crash open profile happens repeatedly,negative,bug
"Recently, the app logs me out whenever I try to sign in Can you fix this?",recently app log whenever try sign fix,negative,login
"Unfortunately, i have not received a response from support Please look into it.",unfortunately received response support please look,neutral,support
"Unfortunately, the payment page shows an error This is frustrating.",unfortunately payment page show error frustrating,negative,payment
"Honestly, i cannot complete the payment Please help.",honestly complete payment please help,negative,payment
"Today, it would be great to have a dark theme Please look into it.",today would great dark theme please look,neutral,feature_request
I am having trouble because the support staff were polite and professional This is frustrating.,trouble support staff polite professional frustrating,positive,support
I am having trouble because please add dark mode to the application,trouble please add dark mode application,neutral,feature_request
"Unfortunately, my payment is stuck Please look into it.",unfortunately payment stuck please look,negative,payment
"For some reason, i cannot login to my account Please help.",reason login account please help,negative,login
"Honestly, i was charged but the order was not placed This is frustrating.",honestly charged order placed frustrating,negative,payment
I noticed that i cannot complete the payment Please help.,noticed complete payment please help,negative,payment
"Recently, the app logs me out whenever I try to sign in I need assistance.",recently app log whenever try sign need assistance,negative,login
"For some reason, the page becomes blank after clicking the button Please help.",reason page becomes blank clicking button please help,negative,bug
Please add a filter for previous orders This happens repeatedly.,please add filter previous order happens repeatedly,neutral,feature_request
"For some reason, the login page is not working This happens repeatedly.",reason login page working happens repeatedly,negative,login
"For some reason, the menu layout is confusing Please look into it.",reason menu layout confusing please look,neutral,ui
I noticed that please add more payment methods Please look into it.,noticed please add payment method please look,neutral,feature_request
"Honestly, customer service was very helpful Please look into it.",honestly customer service helpful please look,negative,support
"For some reason, the page becomes blank after clicking the button Please look into it.",reason page becomes blank clicking button please look,negative,bug
"Unfortunately, the login page is not working I need assistance.",unfortunately login page working need assistance,neutral,login
"Today, uPI payment is not going through This happens repeatedly.",today upi payment going happens repeatedly,negative,payment
I am having trouble because the website response time is very poor I need assistance.,trouble website response time poor need assistance,negative,performance
"Recently, the password reset link is not working Can you fix this?",recently password reset link working fix,negative,login
UPI payment is not going through I need assistance.,upi payment going need assistance,neutral,payment
"Today, the page becomes blank after clicking the button Can you fix this?",today page becomes blank clicking button fix,negative,bug
I have not received a response from support Please look into it.,received response support please look,positive,support
"Recently, my payment failed while placing the order Please help.",recently payment failed placing order please help,negative,payment
"Unfortunately, please add more payment methods I need assistance.",unfortunately please add payment method need assistance,neutral,feature_request
"For some reason, the application is lagging badly Please look into it.",reason application lagging badly please look,negative,performance
"Recently, the interface needs improvement",recently interface need improvement,positive,ui
"Today, the application is very slow Please look into it.",today application slow please look,negative,performance
"Honestly, please add a filter for previous orders Please look into it.",honestly please add filter previous order please look,neutral,feature_request
I noticed that pages are loading slowly This is frustrating.,noticed page loading slowly frustrating,negative,performance
"For some reason, please add dark mode to the application",reason please add dark mode application,neutral,feature_request
"Unfortunately, the application is very slow This is frustrating.",unfortunately application slow frustrating,negative,performance
"Today, pages are loading slowly Please help.",today page loading slowly please help,negative,performance
I am having trouble because the app shows an error after checkout This happens repeatedly.,trouble app show error checkout happens repeatedly,negative,bug
"Unfortunately, i cannot login to my account This happens repeatedly.",unfortunately login account happens repeatedly,neutral,login
"Honestly, the website response time is very poor This is frustrating.",honestly website response time poor frustrating,negative,performance
"Recently, the password reset link is not working Can you fix this?",recently password reset link working fix,negative,login
"Today, the application crashes when I open my profile Please look into it.",today application crash open profile please look,negative,bug
Customer service was very helpful Please look into it.,customer service helpful please look,positive,support
"Recently, i am unable to access my account Can you fix this?",recently unable access account fix,negative,login
I was charged but the order was not placed This happens repeatedly.,charged order placed happens repeatedly,negative,payment
"Honestly, the notification is showing the wrong information Please help.",honestly notification showing wrong information please help,neutral,bug
I am having trouble because the support experience was disappointing Please look into it.,trouble support experience disappointing please look,negative,support
"Unfortunately, the customer care representative was helpful Can you fix this?",unfortunately customer care representative helpful fix,neutral,support
"Today, the application is lagging badly Please help.",today application lagging badly please help,negative,performance
I am having trouble because the application is lagging badly Please look into it.,trouble application lagging badly please look,negative,performance
I am having trouble because i cannot complete the payment I need assistance.,trouble complete payment need assistance,negative,payment
"Unfortunately, the application freezes frequently Please look into it.",unfortunately application freeze frequently please look,negative,performance
"Unfortunately, the application closes unexpectedly I need assistance.",unfortunately application close unexpectedly need assistance,negative,bug
"Honestly, the application is lagging badly This happens repeatedly.",honestly application lagging badly happens repeatedly,negative,performance
"For some reason, i have not received a response from support Can you fix this?",reason received response support fix,positive,support
"Recently, the new interface looks clean",recently new interface look clean,negative,ui
"Honestly, login takes me back to the sign in page Please help.",honestly login take back sign page please help,negative,login
I noticed that the website response time is very poor Please help.,noticed website response time poor please help,negative,performance
I am having trouble because please add a filter for previous orders,trouble please add filter previous order,positive,feature_request
"Recently, customer service was very helpful This is frustrating.",recently customer service helpful frustrating,negative,support
"For some reason, the card payment keeps failing Please look into it.",reason card payment keep failing please look,negative,payment
I am having trouble because my payment failed while placing the order This happens repeatedly.,trouble payment failed placing order happens repeatedly,negative,payment
"For some reason, the navigation is difficult to understand Please look into it.",reason navigation difficult understand please look,negative,ui
I noticed that i would like an option to download invoices I need assistance.,noticed would like option download invoice need assistance,neutral,feature_request
"Today, i found a bug in the checkout process Can you fix this?",today found bug checkout process fix,neutral,bug
"Recently, i would like to schedule deliveries This is frustrating.",recently would like schedule delivery frustrating,neutral,feature_request
The password reset link is not working Please look into it.,password reset link working please look,negative,login
The application closes unexpectedly,application close unexpectedly,neutral,bug
I noticed that the order status is displaying incorrectly This happens repeatedly.,noticed order status displaying incorrectly happens repeatedly,negative,bug
"Today, the customer care representative was helpful This is frustrating.",today customer care representative helpful frustrating,negative,support
"For some reason, the page becomes blank after clicking the button This happens repeatedly.",reason page becomes blank clicking button happens repeatedly,negative,bug
"Unfortunately, nobody from customer support has contacted me Please look into it.",unfortunately nobody customer support contacted please look,negative,support
"For some reason, the app logs me out whenever I try to sign in I need assistance.",reason app log whenever try sign need assistance,negative,login
"Today, the application is lagging badly",today application lagging badly,negative,performance
"Unfortunately, please add dark mode to the application I need assistance.",unfortunately please add dark mode application need assistance,neutral,feature_request
"For some reason, the page becomes blank after clicking the button I need assistance.",reason page becomes blank clicking button need assistance,negative,bug
"For some reason, the app shows an error after checkout Please help.",reason app show error checkout please help,negative,bug
I am having trouble because i cannot verify my account Can you fix this?,trouble verify account fix,negative,login
"Honestly, the app shows an error after checkout Please help.",honestly app show error checkout please help,negative,bug
I noticed that i have not received a response from support This is frustrating.,noticed received response support frustrating,negative,support
I am having trouble because money was deducted but the payment failed Please help.,trouble money deducted payment failed please help,negative,payment
"For some reason, the support experience was disappointing I need assistance.",reason support experience disappointing need assistance,neutral,support
"Today, uPI payment is not going through Please look into it.",today upi payment going please look,negative,payment
"Recently, the dashboard looks great Can you fix this?",recently dashboard look great fix,positive,ui
I noticed that i cannot verify my account Can you fix this?,noticed verify account fix,negative,login
I have not received a response from support This happens repeatedly.,received response support happens repeatedly,positive,support
"For some reason, the support team solved my issue quickly This is frustrating.",reason support team solved issue quickly frustrating,neutral,support
The support staff were polite and professional Please help.,support staff polite professional please help,negative,support
I am having trouble because i cannot complete the payment Please look into it.,trouble complete payment please look,negative,payment
"Today, the menu layout is confusing This is frustrating.",today menu layout confusing frustrating,negative,ui
"Unfortunately, the login page is not working Please look into it.",unfortunately login page working please look,negative,login
My payment is stuck I need assistance.,payment stuck need assistance,negative,payment
I noticed that the website response time is very poor Can you fix this?,noticed website response time poor fix,neutral,performance
I am having trouble because support took too long to respond This happens repeatedly.,trouble support took long respond happens repeatedly,positive,support
"Today, the website is extremely slow today I need assistance.",today website extremely slow today need assistance,negative,performance
I was charged but the order was not placed This happens repeatedly.,charged order placed happens repeatedly,negative,payment
"Today, the app shows an error after checkout Please help.",today app show error checkout please help,negative,bug
I am having trouble because i forgot my password and cannot sign in This happens repeatedly.,trouble forgot password sign happens repeatedly,neutral,login
"Recently, the navigation is difficult to understand",recently navigation difficult understand,neutral,ui
I am having trouble because my payment failed while placing the order,trouble payment failed placing order,negative,payment
My payment failed while placing the order This is frustrating.,payment failed placing order frustrating,negative,payment
I am having trouble because every screen takes a long time to open This is frustrating.,trouble every screen take long time open frustrating,negative,performance
"Recently, nobody from customer support has contacted me I need assistance.",recently nobody customer support contacted need assistance,positive,support
"Unfortunately, pages are loading slowly",unfortunately page loading slowly,negative,performance
I noticed that the search results are incorrect I need assistance.,noticed search result incorrect need assistance,negative,bug
I noticed that the customer care representative was helpful I need assistance.,noticed customer care representative helpful need assistance,positive,support
I am having trouble because the buttons are difficult to find I need assistance.,trouble button difficult find need assistance,positive,ui
I noticed that the menu layout is confusing Can you fix this?,noticed menu layout confusing fix,negative,ui
"For some reason, the password reset link is not working This happens repeatedly.",reason password reset link working happens repeatedly,negative,login
"Unfortunately, the support experience was disappointing Please help.",unfortunately support experience disappointing please help,negative,support
I would like an option to download invoices Please look into it.,would like option download invoice please look,positive,feature_request
The website response time is very poor This happens repeatedly.,website response time poor happens repeatedly,negative,performance
I am having trouble because please add notifications for price changes Please help.,trouble please add notification price change please help,neutral,feature_request
"Recently, the page becomes blank after clicking the button Please help.",recently page becomes blank clicking button please help,negative,bug
"Unfortunately, the app takes too long to load",unfortunately app take long load,negative,performance
"Today, the password reset link is not working I need assistance.",today password reset link working need assistance,negative,login
I am having trouble because every screen takes a long time to open Can you fix this?,trouble every screen take long time open fix,negative,performance
I noticed that the search results are incorrect Please help.,noticed search result incorrect please help,negative,bug
"For some reason, the card payment keeps failing This happens repeatedly.",reason card payment keep failing happens repeatedly,negative,payment
"For some reason, it would be great to have a dark theme",reason would great dark theme,neutral,feature_request
"Honestly, i would like to schedule deliveries This happens repeatedly.",honestly would like schedule delivery happens repeatedly,neutral,feature_request
"For some reason, please add dark mode to the application Please help.",reason please add dark mode application please help,positive,feature_request
I noticed that i found a bug in the checkout process,noticed found bug checkout process,negative,bug
"Unfortunately, i have not received a response from support I need assistance.",unfortunately received response support need assistance,positive,support
I am having trouble because something is broken in the application This is frustrating.,trouble something broken application frustrating,negative,bug
"Recently, the website response time is very poor Can you fix this?",recently website response time poor fix,negative,performance
"Honestly, i would like an option to download invoices This is frustrating.",honestly would like option download invoice frustrating,neutral,feature_request
I noticed that something is broken in the application Please look into it.,noticed something broken application please look,negative,bug
"Unfortunately, the application freezes frequently",unfortunately application freeze frequently,negative,performance
"For some reason, uPI payment is not going through Please help.",reason upi payment going please help,negative,payment
I am having trouble because i cannot complete the payment Can you fix this?,trouble complete payment fix,negative,payment
The application freezes frequently Please help.,application freeze frequently please help,neutral,performance
Can you add fingerprint login Please help.,add fingerprint login please help,neutral,feature_request
"For some reason, my payment failed while placing the order Please look into it.",reason payment failed placing order please look,negative,payment
"Unfortunately, the transaction was declined This is frustrating.",unfortunately transaction declined frustrating,neutral,payment
"Recently, i was charged but the order was not placed I need assistance.",recently charged order placed need assistance,negative,payment
"Honestly, i am unable to pay for my order This happens repeatedly.",honestly unable pay order happens repeatedly,negative,payment
I noticed that the application freezes frequently Please help.,noticed application freeze frequently please help,negative,performance
"For some reason, the website is extremely slow today This happens repeatedly.",reason website extremely slow today happens repeatedly,negative,performance
I found a bug in the checkout process Please look into it.,found bug checkout process please look,neutral,bug
"For some reason, the order status is displaying incorrectly This is frustrating.",reason order status displaying incorrectly frustrating,negative,bug
"Today, the support team did not resolve my problem Please help.",today support team resolve problem please help,positive,support
"Unfortunately, the payment page shows an error Please help.",unfortunately payment page show error please help,negative,payment
"Recently, please add dark mode to the application Can you fix this?",recently please add dark mode application fix,neutral,feature_request
I am having trouble because the app logs me out whenever I try to sign in Can you fix this?,trouble app log whenever try sign fix,negative,login
I forgot my password and cannot sign in,forgot password sign,negative,login
"Unfortunately, i am unable to access my account I need assistance.",unfortunately unable access account need assistance,negative,login
I would like to schedule deliveries,would like schedule delivery,positive,feature_request
"Honestly, my account login keeps failing This is frustrating.",honestly account login keep failing frustrating,neutral,login
I noticed that the order status is displaying incorrectly Can you fix this?,noticed order status displaying incorrectly fix,negative,bug
"Recently, the design is simple and user friendly Please help.",recently design simple user friendly please help,positive,ui
It takes forever to open the dashboard This is frustrating.,take forever open dashboard frustrating,negative,performance
I am having trouble because the support team solved my issue quickly,trouble support team solved issue quickly,positive,support
"Honestly, i was charged but the order was not placed Please help.",honestly charged order placed please help,negative,payment
"Honestly, the app takes too long to load Please look into it.",honestly app take long load please look,negative,performance
I noticed that the design is simple and user friendly I need assistance.,noticed design simple user friendly need assistance,negative,ui
"Honestly, support took too long to respond Please look into it.",honestly support took long respond please look,positive,support
The website response time is very poor This is frustrating.,website response time poor frustrating,negative,performance
I forgot my password and cannot sign in Please look into it.,forgot password sign please look,negative,login
"Recently, i found a bug in the checkout process This happens repeatedly.",recently found bug checkout process happens repeatedly,negative,bug
"Unfortunately, the search results are incorrect Can you fix this?",unfortunately search result incorrect fix,negative,bug
I am having trouble because every screen takes a long time to open Please help.,trouble every screen take long time open please help,negative,performance
"Unfortunately, the buttons are difficult to find Please help.",unfortunately button difficult find please help,negative,ui
"Honestly, i cannot verify my account This is frustrating.",honestly verify account frustrating,negative,login
"Today, the app becomes slow during checkout This happens repeatedly.",today app becomes slow checkout happens repeatedly,negative,performance
My payment is stuck This happens repeatedly.,payment stuck happens repeatedly,negative,payment
I am having trouble because i would like to schedule deliveries This is frustrating.,trouble would like schedule delivery frustrating,neutral,feature_request
"Today, money was deducted but the payment failed Can you fix this?",today money deducted payment failed fix,negative,payment
"Unfortunately, i am unable to access my account This happens repeatedly.",unfortunately unable access account happens repeatedly,negative,login
I cannot verify my account Please help.,verify account please help,negative,login
I am having trouble because i found a bug in the checkout process This is frustrating.,trouble found bug checkout process frustrating,negative,bug
"Recently, it would be useful to have a wishlist Please look into it.",recently would useful wishlist please look,neutral,feature_request
I noticed that the app becomes slow during checkout Can you fix this?,noticed app becomes slow checkout fix,negative,performance
"Recently, i have not received a response from support This happens repeatedly.",recently received response support happens repeatedly,positive,support
"Honestly, please add more payment methods I need assistance.",honestly please add payment method need assistance,neutral,feature_request
I noticed that i am happy with the assistance I received Please help.,noticed happy assistance received please help,negative,support
I noticed that login takes me back to the sign in page This happens repeatedly.,noticed login take back sign page happens repeatedly,negative,login
I am having trouble because my payment is stuck This is frustrating.,trouble payment stuck frustrating,negative,payment
"Unfortunately, the navigation is difficult to understand I need assistance.",unfortunately navigation difficult understand need assistance,positive,ui
"Honestly, support took too long to respond This is frustrating.",honestly support took long respond frustrating,negative,support
"Unfortunately, every screen takes a long time to open Please help.",unfortunately every screen take long time open please help,negative,performance
"Recently, i cannot complete the payment This is frustrating.",recently complete payment frustrating,negative,payment
"Recently, i am unable to access my account This happens repeatedly.",recently unable access account happens repeatedly,negative,login
"Honestly, the app takes too long to load Please look into it.",honestly app take long load please look,negative,performance
"Unfortunately, the design is simple and user friendly This is frustrating.",unfortunately design simple user friendly frustrating,positive,ui
"Recently, the card payment keeps failing Can you fix this?",recently card payment keep failing fix,negative,payment
I am having trouble because the navigation is difficult to understand Can you fix this?,trouble navigation difficult understand fix,positive,ui
"Recently, every screen takes a long time to open This happens repeatedly.",recently every screen take long time open happens repeatedly,negative,performance
"Today, i would like to schedule deliveries Can you fix this?",today would like schedule delivery fix,neutral,feature_request
"Today, the application interface is easy to use Can you fix this?",today application interface easy use fix,positive,ui
I noticed that it takes forever to open the dashboard This is frustrating.,noticed take forever open dashboard frustrating,negative,performance
I am having trouble because the app shows an error after checkout Please look into it.,trouble app show error checkout please look,negative,bug
"Recently, i was charged but the order was not placed This is frustrating.",recently charged order placed frustrating,negative,payment
"Today, can you add fingerprint login I need assistance.",today add fingerprint login need assistance,neutral,feature_request
The order status is displaying incorrectly Please look into it.,order status displaying incorrectly please look,negative,bug
"Recently, every screen takes a long time to open This happens repeatedly.",recently every screen take long time open happens repeatedly,negative,performance
"Today, the menu layout is confusing This is frustrating.",today menu layout confusing frustrating,positive,ui
"For some reason, the card payment keeps failing Can you fix this?",reason card payment keep failing fix,negative,payment
"For some reason, i cannot verify my account Can you fix this?",reason verify account fix,negative,login
I noticed that the support team solved my issue quickly Please look into it.,noticed support team solved issue quickly please look,positive,support
I am having trouble because the order status is displaying incorrectly Please look into it.,trouble order status displaying incorrectly please look,negative,bug
I am having trouble because it takes forever to open the dashboard I need assistance.,trouble take forever open dashboard need assistance,neutral,performance
"Recently, the page becomes blank after clicking the button This is frustrating.",recently page becomes blank clicking button frustrating,negative,bug
I am having trouble because the navigation is difficult to understand I need assistance.,trouble navigation difficult understand need assistance,positive,ui
"Honestly, my payment failed while placing the order This happens repeatedly.",honestly payment failed placing order happens repeatedly,negative,payment
I am having trouble because i would like an option to download invoices This happens repeatedly.,trouble would like option download invoice happens repeatedly,neutral,feature_request
"For some reason, please add a filter for previous orders This happens repeatedly.",reason please add filter previous order happens repeatedly,neutral,feature_request
"Recently, the new interface looks clean Please look into it.",recently new interface look clean please look,positive,ui
"Recently, the website response time is very poor Can you fix this?",recently website response time poor fix,negative,performance
I am having trouble because i cannot complete the payment This happens repeatedly.,trouble complete payment happens repeatedly,negative,payment
"Honestly, the text on the screen is too small",honestly text screen small,neutral,ui
"Honestly, please add more payment methods Please help.",honestly please add payment method please help,neutral,feature_request
"For some reason, i have not received a response from support This happens repeatedly.",reason received response support happens repeatedly,positive,support
I noticed that the support experience was disappointing,noticed support experience disappointing,neutral,support
"Today, i have not received a response from support This is frustrating.",today received response support frustrating,positive,support
"Recently, i am unable to pay for my order Please look into it.",recently unable pay order please look,negative,payment
I am having trouble because the support team solved my issue quickly Please help.,trouble support team solved issue quickly please help,negative,support
I noticed that money was deducted but the payment failed This is frustrating.,noticed money deducted payment failed frustrating,negative,payment
"For some reason, i cannot verify my account This happens repeatedly.",reason verify account happens repeatedly,negative,login
"Recently, it takes forever to open the dashboard Please help.",recently take forever open dashboard please help,negative,performance
I am having trouble because i found a bug in the checkout process This happens repeatedly.,trouble found bug checkout process happens repeatedly,negative,bug
"For some reason, the interface needs improvement",reason interface need improvement,positive,ui
"Unfortunately, the transaction was declined",unfortunately transaction declined,negative,payment
"Unfortunately, the app logs me out whenever I try to sign in I need assistance.",unfortunately app log whenever try sign need assistance,negative,login
"Unfortunately, the support team did not resolve my problem Can you fix this?",unfortunately support team resolve problem fix,negative,support
I am having trouble because i forgot my password and cannot sign in,trouble forgot password sign,negative,login
"Today, my account login keeps failing This happens repeatedly.",today account login keep failing happens repeatedly,negative,login
"Today, the app crashes whenever I upload a file Please help.",today app crash whenever upload file please help,negative,bug
"For some reason, i am happy with the assistance I received",reason happy assistance received,negative,support
"Recently, i have not received a response from support Please help.",recently received response support please help,negative,support
"For some reason, i cannot complete the payment Please look into it.",reason complete payment please look,negative,payment
I am having trouble because please add a filter for previous orders,trouble please add filter previous order,neutral,feature_request
"Recently, i am unable to pay for my order I need assistance.",recently unable pay order need assistance,negative,payment
I would like to schedule deliveries I need assistance.,would like schedule delivery need assistance,positive,feature_request
"Honestly, i am unable to pay for my order I need assistance.",honestly unable pay order need assistance,negative,payment
"For some reason, i forgot my password and cannot sign in",reason forgot password sign,negative,login
The dashboard looks great I need assistance.,dashboard look great need assistance,neutral,ui
"For some reason, the page becomes blank after clicking the button",reason page becomes blank clicking button,negative,bug
The text on the screen is too small,text screen small,negative,ui
"Honestly, the application crashes when I open my profile Please help.",honestly application crash open profile please help,negative,bug
"Today, pages are loading slowly Please help.",today page loading slowly please help,negative,performance
"For some reason, every screen takes a long time to open Can you fix this?",reason every screen take long time open fix,negative,performance
"Unfortunately, the login page is not working This happens repeatedly.",unfortunately login page working happens repeatedly,negative,login
"Recently, the transaction was declined I need assistance.",recently transaction declined need assistance,negative,payment
"Recently, the menu layout is confusing Please look into it.",recently menu layout confusing please look,positive,ui
I noticed that i cannot verify my account Please help.,noticed verify account please help,negative,login
"Honestly, the customer care representative was helpful Please help.",honestly customer care representative helpful please help,positive,support
I am having trouble because i cannot verify my account Please look into it.,trouble verify account please look,negative,login
"Honestly, nobody from customer support has contacted me Please help.",honestly nobody customer support contacted please help,positive,support
I am having trouble because please provide an option to change the language,trouble please provide option change language,neutral,feature_request
Please add notifications for price changes I need assistance.,please add notification price change need assistance,positive,feature_request
Support took too long to respond Please help.,support took long respond please help,negative,support
"Unfortunately, support took too long to respond This happens repeatedly.",unfortunately support took long respond happens repeatedly,positive,support
"Today, please add notifications for price changes Please help.",today please add notification price change please help,neutral,feature_request
"Unfortunately, my account login keeps failing I need assistance.",unfortunately account login keep failing need assistance,neutral,login
"Honestly, my payment is stuck This is frustrating.",honestly payment stuck frustrating,negative,payment
"Unfortunately, the notification is showing the wrong information This is frustrating.",unfortunately notification showing wrong information frustrating,negative,bug
"Honestly, the website is extremely slow today Please help.",honestly website extremely slow today please help,negative,performance
"Today, it would be useful to have a wishlist Please help.",today would useful wishlist please help,positive,feature_request
"For some reason, the support experience was disappointing This is frustrating.",reason support experience disappointing frustrating,neutral,support
"Today, the support experience was disappointing Can you fix this?",today support experience disappointing fix,negative,support
"Honestly, it takes forever to open the dashboard",honestly take forever open dashboard,negative,performance
"Unfortunately, the payment page shows an error Can you fix this?",unfortunately payment page show error fix,negative,payment
I am having trouble because the app crashes whenever I upload a file This is frustrating.,trouble app crash whenever upload file frustrating,negative,bug
"Recently, the text on the screen is too small I need assistance.",recently text screen small need assistance,positive,ui
I am having trouble because the login page is not working I need assistance.,trouble login page working need assistance,negative,login
"Honestly, support took too long to respond Please look into it.",honestly support took long respond please look,positive,support
"Today, the interface needs improvement Please help.",today interface need improvement please help,positive,ui
"Unfortunately, the colors and layout make the app easy to use Please look into it.",unfortunately color layout make app easy use please look,positive,ui
I noticed that the OTP is not arriving during login This is frustrating.,noticed otp arriving login frustrating,negative,login
The application is lagging badly I need assistance.,application lagging badly need assistance,negative,performance
"Today, my payment failed while placing the order Can you fix this?",today payment failed placing order fix,negative,payment
"Honestly, the app takes too long to load This is frustrating.",honestly app take long load frustrating,neutral,performance
I am having trouble because every screen takes a long time to open This is frustrating.,trouble every screen take long time open frustrating,neutral,performance
I noticed that i would like an option to download invoices Please look into it.,noticed would like option download invoice please look,neutral,feature_request
"Recently, the app becomes slow during checkout I need assistance.",recently app becomes slow checkout need assistance,negative,performance
"Unfortunately, the new interface looks clean I need assistance.",unfortunately new interface look clean need assistance,positive,ui
"Recently, the app takes too long to load Please look into it.",recently app take long load please look,negative,performance
The app crashes whenever I upload a file Please help.,app crash whenever upload file please help,negative,bug
I noticed that it takes forever to open the dashboard,noticed take forever open dashboard,negative,performance
My payment is stuck Can you fix this?,payment stuck fix,negative,payment
I noticed that the application is very slow Please look into it.,noticed application slow please look,negative,performance
"Today, it takes forever to open the dashboard I need assistance.",today take forever open dashboard need assistance,negative,performance
"For some reason, please add a filter for previous orders This is frustrating.",reason please add filter previous order frustrating,neutral,feature_request
I noticed that the application crashes when I open my profile Please help.,noticed application crash open profile please help,negative,bug
"Unfortunately, i cannot complete the payment Please look into it.",unfortunately complete payment please look,neutral,payment
"Unfortunately, the login page is not working",unfortunately login page working,negative,login
"Unfortunately, i would like to schedule deliveries Can you fix this?",unfortunately would like schedule delivery fix,positive,feature_request
"Recently, i am unable to access my account",recently unable access account,negative,login
"Recently, the navigation is difficult to understand This is frustrating.",recently navigation difficult understand frustrating,positive,ui
"For some reason, support took too long to respond Can you fix this?",reason support took long respond fix,positive,support
"Recently, the OTP is not arriving during login This is frustrating.",recently otp arriving login frustrating,negative,login
"Recently, the buttons are difficult to find This happens repeatedly.",recently button difficult find happens repeatedly,negative,ui
I noticed that i cannot complete the payment This is frustrating.,noticed complete payment frustrating,negative,payment
"Today, the app logs me out whenever I try to sign in This happens repeatedly.",today app log whenever try sign happens repeatedly,negative,login
"Today, my payment failed while placing the order This happens repeatedly.",today payment failed placing order happens repeatedly,negative,payment
I am having trouble because the app shows an error after checkout This happens repeatedly.,trouble app show error checkout happens repeatedly,negative,bug
"For some reason, the card payment keeps failing Can you fix this?",reason card payment keep failing fix,negative,payment
I noticed that the website response time is very poor,noticed website response time poor,negative,performance
The website is extremely slow today Please help.,website extremely slow today please help,negative,performance
"Today, i would like an option to download invoices This happens repeatedly.",today would like option download invoice happens repeatedly,neutral,feature_request
I noticed that the application interface is easy to use This is frustrating.,noticed application interface easy use frustrating,negative,ui
"Unfortunately, my account login keeps failing Can you fix this?",unfortunately account login keep failing fix,negative,login
"Unfortunately, please add dark mode to the application This is frustrating.",unfortunately please add dark mode application frustrating,neutral,feature_request
"For some reason, the payment page shows an error Please look into it.",reason payment page show error please look,negative,payment
"Recently, the OTP is not arriving during login Please help.",recently otp arriving login please help,negative,login
"Today, my payment is stuck This happens repeatedly.",today payment stuck happens repeatedly,negative,payment
I am having trouble because the app becomes slow during checkout Please look into it.,trouble app becomes slow checkout please look,negative,performance
The interface needs improvement Can you fix this?,interface need improvement fix,positive,ui
The buttons are difficult to find Please help.,button difficult find please help,negative,ui
"For some reason, the order status is displaying incorrectly Can you fix this?",reason order status displaying incorrectly fix,negative,bug
"For some reason, the app logs me out whenever I try to sign in Can you fix this?",reason app log whenever try sign fix,neutral,login
"Recently, the app logs me out whenever I try to sign in Can you fix this?",recently app log whenever try sign fix,negative,login
"For some reason, the customer care representative was helpful This happens repeatedly.",reason customer care representative helpful happens repeatedly,negative,support
"For some reason, the new interface looks clean Please look into it.",reason new interface look clean please look,negative,ui
I am having trouble because the application crashes when I open my profile,trouble application crash open profile,negative,bug
"For some reason, the app takes too long to load Please look into it.",reason app take long load please look,negative,performance
"Recently, it takes forever to open the dashboard Please help.",recently take forever open dashboard please help,negative,performance
"Today, the notification is showing the wrong information Please help.",today notification showing wrong information please help,negative,bug
I am having trouble because pages are loading slowly Can you fix this?,trouble page loading slowly fix,negative,performance
"For some reason, the support team did not resolve my problem Please help.",reason support team resolve problem please help,negative,support
Please add more payment methods Please help.,please add payment method please help,neutral,feature_request
"Recently, the navigation is difficult to understand Please help.",recently navigation difficult understand please help,positive,ui
"Honestly, the support experience was disappointing Can you fix this?",honestly support experience disappointing fix,negative,support
"Today, the support team solved my issue quickly",today support team solved issue quickly,negative,support
"Recently, uPI payment is not going through Please look into it.",recently upi payment going please look,negative,payment
I am having trouble because the app shows an error after checkout,trouble app show error checkout,negative,bug
"Unfortunately, uPI payment is not going through This is frustrating.",unfortunately upi payment going frustrating,negative,payment
Please add a filter for previous orders Can you fix this?,please add filter previous order fix,neutral,feature_request
"For some reason, uPI payment is not going through Can you fix this?",reason upi payment going fix,negative,payment
"Today, the application interface is easy to use Please help.",today application interface easy use please help,positive,ui
"Recently, please add more payment methods I need assistance.",recently please add payment method need assistance,neutral,feature_request
"For some reason, the application interface is easy to use Please help.",reason application interface easy use please help,neutral,ui
"Unfortunately, login takes me back to the sign in page",unfortunately login take back sign page,negative,login
"For some reason, login takes me back to the sign in page Please look into it.",reason login take back sign page please look,negative,login
"Today, pages are loading slowly Can you fix this?",today page loading slowly fix,negative,performance
I noticed that the menu layout is confusing This is frustrating.,noticed menu layout confusing frustrating,neutral,ui
I am having trouble because the payment page shows an error I need assistance.,trouble payment page show error need assistance,negative,payment
"Recently, the website is extremely slow today",recently website extremely slow today,negative,performance
"Honestly, the card payment keeps failing This happens repeatedly.",honestly card payment keep failing happens repeatedly,negative,payment
"For some reason, the app crashes whenever I upload a file I need assistance.",reason app crash whenever upload file need assistance,negative,bug
"Unfortunately, the website response time is very poor I need assistance.",unfortunately website response time poor need assistance,negative,performance
The support staff were polite and professional Can you fix this?,support staff polite professional fix,positive,support
"Unfortunately, the design is simple and user friendly This is frustrating.",unfortunately design simple user friendly frustrating,neutral,ui
"Honestly, my payment is stuck Please look into it.",honestly payment stuck please look,negative,payment
I am having trouble because the payment page shows an error This is frustrating.,trouble payment page show error frustrating,negative,payment
I am unable to access my account This happens repeatedly.,unable access account happens repeatedly,negative,login
I am having trouble because pages are loading slowly,trouble page loading slowly,negative,performance
"For some reason, nobody from customer support has contacted me This happens repeatedly.",reason nobody customer support contacted happens repeatedly,negative,support
I noticed that the application is very slow Please help.,noticed application slow please help,neutral,performance
"Today, the application freezes frequently Please look into it.",today application freeze frequently please look,negative,performance
I am having trouble because the navigation is difficult to understand This happens repeatedly.,trouble navigation difficult understand happens repeatedly,negative,ui
I am having trouble because i am happy with the assistance I received Please look into it.,trouble happy assistance received please look,positive,support
"Unfortunately, the dashboard looks great This is frustrating.",unfortunately dashboard look great frustrating,negative,ui
"Recently, the colors and layout make the app easy to use Can you fix this?",recently color layout make app easy use fix,positive,ui
"Today, it takes forever to open the dashboard This happens repeatedly.",today take forever open dashboard happens repeatedly,negative,performance
I was charged but the order was not placed This is frustrating.,charged order placed frustrating,negative,payment
"Recently, the website is extremely slow today Can you fix this?",recently website extremely slow today fix,negative,performance
"For some reason, the buttons are difficult to find Please look into it.",reason button difficult find please look,positive,ui
"Honestly, nobody from customer support has contacted me This happens repeatedly.",honestly nobody customer support contacted happens repeatedly,negative,support
I am having trouble because the buttons are difficult to find This is frustrating.,trouble button difficult find frustrating,neutral,ui
"Today, the login page is not working Please look into it.",today login page working please look,negative,login
The app takes too long to load I need assistance.,app take long load need assistance,negative,performance
The app takes too long to load Please help.,app take long load please help,negative,performance
I am having trouble because the buttons are difficult to find This is frustrating.,trouble button difficult find frustrating,neutral,ui
"For some reason, the app crashes whenever I upload a file This happens repeatedly.",reason app crash whenever upload file happens repeatedly,negative,bug
"Today, i have not received a response from support Can you fix this?",today received response support fix,negative,support
"Recently, the payment page shows an error This is frustrating.",recently payment page show error frustrating,neutral,payment
"Recently, the support staff were polite and professional Please help.",recently support staff polite professional please help,positive,support
I noticed that the support team solved my issue quickly Please look into it.,noticed support team solved issue quickly please look,negative,support
I am having trouble because customer service was very helpful I need assistance.,trouble customer service helpful need assistance,neutral,support
"Recently, the text on the screen is too small I need assistance.",recently text screen small need assistance,negative,ui
"Unfortunately, please add notifications for price changes I need assistance.",unfortunately please add notification price change need assistance,neutral,feature_request
I noticed that please add more payment methods Can you fix this?,noticed please add payment method fix,neutral,feature_request
"For some reason, the support team did not resolve my problem Can you fix this?",reason support team resolve problem fix,positive,support
"For some reason, i cannot complete the payment Can you fix this?",reason complete payment fix,negative,payment
I noticed that uPI payment is not going through This is frustrating.,noticed upi payment going frustrating,negative,payment
"Honestly, the app shows an error after checkout Please look into it.",honestly app show error checkout please look,negative,bug
The app crashes whenever I upload a file Please look into it.,app crash whenever upload file please look,negative,bug
I am having trouble because it takes forever to open the dashboard This happens repeatedly.,trouble take forever open dashboard happens repeatedly,neutral,performance
"Honestly, the payment page shows an error This is frustrating.",honestly payment page show error frustrating,negative,payment
"Recently, the support team solved my issue quickly I need assistance.",recently support team solved issue quickly need assistance,negative,support
"Today, please add notifications for price changes Please help.",today please add notification price change please help,neutral,feature_request
"Recently, the order status is displaying incorrectly",recently order status displaying incorrectly,negative,bug
I noticed that the design is simple and user friendly Please look into it.,noticed design simple user friendly please look,positive,ui
I am unable to pay for my order I need assistance.,unable pay order need assistance,negative,payment
"Recently, it takes forever to open the dashboard I need assistance.",recently take forever open dashboard need assistance,negative,performance
"For some reason, the support team solved my issue quickly",reason support team solved issue quickly,negative,support
"Unfortunately, the menu layout is confusing This is frustrating.",unfortunately menu layout confusing frustrating,positive,ui
"Unfortunately, i found a bug in the checkout process Please help.",unfortunately found bug checkout process please help,neutral,bug
"Today, every screen takes a long time to open I need assistance.",today every screen take long time open need assistance,neutral,performance
"Recently, the search results are incorrect Please help.",recently search result incorrect please help,negative,bug
"Today, my account login keeps failing This is frustrating.",today account login keep failing frustrating,neutral,login
"Honestly, it takes forever to open the dashboard",honestly take forever open dashboard,negative,performance
"Recently, i am unable to pay for my order I need assistance.",recently unable pay order need assistance,negative,payment
The support experience was disappointing Please help.,support experience disappointing please help,neutral,support
"Recently, i am unable to pay for my order I need assistance.",recently unable pay order need assistance,negative,payment
I noticed that the app shows an error after checkout This is frustrating.,noticed app show error checkout frustrating,negative,bug
"Honestly, the card payment keeps failing I need assistance.",honestly card payment keep failing need assistance,negative,payment
Please add more payment methods,please add payment method,neutral,feature_request
"Today, the new interface looks clean I need assistance.",today new interface look clean need assistance,negative,ui
Please add a filter for previous orders This is frustrating.,please add filter previous order frustrating,neutral,feature_request
I am having trouble because the transaction was declined Can you fix this?,trouble transaction declined fix,negative,payment
"For some reason, can you add fingerprint login This is frustrating.",reason add fingerprint login frustrating,neutral,feature_request
"Today, i am unable to pay for my order This happens repeatedly.",today unable pay order happens repeatedly,negative,payment
The application is very slow Please help.,application slow please help,negative,performance
"Honestly, the support team solved my issue quickly Please look into it.",honestly support team solved issue quickly please look,neutral,support
"Today, i am happy with the assistance I received",today happy assistance received,negative,support
"Honestly, the support team did not resolve my problem Can you fix this?",honestly support team resolve problem fix,positive,support
"Unfortunately, uPI payment is not going through",unfortunately upi payment going,negative,payment
"Honestly, the menu layout is confusing I need assistance.",honestly menu layout confusing need assistance,positive,ui
"Honestly, i am unable to access my account I need assistance.",honestly unable access account need assistance,negative,login
"Unfortunately, my payment failed while placing the order Please look into it.",unfortunately payment failed placing order please look,negative,payment
I cannot complete the payment Can you fix this?,complete payment fix,negative,payment
"Unfortunately, i am happy with the assistance I received This happens repeatedly.",unfortunately happy assistance received happens repeatedly,positive,support
"For some reason, the text on the screen is too small Please help.",reason text screen small please help,positive,ui
"Honestly, the support team solved my issue quickly This is frustrating.",honestly support team solved issue quickly frustrating,positive,support
"For some reason, my payment is stuck",reason payment stuck,negative,payment
I am having trouble because the support team solved my issue quickly,trouble support team solved issue quickly,positive,support
"Unfortunately, the menu layout is confusing Can you fix this?",unfortunately menu layout confusing fix,positive,ui
"Honestly, the interface needs improvement This happens repeatedly.",honestly interface need improvement happens repeatedly,negative,ui
"Today, my payment failed while placing the order This is frustrating.",today payment failed placing order frustrating,negative,payment
"Unfortunately, the application closes unexpectedly Can you fix this?",unfortunately application close unexpectedly fix,negative,bug
I was charged but the order was not placed Please help.,charged order placed please help,negative,payment
"Today, pages are loading slowly I need assistance.",today page loading slowly need assistance,negative,performance
I am having trouble because i am happy with the assistance I received Please look into it.,trouble happy assistance received please look,negative,support
I noticed that login takes me back to the sign in page Can you fix this?,noticed login take back sign page fix,negative,login
I noticed that customer service was very helpful I need assistance.,noticed customer service helpful need assistance,negative,support
I am having trouble because it would be useful to have a wishlist This happens repeatedly.,trouble would useful wishlist happens repeatedly,neutral,feature_request
"Honestly, i am unable to pay for my order Please help.",honestly unable pay order please help,negative,payment
"For some reason, i am unable to pay for my order This happens repeatedly.",reason unable pay order happens repeatedly,negative,payment
The application is lagging badly Can you fix this?,application lagging badly fix,negative,performance
"For some reason, i am unable to access my account I need assistance.",reason unable access account need assistance,negative,login
I noticed that it takes forever to open the dashboard,noticed take forever open dashboard,neutral,performance
Can you add fingerprint login I need assistance.,add fingerprint login need assistance,positive,feature_request
I noticed that can you add fingerprint login This happens repeatedly.,noticed add fingerprint login happens repeatedly,neutral,feature_request
I noticed that the application crashes when I open my profile Can you fix this?,noticed application crash open profile fix,negative,bug
I am having trouble because the notification is showing the wrong information Please help.,trouble notification showing wrong information please help,negative,bug
"Recently, pages are loading slowly Can you fix this?",recently page loading slowly fix,negative,performance
"Honestly, i am unable to access my account Can you fix this?",honestly unable access account fix,negative,login
"For some reason, the transaction was declined This is frustrating.",reason transaction declined frustrating,negative,payment
I am having trouble because support took too long to respond I need assistance.,trouble support took long respond need assistance,negative,support
"Honestly, please add more payment methods Please look into it.",honestly please add payment method please look,positive,feature_request
"For some reason, login takes me back to the sign in page This is frustrating.",reason login take back sign page frustrating,negative,login
"Unfortunately, i would like an option to download invoices I need assistance.",unfortunately would like option download invoice need assistance,positive,feature_request
I noticed that i would like an option to download invoices This is frustrating.,noticed would like option download invoice frustrating,positive,feature_request
I am having trouble because the new interface looks clean Can you fix this?,trouble new interface look clean fix,positive,ui
I cannot login to my account Can you fix this?,login account fix,negative,login
I would like to schedule deliveries,would like schedule delivery,neutral,feature_request
"Honestly, the interface needs improvement This happens repeatedly.",honestly interface need improvement happens repeatedly,positive,ui
The card payment keeps failing,card payment keep failing,negative,payment
"Unfortunately, login takes me back to the sign in page This happens repeatedly.",unfortunately login take back sign page happens repeatedly,negative,login
I am having trouble because the OTP is not arriving during login This happens repeatedly.,trouble otp arriving login happens repeatedly,negative,login
"For some reason, the new interface looks clean I need assistance.",reason new interface look clean need assistance,negative,ui
The support staff were polite and professional This is frustrating.,support staff polite professional frustrating,neutral,support
I am having trouble because it would be useful to have a wishlist,trouble would useful wishlist,neutral,feature_request
I am having trouble because uPI payment is not going through I need assistance.,trouble upi payment going need assistance,negative,payment
"Today, something is broken in the application This happens repeatedly.",today something broken application happens repeatedly,negative,bug
"Honestly, the customer care representative was helpful This happens repeatedly.",honestly customer care representative helpful happens repeatedly,negative,support
"Honestly, uPI payment is not going through I need assistance.",honestly upi payment going need assistance,negative,payment
"Recently, i forgot my password and cannot sign in This is frustrating.",recently forgot password sign frustrating,negative,login
"For some reason, my account login keeps failing",reason account login keep failing,negative,login
"Unfortunately, the new interface looks clean Can you fix this?",unfortunately new interface look clean fix,negative,ui
I am having trouble because the application interface is easy to use Can you fix this?,trouble application interface easy use fix,positive,ui
"Recently, the application is very slow",recently application slow,negative,performance
It would be useful to have a wishlist,would useful wishlist,neutral,feature_request
I am having trouble because please add a filter for previous orders,trouble please add filter previous order,neutral,feature_request
"For some reason, something is broken in the application This happens repeatedly.",reason something broken application happens repeatedly,neutral,bug
I noticed that nobody from customer support has contacted me Can you fix this?,noticed nobody customer support contacted fix,neutral,support
"Today, the password reset link is not working",today password reset link working,negative,login
"Today, support took too long to respond This is frustrating.",today support took long respond frustrating,positive,support
"Unfortunately, the customer care representative was helpful Can you fix this?",unfortunately customer care representative helpful fix,negative,support
I noticed that every screen takes a long time to open,noticed every screen take long time open,neutral,performance
"Unfortunately, the order status is displaying incorrectly Can you fix this?",unfortunately order status displaying incorrectly fix,negative,bug
"For some reason, the interface needs improvement",reason interface need improvement,negative,ui
"Honestly, i forgot my password and cannot sign in Please help.",honestly forgot password sign please help,negative,login
I noticed that i am unable to pay for my order Please help.,noticed unable pay order please help,neutral,payment
"Honestly, the payment page shows an error I need assistance.",honestly payment page show error need assistance,negative,payment
"Today, it would be useful to have a wishlist",today would useful wishlist,positive,feature_request
"Today, something is broken in the application This is frustrating.",today something broken application frustrating,neutral,bug
"Honestly, the support team solved my issue quickly Please help.",honestly support team solved issue quickly please help,positive,support
"Recently, i found a bug in the checkout process This happens repeatedly.",recently found bug checkout process happens repeatedly,negative,bug
"Today, uPI payment is not going through This happens repeatedly.",today upi payment going happens repeatedly,negative,payment
"Unfortunately, customer service was very helpful This is frustrating.",unfortunately customer service helpful frustrating,positive,support
I noticed that the colors and layout make the app easy to use Can you fix this?,noticed color layout make app easy use fix,negative,ui
"Today, the order status is displaying incorrectly",today order status displaying incorrectly,negative,bug
"Unfortunately, it would be useful to have a wishlist Please help.",unfortunately would useful wishlist please help,neutral,feature_request
"Recently, the menu layout is confusing This happens repeatedly.",recently menu layout confusing happens repeatedly,positive,ui
"Honestly, i am unable to access my account Please look into it.",honestly unable access account please look,neutral,login
"Recently, please provide an option to change the language This is frustrating.",recently please provide option change language frustrating,positive,feature_request
"Recently, i have not received a response from support This happens repeatedly.",recently received response support happens repeatedly,positive,support
"For some reason, the order status is displaying incorrectly This is frustrating.",reason order status displaying incorrectly frustrating,negative,bug
I noticed that the app logs me out whenever I try to sign in This is frustrating.,noticed app log whenever try sign frustrating,negative,login
"Recently, the card payment keeps failing Can you fix this?",recently card payment keep failing fix,negative,payment
"Unfortunately, the support experience was disappointing Please help.",unfortunately support experience disappointing please help,neutral,support
"Today, the application is very slow Can you fix this?",today application slow fix,negative,performance
"For some reason, the OTP is not arriving during login This happens repeatedly.",reason otp arriving login happens repeatedly,negative,login
"Unfortunately, the app shows an error after checkout Can you fix this?",unfortunately app show error checkout fix,negative,bug
"Honestly, the application freezes frequently I need assistance.",honestly application freeze frequently need assistance,negative,performance
"Honestly, support took too long to respond I need assistance.",honestly support took long respond need assistance,positive,support
"For some reason, the customer care representative was helpful",reason customer care representative helpful,positive,support
I am happy with the assistance I received This is frustrating.,happy assistance received frustrating,neutral,support
"Unfortunately, something is broken in the application This happens repeatedly.",unfortunately something broken application happens repeatedly,negative,bug
"Recently, i found a bug in the checkout process Please look into it.",recently found bug checkout process please look,negative,bug
"Today, it would be useful to have a wishlist",today would useful wishlist,neutral,feature_request
"Honestly, it takes forever to open the dashboard",honestly take forever open dashboard,negative,performance
I noticed that the support team solved my issue quickly,noticed support team solved issue quickly,negative,support
I noticed that the design is simple and user friendly Please look into it.,noticed design simple user friendly please look,negative,ui
"Unfortunately, the password reset link is not working Can you fix this?",unfortunately password reset link working fix,neutral,login
"Recently, it would be great to have a dark theme Please look into it.",recently would great dark theme please look,neutral,feature_request
I noticed that the buttons are difficult to find Can you fix this?,noticed button difficult find fix,positive,ui
"Honestly, the buttons are difficult to find Please help.",honestly button difficult find please help,positive,ui
"Honestly, the navigation is difficult to understand Can you fix this?",honestly navigation difficult understand fix,negative,ui
I noticed that the card payment keeps failing Can you fix this?,noticed card payment keep failing fix,negative,payment
I am having trouble because the card payment keeps failing Can you fix this?,trouble card payment keep failing fix,negative,payment
Customer service was very helpful This is frustrating.,customer service helpful frustrating,positive,support
I noticed that please add a filter for previous orders Please help.,noticed please add filter previous order please help,neutral,feature_request
"Today, customer service was very helpful This is frustrating.",today customer service helpful frustrating,negative,support
"Honestly, the transaction was declined",honestly transaction declined,negative,payment
"For some reason, the payment page shows an error Please help.",reason payment page show error please help,negative,payment
"Today, the password reset link is not working Please help.",today password reset link working please help,negative,login
"For some reason, my account login keeps failing Please look into it.",reason account login keep failing please look,negative,login
I noticed that the website response time is very poor Please look into it.,noticed website response time poor please look,negative,performance
"For some reason, my payment failed while placing the order Please help.",reason payment failed placing order please help,negative,payment
I noticed that the design is simple and user friendly This is frustrating.,noticed design simple user friendly frustrating,positive,ui
"Honestly, the card payment keeps failing Please help.",honestly card payment keep failing please help,negative,payment
"For some reason, the password reset link is not working Please look into it.",reason password reset link working please look,negative,login
I am having trouble because support took too long to respond This happens repeatedly.,trouble support took long respond happens repeatedly,negative,support
"Recently, the password reset link is not working This is frustrating.",recently password reset link working frustrating,negative,login
"Unfortunately, the application is lagging badly I need assistance.",unfortunately application lagging badly need assistance,negative,performance
"Honestly, the menu layout is confusing This happens repeatedly.",honestly menu layout confusing happens repeatedly,positive,ui
"Unfortunately, my account login keeps failing Can you fix this?",unfortunately account login keep failing fix,negative,login
"For some reason, the transaction was declined Can you fix this?",reason transaction declined fix,neutral,payment
"Today, my account login keeps failing I need assistance.",today account login keep failing need assistance,negative,login
The dashboard looks great Please look into it.,dashboard look great please look,negative,ui
I noticed that the navigation is difficult to understand I need assistance.,noticed navigation difficult understand need assistance,positive,ui
I noticed that the notification is showing the wrong information Can you fix this?,noticed notification showing wrong information fix,negative,bug
"Honestly, i cannot complete the payment I need assistance.",honestly complete payment need assistance,negative,payment
I noticed that the password reset link is not working Can you fix this?,noticed password reset link working fix,negative,login
"Recently, i am unable to pay for my order This happens repeatedly.",recently unable pay order happens repeatedly,negative,payment
I am having trouble because the password reset link is not working Can you fix this?,trouble password reset link working fix,negative,login
The text on the screen is too small I need assistance.,text screen small need assistance,positive,ui
"For some reason, the application freezes frequently Please help.",reason application freeze frequently please help,negative,performance
"For some reason, the website response time is very poor",reason website response time poor,negative,performance
"Recently, customer service was very helpful This happens repeatedly.",recently customer service helpful happens repeatedly,negative,support
"Today, something is broken in the application Please help.",today something broken application please help,negative,bug
"Today, login takes me back to the sign in page This happens repeatedly.",today login take back sign page happens repeatedly,negative,login
The dashboard looks great This is frustrating.,dashboard look great frustrating,negative,ui
I am having trouble because please provide an option to change the language I need assistance.,trouble please provide option change language need assistance,neutral,feature_request
"Recently, something is broken in the application This is frustrating.",recently something broken application frustrating,negative,bug
"Honestly, i was charged but the order was not placed Please look into it.",honestly charged order placed please look,negative,payment
"Unfortunately, i cannot complete the payment Can you fix this?",unfortunately complete payment fix,negative,payment
Please add a filter for previous orders I need assistance.,please add filter previous order need assistance,positive,feature_request
"For some reason, the colors and layout make the app easy to use Please look into it.",reason color layout make app easy use please look,negative,ui
"For some reason, please provide an option to change the language Can you fix this?",reason please provide option change language fix,neutral,feature_request
I am having trouble because i was charged but the order was not placed This is frustrating.,trouble charged order placed frustrating,negative,payment
I noticed that the website response time is very poor This happens repeatedly.,noticed website response time poor happens repeatedly,negative,performance
"Recently, the menu layout is confusing This is frustrating.",recently menu layout confusing frustrating,neutral,ui
"Today, it takes forever to open the dashboard Please help.",today take forever open dashboard please help,negative,performance
"Recently, my payment is stuck I need assistance.",recently payment stuck need assistance,negative,payment
The text on the screen is too small Can you fix this?,text screen small fix,negative,ui
I am having trouble because please add a filter for previous orders Please help.,trouble please add filter previous order please help,positive,feature_request
"Today, i am unable to pay for my order",today unable pay order,negative,payment
"For some reason, the application is very slow Can you fix this?",reason application slow fix,negative,performance
"Recently, please add dark mode to the application I need assistance.",recently please add dark mode application need assistance,neutral,feature_request
The transaction was declined I need assistance.,transaction declined need assistance,negative,payment
"For some reason, please add notifications for price changes Can you fix this?",reason please add notification price change fix,neutral,feature_request
"Unfortunately, the app takes too long to load",unfortunately app take long load,negative,performance
"For some reason, the application closes unexpectedly Please help.",reason application close unexpectedly please help,negative,bug
I noticed that the application crashes when I open my profile Please help.,noticed application crash open profile please help,negative,bug
"Honestly, the card payment keeps failing This happens repeatedly.",honestly card payment keep failing happens repeatedly,negative,payment
I noticed that please add notifications for price changes Can you fix this?,noticed please add notification price change fix,neutral,feature_request
"Unfortunately, it takes forever to open the dashboard Please look into it.",unfortunately take forever open dashboard please look,neutral,performance
The notification is showing the wrong information This happens repeatedly.,notification showing wrong information happens repeatedly,negative,bug
"For some reason, i would like to schedule deliveries Can you fix this?",reason would like schedule delivery fix,neutral,feature_request
"Honestly, the app crashes whenever I upload a file Can you fix this?",honestly app crash whenever upload file fix,negative,bug
"For some reason, the card payment keeps failing",reason card payment keep failing,negative,payment
I am having trouble because the login page is not working Please help.,trouble login page working please help,negative,login
"Unfortunately, the app takes too long to load This happens repeatedly.",unfortunately app take long load happens repeatedly,negative,performance
"Honestly, the payment page shows an error Please look into it.",honestly payment page show error please look,negative,payment
Please add more payment methods Please look into it.,please add payment method please look,neutral,feature_request
I noticed that nobody from customer support has contacted me This happens repeatedly.,noticed nobody customer support contacted happens repeatedly,positive,support
The navigation is difficult to understand,navigation difficult understand,positive,ui
"Recently, i cannot complete the payment This is frustrating.",recently complete payment frustrating,negative,payment
"Recently, my payment failed while placing the order I need assistance.",recently payment failed placing order need assistance,negative,payment
"For some reason, it would be useful to have a wishlist Can you fix this?",reason would useful wishlist fix,neutral,feature_request
"For some reason, the text on the screen is too small Please look into it.",reason text screen small please look,positive,ui
"Unfortunately, the payment page shows an error",unfortunately payment page show error,negative,payment
I am having trouble because please add more payment methods Can you fix this?,trouble please add payment method fix,neutral,feature_request
"Recently, i am unable to pay for my order Please look into it.",recently unable pay order please look,negative,payment
I noticed that it would be great to have a dark theme Can you fix this?,noticed would great dark theme fix,neutral,feature_request
"Recently, the app becomes slow during checkout Please look into it.",recently app becomes slow checkout please look,negative,performance
"Unfortunately, it would be useful to have a wishlist Can you fix this?",unfortunately would useful wishlist fix,neutral,feature_request
"Today, the website is extremely slow today",today website extremely slow today,negative,performance
"Today, i would like an option to download invoices Please look into it.",today would like option download invoice please look,positive,feature_request
It would be useful to have a wishlist This happens repeatedly.,would useful wishlist happens repeatedly,neutral,feature_request
"For some reason, every screen takes a long time to open",reason every screen take long time open,negative,performance
"For some reason, it takes forever to open the dashboard Please help.",reason take forever open dashboard please help,negative,performance
The search results are incorrect Can you fix this?,search result incorrect fix,negative,bug
I noticed that the application is lagging badly I need assistance.,noticed application lagging badly need assistance,negative,performance
The app shows an error after checkout I need assistance.,app show error checkout need assistance,negative,bug
"Unfortunately, the app crashes whenever I upload a file",unfortunately app crash whenever upload file,negative,bug
I noticed that i would like an option to download invoices,noticed would like option download invoice,neutral,feature_request
"Honestly, my payment is stuck Please look into it.",honestly payment stuck please look,negative,payment
"For some reason, i am unable to pay for my order This happens repeatedly.",reason unable pay order happens repeatedly,negative,payment
"Today, can you add fingerprint login Please look into it.",today add fingerprint login please look,positive,feature_request
"Unfortunately, please add dark mode to the application Please look into it.",unfortunately please add dark mode application please look,positive,feature_request
"Honestly, the notification is showing the wrong information This is frustrating.",honestly notification showing wrong information frustrating,negative,bug
I noticed that the app shows an error after checkout Please help.,noticed app show error checkout please help,negative,bug
"For some reason, the app crashes whenever I upload a file",reason app crash whenever upload file,negative,bug
I noticed that i cannot login to my account Please help.,noticed login account please help,negative,login
"Today, i cannot login to my account This happens repeatedly.",today login account happens repeatedly,neutral,login
I noticed that the order status is displaying incorrectly Can you fix this?,noticed order status displaying incorrectly fix,negative,bug
I noticed that the password reset link is not working Can you fix this?,noticed password reset link working fix,negative,login
"Today, the support experience was disappointing I need assistance.",today support experience disappointing need assistance,negative,support
"Honestly, the application interface is easy to use",honestly application interface easy use,neutral,ui
"Recently, i was charged but the order was not placed",recently charged order placed,negative,payment
"Unfortunately, the customer care representative was helpful This is frustrating.",unfortunately customer care representative helpful frustrating,negative,support
"Unfortunately, i cannot verify my account",unfortunately verify account,negative,login
"Recently, customer service was very helpful",recently customer service helpful,negative,support
"For some reason, please provide an option to change the language",reason please provide option change language,neutral,feature_request
"Honestly, i have not received a response from support This happens repeatedly.",honestly received response support happens repeatedly,positive,support
"Unfortunately, the notification is showing the wrong information Please help.",unfortunately notification showing wrong information please help,negative,bug
I noticed that please add dark mode to the application This happens repeatedly.,noticed please add dark mode application happens repeatedly,positive,feature_request
"Honestly, i forgot my password and cannot sign in This happens repeatedly.",honestly forgot password sign happens repeatedly,negative,login
"For some reason, the application closes unexpectedly This is frustrating.",reason application close unexpectedly frustrating,negative,bug
"Today, the dashboard looks great Please look into it.",today dashboard look great please look,negative,ui
"For some reason, please add notifications for price changes This is frustrating.",reason please add notification price change frustrating,positive,feature_request
I am having trouble because the support experience was disappointing,trouble support experience disappointing,positive,support
"Honestly, uPI payment is not going through I need assistance.",honestly upi payment going need assistance,negative,payment
The search results are incorrect,search result incorrect,negative,bug
"Unfortunately, pages are loading slowly I need assistance.",unfortunately page loading slowly need assistance,negative,performance
"Recently, the page becomes blank after clicking the button Please help.",recently page becomes blank clicking button please help,negative,bug
"For some reason, the colors and layout make the app easy to use Please help.",reason color layout make app easy use please help,negative,ui
"Today, the application freezes frequently This is frustrating.",today application freeze frequently frustrating,neutral,performance
"Today, it would be useful to have a wishlist This is frustrating.",today would useful wishlist frustrating,neutral,feature_request
"Today, the transaction was declined I need assistance.",today transaction declined need assistance,negative,payment
I have not received a response from support Can you fix this?,received response support fix,negative,support
"Unfortunately, the app shows an error after checkout This happens repeatedly.",unfortunately app show error checkout happens repeatedly,negative,bug
Pages are loading slowly Please look into it.,page loading slowly please look,negative,performance
I am happy with the assistance I received Please look into it.,happy assistance received please look,positive,support
I am having trouble because can you add fingerprint login Can you fix this?,trouble add fingerprint login fix,neutral,feature_request
"Recently, please add more payment methods This happens repeatedly.",recently please add payment method happens repeatedly,neutral,feature_request
"Honestly, support took too long to respond Please look into it.",honestly support took long respond please look,positive,support
The app becomes slow during checkout Please look into it.,app becomes slow checkout please look,negative,performance
"Today, the application interface is easy to use I need assistance.",today application interface easy use need assistance,neutral,ui
Can you add fingerprint login,add fingerprint login,neutral,feature_request
I noticed that my account login keeps failing,noticed account login keep failing,neutral,login
"Unfortunately, my payment failed while placing the order I need assistance.",unfortunately payment failed placing order need assistance,negative,payment
"Honestly, it would be useful to have a wishlist Please help.",honestly would useful wishlist please help,neutral,feature_request
"Unfortunately, the support team solved my issue quickly This happens repeatedly.",unfortunately support team solved issue quickly happens repeatedly,negative,support
"Honestly, something is broken in the application Please look into it.",honestly something broken application please look,neutral,bug
"For some reason, i forgot my password and cannot sign in This happens repeatedly.",reason forgot password sign happens repeatedly,negative,login
"Recently, the design is simple and user friendly Please look into it.",recently design simple user friendly please look,positive,ui
"Honestly, the support experience was disappointing This is frustrating.",honestly support experience disappointing frustrating,positive,support
"Unfortunately, the customer care representative was helpful I need assistance.",unfortunately customer care representative helpful need assistance,negative,support
"Recently, the payment page shows an error Please look into it.",recently payment page show error please look,negative,payment
"Today, the text on the screen is too small Please help.",today text screen small please help,negative,ui
"Honestly, the customer care representative was helpful This is frustrating.",honestly customer care representative helpful frustrating,positive,support
"Unfortunately, the support experience was disappointing Please look into it.",unfortunately support experience disappointing please look,positive,support
"Unfortunately, every screen takes a long time to open I need assistance.",unfortunately every screen take long time open need assistance,negative,performance
"Recently, the order status is displaying incorrectly This is frustrating.",recently order status displaying incorrectly frustrating,neutral,bug
"Today, the app becomes slow during checkout This happens repeatedly.",today app becomes slow checkout happens repeatedly,negative,performance
"Today, the application crashes when I open my profile Can you fix this?",today application crash open profile fix,negative,bug
I am happy with the assistance I received,happy assistance received,negative,support
I was charged but the order was not placed Please look into it.,charged order placed please look,negative,payment
"For some reason, the support team did not resolve my problem Please help.",reason support team resolve problem please help,negative,support
"Unfortunately, i forgot my password and cannot sign in This is frustrating.",unfortunately forgot password sign frustrating,negative,login
"Recently, pages are loading slowly Can you fix this?",recently page loading slowly fix,neutral,performance
"For some reason, the application closes unexpectedly Please help.",reason application close unexpectedly please help,negative,bug
"Unfortunately, the app takes too long to load I need assistance.",unfortunately app take long load need assistance,negative,performance
"Unfortunately, please add notifications for price changes Please look into it.",unfortunately please add notification price change please look,neutral,feature_request
I noticed that the app takes too long to load Can you fix this?,noticed app take long load fix,negative,performance
"Recently, i would like an option to download invoices I need assistance.",recently would like option download invoice need assistance,neutral,feature_request
"For some reason, money was deducted but the payment failed Can you fix this?",reason money deducted payment failed fix,negative,payment
"For some reason, the text on the screen is too small",reason text screen small,negative,ui
"Today, the app becomes slow during checkout Can you fix this?",today app becomes slow checkout fix,neutral,performance
The application interface is easy to use This happens repeatedly.,application interface easy use happens repeatedly,negative,ui
"Recently, nobody from customer support has contacted me This happens repeatedly.",recently nobody customer support contacted happens repeatedly,neutral,support
"Recently, the support team did not resolve my problem Please help.",recently support team resolve problem please help,positive,support
"For some reason, the app logs me out whenever I try to sign in I need assistance.",reason app log whenever try sign need assistance,negative,login
"Unfortunately, the page becomes blank after clicking the button Please look into it.",unfortunately page becomes blank clicking button please look,negative,bug
"Today, please add more payment methods This happens repeatedly.",today please add payment method happens repeatedly,neutral,feature_request
"Today, the application is very slow",today application slow,negative,performance
"Today, the notification is showing the wrong information This happens repeatedly.",today notification showing wrong information happens repeatedly,negative,bug
"Today, something is broken in the application Please look into it.",today something broken application please look,negative,bug
"Today, the card payment keeps failing",today card payment keep failing,negative,payment
"Honestly, it would be useful to have a wishlist",honestly would useful wishlist,positive,feature_request
"Recently, nobody from customer support has contacted me This happens repeatedly.",recently nobody customer support contacted happens repeatedly,positive,support
I am having trouble because the buttons are difficult to find Can you fix this?,trouble button difficult find fix,positive,ui
The order status is displaying incorrectly This is frustrating.,order status displaying incorrectly frustrating,negative,bug
Nobody from customer support has contacted me Please look into it.,nobody customer support contacted please look,positive,support
"Recently, the new interface looks clean Please look into it.",recently new interface look clean please look,negative,ui
"For some reason, i forgot my password and cannot sign in This is frustrating.",reason forgot password sign frustrating,negative,login
"Today, it takes forever to open the dashboard This happens repeatedly.",today take forever open dashboard happens repeatedly,negative,performance
"Unfortunately, the app becomes slow during checkout This happens repeatedly.",unfortunately app becomes slow checkout happens repeatedly,negative,performance
"For some reason, the application crashes when I open my profile Please look into it.",reason application crash open profile please look,neutral,bug
"Unfortunately, i am unable to pay for my order Please look into it.",unfortunately unable pay order please look,neutral,payment
"Unfortunately, the application is lagging badly I need assistance.",unfortunately application lagging badly need assistance,negative,performance
"Honestly, the application freezes frequently This happens repeatedly.",honestly application freeze frequently happens repeatedly,negative,performance
"For some reason, the support team did not resolve my problem This is frustrating.",reason support team resolve problem frustrating,negative,support
"For some reason, the text on the screen is too small",reason text screen small,negative,ui
"For some reason, uPI payment is not going through",reason upi payment going,negative,payment
"Recently, the password reset link is not working Please help.",recently password reset link working please help,negative,login
I noticed that the application crashes when I open my profile Please help.,noticed application crash open profile please help,negative,bug
I noticed that the support team solved my issue quickly Please help.,noticed support team solved issue quickly please help,positive,support
"Unfortunately, it would be useful to have a wishlist Please help.",unfortunately would useful wishlist please help,neutral,feature_request
"For some reason, the app crashes whenever I upload a file Please help.",reason app crash whenever upload file please help,negative,bug
I am having trouble because the menu layout is confusing Please help.,trouble menu layout confusing please help,positive,ui
"Today, please add a filter for previous orders Please help.",today please add filter previous order please help,positive,feature_request
"For some reason, the password reset link is not working This happens repeatedly.",reason password reset link working happens repeatedly,negative,login
"Today, the transaction was declined This happens repeatedly.",today transaction declined happens repeatedly,negative,payment
Pages are loading slowly,page loading slowly,negative,performance
I noticed that i have not received a response from support Can you fix this?,noticed received response support fix,negative,support
"Unfortunately, i cannot login to my account This happens repeatedly.",unfortunately login account happens repeatedly,negative,login
"Today, my payment is stuck Please look into it.",today payment stuck please look,negative,payment
"Unfortunately, the buttons are difficult to find This happens repeatedly.",unfortunately button difficult find happens repeatedly,positive,ui
I noticed that it would be great to have a dark theme This happens repeatedly.,noticed would great dark theme happens repeatedly,neutral,feature_request
"Today, pages are loading slowly Please help.",today page loading slowly please help,negative,performance
"For some reason, the website response time is very poor This happens repeatedly.",reason website response time poor happens repeatedly,negative,performance
The dashboard looks great Please help.,dashboard look great please help,neutral,ui
I am having trouble because it would be useful to have a wishlist,trouble would useful wishlist,neutral,feature_request
"Honestly, the support experience was disappointing Please look into it.",honestly support experience disappointing please look,positive,support
I am having trouble because i am unable to access my account Please look into it.,trouble unable access account please look,negative,login
"For some reason, my account login keeps failing Please look into it.",reason account login keep failing please look,negative,login
"Honestly, customer service was very helpful Please look into it.",honestly customer service helpful please look,negative,support
"Today, the page becomes blank after clicking the button I need assistance.",today page becomes blank clicking button need assistance,negative,bug
"Honestly, i would like to schedule deliveries",honestly would like schedule delivery,positive,feature_request
"For some reason, the design is simple and user friendly",reason design simple user friendly,positive,ui
"Unfortunately, please add a filter for previous orders",unfortunately please add filter previous order,neutral,feature_request
"For some reason, the page becomes blank after clicking the button Please help.",reason page becomes blank clicking button please help,negative,bug
"Honestly, i have not received a response from support This is frustrating.",honestly received response support frustrating,negative,support
I found a bug in the checkout process Can you fix this?,found bug checkout process fix,negative,bug
"Honestly, the menu layout is confusing",honestly menu layout confusing,negative,ui
I noticed that every screen takes a long time to open,noticed every screen take long time open,negative,performance
"Unfortunately, please add notifications for price changes I need assistance.",unfortunately please add notification price change need assistance,positive,feature_request
I am having trouble because the interface needs improvement I need assistance.,trouble interface need improvement need assistance,negative,ui
I would like to schedule deliveries This happens repeatedly.,would like schedule delivery happens repeatedly,neutral,feature_request
I am having trouble because please add dark mode to the application Please help.,trouble please add dark mode application please help,positive,feature_request
I am having trouble because it would be useful to have a wishlist Please look into it.,trouble would useful wishlist please look,positive,feature_request
"Honestly, customer service was very helpful",honestly customer service helpful,negative,support
I noticed that the app shows an error after checkout This is frustrating.,noticed app show error checkout frustrating,negative,bug
Please provide an option to change the language,please provide option change language,neutral,feature_request
I noticed that it would be useful to have a wishlist Please look into it.,noticed would useful wishlist please look,neutral,feature_request
"Today, the navigation is difficult to understand This happens repeatedly.",today navigation difficult understand happens repeatedly,neutral,ui
"Recently, the menu layout is confusing This happens repeatedly.",recently menu layout confusing happens repeatedly,neutral,ui
"For some reason, the application closes unexpectedly Please look into it.",reason application close unexpectedly please look,negative,bug
I noticed that i would like to schedule deliveries Can you fix this?,noticed would like schedule delivery fix,positive,feature_request
"Today, please provide an option to change the language Can you fix this?",today please provide option change language fix,neutral,feature_request
I am having trouble because every screen takes a long time to open,trouble every screen take long time open,negative,performance
"Honestly, i cannot verify my account",honestly verify account,negative,login
I noticed that support took too long to respond Can you fix this?,noticed support took long respond fix,negative,support
"Today, the navigation is difficult to understand",today navigation difficult understand,neutral,ui
"Today, the app takes too long to load This is frustrating.",today app take long load frustrating,neutral,performance
"Today, i found a bug in the checkout process Can you fix this?",today found bug checkout process fix,negative,bug
"For some reason, the application interface is easy to use Please help.",reason application interface easy use please help,negative,ui
I noticed that the app logs me out whenever I try to sign in I need assistance.,noticed app log whenever try sign need assistance,negative,login
I am having trouble because i cannot login to my account Please help.,trouble login account please help,negative,login
"Today, the page becomes blank after clicking the button This happens repeatedly.",today page becomes blank clicking button happens repeatedly,negative,bug
"Honestly, it takes forever to open the dashboard I need assistance.",honestly take forever open dashboard need assistance,negative,performance
"Today, it would be great to have a dark theme Please help.",today would great dark theme please help,positive,feature_request
"Unfortunately, i cannot complete the payment This is frustrating.",unfortunately complete payment frustrating,negative,payment
"Honestly, please add notifications for price changes",honestly please add notification price change,neutral,feature_request
"Recently, pages are loading slowly Please look into it.",recently page loading slowly please look,negative,performance
I cannot verify my account This is frustrating.,verify account frustrating,negative,login
It would be great to have a dark theme,would great dark theme,neutral,feature_request
"Unfortunately, it takes forever to open the dashboard Please look into it.",unfortunately take forever open dashboard please look,negative,performance
"Unfortunately, the new interface looks clean Please help.",unfortunately new interface look clean please help,positive,ui
"For some reason, the application is lagging badly I need assistance.",reason application lagging badly need assistance,negative,performance
"Unfortunately, the application is very slow",unfortunately application slow,neutral,performance
"Today, the password reset link is not working Please look into it.",today password reset link working please look,negative,login
"Today, customer service was very helpful",today customer service helpful,neutral,support
I am having trouble because the card payment keeps failing Please help.,trouble card payment keep failing please help,negative,payment
"Recently, it takes forever to open the dashboard I need assistance.",recently take forever open dashboard need assistance,negative,performance
"Unfortunately, login takes me back to the sign in page I need assistance.",unfortunately login take back sign page need assistance,negative,login
I noticed that the interface needs improvement This happens repeatedly.,noticed interface need improvement happens repeatedly,positive,ui
I am having trouble because login takes me back to the sign in page Please help.,trouble login take back sign page please help,negative,login
I noticed that i found a bug in the checkout process I need assistance.,noticed found bug checkout process need assistance,negative,bug
"Recently, i found a bug in the checkout process This is frustrating.",recently found bug checkout process frustrating,negative,bug
"Today, the app shows an error after checkout",today app show error checkout,neutral,bug
UPI payment is not going through Can you fix this?,upi payment going fix,negative,payment
"Unfortunately, i would like to schedule deliveries Please help.",unfortunately would like schedule delivery please help,neutral,feature_request
The application is lagging badly This is frustrating.,application lagging badly frustrating,negative,performance
I noticed that the customer care representative was helpful Please look into it.,noticed customer care representative helpful please look,negative,support
"Today, the navigation is difficult to understand Can you fix this?",today navigation difficult understand fix,positive,ui
The text on the screen is too small I need assistance.,text screen small need assistance,positive,ui
The password reset link is not working I need assistance.,password reset link working need assistance,negative,login
"Unfortunately, the text on the screen is too small I need assistance.",unfortunately text screen small need assistance,negative,ui
I found a bug in the checkout process,found bug checkout process,negative,bug
"Recently, the dashboard looks great",recently dashboard look great,positive,ui
"Recently, the application is very slow Can you fix this?",recently application slow fix,negative,performance
"Honestly, can you add fingerprint login Please help.",honestly add fingerprint login please help,neutral,feature_request
"For some reason, i cannot verify my account Please look into it.",reason verify account please look,negative,login
"Today, the app crashes whenever I upload a file This happens repeatedly.",today app crash whenever upload file happens repeatedly,negative,bug
"Honestly, the application interface is easy to use This happens repeatedly.",honestly application interface easy use happens repeatedly,negative,ui
I am having trouble because the navigation is difficult to understand I need assistance.,trouble navigation difficult understand need assistance,positive,ui
"Today, something is broken in the application Please help.",today something broken application please help,negative,bug
"Today, i found a bug in the checkout process This happens repeatedly.",today found bug checkout process happens repeatedly,negative,bug
"Unfortunately, i was charged but the order was not placed This is frustrating.",unfortunately charged order placed frustrating,negative,payment
I am having trouble because i cannot complete the payment,trouble complete payment,negative,payment
I noticed that money was deducted but the payment failed Can you fix this?,noticed money deducted payment failed fix,negative,payment
"Honestly, please add dark mode to the application Please help.",honestly please add dark mode application please help,neutral,feature_request
I noticed that i am happy with the assistance I received Please look into it.,noticed happy assistance received please look,neutral,support
"Unfortunately, the support experience was disappointing This happens repeatedly.",unfortunately support experience disappointing happens repeatedly,neutral,support
I am having trouble because the website is extremely slow today I need assistance.,trouble website extremely slow today need assistance,negative,performance
"Today, the application crashes when I open my profile Can you fix this?",today application crash open profile fix,negative,bug
"For some reason, i found a bug in the checkout process",reason found bug checkout process,neutral,bug
I am having trouble because please add notifications for price changes Can you fix this?,trouble please add notification price change fix,neutral,feature_request
I am having trouble because i was charged but the order was not placed Please look into it.,trouble charged order placed please look,negative,payment
I am having trouble because the application is lagging badly,trouble application lagging badly,negative,performance
"For some reason, please add notifications for price changes Can you fix this?",reason please add notification price change fix,neutral,feature_request
I am having trouble because i found a bug in the checkout process Can you fix this?,trouble found bug checkout process fix,neutral,bug
"Unfortunately, the application is lagging badly",unfortunately application lagging badly,negative,performance
"Honestly, the transaction was declined",honestly transaction declined,negative,payment
"Honestly, my payment is stuck",honestly payment stuck,negative,payment
"For some reason, the website is extremely slow today Can you fix this?",reason website extremely slow today fix,negative,performance
I noticed that the app becomes slow during checkout Can you fix this?,noticed app becomes slow checkout fix,negative,performance
"For some reason, the payment page shows an error Can you fix this?",reason payment page show error fix,neutral,payment
"Recently, the customer care representative was helpful Please look into it.",recently customer care representative helpful please look,positive,support
"Today, the website is extremely slow today This is frustrating.",today website extremely slow today frustrating,negative,performance
"Honestly, the website is extremely slow today This happens repeatedly.",honestly website extremely slow today happens repeatedly,negative,performance
I noticed that the application is very slow This happens repeatedly.,noticed application slow happens repeatedly,negative,performance
"Today, please provide an option to change the language I need assistance.",today please provide option change language need assistance,positive,feature_request
I am having trouble because i am unable to pay for my order I need assistance.,trouble unable pay order need assistance,negative,payment
I noticed that the transaction was declined Please look into it.,noticed transaction declined please look,negative,payment
"Honestly, please add more payment methods Please look into it.",honestly please add payment method please look,neutral,feature_request
"Recently, the colors and layout make the app easy to use Can you fix this?",recently color layout make app easy use fix,positive,ui
"Today, the OTP is not arriving during login This happens repeatedly.",today otp arriving login happens repeatedly,negative,login
"Today, i am happy with the assistance I received Please help.",today happy assistance received please help,negative,support
I noticed that the application is lagging badly Please look into it.,noticed application lagging badly please look,negative,performance
"Today, the search results are incorrect I need assistance.",today search result incorrect need assistance,negative,bug
I am having trouble because please provide an option to change the language Please look into it.,trouble please provide option change language please look,positive,feature_request
"Honestly, the login page is not working Please look into it.",honestly login page working please look,negative,login
"Honestly, i am happy with the assistance I received This happens repeatedly.",honestly happy assistance received happens repeatedly,negative,support
I am having trouble because the app shows an error after checkout I need assistance.,trouble app show error checkout need assistance,negative,bug
"For some reason, the design is simple and user friendly Can you fix this?",reason design simple user friendly fix,positive,ui
"For some reason, the menu layout is confusing Please look into it.",reason menu layout confusing please look,neutral,ui
"Honestly, the app crashes whenever I upload a file This is frustrating.",honestly app crash whenever upload file frustrating,negative,bug
"For some reason, i cannot complete the payment I need assistance.",reason complete payment need assistance,negative,payment
"Honestly, the application freezes frequently This happens repeatedly.",honestly application freeze frequently happens repeatedly,neutral,performance
"For some reason, pages are loading slowly Please help.",reason page loading slowly please help,negative,performance
"Honestly, login takes me back to the sign in page Can you fix this?",honestly login take back sign page fix,negative,login
"Recently, money was deducted but the payment failed Can you fix this?",recently money deducted payment failed fix,negative,payment
"Honestly, the application is lagging badly This is frustrating.",honestly application lagging badly frustrating,negative,performance
"Today, i was charged but the order was not placed Can you fix this?",today charged order placed fix,negative,payment
"Today, my payment is stuck I need assistance.",today payment stuck need assistance,negative,payment
"For some reason, the card payment keeps failing This is frustrating.",reason card payment keep failing frustrating,negative,payment
"Unfortunately, something is broken in the application This happens repeatedly.",unfortunately something broken application happens repeatedly,neutral,bug
I noticed that the interface needs improvement I need assistance.,noticed interface need improvement need assistance,negative,ui
"Today, i am happy with the assistance I received This happens repeatedly.",today happy assistance received happens repeatedly,positive,support
"Today, the support team did not resolve my problem This happens repeatedly.",today support team resolve problem happens repeatedly,positive,support
"Today, my payment failed while placing the order This happens repeatedly.",today payment failed placing order happens repeatedly,negative,payment
"Honestly, the application interface is easy to use This is frustrating.",honestly application interface easy use frustrating,neutral,ui
"Honestly, every screen takes a long time to open",honestly every screen take long time open,negative,performance
The design is simple and user friendly,design simple user friendly,negative,ui
"Honestly, the password reset link is not working I need assistance.",honestly password reset link working need assistance,negative,login
I noticed that the support team solved my issue quickly I need assistance.,noticed support team solved issue quickly need assistance,neutral,support
"Honestly, i have not received a response from support Can you fix this?",honestly received response support fix,neutral,support
The app takes too long to load I need assistance.,app take long load need assistance,negative,performance
"Honestly, can you add fingerprint login This happens repeatedly.",honestly add fingerprint login happens repeatedly,positive,feature_request
"For some reason, i would like an option to download invoices Please look into it.",reason would like option download invoice please look,neutral,feature_request
I noticed that please add notifications for price changes Can you fix this?,noticed please add notification price change fix,neutral,feature_request
"Recently, the application is lagging badly Please look into it.",recently application lagging badly please look,negative,performance
"Honestly, something is broken in the application This happens repeatedly.",honestly something broken application happens repeatedly,negative,bug
"Today, i am happy with the assistance I received Can you fix this?",today happy assistance received fix,positive,support
I am having trouble because my account login keeps failing This is frustrating.,trouble account login keep failing frustrating,negative,login
The colors and layout make the app easy to use,color layout make app easy use,positive,ui
I noticed that the application closes unexpectedly This happens repeatedly.,noticed application close unexpectedly happens repeatedly,negative,bug
I noticed that my payment failed while placing the order This is frustrating.,noticed payment failed placing order frustrating,negative,payment
"For some reason, the support team solved my issue quickly Please look into it.",reason support team solved issue quickly please look,negative,support
"Today, the page becomes blank after clicking the button Please help.",today page becomes blank clicking button please help,negative,bug
The text on the screen is too small I need assistance.,text screen small need assistance,negative,ui
"For some reason, the app takes too long to load Can you fix this?",reason app take long load fix,negative,performance
Please add notifications for price changes,please add notification price change,neutral,feature_request
The support experience was disappointing Please look into it.,support experience disappointing please look,positive,support
The new interface looks clean Can you fix this?,new interface look clean fix,positive,ui
The app becomes slow during checkout I need assistance.,app becomes slow checkout need assistance,negative,performance
"Today, i forgot my password and cannot sign in Please look into it.",today forgot password sign please look,negative,login
"Honestly, support took too long to respond This happens repeatedly.",honestly support took long respond happens repeatedly,negative,support
I noticed that the website response time is very poor Please help.,noticed website response time poor please help,negative,performance
I am having trouble because the dashboard looks great I need assistance.,trouble dashboard look great need assistance,neutral,ui
"Honestly, the navigation is difficult to understand This is frustrating.",honestly navigation difficult understand frustrating,positive,ui
"For some reason, the app logs me out whenever I try to sign in This happens repeatedly.",reason app log whenever try sign happens repeatedly,negative,login
I am having trouble because customer service was very helpful,trouble customer service helpful,positive,support
I forgot my password and cannot sign in,forgot password sign,negative,login
"Today, the OTP is not arriving during login Please look into it.",today otp arriving login please look,negative,login
"Unfortunately, the login page is not working Can you fix this?",unfortunately login page working fix,negative,login
"Today, pages are loading slowly Can you fix this?",today page loading slowly fix,negative,performance
Please add notifications for price changes,please add notification price change,neutral,feature_request
The application is very slow Please look into it.,application slow please look,negative,performance
"Unfortunately, the website is extremely slow today Can you fix this?",unfortunately website extremely slow today fix,negative,performance
Please add notifications for price changes This happens repeatedly.,please add notification price change happens repeatedly,neutral,feature_request
"For some reason, i cannot login to my account Please look into it.",reason login account please look,negative,login
"Today, customer service was very helpful This is frustrating.",today customer service helpful frustrating,negative,support
"Honestly, money was deducted but the payment failed Can you fix this?",honestly money deducted payment failed fix,negative,payment
"Recently, my payment is stuck Can you fix this?",recently payment stuck fix,negative,payment
I noticed that the app takes too long to load This happens repeatedly.,noticed app take long load happens repeatedly,negative,performance
"For some reason, the support staff were polite and professional This is frustrating.",reason support staff polite professional frustrating,negative,support
I am having trouble because the OTP is not arriving during login This happens repeatedly.,trouble otp arriving login happens repeatedly,negative,login
"For some reason, customer service was very helpful",reason customer service helpful,positive,support
"Honestly, every screen takes a long time to open Can you fix this?",honestly every screen take long time open fix,neutral,performance
"For some reason, the application interface is easy to use I need assistance.",reason application interface easy use need assistance,negative,ui
"Unfortunately, i have not received a response from support",unfortunately received response support,positive,support
I am having trouble because the navigation is difficult to understand I need assistance.,trouble navigation difficult understand need assistance,negative,ui
"For some reason, it would be great to have a dark theme This is frustrating.",reason would great dark theme frustrating,neutral,feature_request
"For some reason, the order status is displaying incorrectly Can you fix this?",reason order status displaying incorrectly fix,negative,bug
"Today, the password reset link is not working This is frustrating.",today password reset link working frustrating,negative,login
I noticed that the colors and layout make the app easy to use This is frustrating.,noticed color layout make app easy use frustrating,negative,ui
"Unfortunately, the order status is displaying incorrectly I need assistance.",unfortunately order status displaying incorrectly need assistance,negative,bug
I noticed that please add dark mode to the application Please look into it.,noticed please add dark mode application please look,neutral,feature_request
The OTP is not arriving during login This is frustrating.,otp arriving login frustrating,negative,login
"Unfortunately, the OTP is not arriving during login This is frustrating.",unfortunately otp arriving login frustrating,negative,login
I found a bug in the checkout process This happens repeatedly.,found bug checkout process happens repeatedly,neutral,bug
"For some reason, i cannot login to my account I need assistance.",reason login account need assistance,neutral,login
I am having trouble because the dashboard looks great,trouble dashboard look great,negative,ui
"Today, the application freezes frequently",today application freeze frequently,negative,performance
"Recently, the search results are incorrect Can you fix this?",recently search result incorrect fix,negative,bug
"Today, it would be useful to have a wishlist This is frustrating.",today would useful wishlist frustrating,neutral,feature_request
"Today, the support team did not resolve my problem",today support team resolve problem,positive,support
I am having trouble because the payment page shows an error This is frustrating.,trouble payment page show error frustrating,neutral,payment
"Honestly, pages are loading slowly Please help.",honestly page loading slowly please help,negative,performance
"For some reason, it would be great to have a dark theme Please look into it.",reason would great dark theme please look,positive,feature_request
"For some reason, the app logs me out whenever I try to sign in This happens repeatedly.",reason app log whenever try sign happens repeatedly,negative,login
I noticed that i cannot login to my account Please look into it.,noticed login account please look,negative,login
"Honestly, customer service was very helpful This is frustrating.",honestly customer service helpful frustrating,negative,support
The dashboard looks great,dashboard look great,positive,ui
I noticed that the OTP is not arriving during login,noticed otp arriving login,negative,login
I noticed that i cannot verify my account This is frustrating.,noticed verify account frustrating,negative,login
"Unfortunately, please add dark mode to the application Please look into it.",unfortunately please add dark mode application please look,neutral,feature_request
"Unfortunately, i cannot complete the payment",unfortunately complete payment,negative,payment
"For some reason, the app logs me out whenever I try to sign in I need assistance.",reason app log whenever try sign need assistance,negative,login
"Honestly, the dashboard looks great Can you fix this?",honestly dashboard look great fix,neutral,ui
I am having trouble because the customer care representative was helpful Please look into it.,trouble customer care representative helpful please look,positive,support
"For some reason, please add a filter for previous orders Can you fix this?",reason please add filter previous order fix,positive,feature_request
"Honestly, the colors and layout make the app easy to use",honestly color layout make app easy use,neutral,ui
I am having trouble because i cannot complete the payment This is frustrating.,trouble complete payment frustrating,negative,payment
"Unfortunately, the text on the screen is too small This is frustrating.",unfortunately text screen small frustrating,negative,ui
"Today, the app takes too long to load Can you fix this?",today app take long load fix,negative,performance
I noticed that the app crashes whenever I upload a file This happens repeatedly.,noticed app crash whenever upload file happens repeatedly,neutral,bug
The colors and layout make the app easy to use This happens repeatedly.,color layout make app easy use happens repeatedly,negative,ui
"Unfortunately, the search results are incorrect Please help.",unfortunately search result incorrect please help,negative,bug
I noticed that the text on the screen is too small This happens repeatedly.,noticed text screen small happens repeatedly,negative,ui
"Recently, i would like an option to download invoices This is frustrating.",recently would like option download invoice frustrating,neutral,feature_request
I am having trouble because i cannot verify my account I need assistance.,trouble verify account need assistance,negative,login
"Unfortunately, please add a filter for previous orders Can you fix this?",unfortunately please add filter previous order fix,neutral,feature_request
Please add notifications for price changes Please look into it.,please add notification price change please look,neutral,feature_request
Please add dark mode to the application Please look into it.,please add dark mode application please look,neutral,feature_request
"Today, i would like an option to download invoices Please help.",today would like option download invoice please help,positive,feature_request
I am having trouble because my account login keeps failing Can you fix this?,trouble account login keep failing fix,negative,login
I am having trouble because the application is lagging badly This happens repeatedly.,trouble application lagging badly happens repeatedly,negative,performance
Something is broken in the application This is frustrating.,something broken application frustrating,negative,bug
"Unfortunately, the application is lagging badly Please look into it.",unfortunately application lagging badly please look,negative,performance
"Recently, i am unable to access my account This is frustrating.",recently unable access account frustrating,negative,login
I noticed that the app shows an error after checkout I need assistance.,noticed app show error checkout need assistance,negative,bug
"Honestly, the card payment keeps failing Please look into it.",honestly card payment keep failing please look,negative,payment
"For some reason, please add a filter for previous orders Please help.",reason please add filter previous order please help,positive,feature_request
I noticed that the dashboard looks great This happens repeatedly.,noticed dashboard look great happens repeatedly,negative,ui
"Today, the application crashes when I open my profile This is frustrating.",today application crash open profile frustrating,negative,bug
I noticed that the application crashes when I open my profile Please help.,noticed application crash open profile please help,negative,bug
"For some reason, the app logs me out whenever I try to sign in I need assistance.",reason app log whenever try sign need assistance,negative,login
"Recently, the support staff were polite and professional I need assistance.",recently support staff polite professional need assistance,positive,support
The payment page shows an error I need assistance.,payment page show error need assistance,negative,payment
"Today, login takes me back to the sign in page This is frustrating.",today login take back sign page frustrating,negative,login
"Today, the app shows an error after checkout Can you fix this?",today app show error checkout fix,negative,bug
The new interface looks clean Please look into it.,new interface look clean please look,negative,ui
"Honestly, can you add fingerprint login I need assistance.",honestly add fingerprint login need assistance,neutral,feature_request
I noticed that i cannot login to my account This happens repeatedly.,noticed login account happens repeatedly,negative,login
The buttons are difficult to find I need assistance.,button difficult find need assistance,positive,ui
I am having trouble because my payment is stuck This is frustrating.,trouble payment stuck frustrating,negative,payment
"For some reason, the app takes too long to load Please help.",reason app take long load please help,neutral,performance
The page becomes blank after clicking the button This happens repeatedly.,page becomes blank clicking button happens repeatedly,neutral,bug
"Today, the application is very slow This happens repeatedly.",today application slow happens repeatedly,negative,performance
"Today, i am happy with the assistance I received Can you fix this?",today happy assistance received fix,positive,support
"Honestly, support took too long to respond",honestly support took long respond,positive,support
I am having trouble because the transaction was declined,trouble transaction declined,negative,payment
"Honestly, i cannot login to my account Can you fix this?",honestly login account fix,negative,login
"For some reason, the buttons are difficult to find",reason button difficult find,negative,ui
I noticed that the application is very slow This happens repeatedly.,noticed application slow happens repeatedly,negative,performance
"Honestly, nobody from customer support has contacted me",honestly nobody customer support contacted,negative,support
The page becomes blank after clicking the button,page becomes blank clicking button,negative,bug
I am having trouble because the application interface is easy to use Please help.,trouble application interface easy use please help,negative,ui
"Recently, something is broken in the application",recently something broken application,negative,bug
I am having trouble because i am happy with the assistance I received Can you fix this?,trouble happy assistance received fix,negative,support
"Today, my account login keeps failing This is frustrating.",today account login keep failing frustrating,negative,login
"Today, uPI payment is not going through This is frustrating.",today upi payment going frustrating,negative,payment
I noticed that the OTP is not arriving during login,noticed otp arriving login,negative,login
I cannot verify my account,verify account,negative,login
"Unfortunately, the application crashes when I open my profile I need assistance.",unfortunately application crash open profile need assistance,negative,bug
"Unfortunately, the design is simple and user friendly This happens repeatedly.",unfortunately design simple user friendly happens repeatedly,neutral,ui
"Recently, i am unable to pay for my order This happens repeatedly.",recently unable pay order happens repeatedly,negative,payment
"For some reason, the order status is displaying incorrectly This happens repeatedly.",reason order status displaying incorrectly happens repeatedly,negative,bug
I noticed that the search results are incorrect,noticed search result incorrect,negative,bug
"Honestly, it would be great to have a dark theme Please look into it.",honestly would great dark theme please look,neutral,feature_request
"Recently, my account login keeps failing This happens repeatedly.",recently account login keep failing happens repeatedly,neutral,login
"Honestly, the interface needs improvement",honestly interface need improvement,positive,ui
"Honestly, the navigation is difficult to understand This happens repeatedly.",honestly navigation difficult understand happens repeatedly,positive,ui
The support team did not resolve my problem I need assistance.,support team resolve problem need assistance,negative,support
The OTP is not arriving during login Please look into it.,otp arriving login please look,negative,login
"Honestly, the design is simple and user friendly Please help.",honestly design simple user friendly please help,positive,ui
"Honestly, the menu layout is confusing",honestly menu layout confusing,positive,ui
"Recently, the support team did not resolve my problem This is frustrating.",recently support team resolve problem frustrating,positive,support
Please add a filter for previous orders Please help.,please add filter previous order please help,neutral,feature_request
"Today, the support staff were polite and professional This happens repeatedly.",today support staff polite professional happens repeatedly,negative,support
I would like to schedule deliveries Please help.,would like schedule delivery please help,neutral,feature_request
"Recently, i cannot complete the payment This is frustrating.",recently complete payment frustrating,negative,payment
"Today, the new interface looks clean",today new interface look clean,negative,ui
"Unfortunately, the new interface looks clean This happens repeatedly.",unfortunately new interface look clean happens repeatedly,neutral,ui
I am having trouble because the menu layout is confusing This is frustrating.,trouble menu layout confusing frustrating,positive,ui
"Today, the support staff were polite and professional",today support staff polite professional,positive,support
"Today, i was charged but the order was not placed This is frustrating.",today charged order placed frustrating,negative,payment
The new interface looks clean This happens repeatedly.,new interface look clean happens repeatedly,positive,ui
"Unfortunately, i cannot login to my account I need assistance.",unfortunately login account need assistance,negative,login
"For some reason, i am unable to access my account",reason unable access account,negative,login
"Recently, the OTP is not arriving during login Please look into it.",recently otp arriving login please look,negative,login
"For some reason, the text on the screen is too small Please look into it.",reason text screen small please look,neutral,ui
"For some reason, the support team did not resolve my problem Can you fix this?",reason support team resolve problem fix,negative,support
"Today, the app logs me out whenever I try to sign in This happens repeatedly.",today app log whenever try sign happens repeatedly,negative,login
"Unfortunately, the buttons are difficult to find Please help.",unfortunately button difficult find please help,negative,ui
"Today, the support staff were polite and professional This happens repeatedly.",today support staff polite professional happens repeatedly,negative,support
I am having trouble because please add notifications for price changes Please help.,trouble please add notification price change please help,neutral,feature_request
"For some reason, the order status is displaying incorrectly",reason order status displaying incorrectly,negative,bug
The application freezes frequently I need assistance.,application freeze frequently need assistance,neutral,performance
"Unfortunately, please add a filter for previous orders I need assistance.",unfortunately please add filter previous order need assistance,neutral,feature_request
The design is simple and user friendly Can you fix this?,design simple user friendly fix,negative,ui
I am having trouble because it would be useful to have a wishlist I need assistance.,trouble would useful wishlist need assistance,neutral,feature_request
"Unfortunately, the interface needs improvement Please look into it.",unfortunately interface need improvement please look,positive,ui
I noticed that the app takes too long to load I need assistance.,noticed app take long load need assistance,negative,performance
"Honestly, uPI payment is not going through This happens repeatedly.",honestly upi payment going happens repeatedly,negative,payment
"For some reason, can you add fingerprint login This happens repeatedly.",reason add fingerprint login happens repeatedly,neutral,feature_request
"Recently, please add notifications for price changes Please help.",recently please add notification price change please help,neutral,feature_request
The application freezes frequently This is frustrating.,application freeze frequently frustrating,negative,performance
The menu layout is confusing This happens repeatedly.,menu layout confusing happens repeatedly,positive,ui
The password reset link is not working Please help.,password reset link working please help,neutral,login
"Honestly, the application interface is easy to use Please look into it.",honestly application interface easy use please look,neutral,ui
"Recently, the application is very slow This happens repeatedly.",recently application slow happens repeatedly,negative,performance
"Unfortunately, it would be useful to have a wishlist I need assistance.",unfortunately would useful wishlist need assistance,neutral,feature_request
My account login keeps failing This is frustrating.,account login keep failing frustrating,negative,login
"For some reason, the interface needs improvement This happens repeatedly.",reason interface need improvement happens repeatedly,positive,ui
"Today, money was deducted but the payment failed This happens repeatedly.",today money deducted payment failed happens repeatedly,neutral,payment
"Unfortunately, the password reset link is not working Please help.",unfortunately password reset link working please help,negative,login
"Recently, the app becomes slow during checkout I need assistance.",recently app becomes slow checkout need assistance,negative,performance
The app takes too long to load This happens repeatedly.,app take long load happens repeatedly,negative,performance
I noticed that please add dark mode to the application Can you fix this?,noticed please add dark mode application fix,neutral,feature_request
I am having trouble because please add dark mode to the application Can you fix this?,trouble please add dark mode application fix,neutral,feature_request
"Recently, the interface needs improvement",recently interface need improvement,negative,ui
The notification is showing the wrong information This happens repeatedly.,notification showing wrong information happens repeatedly,negative,bug
"Recently, the application freezes frequently This happens repeatedly.",recently application freeze frequently happens repeatedly,neutral,performance
"For some reason, the support staff were polite and professional",reason support staff polite professional,neutral,support
"Recently, i cannot login to my account I need assistance.",recently login account need assistance,negative,login
"Honestly, the transaction was declined I need assistance.",honestly transaction declined need assistance,negative,payment
I noticed that the application is very slow Can you fix this?,noticed application slow fix,negative,performance
"For some reason, the interface needs improvement This is frustrating.",reason interface need improvement frustrating,negative,ui
"Recently, the colors and layout make the app easy to use Please look into it.",recently color layout make app easy use please look,neutral,ui
I am having trouble because the application is very slow,trouble application slow,negative,performance
I am having trouble because i would like to schedule deliveries Can you fix this?,trouble would like schedule delivery fix,neutral,feature_request
"Today, the application crashes when I open my profile I need assistance.",today application crash open profile need assistance,negative,bug
The new interface looks clean Please help.,new interface look clean please help,negative,ui
I am having trouble because i cannot verify my account I need assistance.,trouble verify account need assistance,negative,login
"Honestly, please add dark mode to the application",honestly please add dark mode application,neutral,feature_request
"For some reason, i cannot login to my account This happens repeatedly.",reason login account happens repeatedly,negative,login
I noticed that please add notifications for price changes This happens repeatedly.,noticed please add notification price change happens repeatedly,positive,feature_request
"Today, pages are loading slowly This happens repeatedly.",today page loading slowly happens repeatedly,negative,performance
"Honestly, the login page is not working Please look into it.",honestly login page working please look,negative,login
The website response time is very poor Please look into it.,website response time poor please look,neutral,performance
"Recently, the payment page shows an error Please look into it.",recently payment page show error please look,negative,payment
"Today, i am happy with the assistance I received",today happy assistance received,positive,support
"For some reason, i found a bug in the checkout process This happens repeatedly.",reason found bug checkout process happens repeatedly,negative,bug
I am having trouble because i cannot verify my account This is frustrating.,trouble verify account frustrating,neutral,login
"Unfortunately, the interface needs improvement This is frustrating.",unfortunately interface need improvement frustrating,negative,ui
"For some reason, money was deducted but the payment failed",reason money deducted payment failed,negative,payment
I noticed that please provide an option to change the language Please help.,noticed please provide option change language please help,neutral,feature_request
I am having trouble because i cannot complete the payment Please help.,trouble complete payment please help,negative,payment
"Honestly, uPI payment is not going through This happens repeatedly.",honestly upi payment going happens repeatedly,negative,payment
"Recently, the support staff were polite and professional",recently support staff polite professional,negative,support
"Unfortunately, please add more payment methods I need assistance.",unfortunately please add payment method need assistance,neutral,feature_request
I noticed that the application is lagging badly This is frustrating.,noticed application lagging badly frustrating,negative,performance
"Today, support took too long to respond Please look into it.",today support took long respond please look,positive,support
"Honestly, the navigation is difficult to understand Can you fix this?",honestly navigation difficult understand fix,negative,ui
I am having trouble because the payment page shows an error This is frustrating.,trouble payment page show error frustrating,negative,payment
"Unfortunately, the support team solved my issue quickly Can you fix this?",unfortunately support team solved issue quickly fix,positive,support
"For some reason, please add a filter for previous orders I need assistance.",reason please add filter previous order need assistance,neutral,feature_request
"Unfortunately, customer service was very helpful I need assistance.",unfortunately customer service helpful need assistance,negative,support
"Today, the app becomes slow during checkout Please help.",today app becomes slow checkout please help,negative,performance
I am unable to pay for my order This happens repeatedly.,unable pay order happens repeatedly,negative,payment
"Recently, the OTP is not arriving during login",recently otp arriving login,negative,login
"Honestly, the new interface looks clean Please look into it.",honestly new interface look clean please look,positive,ui
"Unfortunately, please add more payment methods This happens repeatedly.",unfortunately please add payment method happens repeatedly,neutral,feature_request
"Unfortunately, please add dark mode to the application Can you fix this?",unfortunately please add dark mode application fix,neutral,feature_request
"Today, the notification is showing the wrong information Please help.",today notification showing wrong information please help,neutral,bug
"Unfortunately, the customer care representative was helpful This is frustrating.",unfortunately customer care representative helpful frustrating,positive,support
"For some reason, my payment is stuck Please help.",reason payment stuck please help,negative,payment
"Unfortunately, please add a filter for previous orders This is frustrating.",unfortunately please add filter previous order frustrating,positive,feature_request
"For some reason, i am unable to access my account Can you fix this?",reason unable access account fix,neutral,login
"Recently, please provide an option to change the language This happens repeatedly.",recently please provide option change language happens repeatedly,positive,feature_request
"Unfortunately, the application freezes frequently Can you fix this?",unfortunately application freeze frequently fix,negative,performance
"Honestly, the application crashes when I open my profile Can you fix this?",honestly application crash open profile fix,negative,bug
"Recently, the page becomes blank after clicking the button I need assistance.",recently page becomes blank clicking button need assistance,negative,bug
I noticed that i was charged but the order was not placed I need assistance.,noticed charged order placed need assistance,negative,payment
Every screen takes a long time to open Please look into it.,every screen take long time open please look,negative,performance
The application freezes frequently Can you fix this?,application freeze frequently fix,negative,performance
I noticed that i have not received a response from support This is frustrating.,noticed received response support frustrating,neutral,support
I am having trouble because support took too long to respond This happens repeatedly.,trouble support took long respond happens repeatedly,positive,support
It would be great to have a dark theme Please look into it.,would great dark theme please look,neutral,feature_request
"Today, the colors and layout make the app easy to use Please look into it.",today color layout make app easy use please look,positive,ui
"For some reason, the card payment keeps failing Can you fix this?",reason card payment keep failing fix,negative,payment
"Unfortunately, login takes me back to the sign in page Please help.",unfortunately login take back sign page please help,negative,login
"Unfortunately, my payment failed while placing the order This happens repeatedly.",unfortunately payment failed placing order happens repeatedly,negative,payment
I noticed that the app crashes whenever I upload a file This is frustrating.,noticed app crash whenever upload file frustrating,negative,bug
"Honestly, the OTP is not arriving during login This is frustrating.",honestly otp arriving login frustrating,negative,login
I noticed that the password reset link is not working Please look into it.,noticed password reset link working please look,negative,login
"Today, i cannot complete the payment I need assistance.",today complete payment need assistance,negative,payment
"For some reason, nobody from customer support has contacted me",reason nobody customer support contacted,negative,support
"For some reason, i would like to schedule deliveries This is frustrating.",reason would like schedule delivery frustrating,neutral,feature_request
"For some reason, i am unable to access my account Can you fix this?",reason unable access account fix,neutral,login
"Unfortunately, i found a bug in the checkout process Please help.",unfortunately found bug checkout process please help,negative,bug
I am having trouble because money was deducted but the payment failed,trouble money deducted payment failed,negative,payment
"Recently, the application crashes when I open my profile Please help.",recently application crash open profile please help,negative,bug
"Unfortunately, can you add fingerprint login",unfortunately add fingerprint login,neutral,feature_request
"Honestly, the order status is displaying incorrectly Can you fix this?",honestly order status displaying incorrectly fix,negative,bug
"Today, i have not received a response from support I need assistance.",today received response support need assistance,positive,support
"For some reason, my account login keeps failing Please look into it.",reason account login keep failing please look,negative,login
"Unfortunately, the app becomes slow during checkout This happens repeatedly.",unfortunately app becomes slow checkout happens repeatedly,negative,performance
I am having trouble because the app crashes whenever I upload a file This happens repeatedly.,trouble app crash whenever upload file happens repeatedly,negative,bug
"Recently, the interface needs improvement Please look into it.",recently interface need improvement please look,negative,ui
"Recently, i cannot complete the payment This is frustrating.",recently complete payment frustrating,negative,payment
I noticed that i cannot verify my account Please look into it.,noticed verify account please look,negative,login
I am having trouble because support took too long to respond This is frustrating.,trouble support took long respond frustrating,neutral,support
"Recently, the notification is showing the wrong information",recently notification showing wrong information,negative,bug
I am having trouble because i cannot verify my account,trouble verify account,negative,login
"Honestly, i would like an option to download invoices Please help.",honestly would like option download invoice please help,positive,feature_request
"Recently, the dashboard looks great Please help.",recently dashboard look great please help,positive,ui
"Recently, it takes forever to open the dashboard Please help.",recently take forever open dashboard please help,negative,performance
I noticed that the text on the screen is too small,noticed text screen small,positive,ui
"Today, it takes forever to open the dashboard Please help.",today take forever open dashboard please help,negative,performance
"For some reason, the website is extremely slow today This happens repeatedly.",reason website extremely slow today happens repeatedly,negative,performance
"Honestly, money was deducted but the payment failed Can you fix this?",honestly money deducted payment failed fix,neutral,payment
"For some reason, the navigation is difficult to understand This happens repeatedly.",reason navigation difficult understand happens repeatedly,negative,ui
"For some reason, the support team solved my issue quickly This happens repeatedly.",reason support team solved issue quickly happens repeatedly,negative,support
"Unfortunately, please add a filter for previous orders Please look into it.",unfortunately please add filter previous order please look,positive,feature_request
"Recently, the support team did not resolve my problem Please look into it.",recently support team resolve problem please look,positive,support
I am having trouble because i would like to schedule deliveries Please help.,trouble would like schedule delivery please help,positive,feature_request
I am having trouble because customer service was very helpful This happens repeatedly.,trouble customer service helpful happens repeatedly,positive,support
"Recently, the app shows an error after checkout This happens repeatedly.",recently app show error checkout happens repeatedly,negative,bug
I noticed that the app takes too long to load,noticed app take long load,neutral,performance
I am having trouble because i am happy with the assistance I received This happens repeatedly.,trouble happy assistance received happens repeatedly,negative,support
I noticed that the search results are incorrect This happens repeatedly.,noticed search result incorrect happens repeatedly,negative,bug
The search results are incorrect This happens repeatedly.,search result incorrect happens repeatedly,neutral,bug
I am having trouble because the page becomes blank after clicking the button Can you fix this?,trouble page becomes blank clicking button fix,negative,bug
"Honestly, i am unable to pay for my order",honestly unable pay order,negative,payment
"For some reason, the support experience was disappointing Can you fix this?",reason support experience disappointing fix,neutral,support
I am having trouble because the login page is not working,trouble login page working,negative,login
"Unfortunately, i am unable to access my account Please help.",unfortunately unable access account please help,negative,login
The buttons are difficult to find,button difficult find,negative,ui
"Honestly, the search results are incorrect Can you fix this?",honestly search result incorrect fix,negative,bug
The support staff were polite and professional I need assistance.,support staff polite professional need assistance,positive,support
"For some reason, the text on the screen is too small Can you fix this?",reason text screen small fix,negative,ui
"Honestly, the login page is not working Please look into it.",honestly login page working please look,negative,login
I noticed that the new interface looks clean Please help.,noticed new interface look clean please help,positive,ui
"For some reason, please add more payment methods",reason please add payment method,neutral,feature_request
I noticed that the navigation is difficult to understand This happens repeatedly.,noticed navigation difficult understand happens repeatedly,neutral,ui
"Today, nobody from customer support has contacted me Please help.",today nobody customer support contacted please help,positive,support
"Unfortunately, the login page is not working Please help.",unfortunately login page working please help,negative,login
I noticed that the menu layout is confusing This is frustrating.,noticed menu layout confusing frustrating,neutral,ui
"Unfortunately, i forgot my password and cannot sign in Please help.",unfortunately forgot password sign please help,negative,login
"For some reason, customer service was very helpful I need assistance.",reason customer service helpful need assistance,positive,support
"Unfortunately, nobody from customer support has contacted me",unfortunately nobody customer support contacted,negative,support
I noticed that the design is simple and user friendly This happens repeatedly.,noticed design simple user friendly happens repeatedly,positive,ui
"For some reason, it would be useful to have a wishlist This happens repeatedly.",reason would useful wishlist happens repeatedly,neutral,feature_request
I noticed that the dashboard looks great Can you fix this?,noticed dashboard look great fix,negative,ui
"For some reason, please add notifications for price changes Please look into it.",reason please add notification price change please look,neutral,feature_request
I am having trouble because the application closes unexpectedly Can you fix this?,trouble application close unexpectedly fix,negative,bug
I am having trouble because i have not received a response from support Can you fix this?,trouble received response support fix,negative,support
I noticed that the payment page shows an error I need assistance.,noticed payment page show error need assistance,negative,payment
I noticed that the website response time is very poor Please look into it.,noticed website response time poor please look,negative,performance
"Today, the application interface is easy to use Please help.",today application interface easy use please help,positive,ui
I am having trouble because the order status is displaying incorrectly This is frustrating.,trouble order status displaying incorrectly frustrating,negative,bug
I noticed that i cannot verify my account Please look into it.,noticed verify account please look,negative,login
I am having trouble because i am unable to pay for my order This happens repeatedly.,trouble unable pay order happens repeatedly,negative,payment
The design is simple and user friendly This is frustrating.,design simple user friendly frustrating,negative,ui
I noticed that the colors and layout make the app easy to use Please look into it.,noticed color layout make app easy use please look,neutral,ui
"For some reason, i am unable to access my account Can you fix this?",reason unable access account fix,negative,login
Support took too long to respond Please look into it.,support took long respond please look,positive,support
I noticed that the colors and layout make the app easy to use Please look into it.,noticed color layout make app easy use please look,positive,ui
I noticed that my account login keeps failing Can you fix this?,noticed account login keep failing fix,negative,login
"Unfortunately, the design is simple and user friendly I need assistance.",unfortunately design simple user friendly need assistance,negative,ui
I noticed that the app crashes whenever I upload a file Can you fix this?,noticed app crash whenever upload file fix,negative,bug
"Recently, the support team did not resolve my problem This is frustrating.",recently support team resolve problem frustrating,neutral,support
I noticed that the buttons are difficult to find,noticed button difficult find,negative,ui
"For some reason, the menu layout is confusing Please help.",reason menu layout confusing please help,negative,ui
"Today, uPI payment is not going through Please look into it.",today upi payment going please look,negative,payment
Please add more payment methods This happens repeatedly.,please add payment method happens repeatedly,neutral,feature_request
"Unfortunately, the app logs me out whenever I try to sign in This happens repeatedly.",unfortunately app log whenever try sign happens repeatedly,negative,login
"Honestly, customer service was very helpful This is frustrating.",honestly customer service helpful frustrating,negative,support
I noticed that pages are loading slowly This happens repeatedly.,noticed page loading slowly happens repeatedly,negative,performance
"Honestly, the colors and layout make the app easy to use Can you fix this?",honestly color layout make app easy use fix,positive,ui
"Honestly, i cannot login to my account This happens repeatedly.",honestly login account happens repeatedly,negative,login
The interface needs improvement I need assistance.,interface need improvement need assistance,negative,ui
"Today, the app crashes whenever I upload a file Please help.",today app crash whenever upload file please help,neutral,bug
"Recently, uPI payment is not going through This is frustrating.",recently upi payment going frustrating,negative,payment
I noticed that the design is simple and user friendly,noticed design simple user friendly,negative,ui
The menu layout is confusing This is frustrating.,menu layout confusing frustrating,negative,ui
"Honestly, the menu layout is confusing Please help.",honestly menu layout confusing please help,positive,ui
"For some reason, the payment page shows an error This is frustrating.",reason payment page show error frustrating,negative,payment
The app shows an error after checkout Please help.,app show error checkout please help,negative,bug
I am having trouble because pages are loading slowly This is frustrating.,trouble page loading slowly frustrating,negative,performance
"Honestly, pages are loading slowly",honestly page loading slowly,negative,performance
I noticed that i am unable to access my account Can you fix this?,noticed unable access account fix,negative,login
I noticed that i cannot verify my account Please help.,noticed verify account please help,negative,login
"Today, the order status is displaying incorrectly Please help.",today order status displaying incorrectly please help,negative,bug
I noticed that the application crashes when I open my profile This happens repeatedly.,noticed application crash open profile happens repeatedly,negative,bug
"Honestly, the colors and layout make the app easy to use This is frustrating.",honestly color layout make app easy use frustrating,negative,ui
"Today, the buttons are difficult to find Please look into it.",today button difficult find please look,positive,ui
"Unfortunately, the application closes unexpectedly This happens repeatedly.",unfortunately application close unexpectedly happens repeatedly,negative,bug
"Honestly, it would be great to have a dark theme Please help.",honestly would great dark theme please help,positive,feature_request
Pages are loading slowly,page loading slowly,negative,performance
"Honestly, the website response time is very poor Please help.",honestly website response time poor please help,negative,performance
"Today, i forgot my password and cannot sign in I need assistance.",today forgot password sign need assistance,negative,login
"Today, the payment page shows an error I need assistance.",today payment page show error need assistance,negative,payment
The dashboard looks great I need assistance.,dashboard look great need assistance,negative,ui
"Recently, the app logs me out whenever I try to sign in Please look into it.",recently app log whenever try sign please look,negative,login
I noticed that it would be useful to have a wishlist,noticed would useful wishlist,positive,feature_request
I am having trouble because i cannot verify my account,trouble verify account,negative,login
"Today, the interface needs improvement I need assistance.",today interface need improvement need assistance,negative,ui
I am having trouble because i cannot verify my account Please help.,trouble verify account please help,negative,login
"Today, i am unable to pay for my order This is frustrating.",today unable pay order frustrating,negative,payment
"Honestly, my payment failed while placing the order Please look into it.",honestly payment failed placing order please look,negative,payment
"For some reason, money was deducted but the payment failed This happens repeatedly.",reason money deducted payment failed happens repeatedly,negative,payment
"Unfortunately, my payment failed while placing the order I need assistance.",unfortunately payment failed placing order need assistance,negative,payment
"Recently, login takes me back to the sign in page",recently login take back sign page,negative,login
"Today, the password reset link is not working Please help.",today password reset link working please help,negative,login
"Recently, uPI payment is not going through This is frustrating.",recently upi payment going frustrating,negative,payment
"For some reason, the application interface is easy to use This happens repeatedly.",reason application interface easy use happens repeatedly,negative,ui
I noticed that the support experience was disappointing,noticed support experience disappointing,negative,support
"Today, the new interface looks clean Can you fix this?",today new interface look clean fix,neutral,ui
"Today, i am unable to pay for my order I need assistance.",today unable pay order need assistance,negative,payment
"Honestly, the application crashes when I open my profile I need assistance.",honestly application crash open profile need assistance,negative,bug
The app crashes whenever I upload a file Can you fix this?,app crash whenever upload file fix,negative,bug
The navigation is difficult to understand This is frustrating.,navigation difficult understand frustrating,negative,ui
"Recently, the new interface looks clean This is frustrating.",recently new interface look clean frustrating,neutral,ui
I am having trouble because the new interface looks clean Please look into it.,trouble new interface look clean please look,positive,ui
The app crashes whenever I upload a file Please help.,app crash whenever upload file please help,negative,bug
"For some reason, the application crashes when I open my profile Please look into it.",reason application crash open profile please look,negative,bug
I cannot login to my account I need assistance.,login account need assistance,negative,login
I noticed that it would be useful to have a wishlist This happens repeatedly.,noticed would useful wishlist happens repeatedly,positive,feature_request
Please add a filter for previous orders This happens repeatedly.,please add filter previous order happens repeatedly,neutral,feature_request
"Unfortunately, the application freezes frequently",unfortunately application freeze frequently,negative,performance
"Honestly, the login page is not working Please help.",honestly login page working please help,negative,login
"Recently, the interface needs improvement This is frustrating.",recently interface need improvement frustrating,negative,ui
"Recently, i have not received a response from support This happens repeatedly.",recently received response support happens repeatedly,negative,support
"Today, please add notifications for price changes Please look into it.",today please add notification price change please look,neutral,feature_request
"Recently, please add dark mode to the application I need assistance.",recently please add dark mode application need assistance,neutral,feature_request
"Today, it would be great to have a dark theme This is frustrating.",today would great dark theme frustrating,neutral,feature_request
I noticed that the app crashes whenever I upload a file Please look into it.,noticed app crash whenever upload file please look,negative,bug
"For some reason, the support staff were polite and professional Please help.",reason support staff polite professional please help,negative,support
I am having trouble because can you add fingerprint login I need assistance.,trouble add fingerprint login need assistance,neutral,feature_request
I noticed that the new interface looks clean Please look into it.,noticed new interface look clean please look,neutral,ui
I am having trouble because the interface needs improvement I need assistance.,trouble interface need improvement need assistance,negative,ui
"Today, pages are loading slowly",today page loading slowly,neutral,performance
"Recently, customer service was very helpful",recently customer service helpful,positive,support
"Today, my payment failed while placing the order Please look into it.",today payment failed placing order please look,negative,payment
My payment is stuck I need assistance.,payment stuck need assistance,negative,payment
"Unfortunately, i am unable to pay for my order Please look into it.",unfortunately unable pay order please look,negative,payment
I noticed that the application freezes frequently This is frustrating.,noticed application freeze frequently frustrating,negative,performance
"Honestly, it takes forever to open the dashboard Can you fix this?",honestly take forever open dashboard fix,negative,performance
"Honestly, the order status is displaying incorrectly This is frustrating.",honestly order status displaying incorrectly frustrating,negative,bug
"Honestly, the payment page shows an error This happens repeatedly.",honestly payment page show error happens repeatedly,negative,payment
"Honestly, the support team did not resolve my problem This happens repeatedly.",honestly support team resolve problem happens repeatedly,positive,support
"Unfortunately, please add notifications for price changes Can you fix this?",unfortunately please add notification price change fix,neutral,feature_request
I am having trouble because i have not received a response from support Please help.,trouble received response support please help,negative,support
"Unfortunately, i have not received a response from support Please help.",unfortunately received response support please help,negative,support
"Today, i was charged but the order was not placed I need assistance.",today charged order placed need assistance,negative,payment
The app takes too long to load Can you fix this?,app take long load fix,negative,performance
"For some reason, the menu layout is confusing",reason menu layout confusing,negative,ui
"Honestly, please add a filter for previous orders",honestly please add filter previous order,neutral,feature_request
"Unfortunately, the application closes unexpectedly This is frustrating.",unfortunately application close unexpectedly frustrating,negative,bug
"Recently, i have not received a response from support I need assistance.",recently received response support need assistance,negative,support
"For some reason, the text on the screen is too small This happens repeatedly.",reason text screen small happens repeatedly,neutral,ui
The application closes unexpectedly Please help.,application close unexpectedly please help,negative,bug
"Today, the transaction was declined Please help.",today transaction declined please help,negative,payment
The app becomes slow during checkout Can you fix this?,app becomes slow checkout fix,negative,performance
"Unfortunately, i cannot verify my account This happens repeatedly.",unfortunately verify account happens repeatedly,neutral,login
The website is extremely slow today This is frustrating.,website extremely slow today frustrating,negative,performance
"Today, please add notifications for price changes Please look into it.",today please add notification price change please look,neutral,feature_request
The support staff were polite and professional This happens repeatedly.,support staff polite professional happens repeatedly,negative,support
"Honestly, the password reset link is not working",honestly password reset link working,negative,login
I am having trouble because the website is extremely slow today Please look into it.,trouble website extremely slow today please look,negative,performance
"For some reason, the app shows an error after checkout Please look into it.",reason app show error checkout please look,negative,bug
"Unfortunately, the buttons are difficult to find Please look into it.",unfortunately button difficult find please look,neutral,ui
I noticed that the customer care representative was helpful This is frustrating.,noticed customer care representative helpful frustrating,negative,support
I noticed that the login page is not working,noticed login page working,negative,login
I am having trouble because the order status is displaying incorrectly This is frustrating.,trouble order status displaying incorrectly frustrating,negative,bug
"Recently, the search results are incorrect This happens repeatedly.",recently search result incorrect happens repeatedly,negative,bug
"Unfortunately, my payment is stuck",unfortunately payment stuck,negative,payment
I am having trouble because the app crashes whenever I upload a file I need assistance.,trouble app crash whenever upload file need assistance,neutral,bug
"Honestly, the OTP is not arriving during login Please help.",honestly otp arriving login please help,negative,login
The website is extremely slow today Please look into it.,website extremely slow today please look,negative,performance
"Honestly, the app takes too long to load This happens repeatedly.",honestly app take long load happens repeatedly,negative,performance
"Unfortunately, the login page is not working",unfortunately login page working,neutral,login
"For some reason, the navigation is difficult to understand",reason navigation difficult understand,positive,ui
"Today, please add more payment methods Can you fix this?",today please add payment method fix,neutral,feature_request
"Recently, i have not received a response from support This is frustrating.",recently received response support frustrating,negative,support
I am unable to access my account This is frustrating.,unable access account frustrating,negative,login
I am having trouble because customer service was very helpful,trouble customer service helpful,positive,support
"For some reason, please add dark mode to the application This happens repeatedly.",reason please add dark mode application happens repeatedly,neutral,feature_request
The support team solved my issue quickly Please help.,support team solved issue quickly please help,positive,support
The application crashes when I open my profile Can you fix this?,application crash open profile fix,neutral,bug
UPI payment is not going through,upi payment going,negative,payment
I am having trouble because i forgot my password and cannot sign in This is frustrating.,trouble forgot password sign frustrating,negative,login
"Honestly, the application freezes frequently",honestly application freeze frequently,negative,performance
"Today, the menu layout is confusing Please look into it.",today menu layout confusing please look,positive,ui
The navigation is difficult to understand I need assistance.,navigation difficult understand need assistance,negative,ui
"Today, the menu layout is confusing This is frustrating.",today menu layout confusing frustrating,negative,ui
"For some reason, it would be great to have a dark theme I need assistance.",reason would great dark theme need assistance,neutral,feature_request
"Unfortunately, the buttons are difficult to find Please look into it.",unfortunately button difficult find please look,negative,ui
"Unfortunately, the colors and layout make the app easy to use Can you fix this?",unfortunately color layout make app easy use fix,positive,ui
"Today, please add dark mode to the application Can you fix this?",today please add dark mode application fix,neutral,feature_request
The app logs me out whenever I try to sign in I need assistance.,app log whenever try sign need assistance,negative,login
The application crashes when I open my profile This is frustrating.,application crash open profile frustrating,negative,bug
I noticed that the password reset link is not working,noticed password reset link working,negative,login
"Today, please add notifications for price changes This is frustrating.",today please add notification price change frustrating,neutral,feature_request
I am having trouble because the application is very slow I need assistance.,trouble application slow need assistance,negative,performance
"Honestly, the notification is showing the wrong information Please help.",honestly notification showing wrong information please help,negative,bug
"Honestly, the support experience was disappointing Please look into it.",honestly support experience disappointing please look,negative,support
I am having trouble because the app crashes whenever I upload a file,trouble app crash whenever upload file,negative,bug
I noticed that please add dark mode to the application Can you fix this?,noticed please add dark mode application fix,neutral,feature_request
"Today, i would like to schedule deliveries",today would like schedule delivery,neutral,feature_request
"Recently, i have not received a response from support Please help.",recently received response support please help,positive,support
"For some reason, the support team solved my issue quickly Please help.",reason support team solved issue quickly please help,negative,support
"For some reason, something is broken in the application Please look into it.",reason something broken application please look,negative,bug
"Unfortunately, the search results are incorrect",unfortunately search result incorrect,negative,bug
"Honestly, the design is simple and user friendly",honestly design simple user friendly,negative,ui
I am having trouble because the buttons are difficult to find Can you fix this?,trouble button difficult find fix,negative,ui
"Unfortunately, i am unable to pay for my order This happens repeatedly.",unfortunately unable pay order happens repeatedly,negative,payment
"Recently, the website is extremely slow today I need assistance.",recently website extremely slow today need assistance,negative,performance
I am having trouble because every screen takes a long time to open,trouble every screen take long time open,negative,performance
I noticed that the support staff were polite and professional,noticed support staff polite professional,negative,support
"For some reason, i cannot complete the payment Can you fix this?",reason complete payment fix,negative,payment
I am having trouble because the login page is not working Please look into it.,trouble login page working please look,negative,login
"Unfortunately, the text on the screen is too small This happens repeatedly.",unfortunately text screen small happens repeatedly,negative,ui
"Unfortunately, i would like to schedule deliveries Please help.",unfortunately would like schedule delivery please help,neutral,feature_request
"For some reason, the page becomes blank after clicking the button Can you fix this?",reason page becomes blank clicking button fix,negative,bug
I am having trouble because the app crashes whenever I upload a file Can you fix this?,trouble app crash whenever upload file fix,negative,bug
"Recently, the new interface looks clean Please look into it.",recently new interface look clean please look,positive,ui
"Recently, the application is very slow",recently application slow,negative,performance
I noticed that i would like to schedule deliveries This is frustrating.,noticed would like schedule delivery frustrating,neutral,feature_request
"Today, the text on the screen is too small",today text screen small,neutral,ui
"Today, please add a filter for previous orders Please look into it.",today please add filter previous order please look,neutral,feature_request
"Today, the text on the screen is too small This happens repeatedly.",today text screen small happens repeatedly,positive,ui
I noticed that login takes me back to the sign in page,noticed login take back sign page,negative,login
"Today, the website response time is very poor Please look into it.",today website response time poor please look,negative,performance
"Honestly, the design is simple and user friendly Can you fix this?",honestly design simple user friendly fix,positive,ui
I am having trouble because it would be useful to have a wishlist Can you fix this?,trouble would useful wishlist fix,neutral,feature_request
"Today, the website response time is very poor",today website response time poor,negative,performance
"Honestly, the login page is not working Please look into it.",honestly login page working please look,negative,login
I noticed that it would be useful to have a wishlist I need assistance.,noticed would useful wishlist need assistance,neutral,feature_request
"Honestly, i forgot my password and cannot sign in I need assistance.",honestly forgot password sign need assistance,negative,login
I am having trouble because the support staff were polite and professional I need assistance.,trouble support staff polite professional need assistance,neutral,support
"Honestly, it would be useful to have a wishlist Can you fix this?",honestly would useful wishlist fix,neutral,feature_request
I cannot login to my account I need assistance.,login account need assistance,negative,login
"Honestly, i am happy with the assistance I received",honestly happy assistance received,negative,support
"Recently, the website response time is very poor This happens repeatedly.",recently website response time poor happens repeatedly,negative,performance
I am having trouble because the application closes unexpectedly Can you fix this?,trouble application close unexpectedly fix,negative,bug
"Today, the application interface is easy to use",today application interface easy use,negative,ui
"For some reason, the application crashes when I open my profile Please help.",reason application crash open profile please help,negative,bug
"Today, pages are loading slowly This is frustrating.",today page loading slowly frustrating,negative,performance
"Recently, the app becomes slow during checkout Please help.",recently app becomes slow checkout please help,negative,performance
"Recently, i am happy with the assistance I received This is frustrating.",recently happy assistance received frustrating,negative,support
"Today, the login page is not working Please look into it.",today login page working please look,neutral,login
Login takes me back to the sign in page Please look into it.,login take back sign page please look,negative,login
"Recently, the application interface is easy to use Please help.",recently application interface easy use please help,positive,ui
I am having trouble because can you add fingerprint login Can you fix this?,trouble add fingerprint login fix,positive,feature_request
"Unfortunately, i am happy with the assistance I received I need assistance.",unfortunately happy assistance received need assistance,negative,support
"Honestly, please add more payment methods This is frustrating.",honestly please add payment method frustrating,positive,feature_request
"Honestly, the menu layout is confusing This happens repeatedly.",honestly menu layout confusing happens repeatedly,positive,ui
"Today, customer service was very helpful This is frustrating.",today customer service helpful frustrating,negative,support
I am having trouble because the application is lagging badly This happens repeatedly.,trouble application lagging badly happens repeatedly,negative,performance
"Recently, money was deducted but the payment failed Please look into it.",recently money deducted payment failed please look,negative,payment
"Today, it would be great to have a dark theme",today would great dark theme,neutral,feature_request
"Honestly, my payment is stuck This is frustrating.",honestly payment stuck frustrating,negative,payment
"Honestly, my payment failed while placing the order Can you fix this?",honestly payment failed placing order fix,negative,payment
Login takes me back to the sign in page I need assistance.,login take back sign page need assistance,negative,login
I noticed that i would like an option to download invoices Please help.,noticed would like option download invoice please help,neutral,feature_request
I noticed that the support team did not resolve my problem This is frustrating.,noticed support team resolve problem frustrating,negative,support
"For some reason, please add a filter for previous orders I need assistance.",reason please add filter previous order need assistance,neutral,feature_request
"Today, customer service was very helpful Please look into it.",today customer service helpful please look,negative,support
I would like to schedule deliveries This happens repeatedly.,would like schedule delivery happens repeatedly,neutral,feature_request
I am having trouble because every screen takes a long time to open Please help.,trouble every screen take long time open please help,negative,performance
"For some reason, please add a filter for previous orders This happens repeatedly.",reason please add filter previous order happens repeatedly,neutral,feature_request
"Today, uPI payment is not going through This is frustrating.",today upi payment going frustrating,negative,payment
I am having trouble because the password reset link is not working This happens repeatedly.,trouble password reset link working happens repeatedly,negative,login
"Today, the application is very slow This is frustrating.",today application slow frustrating,negative,performance
"For some reason, the app crashes whenever I upload a file Please look into it.",reason app crash whenever upload file please look,negative,bug
The app crashes whenever I upload a file Please look into it.,app crash whenever upload file please look,negative,bug
"Today, the OTP is not arriving during login",today otp arriving login,negative,login
I noticed that my payment is stuck I need assistance.,noticed payment stuck need assistance,negative,payment
I am having trouble because the app logs me out whenever I try to sign in This happens repeatedly.,trouble app log whenever try sign happens repeatedly,negative,login
"Honestly, i cannot verify my account This is frustrating.",honestly verify account frustrating,negative,login
"Recently, the support team did not resolve my problem This is frustrating.",recently support team resolve problem frustrating,positive,support
"Recently, the app crashes whenever I upload a file Please look into it.",recently app crash whenever upload file please look,negative,bug
"Today, the website is extremely slow today I need assistance.",today website extremely slow today need assistance,negative,performance
"Unfortunately, the text on the screen is too small Can you fix this?",unfortunately text screen small fix,positive,ui
"Unfortunately, the interface needs improvement Can you fix this?",unfortunately interface need improvement fix,positive,ui
"Today, can you add fingerprint login Can you fix this?",today add fingerprint login fix,neutral,feature_request
I am unable to access my account,unable access account,negative,login
"For some reason, the customer care representative was helpful Please look into it.",reason customer care representative helpful please look,negative,support
"Unfortunately, please add a filter for previous orders I need assistance.",unfortunately please add filter previous order need assistance,neutral,feature_request
"Unfortunately, the app takes too long to load This is frustrating.",unfortunately app take long load frustrating,negative,performance
"Unfortunately, the customer care representative was helpful",unfortunately customer care representative helpful,positive,support
I noticed that the colors and layout make the app easy to use I need assistance.,noticed color layout make app easy use need assistance,negative,ui
"Honestly, i was charged but the order was not placed Please help.",honestly charged order placed please help,negative,payment
"Honestly, my payment failed while placing the order This is frustrating.",honestly payment failed placing order frustrating,negative,payment
"Honestly, i forgot my password and cannot sign in This is frustrating.",honestly forgot password sign frustrating,negative,login
"Today, i would like to schedule deliveries Please help.",today would like schedule delivery please help,neutral,feature_request
"Today, the app logs me out whenever I try to sign in Please help.",today app log whenever try sign please help,neutral,login
I noticed that i am unable to access my account Can you fix this?,noticed unable access account fix,negative,login
I am having trouble because the application freezes frequently,trouble application freeze frequently,negative,performance
I would like an option to download invoices Please look into it.,would like option download invoice please look,neutral,feature_request
I noticed that i was charged but the order was not placed This happens repeatedly.,noticed charged order placed happens repeatedly,negative,payment
"Recently, my payment is stuck Can you fix this?",recently payment stuck fix,negative,payment
"Unfortunately, i cannot verify my account",unfortunately verify account,negative,login
"For some reason, the website response time is very poor This happens repeatedly.",reason website response time poor happens repeatedly,negative,performance
"Recently, the application freezes frequently Please look into it.",recently application freeze frequently please look,negative,performance
"Today, the application crashes when I open my profile Please help.",today application crash open profile please help,neutral,bug
I am having trouble because my payment failed while placing the order This happens repeatedly.,trouble payment failed placing order happens repeatedly,negative,payment
"Today, the colors and layout make the app easy to use Please help.",today color layout make app easy use please help,neutral,ui
I am having trouble because the order status is displaying incorrectly Please help.,trouble order status displaying incorrectly please help,negative,bug
"Today, the app crashes whenever I upload a file Please help.",today app crash whenever upload file please help,negative,bug
"Honestly, every screen takes a long time to open This is frustrating.",honestly every screen take long time open frustrating,negative,performance
I am having trouble because i am unable to access my account,trouble unable access account,negative,login
"Honestly, the support experience was disappointing This happens repeatedly.",honestly support experience disappointing happens repeatedly,positive,support
"Recently, the interface needs improvement Please look into it.",recently interface need improvement please look,negative,ui
"Unfortunately, the new interface looks clean",unfortunately new interface look clean,positive,ui
"Recently, the new interface looks clean This happens repeatedly.",recently new interface look clean happens repeatedly,positive,ui
"Honestly, the application freezes frequently This happens repeatedly.",honestly application freeze frequently happens repeatedly,negative,performance
"Today, i found a bug in the checkout process Please help.",today found bug checkout process please help,negative,bug
I noticed that i found a bug in the checkout process,noticed found bug checkout process,negative,bug
"Honestly, please provide an option to change the language Please help.",honestly please provide option change language please help,neutral,feature_request
I noticed that it would be great to have a dark theme Please help.,noticed would great dark theme please help,neutral,feature_request
"For some reason, the website is extremely slow today This is frustrating.",reason website extremely slow today frustrating,negative,performance
"Recently, please add more payment methods Please look into it.",recently please add payment method please look,positive,feature_request
I noticed that the login page is not working Can you fix this?,noticed login page working fix,neutral,login
The application closes unexpectedly Please help.,application close unexpectedly please help,negative,bug
"Recently, the search results are incorrect This happens repeatedly.",recently search result incorrect happens repeatedly,negative,bug
I am having trouble because every screen takes a long time to open Please look into it.,trouble every screen take long time open please look,negative,performance
"Unfortunately, the navigation is difficult to understand This happens repeatedly.",unfortunately navigation difficult understand happens repeatedly,positive,ui
I am having trouble because i would like an option to download invoices,trouble would like option download invoice,neutral,feature_request
"Unfortunately, the app logs me out whenever I try to sign in This is frustrating.",unfortunately app log whenever try sign frustrating,negative,login
"For some reason, my payment failed while placing the order I need assistance.",reason payment failed placing order need assistance,negative,payment
My payment failed while placing the order This happens repeatedly.,payment failed placing order happens repeatedly,negative,payment
"Today, the search results are incorrect This happens repeatedly.",today search result incorrect happens repeatedly,negative,bug
I noticed that the app shows an error after checkout Please help.,noticed app show error checkout please help,negative,bug
"Honestly, customer service was very helpful Can you fix this?",honestly customer service helpful fix,positive,support
"For some reason, the customer care representative was helpful Can you fix this?",reason customer care representative helpful fix,negative,support
"Unfortunately, the app shows an error after checkout Please help.",unfortunately app show error checkout please help,negative,bug
"Recently, please add more payment methods Please help.",recently please add payment method please help,neutral,feature_request
"Today, the dashboard looks great I need assistance.",today dashboard look great need assistance,positive,ui
"Today, nobody from customer support has contacted me Please help.",today nobody customer support contacted please help,negative,support
"Today, i am unable to access my account Can you fix this?",today unable access account fix,negative,login
"Recently, nobody from customer support has contacted me",recently nobody customer support contacted,positive,support
"Honestly, the website response time is very poor Can you fix this?",honestly website response time poor fix,negative,performance
"Today, the dashboard looks great Please look into it.",today dashboard look great please look,negative,ui
The navigation is difficult to understand Please help.,navigation difficult understand please help,positive,ui
"Unfortunately, the app becomes slow during checkout Please help.",unfortunately app becomes slow checkout please help,negative,performance
"Unfortunately, the app crashes whenever I upload a file This happens repeatedly.",unfortunately app crash whenever upload file happens repeatedly,negative,bug
"For some reason, please add notifications for price changes This happens repeatedly.",reason please add notification price change happens repeatedly,positive,feature_request
I noticed that i would like to schedule deliveries This happens repeatedly.,noticed would like schedule delivery happens repeatedly,neutral,feature_request
"Recently, customer service was very helpful This happens repeatedly.",recently customer service helpful happens repeatedly,negative,support
"Unfortunately, my payment is stuck Please look into it.",unfortunately payment stuck please look,negative,payment
I have not received a response from support Please help.,received response support please help,negative,support
The order status is displaying incorrectly This happens repeatedly.,order status displaying incorrectly happens repeatedly,neutral,bug
I cannot complete the payment Please look into it.,complete payment please look,negative,payment
"For some reason, the customer care representative was helpful",reason customer care representative helpful,negative,support
"Honestly, the order status is displaying incorrectly This happens repeatedly.",honestly order status displaying incorrectly happens repeatedly,negative,bug
"Today, the app becomes slow during checkout This happens repeatedly.",today app becomes slow checkout happens repeatedly,negative,performance
"Honestly, the app logs me out whenever I try to sign in",honestly app log whenever try sign,negative,login
"Unfortunately, the notification is showing the wrong information This happens repeatedly.",unfortunately notification showing wrong information happens repeatedly,negative,bug
"Today, please add a filter for previous orders This happens repeatedly.",today please add filter previous order happens repeatedly,neutral,feature_request
I am having trouble because the new interface looks clean I need assistance.,trouble new interface look clean need assistance,neutral,ui
It takes forever to open the dashboard Please look into it.,take forever open dashboard please look,negative,performance
"Recently, the text on the screen is too small This happens repeatedly.",recently text screen small happens repeatedly,negative,ui
"Today, money was deducted but the payment failed Can you fix this?",today money deducted payment failed fix,neutral,payment
I noticed that the application closes unexpectedly,noticed application close unexpectedly,negative,bug
"Honestly, i am happy with the assistance I received",honestly happy assistance received,neutral,support
"For some reason, the payment page shows an error Please help.",reason payment page show error please help,negative,payment
"Unfortunately, the order status is displaying incorrectly Can you fix this?",unfortunately order status displaying incorrectly fix,negative,bug
"Honestly, the notification is showing the wrong information This happens repeatedly.",honestly notification showing wrong information happens repeatedly,negative,bug
"For some reason, the password reset link is not working",reason password reset link working,negative,login
"Recently, the buttons are difficult to find Please help.",recently button difficult find please help,positive,ui
I am having trouble because i found a bug in the checkout process I need assistance.,trouble found bug checkout process need assistance,neutral,bug
"Today, something is broken in the application",today something broken application,negative,bug
"Honestly, uPI payment is not going through This happens repeatedly.",honestly upi payment going happens repeatedly,negative,payment
I am having trouble because login takes me back to the sign in page I need assistance.,trouble login take back sign page need assistance,negative,login
"Unfortunately, the dashboard looks great This happens repeatedly.",unfortunately dashboard look great happens repeatedly,negative,ui
"Honestly, the OTP is not arriving during login I need assistance.",honestly otp arriving login need assistance,negative,login
"Recently, every screen takes a long time to open",recently every screen take long time open,negative,performance
I noticed that pages are loading slowly This happens repeatedly.,noticed page loading slowly happens repeatedly,negative,performance
I am having trouble because it would be useful to have a wishlist This happens repeatedly.,trouble would useful wishlist happens repeatedly,neutral,feature_request
"Unfortunately, the application interface is easy to use",unfortunately application interface easy use,negative,ui
"Honestly, the app crashes whenever I upload a file Can you fix this?",honestly app crash whenever upload file fix,negative,bug
"For some reason, the notification is showing the wrong information This happens repeatedly.",reason notification showing wrong information happens repeatedly,negative,bug
It would be great to have a dark theme,would great dark theme,neutral,feature_request
"Unfortunately, the buttons are difficult to find This happens repeatedly.",unfortunately button difficult find happens repeatedly,positive,ui
I noticed that the text on the screen is too small Can you fix this?,noticed text screen small fix,neutral,ui
I am having trouble because the app logs me out whenever I try to sign in Please look into it.,trouble app log whenever try sign please look,negative,login
"Recently, the payment page shows an error This happens repeatedly.",recently payment page show error happens repeatedly,negative,payment
"Honestly, the page becomes blank after clicking the button This happens repeatedly.",honestly page becomes blank clicking button happens repeatedly,negative,bug
"Honestly, the colors and layout make the app easy to use Please look into it.",honestly color layout make app easy use please look,positive,ui
"Unfortunately, the app crashes whenever I upload a file Can you fix this?",unfortunately app crash whenever upload file fix,negative,bug
"Honestly, my payment failed while placing the order Please help.",honestly payment failed placing order please help,negative,payment
I am unable to access my account This happens repeatedly.,unable access account happens repeatedly,neutral,login
"Unfortunately, the login page is not working This happens repeatedly.",unfortunately login page working happens repeatedly,negative,login
I noticed that money was deducted but the payment failed Please look into it.,noticed money deducted payment failed please look,negative,payment
I noticed that my account login keeps failing I need assistance.,noticed account login keep failing need assistance,negative,login
I noticed that i found a bug in the checkout process Please help.,noticed found bug checkout process please help,negative,bug
"Recently, i cannot complete the payment Please help.",recently complete payment please help,negative,payment
"Unfortunately, i cannot complete the payment Please help.",unfortunately complete payment please help,negative,payment
"Today, the application freezes frequently",today application freeze frequently,negative,performance
"Honestly, the search results are incorrect",honestly search result incorrect,negative,bug
I am having trouble because the app logs me out whenever I try to sign in This happens repeatedly.,trouble app log whenever try sign happens repeatedly,negative,login
"Unfortunately, please add notifications for price changes This happens repeatedly.",unfortunately please add notification price change happens repeatedly,neutral,feature_request
I noticed that every screen takes a long time to open I need assistance.,noticed every screen take long time open need assistance,negative,performance
"For some reason, the login page is not working This happens repeatedly.",reason login page working happens repeatedly,negative,login
"For some reason, the app shows an error after checkout This is frustrating.",reason app show error checkout frustrating,neutral,bug
I am having trouble because the text on the screen is too small This is frustrating.,trouble text screen small frustrating,neutral,ui
"Unfortunately, the support staff were polite and professional This happens repeatedly.",unfortunately support staff polite professional happens repeatedly,neutral,support
"Unfortunately, the payment page shows an error This happens repeatedly.",unfortunately payment page show error happens repeatedly,negative,payment
The page becomes blank after clicking the button This is frustrating.,page becomes blank clicking button frustrating,neutral,bug
Login takes me back to the sign in page This happens repeatedly.,login take back sign page happens repeatedly,negative,login
I am having trouble because the app becomes slow during checkout Please look into it.,trouble app becomes slow checkout please look,negative,performance
I noticed that it would be useful to have a wishlist Please help.,noticed would useful wishlist please help,neutral,feature_request
"For some reason, i have not received a response from support I need assistance.",reason received response support need assistance,negative,support
"Unfortunately, the interface needs improvement Please help.",unfortunately interface need improvement please help,neutral,ui
I noticed that i found a bug in the checkout process Please help.,noticed found bug checkout process please help,negative,bug
My account login keeps failing Can you fix this?,account login keep failing fix,negative,login
"Recently, please add more payment methods Please look into it.",recently please add payment method please look,neutral,feature_request
"For some reason, the interface needs improvement Please look into it.",reason interface need improvement please look,negative,ui
"Unfortunately, the transaction was declined Please help.",unfortunately transaction declined please help,negative,payment
"For some reason, the menu layout is confusing This is frustrating.",reason menu layout confusing frustrating,neutral,ui
I am having trouble because i am unable to pay for my order I need assistance.,trouble unable pay order need assistance,negative,payment
"Honestly, it takes forever to open the dashboard This is frustrating.",honestly take forever open dashboard frustrating,negative,performance
I am having trouble because the app logs me out whenever I try to sign in This is frustrating.,trouble app log whenever try sign frustrating,neutral,login
I am having trouble because support took too long to respond Please look into it.,trouble support took long respond please look,positive,support
"Recently, can you add fingerprint login Please look into it.",recently add fingerprint login please look,neutral,feature_request
Please add a filter for previous orders Please help.,please add filter previous order please help,positive,feature_request
"Honestly, customer service was very helpful I need assistance.",honestly customer service helpful need assistance,positive,support
"For some reason, i cannot verify my account",reason verify account,negative,login
"Honestly, the support experience was disappointing I need assistance.",honestly support experience disappointing need assistance,positive,support
I noticed that the order status is displaying incorrectly Please look into it.,noticed order status displaying incorrectly please look,negative,bug
"For some reason, please provide an option to change the language Please look into it.",reason please provide option change language please look,neutral,feature_request
I am having trouble because the website is extremely slow today This is frustrating.,trouble website extremely slow today frustrating,negative,performance
I am having trouble because every screen takes a long time to open Please look into it.,trouble every screen take long time open please look,negative,performance
"Honestly, login takes me back to the sign in page This happens repeatedly.",honestly login take back sign page happens repeatedly,neutral,login
"Today, the app becomes slow during checkout This happens repeatedly.",today app becomes slow checkout happens repeatedly,negative,performance
"For some reason, uPI payment is not going through Please look into it.",reason upi payment going please look,negative,payment
I noticed that my account login keeps failing This happens repeatedly.,noticed account login keep failing happens repeatedly,negative,login
"Unfortunately, i found a bug in the checkout process I need assistance.",unfortunately found bug checkout process need assistance,negative,bug
"Recently, i cannot complete the payment I need assistance.",recently complete payment need assistance,negative,payment
"Honestly, the application freezes frequently This happens repeatedly.",honestly application freeze frequently happens repeatedly,negative,performance
"Honestly, i cannot verify my account Can you fix this?",honestly verify account fix,negative,login
I am having trouble because uPI payment is not going through I need assistance.,trouble upi payment going need assistance,negative,payment
"Honestly, the app takes too long to load",honestly app take long load,negative,performance
I noticed that the app takes too long to load,noticed app take long load,negative,performance
"Honestly, can you add fingerprint login This is frustrating.",honestly add fingerprint login frustrating,neutral,feature_request
"Unfortunately, the password reset link is not working",unfortunately password reset link working,negative,login
"Honestly, the payment page shows an error Can you fix this?",honestly payment page show error fix,negative,payment
I am having trouble because i was charged but the order was not placed Can you fix this?,trouble charged order placed fix,negative,payment
"Recently, support took too long to respond Please look into it.",recently support took long respond please look,negative,support
"Honestly, i would like an option to download invoices",honestly would like option download invoice,neutral,feature_request
"For some reason, login takes me back to the sign in page Please look into it.",reason login take back sign page please look,negative,login
"Honestly, the text on the screen is too small Please help.",honestly text screen small please help,neutral,ui
I noticed that please add more payment methods Please look into it.,noticed please add payment method please look,neutral,feature_request
I noticed that the application is lagging badly,noticed application lagging badly,negative,performance
"Recently, the new interface looks clean Can you fix this?",recently new interface look clean fix,negative,ui
"Unfortunately, please add more payment methods Can you fix this?",unfortunately please add payment method fix,neutral,feature_request
"Unfortunately, the application is lagging badly This is frustrating.",unfortunately application lagging badly frustrating,negative,performance
I noticed that the menu layout is confusing This is frustrating.,noticed menu layout confusing frustrating,negative,ui
I am having trouble because the application is very slow This is frustrating.,trouble application slow frustrating,negative,performance
The transaction was declined This is frustrating.,transaction declined frustrating,negative,payment
"Recently, the password reset link is not working This happens repeatedly.",recently password reset link working happens repeatedly,negative,login
"For some reason, something is broken in the application This happens repeatedly.",reason something broken application happens repeatedly,negative,bug
"Recently, every screen takes a long time to open Please look into it.",recently every screen take long time open please look,negative,performance
I am having trouble because the application is lagging badly Please help.,trouble application lagging badly please help,negative,performance
I am having trouble because the support staff were polite and professional Please look into it.,trouble support staff polite professional please look,positive,support
I am having trouble because please add a filter for previous orders Please help.,trouble please add filter previous order please help,neutral,feature_request
It takes forever to open the dashboard Can you fix this?,take forever open dashboard fix,negative,performance
My account login keeps failing I need assistance.,account login keep failing need assistance,negative,login
The order status is displaying incorrectly Please look into it.,order status displaying incorrectly please look,negative,bug
I noticed that uPI payment is not going through Please look into it.,noticed upi payment going please look,negative,payment
"Recently, the support team did not resolve my problem",recently support team resolve problem,neutral,support
"Recently, the interface needs improvement Please look into it.",recently interface need improvement please look,negative,ui
"Recently, please add a filter for previous orders This happens repeatedly.",recently please add filter previous order happens repeatedly,neutral,feature_request
The app takes too long to load Can you fix this?,app take long load fix,negative,performance
I am having trouble because my payment is stuck This happens repeatedly.,trouble payment stuck happens repeatedly,negative,payment
"Honestly, the application crashes when I open my profile This is frustrating.",honestly application crash open profile frustrating,negative,bug
"Recently, i am unable to pay for my order Can you fix this?",recently unable pay order fix,negative,payment
"Unfortunately, please add a filter for previous orders This happens repeatedly.",unfortunately please add filter previous order happens repeatedly,neutral,feature_request
"Recently, the buttons are difficult to find This happens repeatedly.",recently button difficult find happens repeatedly,negative,ui
"Today, the OTP is not arriving during login This is frustrating.",today otp arriving login frustrating,negative,login
"For some reason, nobody from customer support has contacted me",reason nobody customer support contacted,positive,support
"For some reason, please add notifications for price changes This is frustrating.",reason please add notification price change frustrating,neutral,feature_request
"Recently, the interface needs improvement I need assistance.",recently interface need improvement need assistance,negative,ui
"Today, please provide an option to change the language Please look into it.",today please provide option change language please look,neutral,feature_request
I noticed that the support experience was disappointing Please help.,noticed support experience disappointing please help,negative,support
I am having trouble because please add dark mode to the application,trouble please add dark mode application,neutral,feature_request
"Unfortunately, support took too long to respond Please help.",unfortunately support took long respond please help,negative,support
I am having trouble because my account login keeps failing Can you fix this?,trouble account login keep failing fix,neutral,login
I am having trouble because the colors and layout make the app easy to use This is frustrating.,trouble color layout make app easy use frustrating,negative,ui
"Recently, please add notifications for price changes Can you fix this?",recently please add notification price change fix,neutral,feature_request
"For some reason, my payment is stuck Please help.",reason payment stuck please help,negative,payment
I noticed that i forgot my password and cannot sign in I need assistance.,noticed forgot password sign need assistance,negative,login
"Honestly, i am unable to access my account",honestly unable access account,negative,login
I would like to schedule deliveries Please look into it.,would like schedule delivery please look,positive,feature_request
I am having trouble because my payment is stuck,trouble payment stuck,negative,payment
I am having trouble because the support team did not resolve my problem This is frustrating.,trouble support team resolve problem frustrating,negative,support
Something is broken in the application Can you fix this?,something broken application fix,negative,bug
"Honestly, the text on the screen is too small Please look into it.",honestly text screen small please look,negative,ui
"Honestly, the app takes too long to load",honestly app take long load,neutral,performance
"Today, please add notifications for price changes Please help.",today please add notification price change please help,neutral,feature_request
"Honestly, can you add fingerprint login Please look into it.",honestly add fingerprint login please look,neutral,feature_request
I am having trouble because the notification is showing the wrong information Please look into it.,trouble notification showing wrong information please look,negative,bug
"Unfortunately, i cannot login to my account This is frustrating.",unfortunately login account frustrating,negative,login
"Today, please add notifications for price changes Please look into it.",today please add notification price change please look,neutral,feature_request
I noticed that it would be useful to have a wishlist Please help.,noticed would useful wishlist please help,neutral,feature_request
"Today, uPI payment is not going through This happens repeatedly.",today upi payment going happens repeatedly,negative,payment
The password reset link is not working Please help.,password reset link working please help,negative,login
"Today, the support team did not resolve my problem",today support team resolve problem,neutral,support
"Honestly, the application interface is easy to use Please help.",honestly application interface easy use please help,negative,ui
"Honestly, the password reset link is not working This happens repeatedly.",honestly password reset link working happens repeatedly,negative,login
"Honestly, the app crashes whenever I upload a file Please look into it.",honestly app crash whenever upload file please look,negative,bug
"Unfortunately, the support team solved my issue quickly Can you fix this?",unfortunately support team solved issue quickly fix,negative,support
I noticed that support took too long to respond Please look into it.,noticed support took long respond please look,negative,support
"For some reason, every screen takes a long time to open This is frustrating.",reason every screen take long time open frustrating,negative,performance
I am having trouble because the interface needs improvement Please help.,trouble interface need improvement please help,negative,ui
"Today, please add a filter for previous orders This is frustrating.",today please add filter previous order frustrating,neutral,feature_request
The card payment keeps failing Can you fix this?,card payment keep failing fix,negative,payment
"For some reason, i am unable to access my account",reason unable access account,negative,login
"Today, the order status is displaying incorrectly Please look into it.",today order status displaying incorrectly please look,negative,bug
"Today, pages are loading slowly I need assistance.",today page loading slowly need assistance,negative,performance
I noticed that the menu layout is confusing This happens repeatedly.,noticed menu layout confusing happens repeatedly,negative,ui
"Today, the application crashes when I open my profile Can you fix this?",today application crash open profile fix,negative,bug
The search results are incorrect,search result incorrect,negative,bug
"Today, the transaction was declined This happens repeatedly.",today transaction declined happens repeatedly,negative,payment
I am unable to access my account Please help.,unable access account please help,negative,login
"Unfortunately, my account login keeps failing",unfortunately account login keep failing,negative,login
"Honestly, the application crashes when I open my profile Please look into it.",honestly application crash open profile please look,negative,bug
I noticed that every screen takes a long time to open This is frustrating.,noticed every screen take long time open frustrating,negative,performance
I noticed that the support team did not resolve my problem This is frustrating.,noticed support team resolve problem frustrating,negative,support
"Honestly, the page becomes blank after clicking the button Can you fix this?",honestly page becomes blank clicking button fix,negative,bug
"Today, the application is lagging badly Can you fix this?",today application lagging badly fix,negative,performance
"Today, the new interface looks clean I need assistance.",today new interface look clean need assistance,negative,ui
The navigation is difficult to understand,navigation difficult understand,positive,ui
"Honestly, pages are loading slowly Can you fix this?",honestly page loading slowly fix,neutral,performance
I noticed that the application crashes when I open my profile I need assistance.,noticed application crash open profile need assistance,negative,bug
"Recently, the application freezes frequently I need assistance.",recently application freeze frequently need assistance,negative,performance
"For some reason, it would be useful to have a wishlist This happens repeatedly.",reason would useful wishlist happens repeatedly,neutral,feature_request
"Honestly, the app shows an error after checkout",honestly app show error checkout,negative,bug
"Recently, i found a bug in the checkout process Please look into it.",recently found bug checkout process please look,negative,bug
"Unfortunately, the OTP is not arriving during login This happens repeatedly.",unfortunately otp arriving login happens repeatedly,negative,login
Money was deducted but the payment failed Can you fix this?,money deducted payment failed fix,neutral,payment
"Unfortunately, please add dark mode to the application Can you fix this?",unfortunately please add dark mode application fix,neutral,feature_request
I noticed that the search results are incorrect I need assistance.,noticed search result incorrect need assistance,negative,bug
"For some reason, my payment is stuck This happens repeatedly.",reason payment stuck happens repeatedly,neutral,payment
"Today, can you add fingerprint login",today add fingerprint login,neutral,feature_request
I noticed that the interface needs improvement This happens repeatedly.,noticed interface need improvement happens repeatedly,negative,ui
"Recently, my account login keeps failing This is frustrating.",recently account login keep failing frustrating,negative,login
I forgot my password and cannot sign in,forgot password sign,negative,login
"Today, the dashboard looks great I need assistance.",today dashboard look great need assistance,neutral,ui
"Recently, the page becomes blank after clicking the button This is frustrating.",recently page becomes blank clicking button frustrating,negative,bug
"Recently, nobody from customer support has contacted me This happens repeatedly.",recently nobody customer support contacted happens repeatedly,negative,support
I am having trouble because i have not received a response from support This happens repeatedly.,trouble received response support happens repeatedly,positive,support
"Honestly, support took too long to respond This happens repeatedly.",honestly support took long respond happens repeatedly,negative,support
I noticed that pages are loading slowly I need assistance.,noticed page loading slowly need assistance,negative,performance
I noticed that the transaction was declined Please help.,noticed transaction declined please help,negative,payment
"Recently, the application is very slow Please look into it.",recently application slow please look,negative,performance
"For some reason, the customer care representative was helpful This happens repeatedly.",reason customer care representative helpful happens repeatedly,negative,support
"Unfortunately, the password reset link is not working I need assistance.",unfortunately password reset link working need assistance,neutral,login
"Recently, the search results are incorrect I need assistance.",recently search result incorrect need assistance,negative,bug
The dashboard looks great,dashboard look great,neutral,ui
"For some reason, i would like an option to download invoices Please help.",reason would like option download invoice please help,neutral,feature_request
The support team solved my issue quickly I need assistance.,support team solved issue quickly need assistance,positive,support
"Unfortunately, my payment is stuck Please help.",unfortunately payment stuck please help,negative,payment
"Honestly, my account login keeps failing This is frustrating.",honestly account login keep failing frustrating,negative,login
"For some reason, the text on the screen is too small",reason text screen small,positive,ui
"Unfortunately, the app crashes whenever I upload a file Can you fix this?",unfortunately app crash whenever upload file fix,negative,bug
"For some reason, the design is simple and user friendly This is frustrating.",reason design simple user friendly frustrating,positive,ui
"Recently, the app crashes whenever I upload a file Please help.",recently app crash whenever upload file please help,negative,bug
I am having trouble because the app shows an error after checkout This is frustrating.,trouble app show error checkout frustrating,negative,bug
"Honestly, pages are loading slowly Please look into it.",honestly page loading slowly please look,neutral,performance
"Unfortunately, my payment is stuck This happens repeatedly.",unfortunately payment stuck happens repeatedly,negative,payment
"Unfortunately, it would be useful to have a wishlist This happens repeatedly.",unfortunately would useful wishlist happens repeatedly,neutral,feature_request
I noticed that the OTP is not arriving during login,noticed otp arriving login,negative,login
It would be useful to have a wishlist This is frustrating.,would useful wishlist frustrating,neutral,feature_request
I am having trouble because i cannot verify my account This happens repeatedly.,trouble verify account happens repeatedly,negative,login
"Today, customer service was very helpful I need assistance.",today customer service helpful need assistance,negative,support
I noticed that the buttons are difficult to find Please help.,noticed button difficult find please help,positive,ui
"Honestly, the app logs me out whenever I try to sign in This is frustrating.",honestly app log whenever try sign frustrating,negative,login
I am having trouble because the application crashes when I open my profile I need assistance.,trouble application crash open profile need assistance,negative,bug
I noticed that i have not received a response from support I need assistance.,noticed received response support need assistance,positive,support
I noticed that the application freezes frequently Can you fix this?,noticed application freeze frequently fix,neutral,performance
"Unfortunately, money was deducted but the payment failed Please look into it.",unfortunately money deducted payment failed please look,negative,payment
I noticed that i am unable to pay for my order This happens repeatedly.,noticed unable pay order happens repeatedly,negative,payment
"Recently, the application interface is easy to use Can you fix this?",recently application interface easy use fix,positive,ui
"Unfortunately, the payment page shows an error This happens repeatedly.",unfortunately payment page show error happens repeatedly,negative,payment
"Recently, the page becomes blank after clicking the button I need assistance.",recently page becomes blank clicking button need assistance,negative,bug
"For some reason, the application is lagging badly I need assistance.",reason application lagging badly need assistance,negative,performance
"Recently, the order status is displaying incorrectly This is frustrating.",recently order status displaying incorrectly frustrating,negative,bug
"Unfortunately, the OTP is not arriving during login",unfortunately otp arriving login,negative,login
"Recently, the customer care representative was helpful Please help.",recently customer care representative helpful please help,negative,support
"Recently, something is broken in the application",recently something broken application,negative,bug
I noticed that please add notifications for price changes This is frustrating.,noticed please add notification price change frustrating,positive,feature_request
"For some reason, the app becomes slow during checkout Please help.",reason app becomes slow checkout please help,negative,performance
"Unfortunately, the support team solved my issue quickly This is frustrating.",unfortunately support team solved issue quickly frustrating,negative,support
"Recently, please add a filter for previous orders",recently please add filter previous order,positive,feature_request
"Recently, the support staff were polite and professional Please help.",recently support staff polite professional please help,positive,support
"For some reason, i forgot my password and cannot sign in Please look into it.",reason forgot password sign please look,negative,login
The application is very slow Can you fix this?,application slow fix,negative,performance
"Recently, i would like to schedule deliveries",recently would like schedule delivery,neutral,feature_request
"Unfortunately, i cannot complete the payment Please look into it.",unfortunately complete payment please look,negative,payment
"Unfortunately, i cannot login to my account Please help.",unfortunately login account please help,negative,login
"Recently, the support team did not resolve my problem This happens repeatedly.",recently support team resolve problem happens repeatedly,neutral,support
"For some reason, something is broken in the application Please help.",reason something broken application please help,negative,bug
I am having trouble because i am unable to pay for my order This is frustrating.,trouble unable pay order frustrating,neutral,payment
I noticed that the order status is displaying incorrectly Please look into it.,noticed order status displaying incorrectly please look,negative,bug
My payment is stuck This is frustrating.,payment stuck frustrating,negative,payment
It takes forever to open the dashboard Can you fix this?,take forever open dashboard fix,negative,performance
"Unfortunately, the menu layout is confusing I need assistance.",unfortunately menu layout confusing need assistance,negative,ui
"Today, please add a filter for previous orders This happens repeatedly.",today please add filter previous order happens repeatedly,positive,feature_request
"Today, the payment page shows an error This is frustrating.",today payment page show error frustrating,negative,payment
"For some reason, the support experience was disappointing",reason support experience disappointing,positive,support
"For some reason, the password reset link is not working This happens repeatedly.",reason password reset link working happens repeatedly,negative,login
"Recently, can you add fingerprint login Can you fix this?",recently add fingerprint login fix,neutral,feature_request
I noticed that the card payment keeps failing This is frustrating.,noticed card payment keep failing frustrating,negative,payment
I noticed that the support team did not resolve my problem,noticed support team resolve problem,neutral,support
"Unfortunately, the navigation is difficult to understand Please look into it.",unfortunately navigation difficult understand please look,negative,ui
I noticed that the password reset link is not working Can you fix this?,noticed password reset link working fix,negative,login
Please add dark mode to the application I need assistance.,please add dark mode application need assistance,neutral,feature_request
"For some reason, please add more payment methods This is frustrating.",reason please add payment method frustrating,positive,feature_request
I am having trouble because the notification is showing the wrong information This is frustrating.,trouble notification showing wrong information frustrating,negative,bug
I noticed that the app crashes whenever I upload a file I need assistance.,noticed app crash whenever upload file need assistance,neutral,bug
"Recently, i forgot my password and cannot sign in Please look into it.",recently forgot password sign please look,negative,login
"Unfortunately, pages are loading slowly Please help.",unfortunately page loading slowly please help,negative,performance
I noticed that the card payment keeps failing This is frustrating.,noticed card payment keep failing frustrating,negative,payment
"Unfortunately, please add notifications for price changes I need assistance.",unfortunately please add notification price change need assistance,neutral,feature_request
"Today, the support experience was disappointing Please help.",today support experience disappointing please help,negative,support
I noticed that the new interface looks clean This is frustrating.,noticed new interface look clean frustrating,neutral,ui
I am having trouble because please provide an option to change the language Please help.,trouble please provide option change language please help,positive,feature_request
The OTP is not arriving during login This is frustrating.,otp arriving login frustrating,negative,login
I am having trouble because the transaction was declined Please help.,trouble transaction declined please help,neutral,payment
Every screen takes a long time to open Please look into it.,every screen take long time open please look,negative,performance
"Today, can you add fingerprint login Please help.",today add fingerprint login please help,neutral,feature_request
"Honestly, my account login keeps failing This is frustrating.",honestly account login keep failing frustrating,negative,login
"Honestly, every screen takes a long time to open I need assistance.",honestly every screen take long time open need assistance,negative,performance
Something is broken in the application Please look into it.,something broken application please look,negative,bug
I noticed that i am unable to pay for my order This happens repeatedly.,noticed unable pay order happens repeatedly,negative,payment
I noticed that the application is very slow Can you fix this?,noticed application slow fix,negative,performance
I am having trouble because the application interface is easy to use This happens repeatedly.,trouble application interface easy use happens repeatedly,negative,ui
I would like to schedule deliveries This is frustrating.,would like schedule delivery frustrating,neutral,feature_request
I noticed that i have not received a response from support Please look into it.,noticed received response support please look,neutral,support
"Recently, i would like an option to download invoices This is frustrating.",recently would like option download invoice frustrating,neutral,feature_request
The page becomes blank after clicking the button This happens repeatedly.,page becomes blank clicking button happens repeatedly,negative,bug
I am having trouble because please add a filter for previous orders I need assistance.,trouble please add filter previous order need assistance,neutral,feature_request
I noticed that i would like to schedule deliveries,noticed would like schedule delivery,positive,feature_request
"For some reason, the login page is not working This happens repeatedly.",reason login page working happens repeatedly,negative,login
"Recently, it would be great to have a dark theme Please help.",recently would great dark theme please help,neutral,feature_request
I would like to schedule deliveries Can you fix this?,would like schedule delivery fix,neutral,feature_request
"Today, the application closes unexpectedly Please look into it.",today application close unexpectedly please look,neutral,bug
"For some reason, the support experience was disappointing This happens repeatedly.",reason support experience disappointing happens repeatedly,positive,support
"Honestly, it would be useful to have a wishlist Can you fix this?",honestly would useful wishlist fix,neutral,feature_request
"Today, please add notifications for price changes This is frustrating.",today please add notification price change frustrating,positive,feature_request
I am having trouble because money was deducted but the payment failed This happens repeatedly.,trouble money deducted payment failed happens repeatedly,negative,payment
"Honestly, i cannot verify my account Can you fix this?",honestly verify account fix,negative,login
"Recently, i was charged but the order was not placed Please help.",recently charged order placed please help,neutral,payment
"Unfortunately, please provide an option to change the language This is frustrating.",unfortunately please provide option change language frustrating,neutral,feature_request
"Honestly, the app shows an error after checkout Please look into it.",honestly app show error checkout please look,neutral,bug
I would like an option to download invoices Can you fix this?,would like option download invoice fix,neutral,feature_request
"Recently, it would be useful to have a wishlist Please help.",recently would useful wishlist please help,neutral,feature_request
"Recently, the application interface is easy to use Please look into it.",recently application interface easy use please look,neutral,ui
"Recently, the app crashes whenever I upload a file This happens repeatedly.",recently app crash whenever upload file happens repeatedly,negative,bug
I noticed that customer service was very helpful This happens repeatedly.,noticed customer service helpful happens repeatedly,negative,support
"Recently, the login page is not working Can you fix this?",recently login page working fix,negative,login
I noticed that my payment failed while placing the order Can you fix this?,noticed payment failed placing order fix,negative,payment
"Recently, the support staff were polite and professional This happens repeatedly.",recently support staff polite professional happens repeatedly,positive,support
The buttons are difficult to find Can you fix this?,button difficult find fix,positive,ui
"Unfortunately, i would like an option to download invoices Please help.",unfortunately would like option download invoice please help,neutral,feature_request
"Unfortunately, the text on the screen is too small This happens repeatedly.",unfortunately text screen small happens repeatedly,negative,ui
"Today, the support team did not resolve my problem",today support team resolve problem,negative,support
"Today, the order status is displaying incorrectly Can you fix this?",today order status displaying incorrectly fix,negative,bug
I am having trouble because the app takes too long to load,trouble app take long load,negative,performance
I am having trouble because the application crashes when I open my profile This happens repeatedly.,trouble application crash open profile happens repeatedly,negative,bug
"Recently, the support experience was disappointing Please help.",recently support experience disappointing please help,positive,support
I noticed that my payment is stuck This is frustrating.,noticed payment stuck frustrating,negative,payment
"Today, my account login keeps failing",today account login keep failing,negative,login
"Unfortunately, please add notifications for price changes Can you fix this?",unfortunately please add notification price change fix,neutral,feature_request
The navigation is difficult to understand Can you fix this?,navigation difficult understand fix,neutral,ui
I noticed that i am unable to pay for my order I need assistance.,noticed unable pay order need assistance,negative,payment
"Today, the application interface is easy to use Please help.",today application interface easy use please help,positive,ui
"Recently, my payment failed while placing the order I need assistance.",recently payment failed placing order need assistance,negative,payment
I am having trouble because support took too long to respond I need assistance.,trouble support took long respond need assistance,negative,support
"Recently, login takes me back to the sign in page I need assistance.",recently login take back sign page need assistance,negative,login
I noticed that the interface needs improvement This happens repeatedly.,noticed interface need improvement happens repeatedly,negative,ui
"Unfortunately, the customer care representative was helpful",unfortunately customer care representative helpful,negative,support
I am having trouble because the website response time is very poor This is frustrating.,trouble website response time poor frustrating,negative,performance
"Unfortunately, it takes forever to open the dashboard I need assistance.",unfortunately take forever open dashboard need assistance,negative,performance
I am having trouble because the login page is not working I need assistance.,trouble login page working need assistance,negative,login
"Unfortunately, support took too long to respond Please look into it.",unfortunately support took long respond please look,neutral,support
"Unfortunately, the application is very slow I need assistance.",unfortunately application slow need assistance,negative,performance
"Recently, the text on the screen is too small This is frustrating.",recently text screen small frustrating,negative,ui
Support took too long to respond Please help.,support took long respond please help,positive,support
I was charged but the order was not placed Please help.,charged order placed please help,negative,payment
"Today, my payment failed while placing the order This is frustrating.",today payment failed placing order frustrating,negative,payment
"Honestly, support took too long to respond Can you fix this?",honestly support took long respond fix,positive,support
"For some reason, every screen takes a long time to open",reason every screen take long time open,negative,performance
"Today, i would like an option to download invoices This is frustrating.",today would like option download invoice frustrating,neutral,feature_request
"Recently, please add notifications for price changes Can you fix this?",recently please add notification price change fix,positive,feature_request
"Honestly, the login page is not working This happens repeatedly.",honestly login page working happens repeatedly,negative,login
"For some reason, the navigation is difficult to understand This happens repeatedly.",reason navigation difficult understand happens repeatedly,neutral,ui
"Recently, my payment is stuck I need assistance.",recently payment stuck need assistance,negative,payment
I am having trouble because the app becomes slow during checkout I need assistance.,trouble app becomes slow checkout need assistance,neutral,performance
"Honestly, the app takes too long to load Please look into it.",honestly app take long load please look,negative,performance
"Today, the support experience was disappointing This happens repeatedly.",today support experience disappointing happens repeatedly,positive,support
"Honestly, the support team did not resolve my problem I need assistance.",honestly support team resolve problem need assistance,negative,support
"Recently, every screen takes a long time to open I need assistance.",recently every screen take long time open need assistance,negative,performance
"Today, the payment page shows an error I need assistance.",today payment page show error need assistance,negative,payment
"Honestly, pages are loading slowly This is frustrating.",honestly page loading slowly frustrating,negative,performance
I am having trouble because the navigation is difficult to understand Please look into it.,trouble navigation difficult understand please look,neutral,ui
"Recently, the website is extremely slow today This happens repeatedly.",recently website extremely slow today happens repeatedly,negative,performance
"Today, the transaction was declined This is frustrating.",today transaction declined frustrating,negative,payment
I am having trouble because customer service was very helpful I need assistance.,trouble customer service helpful need assistance,positive,support
"Honestly, the order status is displaying incorrectly This happens repeatedly.",honestly order status displaying incorrectly happens repeatedly,neutral,bug
I am having trouble because the app becomes slow during checkout Can you fix this?,trouble app becomes slow checkout fix,negative,performance
"For some reason, i cannot login to my account This is frustrating.",reason login account frustrating,negative,login
"Honestly, the application is very slow Can you fix this?",honestly application slow fix,negative,performance
"For some reason, login takes me back to the sign in page This is frustrating.",reason login take back sign page frustrating,negative,login
"For some reason, it would be great to have a dark theme I need assistance.",reason would great dark theme need assistance,neutral,feature_request
The login page is not working,login page working,negative,login
"Today, the OTP is not arriving during login This is frustrating.",today otp arriving login frustrating,negative,login
"Unfortunately, the support experience was disappointing Please look into it.",unfortunately support experience disappointing please look,negative,support
"Recently, the interface needs improvement",recently interface need improvement,negative,ui
"Today, nobody from customer support has contacted me This happens repeatedly.",today nobody customer support contacted happens repeatedly,negative,support
"Unfortunately, can you add fingerprint login I need assistance.",unfortunately add fingerprint login need assistance,neutral,feature_request
"Honestly, the customer care representative was helpful",honestly customer care representative helpful,negative,support
UPI payment is not going through This happens repeatedly.,upi payment going happens repeatedly,negative,payment
"For some reason, please provide an option to change the language",reason please provide option change language,neutral,feature_request
I am having trouble because the login page is not working I need assistance.,trouble login page working need assistance,neutral,login
"Today, the application is very slow Please help.",today application slow please help,negative,performance
"Unfortunately, i cannot verify my account This happens repeatedly.",unfortunately verify account happens repeatedly,negative,login
I am having trouble because the dashboard looks great Can you fix this?,trouble dashboard look great fix,neutral,ui
The app crashes whenever I upload a file I need assistance.,app crash whenever upload file need assistance,negative,bug
I am having trouble because the order status is displaying incorrectly I need assistance.,trouble order status displaying incorrectly need assistance,neutral,bug
"Unfortunately, pages are loading slowly This happens repeatedly.",unfortunately page loading slowly happens repeatedly,negative,performance
"Honestly, please provide an option to change the language Can you fix this?",honestly please provide option change language fix,neutral,feature_request
"Honestly, the website response time is very poor Please look into it.",honestly website response time poor please look,negative,performance
"Honestly, the app logs me out whenever I try to sign in I need assistance.",honestly app log whenever try sign need assistance,negative,login
"Today, money was deducted but the payment failed Can you fix this?",today money deducted payment failed fix,neutral,payment
"Honestly, i cannot complete the payment This happens repeatedly.",honestly complete payment happens repeatedly,negative,payment
I noticed that the app crashes whenever I upload a file Can you fix this?,noticed app crash whenever upload file fix,negative,bug
I noticed that i have not received a response from support Can you fix this?,noticed received response support fix,positive,support
I am having trouble because support took too long to respond This is frustrating.,trouble support took long respond frustrating,neutral,support
I noticed that i am unable to pay for my order Can you fix this?,noticed unable pay order fix,negative,payment
"Honestly, the buttons are difficult to find",honestly button difficult find,positive,ui
"Honestly, the login page is not working Please help.",honestly login page working please help,neutral,login
"Honestly, nobody from customer support has contacted me This happens repeatedly.",honestly nobody customer support contacted happens repeatedly,positive,support
"Unfortunately, the support team did not resolve my problem This is frustrating.",unfortunately support team resolve problem frustrating,neutral,support
"Unfortunately, please add dark mode to the application",unfortunately please add dark mode application,neutral,feature_request
"Unfortunately, login takes me back to the sign in page I need assistance.",unfortunately login take back sign page need assistance,neutral,login
I am having trouble because can you add fingerprint login This happens repeatedly.,trouble add fingerprint login happens repeatedly,neutral,feature_request
"Unfortunately, the support team did not resolve my problem Please help.",unfortunately support team resolve problem please help,positive,support
I noticed that the website response time is very poor Please help.,noticed website response time poor please help,negative,performance
"Recently, money was deducted but the payment failed Please look into it.",recently money deducted payment failed please look,negative,payment
Please add more payment methods This happens repeatedly.,please add payment method happens repeatedly,positive,feature_request
"For some reason, something is broken in the application I need assistance.",reason something broken application need assistance,negative,bug
I noticed that nobody from customer support has contacted me Can you fix this?,noticed nobody customer support contacted fix,negative,support
"Recently, the new interface looks clean Please look into it.",recently new interface look clean please look,negative,ui
"Honestly, the application crashes when I open my profile I need assistance.",honestly application crash open profile need assistance,negative,bug
I noticed that the design is simple and user friendly Can you fix this?,noticed design simple user friendly fix,positive,ui
"For some reason, the application crashes when I open my profile Please look into it.",reason application crash open profile please look,negative,bug
"Unfortunately, i was charged but the order was not placed This is frustrating.",unfortunately charged order placed frustrating,negative,payment
I am having trouble because i am unable to access my account Please look into it.,trouble unable access account please look,neutral,login
The new interface looks clean,new interface look clean,negative,ui
"Today, i would like to schedule deliveries Please look into it.",today would like schedule delivery please look,neutral,feature_request
The support team solved my issue quickly This happens repeatedly.,support team solved issue quickly happens repeatedly,positive,support
"Today, the support team solved my issue quickly",today support team solved issue quickly,negative,support
"Recently, it takes forever to open the dashboard This is frustrating.",recently take forever open dashboard frustrating,negative,performance
"Unfortunately, the text on the screen is too small This is frustrating.",unfortunately text screen small frustrating,positive,ui
I am having trouble because please provide an option to change the language Can you fix this?,trouble please provide option change language fix,positive,feature_request
"Recently, the support team solved my issue quickly Please look into it.",recently support team solved issue quickly please look,negative,support
The search results are incorrect Please help.,search result incorrect please help,negative,bug
"For some reason, the design is simple and user friendly This happens repeatedly.",reason design simple user friendly happens repeatedly,neutral,ui
"For some reason, the interface needs improvement",reason interface need improvement,positive,ui
"Unfortunately, the password reset link is not working",unfortunately password reset link working,negative,login
"For some reason, the application interface is easy to use This is frustrating.",reason application interface easy use frustrating,negative,ui
"Today, i am unable to access my account Please look into it.",today unable access account please look,negative,login
"Today, i would like to schedule deliveries Please help.",today would like schedule delivery please help,neutral,feature_request
"Recently, can you add fingerprint login This is frustrating.",recently add fingerprint login frustrating,positive,feature_request
I noticed that the navigation is difficult to understand,noticed navigation difficult understand,neutral,ui
"For some reason, my payment failed while placing the order",reason payment failed placing order,negative,payment
"For some reason, pages are loading slowly This is frustrating.",reason page loading slowly frustrating,negative,performance
"Honestly, the website is extremely slow today Can you fix this?",honestly website extremely slow today fix,negative,performance
Please add more payment methods I need assistance.,please add payment method need assistance,neutral,feature_request
"Today, the card payment keeps failing Please look into it.",today card payment keep failing please look,negative,payment
"Unfortunately, the transaction was declined",unfortunately transaction declined,negative,payment
"Unfortunately, i am unable to pay for my order Can you fix this?",unfortunately unable pay order fix,negative,payment
"Honestly, the app logs me out whenever I try to sign in I need assistance.",honestly app log whenever try sign need assistance,negative,login
I am having trouble because the app becomes slow during checkout Please look into it.,trouble app becomes slow checkout please look,negative,performance
"Today, the support team solved my issue quickly This is frustrating.",today support team solved issue quickly frustrating,negative,support
"Today, the dashboard looks great Please help.",today dashboard look great please help,positive,ui
"For some reason, the transaction was declined Please help.",reason transaction declined please help,negative,payment
My payment is stuck Please help.,payment stuck please help,negative,payment
The menu layout is confusing I need assistance.,menu layout confusing need assistance,positive,ui
The dashboard looks great This happens repeatedly.,dashboard look great happens repeatedly,positive,ui
"Unfortunately, i forgot my password and cannot sign in This is frustrating.",unfortunately forgot password sign frustrating,negative,login
The payment page shows an error Please look into it.,payment page show error please look,negative,payment
"For some reason, the menu layout is confusing Can you fix this?",reason menu layout confusing fix,positive,ui
I am having trouble because i would like to schedule deliveries I need assistance.,trouble would like schedule delivery need assistance,neutral,feature_request
The dashboard looks great,dashboard look great,positive,ui
"Honestly, i was charged but the order was not placed Please help.",honestly charged order placed please help,negative,payment
"Unfortunately, i cannot login to my account I need assistance.",unfortunately login account need assistance,negative,login
"For some reason, the app shows an error after checkout I need assistance.",reason app show error checkout need assistance,negative,bug
"For some reason, i found a bug in the checkout process Can you fix this?",reason found bug checkout process fix,negative,bug
"Today, the application is very slow This is frustrating.",today application slow frustrating,negative,performance
I noticed that the app logs me out whenever I try to sign in Please look into it.,noticed app log whenever try sign please look,negative,login
"Today, the app takes too long to load Can you fix this?",today app take long load fix,negative,performance
"For some reason, the support staff were polite and professional Please look into it.",reason support staff polite professional please look,negative,support
"Recently, please add notifications for price changes Please help.",recently please add notification price change please help,neutral,feature_request
I noticed that the order status is displaying incorrectly,noticed order status displaying incorrectly,negative,bug
"For some reason, the support staff were polite and professional Can you fix this?",reason support staff polite professional fix,neutral,support
"Unfortunately, the notification is showing the wrong information I need assistance.",unfortunately notification showing wrong information need assistance,negative,bug
"Today, the search results are incorrect Please help.",today search result incorrect please help,negative,bug
"Unfortunately, the application interface is easy to use This is frustrating.",unfortunately application interface easy use frustrating,positive,ui
"Recently, the app becomes slow during checkout Can you fix this?",recently app becomes slow checkout fix,negative,performance
I noticed that it takes forever to open the dashboard Please help.,noticed take forever open dashboard please help,negative,performance
I am having trouble because money was deducted but the payment failed Please look into it.,trouble money deducted payment failed please look,neutral,payment
"For some reason, the OTP is not arriving during login",reason otp arriving login,negative,login
"For some reason, the buttons are difficult to find Can you fix this?",reason button difficult find fix,positive,ui
I noticed that the website response time is very poor Please look into it.,noticed website response time poor please look,neutral,performance
I noticed that i am unable to access my account This happens repeatedly.,noticed unable access account happens repeatedly,negative,login
"Honestly, the notification is showing the wrong information",honestly notification showing wrong information,negative,bug
"For some reason, pages are loading slowly Please look into it.",reason page loading slowly please look,negative,performance
I noticed that i cannot verify my account This is frustrating.,noticed verify account frustrating,negative,login
"Honestly, please add notifications for price changes Please help.",honestly please add notification price change please help,positive,feature_request
I am having trouble because it takes forever to open the dashboard This is frustrating.,trouble take forever open dashboard frustrating,neutral,performance
Can you add fingerprint login,add fingerprint login,neutral,feature_request
I noticed that please provide an option to change the language Please help.,noticed please provide option change language please help,positive,feature_request
I am having trouble because the transaction was declined This happens repeatedly.,trouble transaction declined happens repeatedly,negative,payment
"Today, the support experience was disappointing Please look into it.",today support experience disappointing please look,negative,support
"Honestly, i found a bug in the checkout process This happens repeatedly.",honestly found bug checkout process happens repeatedly,negative,bug
"Today, it takes forever to open the dashboard Can you fix this?",today take forever open dashboard fix,negative,performance
Please add notifications for price changes I need assistance.,please add notification price change need assistance,neutral,feature_request
"For some reason, the search results are incorrect",reason search result incorrect,negative,bug
"For some reason, my payment is stuck I need assistance.",reason payment stuck need assistance,negative,payment
"Unfortunately, it takes forever to open the dashboard This happens repeatedly.",unfortunately take forever open dashboard happens repeatedly,neutral,performance
It would be useful to have a wishlist,would useful wishlist,neutral,feature_request
"Unfortunately, the app logs me out whenever I try to sign in Please look into it.",unfortunately app log whenever try sign please look,neutral,login
The page becomes blank after clicking the button,page becomes blank clicking button,negative,bug
"Recently, the application crashes when I open my profile Please look into it.",recently application crash open profile please look,negative,bug
"Honestly, the design is simple and user friendly I need assistance.",honestly design simple user friendly need assistance,neutral,ui
"Unfortunately, i forgot my password and cannot sign in Please help.",unfortunately forgot password sign please help,negative,login
"Unfortunately, login takes me back to the sign in page Please look into it.",unfortunately login take back sign page please look,negative,login
"Unfortunately, the OTP is not arriving during login Can you fix this?",unfortunately otp arriving login fix,neutral,login
"Today, the text on the screen is too small This happens repeatedly.",today text screen small happens repeatedly,negative,ui
I noticed that uPI payment is not going through,noticed upi payment going,negative,payment
Every screen takes a long time to open This happens repeatedly.,every screen take long time open happens repeatedly,negative,performance
The notification is showing the wrong information I need assistance.,notification showing wrong information need assistance,neutral,bug
I cannot login to my account Please look into it.,login account please look,negative,login
Please add notifications for price changes This happens repeatedly.,please add notification price change happens repeatedly,positive,feature_request
"Today, the page becomes blank after clicking the button This happens repeatedly.",today page becomes blank clicking button happens repeatedly,negative,bug
Pages are loading slowly I need assistance.,page loading slowly need assistance,negative,performance
I noticed that login takes me back to the sign in page I need assistance.,noticed login take back sign page need assistance,neutral,login
"Today, the text on the screen is too small I need assistance.",today text screen small need assistance,negative,ui
"Today, the app crashes whenever I upload a file This happens repeatedly.",today app crash whenever upload file happens repeatedly,negative,bug
I am having trouble because the navigation is difficult to understand This happens repeatedly.,trouble navigation difficult understand happens repeatedly,positive,ui
"Honestly, uPI payment is not going through I need assistance.",honestly upi payment going need assistance,negative,payment
The website response time is very poor,website response time poor,negative,performance
My payment failed while placing the order Please help.,payment failed placing order please help,negative,payment
"Recently, the app logs me out whenever I try to sign in This is frustrating.",recently app log whenever try sign frustrating,negative,login
I am having trouble because i would like to schedule deliveries Can you fix this?,trouble would like schedule delivery fix,neutral,feature_request
"Unfortunately, the support team solved my issue quickly Please look into it.",unfortunately support team solved issue quickly please look,negative,support
"Honestly, the order status is displaying incorrectly This is frustrating.",honestly order status displaying incorrectly frustrating,neutral,bug
"Today, pages are loading slowly",today page loading slowly,negative,performance
"For some reason, the menu layout is confusing Please look into it.",reason menu layout confusing please look,negative,ui
I am having trouble because the support staff were polite and professional Please help.,trouble support staff polite professional please help,positive,support
"Honestly, the application interface is easy to use I need assistance.",honestly application interface easy use need assistance,positive,ui
Please add a filter for previous orders Can you fix this?,please add filter previous order fix,neutral,feature_request
"Recently, the app takes too long to load Can you fix this?",recently app take long load fix,negative,performance
Every screen takes a long time to open I need assistance.,every screen take long time open need assistance,negative,performance
The application closes unexpectedly This is frustrating.,application close unexpectedly frustrating,negative,bug
I am having trouble because can you add fingerprint login This happens repeatedly.,trouble add fingerprint login happens repeatedly,neutral,feature_request
"Honestly, i am happy with the assistance I received This is frustrating.",honestly happy assistance received frustrating,negative,support
I noticed that the notification is showing the wrong information Please look into it.,noticed notification showing wrong information please look,negative,bug
"Recently, the app shows an error after checkout This happens repeatedly.",recently app show error checkout happens repeatedly,neutral,bug
"Unfortunately, pages are loading slowly",unfortunately page loading slowly,negative,performance
"Today, please add a filter for previous orders Can you fix this?",today please add filter previous order fix,neutral,feature_request
I noticed that the dashboard looks great Please help.,noticed dashboard look great please help,positive,ui
"Honestly, the login page is not working This happens repeatedly.",honestly login page working happens repeatedly,neutral,login
"Today, the menu layout is confusing I need assistance.",today menu layout confusing need assistance,negative,ui
Every screen takes a long time to open This is frustrating.,every screen take long time open frustrating,negative,performance
"Honestly, the application is lagging badly Please look into it.",honestly application lagging badly please look,negative,performance
"Unfortunately, the application is very slow This happens repeatedly.",unfortunately application slow happens repeatedly,negative,performance
"Recently, the search results are incorrect",recently search result incorrect,negative,bug
"Today, i was charged but the order was not placed This is frustrating.",today charged order placed frustrating,negative,payment
The app logs me out whenever I try to sign in Please help.,app log whenever try sign please help,neutral,login
"Honestly, the OTP is not arriving during login This happens repeatedly.",honestly otp arriving login happens repeatedly,negative,login
"Recently, the interface needs improvement This is frustrating.",recently interface need improvement frustrating,neutral,ui
I noticed that the OTP is not arriving during login Can you fix this?,noticed otp arriving login fix,negative,login
I noticed that the website response time is very poor Please look into it.,noticed website response time poor please look,negative,performance
"Today, the card payment keeps failing Please help.",today card payment keep failing please help,neutral,payment
"Honestly, i am unable to access my account This happens repeatedly.",honestly unable access account happens repeatedly,negative,login
I noticed that customer service was very helpful This happens repeatedly.,noticed customer service helpful happens repeatedly,negative,support
"Recently, i am unable to access my account This happens repeatedly.",recently unable access account happens repeatedly,negative,login
"Unfortunately, the colors and layout make the app easy to use Please look into it.",unfortunately color layout make app easy use please look,positive,ui
I am having trouble because pages are loading slowly This is frustrating.,trouble page loading slowly frustrating,negative,performance
"Honestly, customer service was very helpful Please help.",honestly customer service helpful please help,positive,support
I noticed that the password reset link is not working Please look into it.,noticed password reset link working please look,negative,login
"Unfortunately, the application is lagging badly Please look into it.",unfortunately application lagging badly please look,negative,performance
"Unfortunately, the colors and layout make the app easy to use",unfortunately color layout make app easy use,neutral,ui
Please provide an option to change the language Can you fix this?,please provide option change language fix,neutral,feature_request
"For some reason, money was deducted but the payment failed",reason money deducted payment failed,negative,payment
"Today, the application is very slow Can you fix this?",today application slow fix,negative,performance
"Honestly, it takes forever to open the dashboard This happens repeatedly.",honestly take forever open dashboard happens repeatedly,negative,performance
The page becomes blank after clicking the button I need assistance.,page becomes blank clicking button need assistance,negative,bug
"Honestly, the application freezes frequently Please look into it.",honestly application freeze frequently please look,negative,performance
I am having trouble because the application is lagging badly This happens repeatedly.,trouble application lagging badly happens repeatedly,negative,performance
The customer care representative was helpful,customer care representative helpful,negative,support
"Today, the app crashes whenever I upload a file I need assistance.",today app crash whenever upload file need assistance,negative,bug
I noticed that the support experience was disappointing Can you fix this?,noticed support experience disappointing fix,positive,support
"Honestly, the OTP is not arriving during login",honestly otp arriving login,negative,login
I noticed that the buttons are difficult to find Can you fix this?,noticed button difficult find fix,positive,ui
The application is very slow,application slow,negative,performance
I noticed that the order status is displaying incorrectly,noticed order status displaying incorrectly,negative,bug
I am having trouble because i found a bug in the checkout process Please help.,trouble found bug checkout process please help,negative,bug
"Recently, uPI payment is not going through I need assistance.",recently upi payment going need assistance,negative,payment
"Recently, the dashboard looks great I need assistance.",recently dashboard look great need assistance,positive,ui
I noticed that i cannot login to my account Please look into it.,noticed login account please look,negative,login
"For some reason, support took too long to respond Please help.",reason support took long respond please help,negative,support
"Honestly, uPI payment is not going through",honestly upi payment going,negative,payment
"Honestly, the app crashes whenever I upload a file Please help.",honestly app crash whenever upload file please help,neutral,bug
I noticed that the app shows an error after checkout This is frustrating.,noticed app show error checkout frustrating,negative,bug
"Recently, it takes forever to open the dashboard I need assistance.",recently take forever open dashboard need assistance,negative,performance
"Recently, my payment failed while placing the order This happens repeatedly.",recently payment failed placing order happens repeatedly,negative,payment
"For some reason, the website response time is very poor Can you fix this?",reason website response time poor fix,negative,performance
"Recently, i cannot login to my account Can you fix this?",recently login account fix,neutral,login
"Honestly, i cannot complete the payment",honestly complete payment,negative,payment
"For some reason, can you add fingerprint login",reason add fingerprint login,neutral,feature_request
"Honestly, every screen takes a long time to open Can you fix this?",honestly every screen take long time open fix,negative,performance
"Today, i forgot my password and cannot sign in This happens repeatedly.",today forgot password sign happens repeatedly,negative,login
I am having trouble because the page becomes blank after clicking the button Please look into it.,trouble page becomes blank clicking button please look,negative,bug
"Recently, the application is very slow This happens repeatedly.",recently application slow happens repeatedly,negative,performance
I noticed that the customer care representative was helpful Can you fix this?,noticed customer care representative helpful fix,positive,support
"Recently, the application freezes frequently Please look into it.",recently application freeze frequently please look,negative,performance
"Today, money was deducted but the payment failed This happens repeatedly.",today money deducted payment failed happens repeatedly,negative,payment
"Unfortunately, the application interface is easy to use I need assistance.",unfortunately application interface easy use need assistance,positive,ui
"Honestly, the text on the screen is too small Can you fix this?",honestly text screen small fix,negative,ui
I am having trouble because my account login keeps failing I need assistance.,trouble account login keep failing need assistance,negative,login
"Recently, i am happy with the assistance I received Please help.",recently happy assistance received please help,negative,support
I am having trouble because i was charged but the order was not placed This happens repeatedly.,trouble charged order placed happens repeatedly,negative,payment
The colors and layout make the app easy to use I need assistance.,color layout make app easy use need assistance,neutral,ui
"Honestly, the support experience was disappointing I need assistance.",honestly support experience disappointing need assistance,neutral,support
"Honestly, the navigation is difficult to understand Please look into it.",honestly navigation difficult understand please look,negative,ui
"For some reason, the website is extremely slow today I need assistance.",reason website extremely slow today need assistance,negative,performance
"Unfortunately, i cannot verify my account This is frustrating.",unfortunately verify account frustrating,negative,login
"For some reason, please add more payment methods",reason please add payment method,neutral,feature_request
"Recently, the application interface is easy to use This happens repeatedly.",recently application interface easy use happens repeatedly,positive,ui
"Unfortunately, money was deducted but the payment failed Please look into it.",unfortunately money deducted payment failed please look,negative,payment
"Recently, the interface needs improvement Can you fix this?",recently interface need improvement fix,positive,ui
Something is broken in the application,something broken application,negative,bug
"Recently, i would like an option to download invoices Can you fix this?",recently would like option download invoice fix,neutral,feature_request
Please add dark mode to the application,please add dark mode application,neutral,feature_request
"Unfortunately, can you add fingerprint login Please help.",unfortunately add fingerprint login please help,positive,feature_request
"Honestly, nobody from customer support has contacted me Can you fix this?",honestly nobody customer support contacted fix,positive,support
I am having trouble because the interface needs improvement This happens repeatedly.,trouble interface need improvement happens repeatedly,neutral,ui
I noticed that the app takes too long to load Please help.,noticed app take long load please help,negative,performance
It would be great to have a dark theme Please look into it.,would great dark theme please look,positive,feature_request
"Recently, the website response time is very poor Please look into it.",recently website response time poor please look,negative,performance
"Unfortunately, can you add fingerprint login",unfortunately add fingerprint login,neutral,feature_request
"Recently, the app shows an error after checkout This happens repeatedly.",recently app show error checkout happens repeatedly,negative,bug
I noticed that the dashboard looks great Can you fix this?,noticed dashboard look great fix,negative,ui
"Honestly, the customer care representative was helpful Can you fix this?",honestly customer care representative helpful fix,positive,support
"For some reason, please add a filter for previous orders This happens repeatedly.",reason please add filter previous order happens repeatedly,neutral,feature_request
"Recently, my payment is stuck This happens repeatedly.",recently payment stuck happens repeatedly,neutral,payment
"Unfortunately, the buttons are difficult to find",unfortunately button difficult find,neutral,ui
"For some reason, customer service was very helpful This happens repeatedly.",reason customer service helpful happens repeatedly,negative,support
"Recently, please provide an option to change the language I need assistance.",recently please provide option change language need assistance,neutral,feature_request
The colors and layout make the app easy to use I need assistance.,color layout make app easy use need assistance,negative,ui
"Today, the website response time is very poor Can you fix this?",today website response time poor fix,neutral,performance
"Honestly, support took too long to respond This happens repeatedly.",honestly support took long respond happens repeatedly,positive,support
"Today, the interface needs improvement I need assistance.",today interface need improvement need assistance,positive,ui
I noticed that the app takes too long to load,noticed app take long load,negative,performance
The app crashes whenever I upload a file This is frustrating.,app crash whenever upload file frustrating,negative,bug
"Today, the website response time is very poor I need assistance.",today website response time poor need assistance,negative,performance
"Honestly, the payment page shows an error This is frustrating.",honestly payment page show error frustrating,negative,payment
I noticed that my payment is stuck,noticed payment stuck,negative,payment
I noticed that the app crashes whenever I upload a file Please look into it.,noticed app crash whenever upload file please look,negative,bug
"For some reason, the notification is showing the wrong information This is frustrating.",reason notification showing wrong information frustrating,negative,bug
I noticed that it would be great to have a dark theme This happens repeatedly.,noticed would great dark theme happens repeatedly,neutral,feature_request
"Honestly, something is broken in the application Can you fix this?",honestly something broken application fix,negative,bug
"Honestly, i cannot complete the payment This is frustrating.",honestly complete payment frustrating,negative,payment
"For some reason, the application crashes when I open my profile Please help.",reason application crash open profile please help,negative,bug
I noticed that the text on the screen is too small Can you fix this?,noticed text screen small fix,negative,ui
"Recently, my payment is stuck Can you fix this?",recently payment stuck fix,negative,payment
"Recently, the search results are incorrect This is frustrating.",recently search result incorrect frustrating,negative,bug
"Recently, the website is extremely slow today This happens repeatedly.",recently website extremely slow today happens repeatedly,negative,performance
"Recently, i was charged but the order was not placed This happens repeatedly.",recently charged order placed happens repeatedly,negative,payment
"Recently, the interface needs improvement Can you fix this?",recently interface need improvement fix,negative,ui
I noticed that the colors and layout make the app easy to use This happens repeatedly.,noticed color layout make app easy use happens repeatedly,positive,ui
"Honestly, i was charged but the order was not placed Can you fix this?",honestly charged order placed fix,negative,payment
I noticed that the new interface looks clean This is frustrating.,noticed new interface look clean frustrating,negative,ui
"Honestly, the application is very slow I need assistance.",honestly application slow need assistance,negative,performance
"Recently, the page becomes blank after clicking the button I need assistance.",recently page becomes blank clicking button need assistance,negative,bug
"For some reason, i am unable to access my account This is frustrating.",reason unable access account frustrating,negative,login
"Unfortunately, please add more payment methods",unfortunately please add payment method,neutral,feature_request
"Honestly, customer service was very helpful Please help.",honestly customer service helpful please help,positive,support
UPI payment is not going through Can you fix this?,upi payment going fix,negative,payment
I am having trouble because please add notifications for price changes Please look into it.,trouble please add notification price change please look,positive,feature_request
"Honestly, can you add fingerprint login Please look into it.",honestly add fingerprint login please look,positive,feature_request
"Today, please add dark mode to the application This happens repeatedly.",today please add dark mode application happens repeatedly,neutral,feature_request
"Today, my payment is stuck Can you fix this?",today payment stuck fix,negative,payment
I am having trouble because i am happy with the assistance I received Please help.,trouble happy assistance received please help,negative,support
I noticed that the text on the screen is too small,noticed text screen small,positive,ui
I noticed that my account login keeps failing I need assistance.,noticed account login keep failing need assistance,negative,login
I noticed that something is broken in the application I need assistance.,noticed something broken application need assistance,negative,bug
"For some reason, the customer care representative was helpful I need assistance.",reason customer care representative helpful need assistance,negative,support
"Unfortunately, please add a filter for previous orders This happens repeatedly.",unfortunately please add filter previous order happens repeatedly,neutral,feature_request
"Unfortunately, it takes forever to open the dashboard This happens repeatedly.",unfortunately take forever open dashboard happens repeatedly,negative,performance
"Recently, the support experience was disappointing Please look into it.",recently support experience disappointing please look,negative,support
"For some reason, it takes forever to open the dashboard Please help.",reason take forever open dashboard please help,negative,performance
UPI payment is not going through Can you fix this?,upi payment going fix,negative,payment
"Today, i would like an option to download invoices This happens repeatedly.",today would like option download invoice happens repeatedly,neutral,feature_request
I am having trouble because customer service was very helpful Please look into it.,trouble customer service helpful please look,negative,support
I am having trouble because i would like an option to download invoices This is frustrating.,trouble would like option download invoice frustrating,neutral,feature_request
"Unfortunately, please add dark mode to the application This happens repeatedly.",unfortunately please add dark mode application happens repeatedly,positive,feature_request
I am having trouble because the password reset link is not working I need assistance.,trouble password reset link working need assistance,negative,login
"Honestly, my payment is stuck This is frustrating.",honestly payment stuck frustrating,negative,payment
"Honestly, the colors and layout make the app easy to use I need assistance.",honestly color layout make app easy use need assistance,negative,ui
"Today, the design is simple and user friendly",today design simple user friendly,negative,ui
"Recently, the navigation is difficult to understand Please help.",recently navigation difficult understand please help,positive,ui
"Honestly, my payment is stuck Can you fix this?",honestly payment stuck fix,negative,payment
Please add more payment methods Please look into it.,please add payment method please look,neutral,feature_request
"Honestly, the support staff were polite and professional Can you fix this?",honestly support staff polite professional fix,positive,support
"Today, the application closes unexpectedly I need assistance.",today application close unexpectedly need assistance,negative,bug
"Unfortunately, the card payment keeps failing This is frustrating.",unfortunately card payment keep failing frustrating,neutral,payment
"Unfortunately, please provide an option to change the language I need assistance.",unfortunately please provide option change language need assistance,positive,feature_request
"Today, the customer care representative was helpful I need assistance.",today customer care representative helpful need assistance,negative,support
"Today, the interface needs improvement This happens repeatedly.",today interface need improvement happens repeatedly,neutral,ui
"For some reason, i have not received a response from support Please look into it.",reason received response support please look,positive,support
"For some reason, customer service was very helpful Please help.",reason customer service helpful please help,negative,support
The app logs me out whenever I try to sign in I need assistance.,app log whenever try sign need assistance,neutral,login
"Recently, something is broken in the application Please help.",recently something broken application please help,negative,bug
UPI payment is not going through Can you fix this?,upi payment going fix,neutral,payment
"Unfortunately, the support staff were polite and professional This is frustrating.",unfortunately support staff polite professional frustrating,negative,support
"Recently, uPI payment is not going through This is frustrating.",recently upi payment going frustrating,negative,payment
"For some reason, the application is very slow Can you fix this?",reason application slow fix,negative,performance
"Unfortunately, the order status is displaying incorrectly Please help.",unfortunately order status displaying incorrectly please help,negative,bug
I am having trouble because please add dark mode to the application Can you fix this?,trouble please add dark mode application fix,positive,feature_request
Please provide an option to change the language,please provide option change language,positive,feature_request
"Honestly, it would be useful to have a wishlist",honestly would useful wishlist,neutral,feature_request
"Recently, my payment is stuck This happens repeatedly.",recently payment stuck happens repeatedly,negative,payment
The app becomes slow during checkout This is frustrating.,app becomes slow checkout frustrating,negative,performance
I am having trouble because the interface needs improvement,trouble interface need improvement,negative,ui
"Unfortunately, i have not received a response from support Please look into it.",unfortunately received response support please look,negative,support
"For some reason, it would be useful to have a wishlist Can you fix this?",reason would useful wishlist fix,neutral,feature_request
"Unfortunately, the application closes unexpectedly Please look into it.",unfortunately application close unexpectedly please look,negative,bug
I am having trouble because the support experience was disappointing This happens repeatedly.,trouble support experience disappointing happens repeatedly,negative,support
"Recently, the order status is displaying incorrectly This is frustrating.",recently order status displaying incorrectly frustrating,negative,bug
"For some reason, my payment is stuck Please look into it.",reason payment stuck please look,neutral,payment
I am unable to pay for my order This is frustrating.,unable pay order frustrating,negative,payment
The notification is showing the wrong information Can you fix this?,notification showing wrong information fix,negative,bug
Please add more payment methods I need assistance.,please add payment method need assistance,neutral,feature_request
I noticed that the application interface is easy to use,noticed application interface easy use,neutral,ui
"Today, the app becomes slow during checkout I need assistance.",today app becomes slow checkout need assistance,negative,performance
"Recently, i would like an option to download invoices This happens repeatedly.",recently would like option download invoice happens repeatedly,neutral,feature_request
I noticed that the design is simple and user friendly This happens repeatedly.,noticed design simple user friendly happens repeatedly,negative,ui
"For some reason, support took too long to respond",reason support took long respond,positive,support
"For some reason, i am unable to access my account This happens repeatedly.",reason unable access account happens repeatedly,negative,login
"Honestly, the app crashes whenever I upload a file Please help.",honestly app crash whenever upload file please help,negative,bug
"Unfortunately, something is broken in the application Can you fix this?",unfortunately something broken application fix,negative,bug
"Recently, i have not received a response from support Please help.",recently received response support please help,neutral,support
"For some reason, i found a bug in the checkout process This is frustrating.",reason found bug checkout process frustrating,negative,bug
"Unfortunately, can you add fingerprint login This happens repeatedly.",unfortunately add fingerprint login happens repeatedly,neutral,feature_request
I am having trouble because please provide an option to change the language This happens repeatedly.,trouble please provide option change language happens repeatedly,positive,feature_request
"For some reason, it takes forever to open the dashboard Can you fix this?",reason take forever open dashboard fix,negative,performance
Pages are loading slowly Can you fix this?,page loading slowly fix,negative,performance
"Honestly, i found a bug in the checkout process I need assistance.",honestly found bug checkout process need assistance,negative,bug
"Today, the card payment keeps failing Please look into it.",today card payment keep failing please look,negative,payment
"For some reason, my payment failed while placing the order Please help.",reason payment failed placing order please help,negative,payment
Please add a filter for previous orders Can you fix this?,please add filter previous order fix,neutral,feature_request
I noticed that please add a filter for previous orders,noticed please add filter previous order,neutral,feature_request
I noticed that please add notifications for price changes,noticed please add notification price change,neutral,feature_request
I am having trouble because please add notifications for price changes I need assistance.,trouble please add notification price change need assistance,neutral,feature_request
"Recently, pages are loading slowly This is frustrating.",recently page loading slowly frustrating,negative,performance
I am having trouble because customer service was very helpful,trouble customer service helpful,negative,support
"Honestly, my payment failed while placing the order Please help.",honestly payment failed placing order please help,negative,payment
"Recently, the search results are incorrect This is frustrating.",recently search result incorrect frustrating,negative,bug
I am having trouble because it takes forever to open the dashboard This is frustrating.,trouble take forever open dashboard frustrating,negative,performance
"Honestly, the colors and layout make the app easy to use This happens repeatedly.",honestly color layout make app easy use happens repeatedly,neutral,ui
"For some reason, the customer care representative was helpful Please look into it.",reason customer care representative helpful please look,negative,support
I am having trouble because the search results are incorrect Please help.,trouble search result incorrect please help,negative,bug
I forgot my password and cannot sign in I need assistance.,forgot password sign need assistance,negative,login
I noticed that the login page is not working Please help.,noticed login page working please help,negative,login
"For some reason, the customer care representative was helpful Can you fix this?",reason customer care representative helpful fix,positive,support
"Today, the search results are incorrect This happens repeatedly.",today search result incorrect happens repeatedly,negative,bug
"Today, the application is very slow This happens repeatedly.",today application slow happens repeatedly,negative,performance
"Today, money was deducted but the payment failed Can you fix this?",today money deducted payment failed fix,neutral,payment
"Recently, i forgot my password and cannot sign in Please look into it.",recently forgot password sign please look,negative,login
"Unfortunately, it would be useful to have a wishlist",unfortunately would useful wishlist,neutral,feature_request
The application interface is easy to use Please look into it.,application interface easy use please look,negative,ui
The navigation is difficult to understand Please help.,navigation difficult understand please help,negative,ui
I noticed that the notification is showing the wrong information This happens repeatedly.,noticed notification showing wrong information happens repeatedly,neutral,bug
I am having trouble because the application closes unexpectedly Please help.,trouble application close unexpectedly please help,negative,bug
"Today, support took too long to respond Please look into it.",today support took long respond please look,positive,support
"For some reason, i cannot complete the payment This is frustrating.",reason complete payment frustrating,negative,payment
I noticed that login takes me back to the sign in page This is frustrating.,noticed login take back sign page frustrating,negative,login
"Recently, i cannot verify my account This is frustrating.",recently verify account frustrating,negative,login
I noticed that pages are loading slowly Please help.,noticed page loading slowly please help,negative,performance
I am having trouble because login takes me back to the sign in page,trouble login take back sign page,neutral,login
"Unfortunately, please add notifications for price changes",unfortunately please add notification price change,neutral,feature_request
I noticed that money was deducted but the payment failed,noticed money deducted payment failed,negative,payment
"Unfortunately, my payment is stuck This is frustrating.",unfortunately payment stuck frustrating,negative,payment
"Unfortunately, the customer care representative was helpful I need assistance.",unfortunately customer care representative helpful need assistance,positive,support
"Honestly, please add dark mode to the application This happens repeatedly.",honestly please add dark mode application happens repeatedly,neutral,feature_request
I am unable to access my account,unable access account,negative,login
I am having trouble because the navigation is difficult to understand Please look into it.,trouble navigation difficult understand please look,negative,ui
"For some reason, the new interface looks clean This is frustrating.",reason new interface look clean frustrating,positive,ui
"Recently, every screen takes a long time to open Please help.",recently every screen take long time open please help,negative,performance
I am having trouble because the payment page shows an error Please look into it.,trouble payment page show error please look,negative,payment
The password reset link is not working This happens repeatedly.,password reset link working happens repeatedly,negative,login
"Honestly, the card payment keeps failing This is frustrating.",honestly card payment keep failing frustrating,negative,payment
I noticed that the application closes unexpectedly,noticed application close unexpectedly,negative,bug
I cannot login to my account Please help.,login account please help,negative,login
I noticed that the website response time is very poor This is frustrating.,noticed website response time poor frustrating,negative,performance
I noticed that the search results are incorrect,noticed search result incorrect,negative,bug
The menu layout is confusing,menu layout confusing,negative,ui
"Honestly, please add notifications for price changes This is frustrating.",honestly please add notification price change frustrating,positive,feature_request
I forgot my password and cannot sign in Please help.,forgot password sign please help,negative,login
"Honestly, it would be useful to have a wishlist This is frustrating.",honestly would useful wishlist frustrating,neutral,feature_request
"Recently, please add a filter for previous orders",recently please add filter previous order,neutral,feature_request
"Today, the application freezes frequently This is frustrating.",today application freeze frequently frustrating,negative,performance
"Today, the support team did not resolve my problem Please look into it.",today support team resolve problem please look,positive,support
"Unfortunately, i am happy with the assistance I received Can you fix this?",unfortunately happy assistance received fix,positive,support
My payment is stuck Please help.,payment stuck please help,negative,payment
I am having trouble because the payment page shows an error Please help.,trouble payment page show error please help,neutral,payment
"Today, the support team did not resolve my problem Can you fix this?",today support team resolve problem fix,positive,support
"Honestly, the new interface looks clean Please help.",honestly new interface look clean please help,negative,ui
"Honestly, the support experience was disappointing",honestly support experience disappointing,positive,support
"Unfortunately, something is broken in the application Please help.",unfortunately something broken application please help,negative,bug
"Today, the app crashes whenever I upload a file Please look into it.",today app crash whenever upload file please look,negative,bug
I noticed that the colors and layout make the app easy to use This happens repeatedly.,noticed color layout make app easy use happens repeatedly,positive,ui
I am having trouble because the app takes too long to load,trouble app take long load,negative,performance
"Unfortunately, the website is extremely slow today Please look into it.",unfortunately website extremely slow today please look,negative,performance
"For some reason, i forgot my password and cannot sign in Please look into it.",reason forgot password sign please look,negative,login
"For some reason, my account login keeps failing",reason account login keep failing,negative,login
I am having trouble because the app becomes slow during checkout I need assistance.,trouble app becomes slow checkout need assistance,negative,performance
I am having trouble because the application crashes when I open my profile This happens repeatedly.,trouble application crash open profile happens repeatedly,negative,bug
"Today, i was charged but the order was not placed This happens repeatedly.",today charged order placed happens repeatedly,negative,payment
"Unfortunately, i am unable to access my account Can you fix this?",unfortunately unable access account fix,negative,login
"Honestly, the notification is showing the wrong information Please help.",honestly notification showing wrong information please help,negative,bug
The application interface is easy to use,application interface easy use,negative,ui
"For some reason, the app shows an error after checkout Please look into it.",reason app show error checkout please look,negative,bug
"Unfortunately, the application closes unexpectedly I need assistance.",unfortunately application close unexpectedly need assistance,negative,bug
"Recently, the application closes unexpectedly Please help.",recently application close unexpectedly please help,negative,bug
I noticed that the app becomes slow during checkout This happens repeatedly.,noticed app becomes slow checkout happens repeatedly,neutral,performance
"Honestly, please add more payment methods Can you fix this?",honestly please add payment method fix,neutral,feature_request
"Honestly, the application crashes when I open my profile Can you fix this?",honestly application crash open profile fix,negative,bug
I noticed that the menu layout is confusing This is frustrating.,noticed menu layout confusing frustrating,neutral,ui
Support took too long to respond Please help.,support took long respond please help,positive,support
"Unfortunately, i am happy with the assistance I received Please help.",unfortunately happy assistance received please help,negative,support
It would be useful to have a wishlist,would useful wishlist,neutral,feature_request
I noticed that the text on the screen is too small This is frustrating.,noticed text screen small frustrating,negative,ui
"Recently, i would like an option to download invoices Please look into it.",recently would like option download invoice please look,neutral,feature_request
"Honestly, support took too long to respond This is frustrating.",honestly support took long respond frustrating,negative,support
"Honestly, my account login keeps failing Please look into it.",honestly account login keep failing please look,negative,login
"Unfortunately, uPI payment is not going through I need assistance.",unfortunately upi payment going need assistance,neutral,payment
"For some reason, the app becomes slow during checkout",reason app becomes slow checkout,negative,performance
"For some reason, the interface needs improvement Can you fix this?",reason interface need improvement fix,negative,ui
"For some reason, the payment page shows an error I need assistance.",reason payment page show error need assistance,negative,payment
The search results are incorrect I need assistance.,search result incorrect need assistance,negative,bug
"Today, i would like to schedule deliveries I need assistance.",today would like schedule delivery need assistance,neutral,feature_request
The payment page shows an error Please help.,payment page show error please help,negative,payment
"For some reason, the buttons are difficult to find Please look into it.",reason button difficult find please look,positive,ui
"For some reason, the new interface looks clean Please look into it.",reason new interface look clean please look,negative,ui
I am unable to pay for my order This happens repeatedly.,unable pay order happens repeatedly,negative,payment
"Today, the app logs me out whenever I try to sign in This happens repeatedly.",today app log whenever try sign happens repeatedly,negative,login
The payment page shows an error Please help.,payment page show error please help,negative,payment
"Honestly, the navigation is difficult to understand",honestly navigation difficult understand,negative,ui
I noticed that please add notifications for price changes Please look into it.,noticed please add notification price change please look,positive,feature_request
"Today, the app logs me out whenever I try to sign in Please help.",today app log whenever try sign please help,negative,login
"Today, i am unable to access my account I need assistance.",today unable access account need assistance,negative,login
"Today, the application is very slow Can you fix this?",today application slow fix,negative,performance
I noticed that the navigation is difficult to understand Can you fix this?,noticed navigation difficult understand fix,neutral,ui
"Today, the card payment keeps failing Please look into it.",today card payment keep failing please look,negative,payment
"Today, i would like an option to download invoices This happens repeatedly.",today would like option download invoice happens repeatedly,neutral,feature_request
"Honestly, i forgot my password and cannot sign in This happens repeatedly.",honestly forgot password sign happens repeatedly,negative,login
I am having trouble because the new interface looks clean This is frustrating.,trouble new interface look clean frustrating,negative,ui
"Unfortunately, the support staff were polite and professional I need assistance.",unfortunately support staff polite professional need assistance,negative,support
"Recently, it would be great to have a dark theme",recently would great dark theme,neutral,feature_request
I noticed that the application is very slow,noticed application slow,negative,performance
"Recently, the OTP is not arriving during login",recently otp arriving login,negative,login
I noticed that it would be great to have a dark theme Can you fix this?,noticed would great dark theme fix,neutral,feature_request
I noticed that it would be great to have a dark theme Please look into it.,noticed would great dark theme please look,neutral,feature_request
"Honestly, please add notifications for price changes",honestly please add notification price change,positive,feature_request
"Today, i am unable to access my account",today unable access account,negative,login
"Honestly, i would like to schedule deliveries Please help.",honestly would like schedule delivery please help,neutral,feature_request
I am having trouble because the colors and layout make the app easy to use This happens repeatedly.,trouble color layout make app easy use happens repeatedly,positive,ui
"Today, please add notifications for price changes",today please add notification price change,neutral,feature_request
"Today, the search results are incorrect I need assistance.",today search result incorrect need assistance,negative,bug
"Unfortunately, please add a filter for previous orders",unfortunately please add filter previous order,neutral,feature_request
I am having trouble because i was charged but the order was not placed Please look into it.,trouble charged order placed please look,negative,payment
"Recently, please add a filter for previous orders Please look into it.",recently please add filter previous order please look,neutral,feature_request
"For some reason, please add dark mode to the application Please help.",reason please add dark mode application please help,neutral,feature_request
"Honestly, the buttons are difficult to find Please help.",honestly button difficult find please help,positive,ui
"Recently, the application closes unexpectedly This happens repeatedly.",recently application close unexpectedly happens repeatedly,negative,bug
Please add notifications for price changes This is frustrating.,please add notification price change frustrating,neutral,feature_request
"Unfortunately, the app takes too long to load This happens repeatedly.",unfortunately app take long load happens repeatedly,neutral,performance
"Unfortunately, the new interface looks clean This is frustrating.",unfortunately new interface look clean frustrating,positive,ui
I noticed that i would like an option to download invoices This happens repeatedly.,noticed would like option download invoice happens repeatedly,neutral,feature_request
"Honestly, nobody from customer support has contacted me Please help.",honestly nobody customer support contacted please help,positive,support
"For some reason, i would like to schedule deliveries Can you fix this?",reason would like schedule delivery fix,neutral,feature_request
"Honestly, the application is lagging badly This is frustrating.",honestly application lagging badly frustrating,negative,performance
"Recently, i was charged but the order was not placed This happens repeatedly.",recently charged order placed happens repeatedly,neutral,payment
"Today, the app takes too long to load I need assistance.",today app take long load need assistance,negative,performance
I noticed that the application is lagging badly Please help.,noticed application lagging badly please help,negative,performance
It would be great to have a dark theme I need assistance.,would great dark theme need assistance,neutral,feature_request
"Recently, the navigation is difficult to understand This is frustrating.",recently navigation difficult understand frustrating,positive,ui
I noticed that please add a filter for previous orders This happens repeatedly.,noticed please add filter previous order happens repeatedly,neutral,feature_request
"Honestly, the new interface looks clean This happens repeatedly.",honestly new interface look clean happens repeatedly,negative,ui
Pages are loading slowly This is frustrating.,page loading slowly frustrating,negative,performance
"Recently, the search results are incorrect This is frustrating.",recently search result incorrect frustrating,neutral,bug
I am having trouble because support took too long to respond Please look into it.,trouble support took long respond please look,neutral,support
The support experience was disappointing,support experience disappointing,negative,support
The application interface is easy to use Please look into it.,application interface easy use please look,neutral,ui
I am having trouble because the dashboard looks great Please help.,trouble dashboard look great please help,positive,ui
"For some reason, the login page is not working Can you fix this?",reason login page working fix,neutral,login
The website is extremely slow today Please help.,website extremely slow today please help,negative,performance
The support team solved my issue quickly Please help.,support team solved issue quickly please help,positive,support
I noticed that login takes me back to the sign in page Can you fix this?,noticed login take back sign page fix,negative,login
The application is lagging badly Please help.,application lagging badly please help,negative,performance
I noticed that the app becomes slow during checkout Please look into it.,noticed app becomes slow checkout please look,negative,performance
I noticed that please add more payment methods,noticed please add payment method,positive,feature_request
"Unfortunately, the notification is showing the wrong information",unfortunately notification showing wrong information,negative,bug
"Honestly, the dashboard looks great This is frustrating.",honestly dashboard look great frustrating,negative,ui
I noticed that something is broken in the application This happens repeatedly.,noticed something broken application happens repeatedly,negative,bug
"Unfortunately, customer service was very helpful I need assistance.",unfortunately customer service helpful need assistance,negative,support
"Unfortunately, the app crashes whenever I upload a file This is frustrating.",unfortunately app crash whenever upload file frustrating,negative,bug
"Recently, please add more payment methods",recently please add payment method,neutral,feature_request
"Honestly, i cannot verify my account Please look into it.",honestly verify account please look,negative,login
I noticed that the application freezes frequently This happens repeatedly.,noticed application freeze frequently happens repeatedly,negative,performance
"Recently, the app shows an error after checkout",recently app show error checkout,negative,bug
I am having trouble because the application interface is easy to use This happens repeatedly.,trouble application interface easy use happens repeatedly,neutral,ui
I am having trouble because it takes forever to open the dashboard This is frustrating.,trouble take forever open dashboard frustrating,negative,performance
It takes forever to open the dashboard This happens repeatedly.,take forever open dashboard happens repeatedly,negative,performance
I am having trouble because something is broken in the application Please help.,trouble something broken application please help,negative,bug
"Recently, the search results are incorrect Can you fix this?",recently search result incorrect fix,negative,bug
"For some reason, i cannot complete the payment I need assistance.",reason complete payment need assistance,negative,payment
"Honestly, the customer care representative was helpful This happens repeatedly.",honestly customer care representative helpful happens repeatedly,negative,support
I noticed that the notification is showing the wrong information This is frustrating.,noticed notification showing wrong information frustrating,negative,bug
"Recently, the search results are incorrect This is frustrating.",recently search result incorrect frustrating,negative,bug
I am having trouble because i am unable to pay for my order I need assistance.,trouble unable pay order need assistance,negative,payment
"Honestly, the design is simple and user friendly This is frustrating.",honestly design simple user friendly frustrating,positive,ui
I am having trouble because please add more payment methods Can you fix this?,trouble please add payment method fix,neutral,feature_request
I noticed that i cannot verify my account I need assistance.,noticed verify account need assistance,negative,login
"Honestly, the app takes too long to load I need assistance.",honestly app take long load need assistance,negative,performance
"Honestly, i cannot login to my account This happens repeatedly.",honestly login account happens repeatedly,negative,login
I am having trouble because the login page is not working Please look into it.,trouble login page working please look,negative,login
I noticed that please add notifications for price changes Please help.,noticed please add notification price change please help,neutral,feature_request
"Recently, please add a filter for previous orders This happens repeatedly.",recently please add filter previous order happens repeatedly,neutral,feature_request
"For some reason, nobody from customer support has contacted me I need assistance.",reason nobody customer support contacted need assistance,negative,support
I noticed that the menu layout is confusing Can you fix this?,noticed menu layout confusing fix,neutral,ui
"For some reason, i am unable to access my account I need assistance.",reason unable access account need assistance,negative,login
I noticed that the support staff were polite and professional Can you fix this?,noticed support staff polite professional fix,neutral,support
"Honestly, the support staff were polite and professional Please look into it.",honestly support staff polite professional please look,negative,support
"For some reason, the design is simple and user friendly Please look into it.",reason design simple user friendly please look,negative,ui
"Honestly, the app logs me out whenever I try to sign in This is frustrating.",honestly app log whenever try sign frustrating,neutral,login
I would like an option to download invoices Please help.,would like option download invoice please help,neutral,feature_request
"Recently, i was charged but the order was not placed This happens repeatedly.",recently charged order placed happens repeatedly,negative,payment
"Recently, login takes me back to the sign in page Please look into it.",recently login take back sign page please look,negative,login
"Today, the website response time is very poor This happens repeatedly.",today website response time poor happens repeatedly,negative,performance
I am having trouble because the dashboard looks great Please look into it.,trouble dashboard look great please look,negative,ui
"Unfortunately, uPI payment is not going through",unfortunately upi payment going,negative,payment
I noticed that i am unable to access my account Please help.,noticed unable access account please help,negative,login
"Today, the page becomes blank after clicking the button",today page becomes blank clicking button,negative,bug
It would be useful to have a wishlist This is frustrating.,would useful wishlist frustrating,neutral,feature_request
I noticed that the application is lagging badly Please look into it.,noticed application lagging badly please look,negative,performance
The customer care representative was helpful Can you fix this?,customer care representative helpful fix,positive,support
"For some reason, the app shows an error after checkout This happens repeatedly.",reason app show error checkout happens repeatedly,negative,bug
I am having trouble because the card payment keeps failing Please help.,trouble card payment keep failing please help,negative,payment
I am having trouble because i cannot verify my account Please help.,trouble verify account please help,negative,login
"Recently, the application interface is easy to use Can you fix this?",recently application interface easy use fix,positive,ui
"For some reason, the card payment keeps failing Please look into it.",reason card payment keep failing please look,negative,payment
I am having trouble because i cannot verify my account This happens repeatedly.,trouble verify account happens repeatedly,negative,login
I noticed that the menu layout is confusing,noticed menu layout confusing,positive,ui
"Unfortunately, i cannot login to my account I need assistance.",unfortunately login account need assistance,negative,login
The support team did not resolve my problem I need assistance.,support team resolve problem need assistance,negative,support
"Recently, the order status is displaying incorrectly This happens repeatedly.",recently order status displaying incorrectly happens repeatedly,negative,bug
"For some reason, customer service was very helpful",reason customer service helpful,negative,support
"Honestly, the support team did not resolve my problem This happens repeatedly.",honestly support team resolve problem happens repeatedly,negative,support
I am having trouble because the text on the screen is too small Can you fix this?,trouble text screen small fix,neutral,ui
"Unfortunately, the design is simple and user friendly Can you fix this?",unfortunately design simple user friendly fix,positive,ui
"Unfortunately, the support team did not resolve my problem Please help.",unfortunately support team resolve problem please help,negative,support
"Today, i forgot my password and cannot sign in This happens repeatedly.",today forgot password sign happens repeatedly,negative,login
I noticed that pages are loading slowly Please help.,noticed page loading slowly please help,negative,performance
I am having trouble because i forgot my password and cannot sign in Please look into it.,trouble forgot password sign please look,negative,login
"Honestly, the website response time is very poor Please look into it.",honestly website response time poor please look,negative,performance
I noticed that something is broken in the application Can you fix this?,noticed something broken application fix,negative,bug
"Today, something is broken in the application Please help.",today something broken application please help,negative,bug
The customer care representative was helpful Please look into it.,customer care representative helpful please look,neutral,support
Nobody from customer support has contacted me Can you fix this?,nobody customer support contacted fix,negative,support
I would like to schedule deliveries Please help.,would like schedule delivery please help,neutral,feature_request
I am having trouble because please provide an option to change the language This is frustrating.,trouble please provide option change language frustrating,neutral,feature_request
"Honestly, the colors and layout make the app easy to use Please help.",honestly color layout make app easy use please help,negative,ui
"Honestly, the application crashes when I open my profile This happens repeatedly.",honestly application crash open profile happens repeatedly,neutral,bug
"For some reason, the OTP is not arriving during login I need assistance.",reason otp arriving login need assistance,negative,login
I am having trouble because i am unable to access my account I need assistance.,trouble unable access account need assistance,negative,login
"Today, i cannot login to my account I need assistance.",today login account need assistance,negative,login
"For some reason, the support staff were polite and professional Please look into it.",reason support staff polite professional please look,positive,support
"For some reason, the app logs me out whenever I try to sign in This is frustrating.",reason app log whenever try sign frustrating,negative,login
"Unfortunately, i cannot complete the payment Can you fix this?",unfortunately complete payment fix,negative,payment
"Honestly, the payment page shows an error",honestly payment page show error,negative,payment
Every screen takes a long time to open Please help.,every screen take long time open please help,negative,performance
"Honestly, support took too long to respond Please look into it.",honestly support took long respond please look,positive,support
"Today, the support team did not resolve my problem Please help.",today support team resolve problem please help,negative,support
"Recently, my account login keeps failing",recently account login keep failing,neutral,login
"Honestly, please add a filter for previous orders I need assistance.",honestly please add filter previous order need assistance,neutral,feature_request
"Honestly, the new interface looks clean This happens repeatedly.",honestly new interface look clean happens repeatedly,negative,ui
"Unfortunately, i have not received a response from support Please help.",unfortunately received response support please help,neutral,support
The website is extremely slow today Can you fix this?,website extremely slow today fix,neutral,performance
"Recently, the website is extremely slow today This is frustrating.",recently website extremely slow today frustrating,negative,performance
"Honestly, the text on the screen is too small I need assistance.",honestly text screen small need assistance,negative,ui
I noticed that it would be great to have a dark theme I need assistance.,noticed would great dark theme need assistance,neutral,feature_request
"Unfortunately, my account login keeps failing Please help.",unfortunately account login keep failing please help,neutral,login
The notification is showing the wrong information I need assistance.,notification showing wrong information need assistance,negative,bug
I noticed that i cannot login to my account Can you fix this?,noticed login account fix,negative,login
"Honestly, the app shows an error after checkout This is frustrating.",honestly app show error checkout frustrating,negative,bug
The order status is displaying incorrectly This is frustrating.,order status displaying incorrectly frustrating,negative,bug
"Recently, the support staff were polite and professional This is frustrating.",recently support staff polite professional frustrating,neutral,support
I noticed that the transaction was declined Can you fix this?,noticed transaction declined fix,negative,payment
I noticed that the application closes unexpectedly Please look into it.,noticed application close unexpectedly please look,negative,bug
I am having trouble because can you add fingerprint login This is frustrating.,trouble add fingerprint login frustrating,positive,feature_request
I noticed that the payment page shows an error Please look into it.,noticed payment page show error please look,negative,payment
"Recently, the dashboard looks great Please help.",recently dashboard look great please help,positive,ui
"Unfortunately, please provide an option to change the language Please look into it.",unfortunately please provide option change language please look,positive,feature_request
"Unfortunately, the app crashes whenever I upload a file Please look into it.",unfortunately app crash whenever upload file please look,neutral,bug
"Today, i was charged but the order was not placed This is frustrating.",today charged order placed frustrating,negative,payment
"Recently, the support staff were polite and professional Please help.",recently support staff polite professional please help,positive,support
Please add more payment methods Can you fix this?,please add payment method fix,neutral,feature_request
The navigation is difficult to understand,navigation difficult understand,negative,ui
"Recently, the application interface is easy to use Please look into it.",recently application interface easy use please look,negative,ui
"For some reason, i cannot complete the payment",reason complete payment,negative,payment
I am having trouble because the transaction was declined Can you fix this?,trouble transaction declined fix,negative,payment
Login takes me back to the sign in page Please help.,login take back sign page please help,negative,login
Every screen takes a long time to open Please look into it.,every screen take long time open please look,negative,performance
"Honestly, the application is lagging badly Please look into it.",honestly application lagging badly please look,negative,performance
The application is very slow Please help.,application slow please help,negative,performance
"Today, i would like to schedule deliveries Please help.",today would like schedule delivery please help,positive,feature_request
"Honestly, i am unable to pay for my order",honestly unable pay order,negative,payment
"Honestly, the website is extremely slow today Can you fix this?",honestly website extremely slow today fix,negative,performance
"Recently, the support staff were polite and professional Please help.",recently support staff polite professional please help,positive,support
I am having trouble because the support team solved my issue quickly This happens repeatedly.,trouble support team solved issue quickly happens repeatedly,positive,support
"Unfortunately, the support experience was disappointing This is frustrating.",unfortunately support experience disappointing frustrating,neutral,support
"Honestly, the application interface is easy to use Please help.",honestly application interface easy use please help,positive,ui
I am having trouble because my payment failed while placing the order I need assistance.,trouble payment failed placing order need assistance,negative,payment
I am having trouble because the menu layout is confusing Please help.,trouble menu layout confusing please help,positive,ui
"Recently, the login page is not working I need assistance.",recently login page working need assistance,negative,login
I am having trouble because i cannot verify my account Please help.,trouble verify account please help,negative,login
"Today, the app takes too long to load Can you fix this?",today app take long load fix,neutral,performance
I am having trouble because the application is lagging badly I need assistance.,trouble application lagging badly need assistance,negative,performance
I am having trouble because the support team solved my issue quickly This happens repeatedly.,trouble support team solved issue quickly happens repeatedly,neutral,support
"Unfortunately, i am unable to access my account This is frustrating.",unfortunately unable access account frustrating,negative,login
The support team solved my issue quickly This is frustrating.,support team solved issue quickly frustrating,negative,support
I noticed that the application is lagging badly This happens repeatedly.,noticed application lagging badly happens repeatedly,negative,performance
I am having trouble because the card payment keeps failing Please help.,trouble card payment keep failing please help,negative,payment
"Recently, it takes forever to open the dashboard Please help.",recently take forever open dashboard please help,negative,performance
I am having trouble because nobody from customer support has contacted me Please look into it.,trouble nobody customer support contacted please look,negative,support
I have not received a response from support This is frustrating.,received response support frustrating,neutral,support
The navigation is difficult to understand I need assistance.,navigation difficult understand need assistance,positive,ui
I noticed that uPI payment is not going through Please look into it.,noticed upi payment going please look,neutral,payment
I noticed that the dashboard looks great Please help.,noticed dashboard look great please help,positive,ui
I am having trouble because i forgot my password and cannot sign in This is frustrating.,trouble forgot password sign frustrating,negative,login
"For some reason, the application is very slow This happens repeatedly.",reason application slow happens repeatedly,negative,performance
"For some reason, i have not received a response from support Please look into it.",reason received response support please look,negative,support
I am having trouble because my payment failed while placing the order I need assistance.,trouble payment failed placing order need assistance,negative,payment
The application crashes when I open my profile,application crash open profile,negative,bug
"For some reason, the search results are incorrect This is frustrating.",reason search result incorrect frustrating,negative,bug
I noticed that the menu layout is confusing This happens repeatedly.,noticed menu layout confusing happens repeatedly,positive,ui
"Honestly, can you add fingerprint login Please look into it.",honestly add fingerprint login please look,neutral,feature_request
It would be great to have a dark theme Can you fix this?,would great dark theme fix,neutral,feature_request
I noticed that the app becomes slow during checkout Please help.,noticed app becomes slow checkout please help,negative,performance
"Recently, i cannot verify my account Please help.",recently verify account please help,negative,login
I noticed that the page becomes blank after clicking the button Please look into it.,noticed page becomes blank clicking button please look,negative,bug
"Honestly, the transaction was declined I need assistance.",honestly transaction declined need assistance,neutral,payment
"Recently, the password reset link is not working This happens repeatedly.",recently password reset link working happens repeatedly,negative,login
I noticed that nobody from customer support has contacted me This happens repeatedly.,noticed nobody customer support contacted happens repeatedly,positive,support
"Today, it would be great to have a dark theme I need assistance.",today would great dark theme need assistance,neutral,feature_request
"Unfortunately, money was deducted but the payment failed Please help.",unfortunately money deducted payment failed please help,negative,payment
"Today, the OTP is not arriving during login Please look into it.",today otp arriving login please look,negative,login
I noticed that the search results are incorrect This is frustrating.,noticed search result incorrect frustrating,negative,bug
"Honestly, the buttons are difficult to find",honestly button difficult find,positive,ui
"Recently, the password reset link is not working Please help.",recently password reset link working please help,negative,login
"For some reason, login takes me back to the sign in page",reason login take back sign page,negative,login
"Today, the application interface is easy to use Can you fix this?",today application interface easy use fix,positive,ui
"Honestly, the support staff were polite and professional",honestly support staff polite professional,negative,support
"Honestly, the app shows an error after checkout Please look into it.",honestly app show error checkout please look,negative,bug
"Unfortunately, login takes me back to the sign in page Can you fix this?",unfortunately login take back sign page fix,negative,login
"Today, something is broken in the application This is frustrating.",today something broken application frustrating,negative,bug
"Recently, the support experience was disappointing Can you fix this?",recently support experience disappointing fix,negative,support
I noticed that the text on the screen is too small Please help.,noticed text screen small please help,positive,ui
"For some reason, the app crashes whenever I upload a file This is frustrating.",reason app crash whenever upload file frustrating,negative,bug
I am having trouble because the interface needs improvement Please help.,trouble interface need improvement please help,negative,ui
I noticed that i am happy with the assistance I received I need assistance.,noticed happy assistance received need assistance,negative,support
"For some reason, the order status is displaying incorrectly Can you fix this?",reason order status displaying incorrectly fix,negative,bug
"For some reason, the payment page shows an error This happens repeatedly.",reason payment page show error happens repeatedly,negative,payment
"Recently, please add a filter for previous orders",recently please add filter previous order,positive,feature_request
"For some reason, the support staff were polite and professional Please look into it.",reason support staff polite professional please look,positive,support
"Unfortunately, the support team did not resolve my problem Please help.",unfortunately support team resolve problem please help,negative,support
I noticed that the application is very slow Can you fix this?,noticed application slow fix,negative,performance
"For some reason, i am unable to access my account Please help.",reason unable access account please help,negative,login
"Recently, it would be useful to have a wishlist Can you fix this?",recently would useful wishlist fix,neutral,feature_request
I noticed that the notification is showing the wrong information Please look into it.,noticed notification showing wrong information please look,negative,bug
"Today, the design is simple and user friendly Please help.",today design simple user friendly please help,negative,ui
Something is broken in the application I need assistance.,something broken application need assistance,negative,bug
"Today, i am unable to pay for my order",today unable pay order,negative,payment
I noticed that please add dark mode to the application Can you fix this?,noticed please add dark mode application fix,neutral,feature_request
I noticed that please add more payment methods This is frustrating.,noticed please add payment method frustrating,neutral,feature_request
Please add more payment methods This is frustrating.,please add payment method frustrating,neutral,feature_request
"Honestly, the notification is showing the wrong information I need assistance.",honestly notification showing wrong information need assistance,negative,bug
"Recently, the menu layout is confusing This happens repeatedly.",recently menu layout confusing happens repeatedly,positive,ui
"Unfortunately, i have not received a response from support This is frustrating.",unfortunately received response support frustrating,negative,support
"Recently, the application freezes frequently I need assistance.",recently application freeze frequently need assistance,negative,performance
I am having trouble because the customer care representative was helpful This happens repeatedly.,trouble customer care representative helpful happens repeatedly,negative,support
"Unfortunately, login takes me back to the sign in page Please help.",unfortunately login take back sign page please help,negative,login
I noticed that the buttons are difficult to find Can you fix this?,noticed button difficult find fix,negative,ui
"Recently, login takes me back to the sign in page I need assistance.",recently login take back sign page need assistance,negative,login
"Recently, please provide an option to change the language Can you fix this?",recently please provide option change language fix,positive,feature_request
"Honestly, i cannot verify my account Can you fix this?",honestly verify account fix,negative,login
"Recently, the OTP is not arriving during login Please look into it.",recently otp arriving login please look,negative,login
"For some reason, i am unable to pay for my order",reason unable pay order,negative,payment
I am having trouble because my account login keeps failing Please help.,trouble account login keep failing please help,negative,login
I am having trouble because please add dark mode to the application Please help.,trouble please add dark mode application please help,neutral,feature_request
"Unfortunately, the application interface is easy to use Please look into it.",unfortunately application interface easy use please look,positive,ui
"Honestly, the transaction was declined Please look into it.",honestly transaction declined please look,negative,payment
I am having trouble because the website response time is very poor Can you fix this?,trouble website response time poor fix,negative,performance
I noticed that the application closes unexpectedly Please look into it.,noticed application close unexpectedly please look,negative,bug
"Today, the navigation is difficult to understand",today navigation difficult understand,neutral,ui
I am having trouble because it would be great to have a dark theme,trouble would great dark theme,positive,feature_request
"Honestly, it would be great to have a dark theme This happens repeatedly.",honestly would great dark theme happens repeatedly,neutral,feature_request
"For some reason, the support experience was disappointing Please look into it.",reason support experience disappointing please look,negative,support
"For some reason, i cannot login to my account Please help.",reason login account please help,negative,login
"Unfortunately, the support team did not resolve my problem This is frustrating.",unfortunately support team resolve problem frustrating,positive,support
"Unfortunately, i would like an option to download invoices",unfortunately would like option download invoice,positive,feature_request
"Today, the application interface is easy to use",today application interface easy use,negative,ui
The application closes unexpectedly Please help.,application close unexpectedly please help,negative,bug
I noticed that i forgot my password and cannot sign in This is frustrating.,noticed forgot password sign frustrating,neutral,login
"Today, the app becomes slow during checkout This happens repeatedly.",today app becomes slow checkout happens repeatedly,negative,performance
"Honestly, the application freezes frequently Please help.",honestly application freeze frequently please help,negative,performance
I noticed that i am unable to pay for my order Please help.,noticed unable pay order please help,negative,payment
"Honestly, the colors and layout make the app easy to use Please help.",honestly color layout make app easy use please help,neutral,ui
I noticed that the password reset link is not working This is frustrating.,noticed password reset link working frustrating,negative,login
"For some reason, the password reset link is not working Can you fix this?",reason password reset link working fix,negative,login
"Today, the password reset link is not working Please look into it.",today password reset link working please look,negative,login
"Recently, i am happy with the assistance I received Please look into it.",recently happy assistance received please look,negative,support
"For some reason, the application is very slow",reason application slow,negative,performance
I noticed that the buttons are difficult to find,noticed button difficult find,neutral,ui
"Unfortunately, the password reset link is not working Please help.",unfortunately password reset link working please help,negative,login
"For some reason, i found a bug in the checkout process Please look into it.",reason found bug checkout process please look,negative,bug
"Unfortunately, i am unable to pay for my order Please look into it.",unfortunately unable pay order please look,negative,payment
"Honestly, the password reset link is not working This happens repeatedly.",honestly password reset link working happens repeatedly,negative,login
I am having trouble because i am unable to access my account I need assistance.,trouble unable access account need assistance,negative,login
I noticed that the card payment keeps failing This is frustrating.,noticed card payment keep failing frustrating,negative,payment
I am having trouble because the application freezes frequently Please help.,trouble application freeze frequently please help,negative,performance
"Recently, i would like an option to download invoices This is frustrating.",recently would like option download invoice frustrating,neutral,feature_request
I am having trouble because the app logs me out whenever I try to sign in I need assistance.,trouble app log whenever try sign need assistance,negative,login
"Recently, the search results are incorrect Please look into it.",recently search result incorrect please look,negative,bug
"For some reason, login takes me back to the sign in page This happens repeatedly.",reason login take back sign page happens repeatedly,negative,login
"For some reason, the transaction was declined",reason transaction declined,negative,payment
"Today, something is broken in the application Please help.",today something broken application please help,negative,bug
I noticed that i cannot verify my account Please look into it.,noticed verify account please look,neutral,login
"Unfortunately, i cannot login to my account This happens repeatedly.",unfortunately login account happens repeatedly,negative,login
I noticed that the app shows an error after checkout,noticed app show error checkout,negative,bug
"Honestly, my account login keeps failing This is frustrating.",honestly account login keep failing frustrating,negative,login
"Today, the app logs me out whenever I try to sign in Can you fix this?",today app log whenever try sign fix,negative,login
"Unfortunately, support took too long to respond This is frustrating.",unfortunately support took long respond frustrating,positive,support
"Unfortunately, the application is very slow This happens repeatedly.",unfortunately application slow happens repeatedly,negative,performance
"Unfortunately, the app becomes slow during checkout This is frustrating.",unfortunately app becomes slow checkout frustrating,negative,performance
"Recently, it would be great to have a dark theme I need assistance.",recently would great dark theme need assistance,neutral,feature_request
I am having trouble because i am happy with the assistance I received,trouble happy assistance received,positive,support
"Unfortunately, support took too long to respond Please look into it.",unfortunately support took long respond please look,negative,support
"Honestly, i am unable to access my account I need assistance.",honestly unable access account need assistance,negative,login
I noticed that my payment failed while placing the order Can you fix this?,noticed payment failed placing order fix,negative,payment
I am having trouble because the application freezes frequently This happens repeatedly.,trouble application freeze frequently happens repeatedly,negative,performance
"Today, i cannot verify my account",today verify account,negative,login
"Honestly, the search results are incorrect Please help.",honestly search result incorrect please help,negative,bug
I noticed that the page becomes blank after clicking the button Please help.,noticed page becomes blank clicking button please help,negative,bug
"Today, the OTP is not arriving during login Please help.",today otp arriving login please help,negative,login
I noticed that the app takes too long to load I need assistance.,noticed app take long load need assistance,negative,performance
"Unfortunately, my payment is stuck Please help.",unfortunately payment stuck please help,negative,payment
"Recently, my payment failed while placing the order Please look into it.",recently payment failed placing order please look,negative,payment
I noticed that the application closes unexpectedly Please look into it.,noticed application close unexpectedly please look,negative,bug
"Recently, the support staff were polite and professional",recently support staff polite professional,positive,support
I am having trouble because i am happy with the assistance I received,trouble happy assistance received,negative,support
"Unfortunately, please add dark mode to the application Please look into it.",unfortunately please add dark mode application please look,neutral,feature_request
"Recently, the navigation is difficult to understand This happens repeatedly.",recently navigation difficult understand happens repeatedly,negative,ui
I noticed that the dashboard looks great Please help.,noticed dashboard look great please help,negative,ui
"Today, please add a filter for previous orders",today please add filter previous order,neutral,feature_request
"Unfortunately, the application freezes frequently This is frustrating.",unfortunately application freeze frequently frustrating,negative,performance
"Honestly, the buttons are difficult to find Please look into it.",honestly button difficult find please look,negative,ui
"Honestly, the application closes unexpectedly Please look into it.",honestly application close unexpectedly please look,negative,bug
I am having trouble because the app becomes slow during checkout This happens repeatedly.,trouble app becomes slow checkout happens repeatedly,negative,performance
"Unfortunately, money was deducted but the payment failed Please look into it.",unfortunately money deducted payment failed please look,neutral,payment
"Unfortunately, the application freezes frequently Please look into it.",unfortunately application freeze frequently please look,negative,performance
"Recently, support took too long to respond Please help.",recently support took long respond please help,negative,support
I noticed that please add a filter for previous orders I need assistance.,noticed please add filter previous order need assistance,neutral,feature_request
I noticed that the support team solved my issue quickly This is frustrating.,noticed support team solved issue quickly frustrating,positive,support
"Honestly, please add dark mode to the application This is frustrating.",honestly please add dark mode application frustrating,neutral,feature_request
"Today, the customer care representative was helpful This is frustrating.",today customer care representative helpful frustrating,negative,support
"Recently, i was charged but the order was not placed This happens repeatedly.",recently charged order placed happens repeatedly,negative,payment
"Recently, the application closes unexpectedly Please look into it.",recently application close unexpectedly please look,negative,bug
I noticed that it would be great to have a dark theme This happens repeatedly.,noticed would great dark theme happens repeatedly,positive,feature_request
The text on the screen is too small This happens repeatedly.,text screen small happens repeatedly,neutral,ui
"For some reason, i am unable to pay for my order I need assistance.",reason unable pay order need assistance,negative,payment
"Unfortunately, i would like to schedule deliveries This happens repeatedly.",unfortunately would like schedule delivery happens repeatedly,neutral,feature_request
"Honestly, the new interface looks clean This is frustrating.",honestly new interface look clean frustrating,positive,ui
"Recently, the OTP is not arriving during login",recently otp arriving login,negative,login
The application freezes frequently Can you fix this?,application freeze frequently fix,negative,performance
"Recently, the menu layout is confusing This happens repeatedly.",recently menu layout confusing happens repeatedly,negative,ui
I noticed that nobody from customer support has contacted me,noticed nobody customer support contacted,negative,support
"Unfortunately, the menu layout is confusing Please help.",unfortunately menu layout confusing please help,neutral,ui
"Recently, the app becomes slow during checkout Please help.",recently app becomes slow checkout please help,negative,performance
"Today, my payment failed while placing the order",today payment failed placing order,negative,payment
"Recently, the order status is displaying incorrectly Please look into it.",recently order status displaying incorrectly please look,negative,bug
I noticed that i would like to schedule deliveries This is frustrating.,noticed would like schedule delivery frustrating,neutral,feature_request
I noticed that my payment failed while placing the order I need assistance.,noticed payment failed placing order need assistance,negative,payment
I noticed that please add dark mode to the application This is frustrating.,noticed please add dark mode application frustrating,neutral,feature_request
"Today, the buttons are difficult to find Please help.",today button difficult find please help,positive,ui
"Honestly, the website response time is very poor Please look into it.",honestly website response time poor please look,negative,performance
I have not received a response from support I need assistance.,received response support need assistance,negative,support
"Today, the app crashes whenever I upload a file",today app crash whenever upload file,negative,bug
I noticed that please provide an option to change the language Please look into it.,noticed please provide option change language please look,neutral,feature_request
"Honestly, something is broken in the application Can you fix this?",honestly something broken application fix,negative,bug
I am having trouble because support took too long to respond This is frustrating.,trouble support took long respond frustrating,negative,support
"For some reason, i am unable to pay for my order",reason unable pay order,negative,payment
"Unfortunately, i am happy with the assistance I received I need assistance.",unfortunately happy assistance received need assistance,positive,support
"Honestly, the navigation is difficult to understand Please look into it.",honestly navigation difficult understand please look,positive,ui
"Unfortunately, my account login keeps failing This happens repeatedly.",unfortunately account login keep failing happens repeatedly,negative,login
"Recently, the menu layout is confusing This is frustrating.",recently menu layout confusing frustrating,negative,ui
The OTP is not arriving during login Please help.,otp arriving login please help,negative,login
"For some reason, the menu layout is confusing I need assistance.",reason menu layout confusing need assistance,positive,ui
"Today, the design is simple and user friendly I need assistance.",today design simple user friendly need assistance,negative,ui
I noticed that the design is simple and user friendly,noticed design simple user friendly,negative,ui
I am having trouble because i cannot login to my account Please look into it.,trouble login account please look,negative,login
I am having trouble because it takes forever to open the dashboard Please look into it.,trouble take forever open dashboard please look,negative,performance
"For some reason, the password reset link is not working This happens repeatedly.",reason password reset link working happens repeatedly,negative,login
"Today, i found a bug in the checkout process This happens repeatedly.",today found bug checkout process happens repeatedly,negative,bug
I would like an option to download invoices This happens repeatedly.,would like option download invoice happens repeatedly,positive,feature_request
"Recently, nobody from customer support has contacted me Can you fix this?",recently nobody customer support contacted fix,positive,support
I am having trouble because the password reset link is not working This is frustrating.,trouble password reset link working frustrating,negative,login
The interface needs improvement I need assistance.,interface need improvement need assistance,negative,ui
"Unfortunately, my account login keeps failing Can you fix this?",unfortunately account login keep failing fix,negative,login
I am having trouble because i am unable to pay for my order Please look into it.,trouble unable pay order please look,negative,payment
I am having trouble because i found a bug in the checkout process This is frustrating.,trouble found bug checkout process frustrating,negative,bug
I am having trouble because the search results are incorrect This happens repeatedly.,trouble search result incorrect happens repeatedly,negative,bug
"Today, i would like to schedule deliveries This is frustrating.",today would like schedule delivery frustrating,neutral,feature_request
I am having trouble because can you add fingerprint login,trouble add fingerprint login,neutral,feature_request
I noticed that i am unable to pay for my order This is frustrating.,noticed unable pay order frustrating,negative,payment
I am having trouble because the application is very slow This is frustrating.,trouble application slow frustrating,negative,performance
"Unfortunately, i would like an option to download invoices",unfortunately would like option download invoice,neutral,feature_request
"Unfortunately, i cannot login to my account I need assistance.",unfortunately login account need assistance,negative,login
I am having trouble because the transaction was declined Please help.,trouble transaction declined please help,negative,payment
"Unfortunately, the support team did not resolve my problem Can you fix this?",unfortunately support team resolve problem fix,neutral,support
I cannot complete the payment Can you fix this?,complete payment fix,negative,payment
"Honestly, uPI payment is not going through This happens repeatedly.",honestly upi payment going happens repeatedly,negative,payment
"Recently, the dashboard looks great Please help.",recently dashboard look great please help,negative,ui
The interface needs improvement Please look into it.,interface need improvement please look,positive,ui
I am having trouble because my payment is stuck I need assistance.,trouble payment stuck need assistance,negative,payment
"Today, the app becomes slow during checkout Please help.",today app becomes slow checkout please help,negative,performance
"Today, i would like an option to download invoices",today would like option download invoice,neutral,feature_request
"Recently, the app takes too long to load Please look into it.",recently app take long load please look,negative,performance
"Recently, uPI payment is not going through Can you fix this?",recently upi payment going fix,negative,payment
I noticed that the colors and layout make the app easy to use This happens repeatedly.,noticed color layout make app easy use happens repeatedly,negative,ui
"Recently, i am unable to pay for my order Can you fix this?",recently unable pay order fix,negative,payment
"Recently, i forgot my password and cannot sign in Please help.",recently forgot password sign please help,negative,login
"Recently, the customer care representative was helpful I need assistance.",recently customer care representative helpful need assistance,negative,support
"Unfortunately, my payment failed while placing the order Can you fix this?",unfortunately payment failed placing order fix,negative,payment
"For some reason, the app takes too long to load",reason app take long load,negative,performance
I am having trouble because the navigation is difficult to understand Please help.,trouble navigation difficult understand please help,negative,ui
I noticed that the application is lagging badly This is frustrating.,noticed application lagging badly frustrating,negative,performance
"Today, i have not received a response from support",today received response support,negative,support
"Honestly, the customer care representative was helpful This is frustrating.",honestly customer care representative helpful frustrating,positive,support
"Unfortunately, i cannot verify my account Please look into it.",unfortunately verify account please look,negative,login
I noticed that please add dark mode to the application,noticed please add dark mode application,neutral,feature_request
The customer care representative was helpful,customer care representative helpful,negative,support
I noticed that i cannot complete the payment Please look into it.,noticed complete payment please look,negative,payment
I am having trouble because support took too long to respond This is frustrating.,trouble support took long respond frustrating,positive,support
"Unfortunately, please add dark mode to the application",unfortunately please add dark mode application,neutral,feature_request
The login page is not working Can you fix this?,login page working fix,negative,login
"Unfortunately, the application crashes when I open my profile This is frustrating.",unfortunately application crash open profile frustrating,negative,bug
"Honestly, please add notifications for price changes I need assistance.",honestly please add notification price change need assistance,neutral,feature_request
I am having trouble because the support experience was disappointing Can you fix this?,trouble support experience disappointing fix,positive,support
"Unfortunately, every screen takes a long time to open",unfortunately every screen take long time open,negative,performance
"Unfortunately, the application interface is easy to use",unfortunately application interface easy use,positive,ui
"For some reason, the interface needs improvement Please help.",reason interface need improvement please help,positive,ui
"For some reason, the dashboard looks great This is frustrating.",reason dashboard look great frustrating,negative,ui
"Recently, the payment page shows an error This happens repeatedly.",recently payment page show error happens repeatedly,negative,payment
"Honestly, please add more payment methods Can you fix this?",honestly please add payment method fix,neutral,feature_request
"For some reason, the transaction was declined This is frustrating.",reason transaction declined frustrating,negative,payment
"Unfortunately, i would like to schedule deliveries Can you fix this?",unfortunately would like schedule delivery fix,neutral,feature_request
"Unfortunately, please add notifications for price changes This happens repeatedly.",unfortunately please add notification price change happens repeatedly,positive,feature_request
I am having trouble because please provide an option to change the language I need assistance.,trouble please provide option change language need assistance,positive,feature_request
I noticed that it would be useful to have a wishlist Can you fix this?,noticed would useful wishlist fix,neutral,feature_request
I am having trouble because the card payment keeps failing,trouble card payment keep failing,neutral,payment
"Unfortunately, my payment failed while placing the order Please help.",unfortunately payment failed placing order please help,negative,payment
"Recently, it takes forever to open the dashboard Please look into it.",recently take forever open dashboard please look,negative,performance
"Honestly, every screen takes a long time to open Please help.",honestly every screen take long time open please help,negative,performance
I am having trouble because the card payment keeps failing Can you fix this?,trouble card payment keep failing fix,negative,payment
I am having trouble because the application closes unexpectedly Can you fix this?,trouble application close unexpectedly fix,negative,bug
"Recently, i cannot login to my account I need assistance.",recently login account need assistance,negative,login
"For some reason, the search results are incorrect Please help.",reason search result incorrect please help,negative,bug
"Unfortunately, i cannot verify my account This happens repeatedly.",unfortunately verify account happens repeatedly,negative,login
"Today, the support team solved my issue quickly Can you fix this?",today support team solved issue quickly fix,positive,support
"For some reason, i cannot complete the payment This is frustrating.",reason complete payment frustrating,negative,payment
I am having trouble because i am unable to pay for my order Please help.,trouble unable pay order please help,negative,payment
"Today, the password reset link is not working I need assistance.",today password reset link working need assistance,negative,login
"Honestly, it takes forever to open the dashboard This happens repeatedly.",honestly take forever open dashboard happens repeatedly,negative,performance
Customer service was very helpful Can you fix this?,customer service helpful fix,negative,support
"For some reason, please add notifications for price changes Please look into it.",reason please add notification price change please look,neutral,feature_request
My account login keeps failing,account login keep failing,negative,login
"Recently, the transaction was declined Can you fix this?",recently transaction declined fix,negative,payment
My payment failed while placing the order This happens repeatedly.,payment failed placing order happens repeatedly,negative,payment
"Today, it would be useful to have a wishlist",today would useful wishlist,neutral,feature_request
I noticed that i am unable to pay for my order This happens repeatedly.,noticed unable pay order happens repeatedly,negative,payment
"Today, the application crashes when I open my profile I need assistance.",today application crash open profile need assistance,negative,bug
The card payment keeps failing This happens repeatedly.,card payment keep failing happens repeatedly,negative,payment
"Honestly, support took too long to respond Can you fix this?",honestly support took long respond fix,negative,support
I noticed that the menu layout is confusing This happens repeatedly.,noticed menu layout confusing happens repeatedly,negative,ui
"Recently, the app becomes slow during checkout Please help.",recently app becomes slow checkout please help,negative,performance
"Honestly, the OTP is not arriving during login Please look into it.",honestly otp arriving login please look,negative,login
"For some reason, my payment is stuck Please help.",reason payment stuck please help,negative,payment
I noticed that the app becomes slow during checkout,noticed app becomes slow checkout,negative,performance
"Unfortunately, the support team solved my issue quickly This is frustrating.",unfortunately support team solved issue quickly frustrating,neutral,support
I noticed that the application crashes when I open my profile Please help.,noticed application crash open profile please help,negative,bug
"For some reason, the password reset link is not working This happens repeatedly.",reason password reset link working happens repeatedly,negative,login
"For some reason, the dashboard looks great Can you fix this?",reason dashboard look great fix,positive,ui
"Today, the application freezes frequently This is frustrating.",today application freeze frequently frustrating,negative,performance
"Recently, my payment is stuck Please help.",recently payment stuck please help,negative,payment
I noticed that the design is simple and user friendly,noticed design simple user friendly,positive,ui
"For some reason, i am unable to pay for my order Please help.",reason unable pay order please help,neutral,payment
"Honestly, i would like to schedule deliveries This is frustrating.",honestly would like schedule delivery frustrating,neutral,feature_request
"Recently, pages are loading slowly",recently page loading slowly,negative,performance
My payment is stuck This is frustrating.,payment stuck frustrating,negative,payment
"Today, the application closes unexpectedly Can you fix this?",today application close unexpectedly fix,negative,bug
"Honestly, it takes forever to open the dashboard I need assistance.",honestly take forever open dashboard need assistance,neutral,performance
"Today, the application is very slow Please help.",today application slow please help,negative,performance
"Today, the OTP is not arriving during login Can you fix this?",today otp arriving login fix,negative,login
"Recently, the search results are incorrect",recently search result incorrect,negative,bug
"Today, i am unable to pay for my order This is frustrating.",today unable pay order frustrating,neutral,payment
"Unfortunately, money was deducted but the payment failed Please help.",unfortunately money deducted payment failed please help,negative,payment
"Today, i am happy with the assistance I received",today happy assistance received,positive,support
"Unfortunately, the app shows an error after checkout",unfortunately app show error checkout,negative,bug
I noticed that the app becomes slow during checkout I need assistance.,noticed app becomes slow checkout need assistance,negative,performance
Please add notifications for price changes Please help.,please add notification price change please help,neutral,feature_request
"Today, i am unable to access my account I need assistance.",today unable access account need assistance,negative,login
I noticed that my payment failed while placing the order Please help.,noticed payment failed placing order please help,negative,payment
I am having trouble because the text on the screen is too small Please look into it.,trouble text screen small please look,positive,ui
I noticed that i have not received a response from support I need assistance.,noticed received response support need assistance,negative,support
The app crashes whenever I upload a file I need assistance.,app crash whenever upload file need assistance,neutral,bug
"Today, it would be great to have a dark theme Please look into it.",today would great dark theme please look,neutral,feature_request
"Recently, the application is lagging badly This is frustrating.",recently application lagging badly frustrating,negative,performance
"For some reason, i was charged but the order was not placed This is frustrating.",reason charged order placed frustrating,negative,payment
I noticed that the support team did not resolve my problem I need assistance.,noticed support team resolve problem need assistance,negative,support
I am having trouble because the interface needs improvement Please look into it.,trouble interface need improvement please look,neutral,ui
I am having trouble because the page becomes blank after clicking the button Please look into it.,trouble page becomes blank clicking button please look,negative,bug
"Today, support took too long to respond This happens repeatedly.",today support took long respond happens repeatedly,negative,support
My payment failed while placing the order This is frustrating.,payment failed placing order frustrating,negative,payment
I am having trouble because the payment page shows an error Please help.,trouble payment page show error please help,negative,payment
"Today, please add dark mode to the application Please look into it.",today please add dark mode application please look,neutral,feature_request
I am having trouble because it would be useful to have a wishlist This is frustrating.,trouble would useful wishlist frustrating,neutral,feature_request
I noticed that i found a bug in the checkout process This happens repeatedly.,noticed found bug checkout process happens repeatedly,negative,bug
"Today, i would like to schedule deliveries Please help.",today would like schedule delivery please help,neutral,feature_request
"Honestly, money was deducted but the payment failed This is frustrating.",honestly money deducted payment failed frustrating,negative,payment
I am having trouble because the password reset link is not working Can you fix this?,trouble password reset link working fix,negative,login
I am having trouble because my account login keeps failing I need assistance.,trouble account login keep failing need assistance,negative,login
I noticed that the support staff were polite and professional This happens repeatedly.,noticed support staff polite professional happens repeatedly,positive,support
"Today, customer service was very helpful Please help.",today customer service helpful please help,positive,support
I noticed that the application freezes frequently This is frustrating.,noticed application freeze frequently frustrating,negative,performance
I am having trouble because nobody from customer support has contacted me This is frustrating.,trouble nobody customer support contacted frustrating,negative,support
I am having trouble because the payment page shows an error Can you fix this?,trouble payment page show error fix,negative,payment
I noticed that it takes forever to open the dashboard This is frustrating.,noticed take forever open dashboard frustrating,negative,performance
"Honestly, the text on the screen is too small Can you fix this?",honestly text screen small fix,negative,ui
"Honestly, the customer care representative was helpful This happens repeatedly.",honestly customer care representative helpful happens repeatedly,positive,support
"For some reason, i cannot complete the payment",reason complete payment,negative,payment
"Today, it would be great to have a dark theme I need assistance.",today would great dark theme need assistance,neutral,feature_request
"Recently, the application interface is easy to use",recently application interface easy use,negative,ui
I am having trouble because support took too long to respond Please look into it.,trouble support took long respond please look,neutral,support
I noticed that i forgot my password and cannot sign in Can you fix this?,noticed forgot password sign fix,negative,login
I noticed that the transaction was declined Can you fix this?,noticed transaction declined fix,negative,payment
"Today, uPI payment is not going through Please help.",today upi payment going please help,negative,payment
"Unfortunately, i have not received a response from support Please look into it.",unfortunately received response support please look,positive,support
I am happy with the assistance I received Can you fix this?,happy assistance received fix,positive,support
"Honestly, something is broken in the application Can you fix this?",honestly something broken application fix,negative,bug
"Unfortunately, i cannot login to my account Please look into it.",unfortunately login account please look,negative,login
"Honestly, i have not received a response from support This happens repeatedly.",honestly received response support happens repeatedly,negative,support
I noticed that please add dark mode to the application Please look into it.,noticed please add dark mode application please look,neutral,feature_request
"Today, my account login keeps failing This happens repeatedly.",today account login keep failing happens repeatedly,negative,login
"Unfortunately, i was charged but the order was not placed This happens repeatedly.",unfortunately charged order placed happens repeatedly,negative,payment
I noticed that i cannot complete the payment This happens repeatedly.,noticed complete payment happens repeatedly,negative,payment
"Unfortunately, please add dark mode to the application This is frustrating.",unfortunately please add dark mode application frustrating,neutral,feature_request
"For some reason, the login page is not working",reason login page working,neutral,login
I am having trouble because login takes me back to the sign in page Can you fix this?,trouble login take back sign page fix,negative,login
"For some reason, the customer care representative was helpful This is frustrating.",reason customer care representative helpful frustrating,positive,support
I am having trouble because customer service was very helpful Please help.,trouble customer service helpful please help,positive,support
I noticed that uPI payment is not going through Please help.,noticed upi payment going please help,negative,payment
"Honestly, the support staff were polite and professional This happens repeatedly.",honestly support staff polite professional happens repeatedly,positive,support
The app crashes whenever I upload a file This happens repeatedly.,app crash whenever upload file happens repeatedly,negative,bug
"Today, please add dark mode to the application Can you fix this?",today please add dark mode application fix,neutral,feature_request
"Honestly, the navigation is difficult to understand",honestly navigation difficult understand,positive,ui
"For some reason, the navigation is difficult to understand",reason navigation difficult understand,negative,ui
Please add more payment methods Please look into it.,please add payment method please look,neutral,feature_request
The design is simple and user friendly This is frustrating.,design simple user friendly frustrating,negative,ui
"Honestly, i am unable to pay for my order",honestly unable pay order,neutral,payment
I noticed that the page becomes blank after clicking the button,noticed page becomes blank clicking button,negative,bug
"Today, the support staff were polite and professional This happens repeatedly.",today support staff polite professional happens repeatedly,negative,support
I noticed that please add notifications for price changes This is frustrating.,noticed please add notification price change frustrating,neutral,feature_request
"Today, the support experience was disappointing This happens repeatedly.",today support experience disappointing happens repeatedly,negative,support
I am having trouble because the app shows an error after checkout This is frustrating.,trouble app show error checkout frustrating,negative,bug
"Today, i am happy with the assistance I received Please look into it.",today happy assistance received please look,positive,support
"Today, the support team did not resolve my problem Please look into it.",today support team resolve problem please look,negative,support
"Today, something is broken in the application I need assistance.",today something broken application need assistance,negative,bug
"Unfortunately, the customer care representative was helpful This is frustrating.",unfortunately customer care representative helpful frustrating,negative,support
Please provide an option to change the language Please help.,please provide option change language please help,neutral,feature_request
I am having trouble because the app logs me out whenever I try to sign in,trouble app log whenever try sign,negative,login
"Unfortunately, please add notifications for price changes",unfortunately please add notification price change,positive,feature_request
"Honestly, it takes forever to open the dashboard Please help.",honestly take forever open dashboard please help,negative,performance
I am having trouble because the transaction was declined Can you fix this?,trouble transaction declined fix,negative,payment
"Today, please add notifications for price changes Please look into it.",today please add notification price change please look,neutral,feature_request
I noticed that the application closes unexpectedly Please help.,noticed application close unexpectedly please help,negative,bug
I am having trouble because i was charged but the order was not placed,trouble charged order placed,negative,payment
"Today, it would be great to have a dark theme I need assistance.",today would great dark theme need assistance,neutral,feature_request
"Recently, the menu layout is confusing I need assistance.",recently menu layout confusing need assistance,neutral,ui
"Unfortunately, the OTP is not arriving during login This happens repeatedly.",unfortunately otp arriving login happens repeatedly,negative,login
Customer service was very helpful Can you fix this?,customer service helpful fix,negative,support
I am having trouble because support took too long to respond Can you fix this?,trouble support took long respond fix,positive,support
I am having trouble because the text on the screen is too small Please look into it.,trouble text screen small please look,negative,ui
I noticed that the app becomes slow during checkout This is frustrating.,noticed app becomes slow checkout frustrating,negative,performance
"Unfortunately, pages are loading slowly This happens repeatedly.",unfortunately page loading slowly happens repeatedly,neutral,performance
The support team did not resolve my problem Please look into it.,support team resolve problem please look,positive,support
"For some reason, it would be useful to have a wishlist",reason would useful wishlist,neutral,feature_request
"Unfortunately, i was charged but the order was not placed Can you fix this?",unfortunately charged order placed fix,negative,payment
"Today, the card payment keeps failing This is frustrating.",today card payment keep failing frustrating,negative,payment
"Honestly, it would be great to have a dark theme I need assistance.",honestly would great dark theme need assistance,neutral,feature_request
"Unfortunately, it takes forever to open the dashboard",unfortunately take forever open dashboard,negative,performance
I noticed that the application is lagging badly Can you fix this?,noticed application lagging badly fix,negative,performance
"Unfortunately, the notification is showing the wrong information Please help.",unfortunately notification showing wrong information please help,negative,bug
"For some reason, uPI payment is not going through This happens repeatedly.",reason upi payment going happens repeatedly,negative,payment
"Honestly, the support team solved my issue quickly This is frustrating.",honestly support team solved issue quickly frustrating,negative,support
I am having trouble because the colors and layout make the app easy to use This happens repeatedly.,trouble color layout make app easy use happens repeatedly,positive,ui
"Recently, i cannot complete the payment Can you fix this?",recently complete payment fix,neutral,payment
"Unfortunately, the payment page shows an error",unfortunately payment page show error,negative,payment
"For some reason, it would be useful to have a wishlist This happens repeatedly.",reason would useful wishlist happens repeatedly,positive,feature_request
I am having trouble because the website is extremely slow today Please help.,trouble website extremely slow today please help,negative,performance
I am having trouble because the app shows an error after checkout This happens repeatedly.,trouble app show error checkout happens repeatedly,negative,bug
I noticed that please add dark mode to the application I need assistance.,noticed please add dark mode application need assistance,neutral,feature_request
"Recently, money was deducted but the payment failed Please look into it.",recently money deducted payment failed please look,negative,payment
"Unfortunately, the website is extremely slow today Please look into it.",unfortunately website extremely slow today please look,negative,performance
"Honestly, the transaction was declined Please help.",honestly transaction declined please help,negative,payment
"Recently, i am unable to pay for my order Please help.",recently unable pay order please help,negative,payment
"Unfortunately, i am unable to access my account I need assistance.",unfortunately unable access account need assistance,negative,login
"Recently, the search results are incorrect This is frustrating.",recently search result incorrect frustrating,negative,bug
I cannot login to my account I need assistance.,login account need assistance,negative,login
I am having trouble because the colors and layout make the app easy to use,trouble color layout make app easy use,neutral,ui
"Honestly, please add more payment methods Please look into it.",honestly please add payment method please look,neutral,feature_request
I noticed that the payment page shows an error Please help.,noticed payment page show error please help,negative,payment
I noticed that i found a bug in the checkout process,noticed found bug checkout process,negative,bug
I am having trouble because the application is lagging badly Please look into it.,trouble application lagging badly please look,negative,performance
I noticed that i cannot login to my account,noticed login account,negative,login
I am having trouble because every screen takes a long time to open Please look into it.,trouble every screen take long time open please look,negative,performance
"Recently, i am unable to pay for my order Please help.",recently unable pay order please help,negative,payment
"Recently, the password reset link is not working I need assistance.",recently password reset link working need assistance,negative,login
I am having trouble because the support team solved my issue quickly Can you fix this?,trouble support team solved issue quickly fix,positive,support
"Recently, something is broken in the application This is frustrating.",recently something broken application frustrating,negative,bug
Login takes me back to the sign in page Please look into it.,login take back sign page please look,negative,login
The text on the screen is too small This happens repeatedly.,text screen small happens repeatedly,negative,ui
I noticed that i have not received a response from support This happens repeatedly.,noticed received response support happens repeatedly,negative,support
"Recently, pages are loading slowly This is frustrating.",recently page loading slowly frustrating,negative,performance
"For some reason, my account login keeps failing This happens repeatedly.",reason account login keep failing happens repeatedly,negative,login
"Unfortunately, the colors and layout make the app easy to use This is frustrating.",unfortunately color layout make app easy use frustrating,negative,ui
The navigation is difficult to understand Please look into it.,navigation difficult understand please look,positive,ui
I am having trouble because please add dark mode to the application I need assistance.,trouble please add dark mode application need assistance,neutral,feature_request
"Today, please add more payment methods I need assistance.",today please add payment method need assistance,neutral,feature_request
I noticed that it takes forever to open the dashboard This is frustrating.,noticed take forever open dashboard frustrating,negative,performance
"For some reason, something is broken in the application This happens repeatedly.",reason something broken application happens repeatedly,negative,bug
"Recently, i forgot my password and cannot sign in I need assistance.",recently forgot password sign need assistance,negative,login
Please add dark mode to the application,please add dark mode application,neutral,feature_request
I forgot my password and cannot sign in Please look into it.,forgot password sign please look,negative,login
"For some reason, the transaction was declined I need assistance.",reason transaction declined need assistance,negative,payment
I forgot my password and cannot sign in Can you fix this?,forgot password sign fix,negative,login
"For some reason, the app takes too long to load I need assistance.",reason app take long load need assistance,negative,performance
"Today, the card payment keeps failing I need assistance.",today card payment keep failing need assistance,negative,payment
I am having trouble because customer service was very helpful Please help.,trouble customer service helpful please help,neutral,support
"Today, pages are loading slowly Can you fix this?",today page loading slowly fix,negative,performance
I am having trouble because the application is lagging badly,trouble application lagging badly,negative,performance
Customer service was very helpful Can you fix this?,customer service helpful fix,positive,support
I am having trouble because it would be great to have a dark theme I need assistance.,trouble would great dark theme need assistance,neutral,feature_request
"For some reason, i have not received a response from support Please help.",reason received response support please help,positive,support
"Unfortunately, the support experience was disappointing Please look into it.",unfortunately support experience disappointing please look,neutral,support
"Unfortunately, the website response time is very poor I need assistance.",unfortunately website response time poor need assistance,negative,performance
"Honestly, the dashboard looks great I need assistance.",honestly dashboard look great need assistance,negative,ui
I am having trouble because the order status is displaying incorrectly Can you fix this?,trouble order status displaying incorrectly fix,negative,bug
"Today, please add more payment methods Can you fix this?",today please add payment method fix,neutral,feature_request
It would be useful to have a wishlist,would useful wishlist,positive,feature_request
"Recently, the card payment keeps failing Can you fix this?",recently card payment keep failing fix,negative,payment
I noticed that the text on the screen is too small,noticed text screen small,negative,ui
"Today, every screen takes a long time to open I need assistance.",today every screen take long time open need assistance,negative,performance
I noticed that nobody from customer support has contacted me I need assistance.,noticed nobody customer support contacted need assistance,negative,support
"For some reason, the text on the screen is too small Can you fix this?",reason text screen small fix,positive,ui
I noticed that the order status is displaying incorrectly,noticed order status displaying incorrectly,negative,bug
I am unable to access my account This is frustrating.,unable access account frustrating,negative,login
I am having trouble because the website response time is very poor Please help.,trouble website response time poor please help,neutral,performance
The order status is displaying incorrectly,order status displaying incorrectly,negative,bug
"Honestly, i cannot login to my account",honestly login account,negative,login
"Honestly, the application is lagging badly Can you fix this?",honestly application lagging badly fix,neutral,performance
I am happy with the assistance I received Please look into it.,happy assistance received please look,positive,support
"Honestly, the app becomes slow during checkout This is frustrating.",honestly app becomes slow checkout frustrating,negative,performance
"For some reason, the menu layout is confusing I need assistance.",reason menu layout confusing need assistance,negative,ui
I cannot verify my account Please help.,verify account please help,negative,login
The search results are incorrect Please help.,search result incorrect please help,negative,bug
"Today, please add a filter for previous orders This is frustrating.",today please add filter previous order frustrating,neutral,feature_request
Support took too long to respond Can you fix this?,support took long respond fix,negative,support
"For some reason, the application crashes when I open my profile I need assistance.",reason application crash open profile need assistance,negative,bug
I noticed that the password reset link is not working I need assistance.,noticed password reset link working need assistance,neutral,login
Can you add fingerprint login,add fingerprint login,neutral,feature_request
"For some reason, the application freezes frequently Please help.",reason application freeze frequently please help,negative,performance
Pages are loading slowly This happens repeatedly.,page loading slowly happens repeatedly,neutral,performance
I noticed that my payment is stuck This happens repeatedly.,noticed payment stuck happens repeatedly,neutral,payment
I am having trouble because please add dark mode to the application Please look into it.,trouble please add dark mode application please look,neutral,feature_request
"Honestly, the support team did not resolve my problem Please help.",honestly support team resolve problem please help,negative,support
"Unfortunately, the search results are incorrect This is frustrating.",unfortunately search result incorrect frustrating,neutral,bug
"Honestly, the notification is showing the wrong information This happens repeatedly.",honestly notification showing wrong information happens repeatedly,negative,bug
I would like to schedule deliveries I need assistance.,would like schedule delivery need assistance,positive,feature_request
"Unfortunately, the dashboard looks great Please help.",unfortunately dashboard look great please help,positive,ui
"Today, my payment is stuck Can you fix this?",today payment stuck fix,negative,payment
"Honestly, the customer care representative was helpful Please help.",honestly customer care representative helpful please help,positive,support
"Honestly, i forgot my password and cannot sign in Please look into it.",honestly forgot password sign please look,negative,login
"Recently, support took too long to respond",recently support took long respond,neutral,support
The payment page shows an error Please look into it.,payment page show error please look,negative,payment
The design is simple and user friendly I need assistance.,design simple user friendly need assistance,negative,ui
"For some reason, money was deducted but the payment failed Can you fix this?",reason money deducted payment failed fix,negative,payment
I am having trouble because the application crashes when I open my profile,trouble application crash open profile,negative,bug
"Unfortunately, support took too long to respond Please look into it.",unfortunately support took long respond please look,positive,support
"Recently, the menu layout is confusing Please look into it.",recently menu layout confusing please look,negative,ui
My payment is stuck This happens repeatedly.,payment stuck happens repeatedly,negative,payment
"Today, i cannot complete the payment I need assistance.",today complete payment need assistance,negative,payment
"Honestly, it would be great to have a dark theme I need assistance.",honestly would great dark theme need assistance,neutral,feature_request
"For some reason, i cannot login to my account This happens repeatedly.",reason login account happens repeatedly,neutral,login
"Honestly, i cannot login to my account Can you fix this?",honestly login account fix,negative,login
I am having trouble because the navigation is difficult to understand This happens repeatedly.,trouble navigation difficult understand happens repeatedly,positive,ui
I am having trouble because something is broken in the application Please help.,trouble something broken application please help,negative,bug
"Today, the new interface looks clean Please help.",today new interface look clean please help,neutral,ui
"Honestly, my account login keeps failing Please help.",honestly account login keep failing please help,negative,login
"Unfortunately, can you add fingerprint login Please help.",unfortunately add fingerprint login please help,neutral,feature_request
"For some reason, please add dark mode to the application",reason please add dark mode application,neutral,feature_request
I noticed that the transaction was declined I need assistance.,noticed transaction declined need assistance,neutral,payment
I noticed that the website is extremely slow today Please help.,noticed website extremely slow today please help,neutral,performance
"Unfortunately, the app shows an error after checkout Please help.",unfortunately app show error checkout please help,negative,bug
I am having trouble because the login page is not working Please help.,trouble login page working please help,negative,login
"Today, i am unable to access my account Can you fix this?",today unable access account fix,neutral,login
I am having trouble because customer service was very helpful Please look into it.,trouble customer service helpful please look,neutral,support
I noticed that i forgot my password and cannot sign in This is frustrating.,noticed forgot password sign frustrating,negative,login
"Honestly, the app logs me out whenever I try to sign in Please look into it.",honestly app log whenever try sign please look,negative,login
I noticed that the menu layout is confusing This happens repeatedly.,noticed menu layout confusing happens repeatedly,positive,ui
"Unfortunately, i found a bug in the checkout process Can you fix this?",unfortunately found bug checkout process fix,negative,bug
"Unfortunately, the support team did not resolve my problem Please help.",unfortunately support team resolve problem please help,neutral,support
Pages are loading slowly Can you fix this?,page loading slowly fix,negative,performance
"Today, uPI payment is not going through I need assistance.",today upi payment going need assistance,negative,payment
"Unfortunately, the new interface looks clean I need assistance.",unfortunately new interface look clean need assistance,positive,ui
"Recently, the design is simple and user friendly Please look into it.",recently design simple user friendly please look,neutral,ui
The text on the screen is too small,text screen small,positive,ui
"Honestly, money was deducted but the payment failed I need assistance.",honestly money deducted payment failed need assistance,negative,payment
"Honestly, every screen takes a long time to open This happens repeatedly.",honestly every screen take long time open happens repeatedly,negative,performance
I noticed that my payment failed while placing the order Can you fix this?,noticed payment failed placing order fix,negative,payment
I am having trouble because the application freezes frequently Please look into it.,trouble application freeze frequently please look,negative,performance
The website response time is very poor Please help.,website response time poor please help,negative,performance
"Recently, login takes me back to the sign in page I need assistance.",recently login take back sign page need assistance,neutral,login
"Unfortunately, the OTP is not arriving during login Please help.",unfortunately otp arriving login please help,negative,login
I noticed that i am unable to access my account This happens repeatedly.,noticed unable access account happens repeatedly,negative,login
I am having trouble because the notification is showing the wrong information This is frustrating.,trouble notification showing wrong information frustrating,negative,bug
"Recently, can you add fingerprint login",recently add fingerprint login,neutral,feature_request
I noticed that the application is lagging badly This happens repeatedly.,noticed application lagging badly happens repeatedly,negative,performance
The transaction was declined Please look into it.,transaction declined please look,negative,payment
I noticed that my payment is stuck Please look into it.,noticed payment stuck please look,neutral,payment
Login takes me back to the sign in page Can you fix this?,login take back sign page fix,negative,login
"Unfortunately, nobody from customer support has contacted me",unfortunately nobody customer support contacted,neutral,support
"For some reason, pages are loading slowly Can you fix this?",reason page loading slowly fix,neutral,performance
"Honestly, the website response time is very poor I need assistance.",honestly website response time poor need assistance,negative,performance
"Today, the transaction was declined This is frustrating.",today transaction declined frustrating,negative,payment
The app shows an error after checkout,app show error checkout,negative,bug
"Recently, the payment page shows an error",recently payment page show error,negative,payment
"Honestly, the menu layout is confusing I need assistance.",honestly menu layout confusing need assistance,negative,ui
"For some reason, i have not received a response from support I need assistance.",reason received response support need assistance,positive,support
"For some reason, i cannot login to my account",reason login account,negative,login
"For some reason, the support staff were polite and professional This happens repeatedly.",reason support staff polite professional happens repeatedly,negative,support
"Recently, i was charged but the order was not placed",recently charged order placed,negative,payment
"For some reason, the new interface looks clean I need assistance.",reason new interface look clean need assistance,negative,ui
I am having trouble because my account login keeps failing This happens repeatedly.,trouble account login keep failing happens repeatedly,negative,login
"Today, the application closes unexpectedly Please look into it.",today application close unexpectedly please look,negative,bug
"For some reason, uPI payment is not going through I need assistance.",reason upi payment going need assistance,negative,payment
The customer care representative was helpful Can you fix this?,customer care representative helpful fix,negative,support
I noticed that i am unable to access my account This is frustrating.,noticed unable access account frustrating,negative,login
The payment page shows an error,payment page show error,negative,payment
"For some reason, the order status is displaying incorrectly Please look into it.",reason order status displaying incorrectly please look,negative,bug
I noticed that i found a bug in the checkout process Can you fix this?,noticed found bug checkout process fix,negative,bug
"Honestly, the text on the screen is too small This is frustrating.",honestly text screen small frustrating,negative,ui
"Unfortunately, the application is lagging badly This is frustrating.",unfortunately application lagging badly frustrating,negative,performance
The notification is showing the wrong information,notification showing wrong information,negative,bug
I am having trouble because please add notifications for price changes This happens repeatedly.,trouble please add notification price change happens repeatedly,neutral,feature_request
I am having trouble because the application is very slow This happens repeatedly.,trouble application slow happens repeatedly,negative,performance
I am having trouble because i was charged but the order was not placed Please help.,trouble charged order placed please help,negative,payment
"Recently, the design is simple and user friendly Can you fix this?",recently design simple user friendly fix,neutral,ui
"Unfortunately, every screen takes a long time to open",unfortunately every screen take long time open,negative,performance
I noticed that i cannot complete the payment,noticed complete payment,negative,payment
I am having trouble because i was charged but the order was not placed I need assistance.,trouble charged order placed need assistance,negative,payment
"Unfortunately, the buttons are difficult to find I need assistance.",unfortunately button difficult find need assistance,negative,ui
"Honestly, money was deducted but the payment failed Please help.",honestly money deducted payment failed please help,negative,payment
"Today, pages are loading slowly This happens repeatedly.",today page loading slowly happens repeatedly,negative,performance
The application crashes when I open my profile Please look into it.,application crash open profile please look,negative,bug
"Recently, the OTP is not arriving during login Please look into it.",recently otp arriving login please look,negative,login
I am having trouble because support took too long to respond Please help.,trouble support took long respond please help,negative,support
Pages are loading slowly This is frustrating.,page loading slowly frustrating,negative,performance
"Honestly, the customer care representative was helpful I need assistance.",honestly customer care representative helpful need assistance,neutral,support
"Honestly, the app takes too long to load Please help.",honestly app take long load please help,negative,performance
"Today, the design is simple and user friendly",today design simple user friendly,negative,ui
"Today, the menu layout is confusing I need assistance.",today menu layout confusing need assistance,negative,ui
I am having trouble because the app shows an error after checkout,trouble app show error checkout,negative,bug
"Recently, the search results are incorrect Please look into it.",recently search result incorrect please look,negative,bug
"Recently, the menu layout is confusing This happens repeatedly.",recently menu layout confusing happens repeatedly,positive,ui
"Today, the application freezes frequently",today application freeze frequently,negative,performance
"Today, the login page is not working Please help.",today login page working please help,negative,login
I am having trouble because i forgot my password and cannot sign in Can you fix this?,trouble forgot password sign fix,negative,login
"For some reason, the support team solved my issue quickly This is frustrating.",reason support team solved issue quickly frustrating,negative,support
I noticed that the payment page shows an error Please look into it.,noticed payment page show error please look,negative,payment
The text on the screen is too small Can you fix this?,text screen small fix,neutral,ui
"Honestly, i would like to schedule deliveries Please look into it.",honestly would like schedule delivery please look,neutral,feature_request
I noticed that money was deducted but the payment failed This is frustrating.,noticed money deducted payment failed frustrating,negative,payment
"Today, please provide an option to change the language This happens repeatedly.",today please provide option change language happens repeatedly,neutral,feature_request
"Honestly, the menu layout is confusing Please help.",honestly menu layout confusing please help,negative,ui
I noticed that the app takes too long to load Please help.,noticed app take long load please help,negative,performance
"For some reason, please add a filter for previous orders This happens repeatedly.",reason please add filter previous order happens repeatedly,neutral,feature_request
"Recently, the search results are incorrect Please help.",recently search result incorrect please help,negative,bug
I cannot complete the payment Please help.,complete payment please help,negative,payment
I am having trouble because the support staff were polite and professional Can you fix this?,trouble support staff polite professional fix,negative,support
"Today, i would like to schedule deliveries This is frustrating.",today would like schedule delivery frustrating,neutral,feature_request
"Unfortunately, the page becomes blank after clicking the button Can you fix this?",unfortunately page becomes blank clicking button fix,negative,bug
I am having trouble because i forgot my password and cannot sign in This happens repeatedly.,trouble forgot password sign happens repeatedly,neutral,login
I noticed that something is broken in the application This happens repeatedly.,noticed something broken application happens repeatedly,negative,bug
I am having trouble because the text on the screen is too small Please look into it.,trouble text screen small please look,negative,ui
I noticed that the application is very slow This is frustrating.,noticed application slow frustrating,negative,performance
"For some reason, i was charged but the order was not placed I need assistance.",reason charged order placed need assistance,negative,payment
"Today, i am happy with the assistance I received This is frustrating.",today happy assistance received frustrating,positive,support
"Recently, i was charged but the order was not placed I need assistance.",recently charged order placed need assistance,negative,payment
"Today, the payment page shows an error This is frustrating.",today payment page show error frustrating,negative,payment
I am happy with the assistance I received This happens repeatedly.,happy assistance received happens repeatedly,negative,support
"For some reason, login takes me back to the sign in page I need assistance.",reason login take back sign page need assistance,negative,login
"Unfortunately, please provide an option to change the language This happens repeatedly.",unfortunately please provide option change language happens repeatedly,positive,feature_request
"For some reason, the navigation is difficult to understand Can you fix this?",reason navigation difficult understand fix,negative,ui
I noticed that the app becomes slow during checkout Can you fix this?,noticed app becomes slow checkout fix,negative,performance
I noticed that uPI payment is not going through Please help.,noticed upi payment going please help,negative,payment
"Unfortunately, customer service was very helpful I need assistance.",unfortunately customer service helpful need assistance,negative,support
I noticed that i have not received a response from support Please help.,noticed received response support please help,negative,support
"Recently, i was charged but the order was not placed Please help.",recently charged order placed please help,negative,payment
I am having trouble because the colors and layout make the app easy to use Can you fix this?,trouble color layout make app easy use fix,negative,ui
"Today, the dashboard looks great This happens repeatedly.",today dashboard look great happens repeatedly,negative,ui
"For some reason, the app takes too long to load I need assistance.",reason app take long load need assistance,negative,performance
I noticed that the application crashes when I open my profile This happens repeatedly.,noticed application crash open profile happens repeatedly,negative,bug
I noticed that please add dark mode to the application This happens repeatedly.,noticed please add dark mode application happens repeatedly,neutral,feature_request
The app shows an error after checkout This happens repeatedly.,app show error checkout happens repeatedly,negative,bug
"Recently, the app takes too long to load This is frustrating.",recently app take long load frustrating,negative,performance
Nobody from customer support has contacted me I need assistance.,nobody customer support contacted need assistance,negative,support
"Today, my account login keeps failing Can you fix this?",today account login keep failing fix,negative,login
"Recently, it would be useful to have a wishlist Please help.",recently would useful wishlist please help,neutral,feature_request
"Honestly, uPI payment is not going through I need assistance.",honestly upi payment going need assistance,negative,payment
"Today, please provide an option to change the language Please look into it.",today please provide option change language please look,positive,feature_request
"Today, my account login keeps failing Please help.",today account login keep failing please help,negative,login
"For some reason, the design is simple and user friendly Please help.",reason design simple user friendly please help,negative,ui
"For some reason, the support experience was disappointing This is frustrating.",reason support experience disappointing frustrating,positive,support
"For some reason, the payment page shows an error Please help.",reason payment page show error please help,negative,payment
"For some reason, the app takes too long to load",reason app take long load,negative,performance
I noticed that the application crashes when I open my profile I need assistance.,noticed application crash open profile need assistance,negative,bug
"Today, i would like an option to download invoices Please help.",today would like option download invoice please help,neutral,feature_request
"Recently, the application closes unexpectedly",recently application close unexpectedly,negative,bug
"Today, the application interface is easy to use Please look into it.",today application interface easy use please look,positive,ui
"Today, uPI payment is not going through This is frustrating.",today upi payment going frustrating,negative,payment
"For some reason, i cannot verify my account Please help.",reason verify account please help,negative,login
"Recently, pages are loading slowly",recently page loading slowly,negative,performance
"Honestly, the colors and layout make the app easy to use This is frustrating.",honestly color layout make app easy use frustrating,negative,ui
I am unable to pay for my order Can you fix this?,unable pay order fix,neutral,payment
"Recently, the dashboard looks great Can you fix this?",recently dashboard look great fix,positive,ui
"Honestly, support took too long to respond This happens repeatedly.",honestly support took long respond happens repeatedly,positive,support
I am having trouble because the transaction was declined,trouble transaction declined,negative,payment
"Honestly, the interface needs improvement Please help.",honestly interface need improvement please help,negative,ui
"Today, i would like to schedule deliveries Please help.",today would like schedule delivery please help,neutral,feature_request
"Recently, customer service was very helpful",recently customer service helpful,positive,support
"For some reason, i cannot complete the payment Please look into it.",reason complete payment please look,negative,payment
"Today, the colors and layout make the app easy to use Please look into it.",today color layout make app easy use please look,neutral,ui
"Today, the page becomes blank after clicking the button Can you fix this?",today page becomes blank clicking button fix,negative,bug
"Unfortunately, the order status is displaying incorrectly Can you fix this?",unfortunately order status displaying incorrectly fix,negative,bug
"Honestly, the support team did not resolve my problem I need assistance.",honestly support team resolve problem need assistance,negative,support
"Unfortunately, my payment is stuck Can you fix this?",unfortunately payment stuck fix,negative,payment
"Recently, it would be great to have a dark theme This is frustrating.",recently would great dark theme frustrating,neutral,feature_request
"Honestly, it would be useful to have a wishlist This happens repeatedly.",honestly would useful wishlist happens repeatedly,positive,feature_request
"Honestly, nobody from customer support has contacted me Can you fix this?",honestly nobody customer support contacted fix,positive,support
"Unfortunately, customer service was very helpful Please look into it.",unfortunately customer service helpful please look,negative,support
"Unfortunately, please add dark mode to the application Can you fix this?",unfortunately please add dark mode application fix,neutral,feature_request
"Today, the page becomes blank after clicking the button Please look into it.",today page becomes blank clicking button please look,negative,bug
"Unfortunately, the app crashes whenever I upload a file Can you fix this?",unfortunately app crash whenever upload file fix,negative,bug
I am having trouble because it would be useful to have a wishlist Please look into it.,trouble would useful wishlist please look,positive,feature_request
"Unfortunately, pages are loading slowly Please help.",unfortunately page loading slowly please help,negative,performance
"Honestly, the OTP is not arriving during login This happens repeatedly.",honestly otp arriving login happens repeatedly,negative,login
I noticed that please provide an option to change the language Can you fix this?,noticed please provide option change language fix,neutral,feature_request
Please add more payment methods This happens repeatedly.,please add payment method happens repeatedly,neutral,feature_request
"Unfortunately, the menu layout is confusing Please help.",unfortunately menu layout confusing please help,negative,ui
"Recently, money was deducted but the payment failed Can you fix this?",recently money deducted payment failed fix,negative,payment
"Recently, my payment is stuck This is frustrating.",recently payment stuck frustrating,negative,payment
"Today, the support team solved my issue quickly",today support team solved issue quickly,positive,support
"For some reason, my account login keeps failing This is frustrating.",reason account login keep failing frustrating,negative,login
"Today, please add notifications for price changes This is frustrating.",today please add notification price change frustrating,neutral,feature_request
"Recently, i have not received a response from support",recently received response support,positive,support
"Today, support took too long to respond This happens repeatedly.",today support took long respond happens repeatedly,positive,support
My payment is stuck Please look into it.,payment stuck please look,negative,payment
The order status is displaying incorrectly Please look into it.,order status displaying incorrectly please look,negative,bug
"Today, the support team did not resolve my problem Please help.",today support team resolve problem please help,neutral,support
"Unfortunately, please add notifications for price changes Can you fix this?",unfortunately please add notification price change fix,neutral,feature_request
"For some reason, i have not received a response from support",reason received response support,negative,support
"Honestly, it would be useful to have a wishlist",honestly would useful wishlist,neutral,feature_request
"For some reason, the website response time is very poor This is frustrating.",reason website response time poor frustrating,negative,performance
"Honestly, the navigation is difficult to understand",honestly navigation difficult understand,positive,ui
I noticed that support took too long to respond Please help.,noticed support took long respond please help,negative,support
"Honestly, the app logs me out whenever I try to sign in This happens repeatedly.",honestly app log whenever try sign happens repeatedly,negative,login
"Recently, i cannot complete the payment",recently complete payment,negative,payment
"Today, the new interface looks clean",today new interface look clean,neutral,ui
"Today, something is broken in the application This happens repeatedly.",today something broken application happens repeatedly,negative,bug
"Unfortunately, the support experience was disappointing Can you fix this?",unfortunately support experience disappointing fix,negative,support
"For some reason, the application interface is easy to use This is frustrating.",reason application interface easy use frustrating,negative,ui
I noticed that the page becomes blank after clicking the button Please help.,noticed page becomes blank clicking button please help,negative,bug
"Recently, the application closes unexpectedly I need assistance.",recently application close unexpectedly need assistance,negative,bug
I noticed that the search results are incorrect,noticed search result incorrect,negative,bug
"Today, i am unable to pay for my order This happens repeatedly.",today unable pay order happens repeatedly,neutral,payment
I am having trouble because money was deducted but the payment failed Please help.,trouble money deducted payment failed please help,negative,payment
"Recently, the login page is not working Can you fix this?",recently login page working fix,negative,login
The app crashes whenever I upload a file This is frustrating.,app crash whenever upload file frustrating,negative,bug
"Unfortunately, can you add fingerprint login Please help.",unfortunately add fingerprint login please help,neutral,feature_request
"Unfortunately, the application is lagging badly I need assistance.",unfortunately application lagging badly need assistance,neutral,performance
"Unfortunately, i cannot login to my account Can you fix this?",unfortunately login account fix,negative,login
"Today, i was charged but the order was not placed Can you fix this?",today charged order placed fix,negative,payment
I noticed that i am unable to pay for my order I need assistance.,noticed unable pay order need assistance,negative,payment
"Recently, the text on the screen is too small",recently text screen small,positive,ui
The support team did not resolve my problem Can you fix this?,support team resolve problem fix,positive,support
"Recently, i forgot my password and cannot sign in Please help.",recently forgot password sign please help,negative,login
I noticed that money was deducted but the payment failed I need assistance.,noticed money deducted payment failed need assistance,negative,payment
"Unfortunately, i am unable to access my account Please help.",unfortunately unable access account please help,negative,login
"For some reason, i found a bug in the checkout process Please look into it.",reason found bug checkout process please look,neutral,bug
The dashboard looks great,dashboard look great,negative,ui
"Unfortunately, the text on the screen is too small Can you fix this?",unfortunately text screen small fix,positive,ui
Every screen takes a long time to open This happens repeatedly.,every screen take long time open happens repeatedly,negative,performance
"Today, the notification is showing the wrong information I need assistance.",today notification showing wrong information need assistance,negative,bug
The new interface looks clean Can you fix this?,new interface look clean fix,negative,ui
I noticed that the OTP is not arriving during login This happens repeatedly.,noticed otp arriving login happens repeatedly,negative,login
"Today, i would like an option to download invoices I need assistance.",today would like option download invoice need assistance,neutral,feature_request
"For some reason, the application is very slow This happens repeatedly.",reason application slow happens repeatedly,negative,performance
"Recently, i cannot complete the payment Please look into it.",recently complete payment please look,negative,payment
"Recently, the OTP is not arriving during login Please help.",recently otp arriving login please help,neutral,login
Every screen takes a long time to open,every screen take long time open,negative,performance
"For some reason, the search results are incorrect I need assistance.",reason search result incorrect need assistance,negative,bug
I noticed that the order status is displaying incorrectly,noticed order status displaying incorrectly,neutral,bug
I am having trouble because uPI payment is not going through Can you fix this?,trouble upi payment going fix,negative,payment
"Recently, the buttons are difficult to find Can you fix this?",recently button difficult find fix,neutral,ui
"Today, the menu layout is confusing Can you fix this?",today menu layout confusing fix,negative,ui
I noticed that the search results are incorrect Can you fix this?,noticed search result incorrect fix,negative,bug
"Unfortunately, the support team did not resolve my problem This is frustrating.",unfortunately support team resolve problem frustrating,negative,support
"Today, the colors and layout make the app easy to use Can you fix this?",today color layout make app easy use fix,positive,ui
"Honestly, the application freezes frequently Please look into it.",honestly application freeze frequently please look,neutral,performance
"Honestly, the support experience was disappointing I need assistance.",honestly support experience disappointing need assistance,positive,support
"Honestly, the OTP is not arriving during login Please help.",honestly otp arriving login please help,negative,login
I noticed that i would like to schedule deliveries,noticed would like schedule delivery,neutral,feature_request
"Unfortunately, something is broken in the application Can you fix this?",unfortunately something broken application fix,negative,bug
"Today, i am happy with the assistance I received This is frustrating.",today happy assistance received frustrating,negative,support
"Unfortunately, please add more payment methods Please help.",unfortunately please add payment method please help,positive,feature_request
I am having trouble because the colors and layout make the app easy to use,trouble color layout make app easy use,negative,ui
"Unfortunately, nobody from customer support has contacted me Please look into it.",unfortunately nobody customer support contacted please look,negative,support
"Honestly, the app becomes slow during checkout",honestly app becomes slow checkout,negative,performance
I noticed that please add notifications for price changes,noticed please add notification price change,neutral,feature_request
"Honestly, login takes me back to the sign in page",honestly login take back sign page,neutral,login
"Recently, the website is extremely slow today",recently website extremely slow today,negative,performance
"For some reason, i am unable to pay for my order Please help.",reason unable pay order please help,negative,payment
The payment page shows an error Can you fix this?,payment page show error fix,negative,payment
I noticed that the menu layout is confusing,noticed menu layout confusing,neutral,ui
The interface needs improvement,interface need improvement,positive,ui
"Recently, i found a bug in the checkout process Please look into it.",recently found bug checkout process please look,neutral,bug
I am having trouble because the application is lagging badly Can you fix this?,trouble application lagging badly fix,negative,performance
"For some reason, the interface needs improvement",reason interface need improvement,neutral,ui
"Honestly, the app crashes whenever I upload a file I need assistance.",honestly app crash whenever upload file need assistance,neutral,bug
I noticed that login takes me back to the sign in page,noticed login take back sign page,negative,login
The navigation is difficult to understand I need assistance.,navigation difficult understand need assistance,positive,ui
I noticed that the search results are incorrect Please help.,noticed search result incorrect please help,negative,bug
"For some reason, please add dark mode to the application I need assistance.",reason please add dark mode application need assistance,neutral,feature_request
The payment page shows an error,payment page show error,negative,payment
"Recently, the app crashes whenever I upload a file This is frustrating.",recently app crash whenever upload file frustrating,negative,bug
"Today, the app takes too long to load",today app take long load,negative,performance
"Today, the support experience was disappointing This is frustrating.",today support experience disappointing frustrating,neutral,support
It takes forever to open the dashboard Can you fix this?,take forever open dashboard fix,negative,performance
"Honestly, the transaction was declined I need assistance.",honestly transaction declined need assistance,negative,payment
"Honestly, i found a bug in the checkout process Can you fix this?",honestly found bug checkout process fix,negative,bug
I noticed that please add dark mode to the application,noticed please add dark mode application,neutral,feature_request
"Honestly, the app becomes slow during checkout",honestly app becomes slow checkout,negative,performance
Nobody from customer support has contacted me Please look into it.,nobody customer support contacted please look,negative,support
"Unfortunately, the application freezes frequently Please help.",unfortunately application freeze frequently please help,negative,performance
"Today, money was deducted but the payment failed",today money deducted payment failed,negative,payment
I am having trouble because the application freezes frequently Please help.,trouble application freeze frequently please help,negative,performance
"Recently, the application is lagging badly Please help.",recently application lagging badly please help,negative,performance
I am having trouble because i cannot verify my account I need assistance.,trouble verify account need assistance,negative,login
I am happy with the assistance I received This is frustrating.,happy assistance received frustrating,positive,support
"Today, i am unable to access my account This is frustrating.",today unable access account frustrating,negative,login
"For some reason, the transaction was declined Can you fix this?",reason transaction declined fix,negative,payment
"Honestly, the search results are incorrect This happens repeatedly.",honestly search result incorrect happens repeatedly,negative,bug
"Recently, every screen takes a long time to open Please look into it.",recently every screen take long time open please look,negative,performance
"Unfortunately, the text on the screen is too small This happens repeatedly.",unfortunately text screen small happens repeatedly,positive,ui
Every screen takes a long time to open This happens repeatedly.,every screen take long time open happens repeatedly,negative,performance
"Recently, nobody from customer support has contacted me",recently nobody customer support contacted,negative,support
I am having trouble because nobody from customer support has contacted me Can you fix this?,trouble nobody customer support contacted fix,neutral,support
"For some reason, the support team solved my issue quickly This happens repeatedly.",reason support team solved issue quickly happens repeatedly,positive,support
I noticed that the application is very slow This happens repeatedly.,noticed application slow happens repeatedly,negative,performance
"Unfortunately, the interface needs improvement Please help.",unfortunately interface need improvement please help,positive,ui
"Unfortunately, the colors and layout make the app easy to use Can you fix this?",unfortunately color layout make app easy use fix,positive,ui
"Honestly, the application is very slow",honestly application slow,negative,performance
I noticed that the website is extremely slow today Please help.,noticed website extremely slow today please help,negative,performance
"For some reason, every screen takes a long time to open",reason every screen take long time open,negative,performance
I noticed that the navigation is difficult to understand Please look into it.,noticed navigation difficult understand please look,negative,ui
"Honestly, the search results are incorrect Can you fix this?",honestly search result incorrect fix,negative,bug
"Recently, i cannot verify my account This is frustrating.",recently verify account frustrating,negative,login
"Recently, please add dark mode to the application This happens repeatedly.",recently please add dark mode application happens repeatedly,neutral,feature_request
"Recently, it would be useful to have a wishlist Please help.",recently would useful wishlist please help,neutral,feature_request
I noticed that please add notifications for price changes This is frustrating.,noticed please add notification price change frustrating,neutral,feature_request
"Honestly, the page becomes blank after clicking the button",honestly page becomes blank clicking button,negative,bug
"Honestly, i cannot login to my account This happens repeatedly.",honestly login account happens repeatedly,negative,login
"For some reason, please add dark mode to the application This happens repeatedly.",reason please add dark mode application happens repeatedly,neutral,feature_request
I noticed that please add dark mode to the application Please look into it.,noticed please add dark mode application please look,positive,feature_request
"Recently, i cannot login to my account I need assistance.",recently login account need assistance,negative,login
"Today, please add a filter for previous orders Please help.",today please add filter previous order please help,positive,feature_request
"Unfortunately, nobody from customer support has contacted me This is frustrating.",unfortunately nobody customer support contacted frustrating,neutral,support
The new interface looks clean,new interface look clean,positive,ui
"Unfortunately, the colors and layout make the app easy to use Please help.",unfortunately color layout make app easy use please help,negative,ui
"Recently, can you add fingerprint login Can you fix this?",recently add fingerprint login fix,neutral,feature_request
"Honestly, the colors and layout make the app easy to use I need assistance.",honestly color layout make app easy use need assistance,negative,ui
"Recently, the support team solved my issue quickly Please help.",recently support team solved issue quickly please help,positive,support
I am having trouble because i forgot my password and cannot sign in Please look into it.,trouble forgot password sign please look,negative,login
"Unfortunately, the payment page shows an error Please look into it.",unfortunately payment page show error please look,negative,payment
I am having trouble because the menu layout is confusing,trouble menu layout confusing,negative,ui
"For some reason, i cannot verify my account This is frustrating.",reason verify account frustrating,negative,login
The transaction was declined This is frustrating.,transaction declined frustrating,neutral,payment
"Today, nobody from customer support has contacted me Please look into it.",today nobody customer support contacted please look,positive,support
"Today, i have not received a response from support Please help.",today received response support please help,positive,support
"Recently, the menu layout is confusing I need assistance.",recently menu layout confusing need assistance,negative,ui
The support experience was disappointing This happens repeatedly.,support experience disappointing happens repeatedly,positive,support
"Honestly, it takes forever to open the dashboard",honestly take forever open dashboard,negative,performance
"Today, the payment page shows an error Please look into it.",today payment page show error please look,negative,payment
"Recently, the dashboard looks great This is frustrating.",recently dashboard look great frustrating,neutral,ui
"Honestly, the transaction was declined This happens repeatedly.",honestly transaction declined happens repeatedly,negative,payment
I noticed that my payment failed while placing the order Can you fix this?,noticed payment failed placing order fix,negative,payment
"Honestly, the page becomes blank after clicking the button This happens repeatedly.",honestly page becomes blank clicking button happens repeatedly,negative,bug
"For some reason, the navigation is difficult to understand This is frustrating.",reason navigation difficult understand frustrating,positive,ui
My payment failed while placing the order Please help.,payment failed placing order please help,negative,payment
"Unfortunately, the notification is showing the wrong information Please help.",unfortunately notification showing wrong information please help,neutral,bug
I noticed that the dashboard looks great Please help.,noticed dashboard look great please help,positive,ui
"Today, the support staff were polite and professional Can you fix this?",today support staff polite professional fix,positive,support
Every screen takes a long time to open Please help.,every screen take long time open please help,negative,performance
"Today, i would like an option to download invoices",today would like option download invoice,neutral,feature_request
"Recently, my account login keeps failing Please help.",recently account login keep failing please help,negative,login
"Honestly, the application crashes when I open my profile This happens repeatedly.",honestly application crash open profile happens repeatedly,neutral,bug
"For some reason, please add dark mode to the application I need assistance.",reason please add dark mode application need assistance,positive,feature_request
I noticed that the application closes unexpectedly I need assistance.,noticed application close unexpectedly need assistance,negative,bug
I am having trouble because the search results are incorrect This is frustrating.,trouble search result incorrect frustrating,negative,bug
"Honestly, it would be great to have a dark theme Please look into it.",honestly would great dark theme please look,neutral,feature_request
Support took too long to respond This is frustrating.,support took long respond frustrating,negative,support
"For some reason, support took too long to respond Can you fix this?",reason support took long respond fix,positive,support
I am having trouble because i cannot complete the payment Can you fix this?,trouble complete payment fix,negative,payment
I am having trouble because the app becomes slow during checkout Can you fix this?,trouble app becomes slow checkout fix,negative,performance
I noticed that can you add fingerprint login This is frustrating.,noticed add fingerprint login frustrating,neutral,feature_request
I noticed that the navigation is difficult to understand This happens repeatedly.,noticed navigation difficult understand happens repeatedly,negative,ui
"Today, the payment page shows an error",today payment page show error,negative,payment
"Recently, i have not received a response from support Please look into it.",recently received response support please look,positive,support
I am having trouble because i have not received a response from support Please help.,trouble received response support please help,positive,support
I am having trouble because the application crashes when I open my profile This is frustrating.,trouble application crash open profile frustrating,negative,bug
"Unfortunately, please add a filter for previous orders Please look into it.",unfortunately please add filter previous order please look,neutral,feature_request
I am having trouble because i am unable to pay for my order Please help.,trouble unable pay order please help,negative,payment
I noticed that the menu layout is confusing This is frustrating.,noticed menu layout confusing frustrating,positive,ui
"For some reason, i have not received a response from support",reason received response support,negative,support
"For some reason, login takes me back to the sign in page Please help.",reason login take back sign page please help,negative,login
I noticed that the OTP is not arriving during login This happens repeatedly.,noticed otp arriving login happens repeatedly,negative,login
"For some reason, the colors and layout make the app easy to use Please look into it.",reason color layout make app easy use please look,neutral,ui
"Honestly, the menu layout is confusing Please help.",honestly menu layout confusing please help,positive,ui
The buttons are difficult to find I need assistance.,button difficult find need assistance,positive,ui
I noticed that customer service was very helpful Can you fix this?,noticed customer service helpful fix,neutral,support
I am having trouble because the interface needs improvement I need assistance.,trouble interface need improvement need assistance,positive,ui
I cannot complete the payment,complete payment,negative,payment
I am having trouble because the support staff were polite and professional I need assistance.,trouble support staff polite professional need assistance,negative,support
"Honestly, the application is very slow Please help.",honestly application slow please help,negative,performance
"Recently, please add dark mode to the application I need assistance.",recently please add dark mode application need assistance,neutral,feature_request
"Unfortunately, the application crashes when I open my profile Can you fix this?",unfortunately application crash open profile fix,negative,bug
"For some reason, the notification is showing the wrong information Can you fix this?",reason notification showing wrong information fix,negative,bug
"Unfortunately, the customer care representative was helpful Please help.",unfortunately customer care representative helpful please help,neutral,support
"Recently, i found a bug in the checkout process Please look into it.",recently found bug checkout process please look,negative,bug
"Today, the transaction was declined Can you fix this?",today transaction declined fix,negative,payment
Please add more payment methods This is frustrating.,please add payment method frustrating,neutral,feature_request
"For some reason, customer service was very helpful Please look into it.",reason customer service helpful please look,negative,support
"Unfortunately, uPI payment is not going through Please look into it.",unfortunately upi payment going please look,negative,payment
"Recently, please add notifications for price changes Please help.",recently please add notification price change please help,neutral,feature_request
"Today, the dashboard looks great This is frustrating.",today dashboard look great frustrating,positive,ui
I would like an option to download invoices Please help.,would like option download invoice please help,neutral,feature_request
"Recently, the application is lagging badly Please help.",recently application lagging badly please help,negative,performance
Every screen takes a long time to open This happens repeatedly.,every screen take long time open happens repeatedly,negative,performance
"Today, pages are loading slowly",today page loading slowly,negative,performance
The customer care representative was helpful I need assistance.,customer care representative helpful need assistance,negative,support
"For some reason, the card payment keeps failing This is frustrating.",reason card payment keep failing frustrating,negative,payment
I cannot complete the payment This is frustrating.,complete payment frustrating,negative,payment
I would like an option to download invoices,would like option download invoice,positive,feature_request
"Honestly, it takes forever to open the dashboard This happens repeatedly.",honestly take forever open dashboard happens repeatedly,negative,performance
"Unfortunately, i cannot complete the payment This happens repeatedly.",unfortunately complete payment happens repeatedly,negative,payment
"Today, support took too long to respond",today support took long respond,negative,support
I noticed that the app logs me out whenever I try to sign in,noticed app log whenever try sign,negative,login
I noticed that the app shows an error after checkout This happens repeatedly.,noticed app show error checkout happens repeatedly,negative,bug
"Unfortunately, the dashboard looks great I need assistance.",unfortunately dashboard look great need assistance,negative,ui
"Honestly, i found a bug in the checkout process This happens repeatedly.",honestly found bug checkout process happens repeatedly,negative,bug
"Today, i cannot login to my account This is frustrating.",today login account frustrating,negative,login
I am having trouble because the app shows an error after checkout This is frustrating.,trouble app show error checkout frustrating,negative,bug
"Today, uPI payment is not going through This is frustrating.",today upi payment going frustrating,negative,payment
Support took too long to respond Can you fix this?,support took long respond fix,positive,support
I am having trouble because the new interface looks clean This is frustrating.,trouble new interface look clean frustrating,positive,ui
"Recently, my payment failed while placing the order I need assistance.",recently payment failed placing order need assistance,negative,payment
"For some reason, the support staff were polite and professional This is frustrating.",reason support staff polite professional frustrating,positive,support
"Unfortunately, the application crashes when I open my profile This is frustrating.",unfortunately application crash open profile frustrating,negative,bug
"For some reason, the buttons are difficult to find This happens repeatedly.",reason button difficult find happens repeatedly,positive,ui
"Today, i was charged but the order was not placed Can you fix this?",today charged order placed fix,negative,payment
"For some reason, it would be useful to have a wishlist This happens repeatedly.",reason would useful wishlist happens repeatedly,neutral,feature_request
"Today, please add dark mode to the application This is frustrating.",today please add dark mode application frustrating,neutral,feature_request
I am having trouble because the application is lagging badly Please look into it.,trouble application lagging badly please look,negative,performance
"Honestly, the website is extremely slow today Please help.",honestly website extremely slow today please help,negative,performance
"Honestly, the new interface looks clean This happens repeatedly.",honestly new interface look clean happens repeatedly,negative,ui
"Recently, the app shows an error after checkout Please help.",recently app show error checkout please help,negative,bug
"Today, it would be great to have a dark theme This happens repeatedly.",today would great dark theme happens repeatedly,neutral,feature_request
"Unfortunately, i would like an option to download invoices",unfortunately would like option download invoice,neutral,feature_request
"Unfortunately, the order status is displaying incorrectly This happens repeatedly.",unfortunately order status displaying incorrectly happens repeatedly,negative,bug
"Recently, the customer care representative was helpful",recently customer care representative helpful,positive,support
The text on the screen is too small I need assistance.,text screen small need assistance,positive,ui
"Recently, i found a bug in the checkout process This happens repeatedly.",recently found bug checkout process happens repeatedly,negative,bug
"Today, the app logs me out whenever I try to sign in This is frustrating.",today app log whenever try sign frustrating,negative,login
The navigation is difficult to understand This is frustrating.,navigation difficult understand frustrating,positive,ui
"Honestly, the design is simple and user friendly Please help.",honestly design simple user friendly please help,positive,ui
"Unfortunately, the search results are incorrect I need assistance.",unfortunately search result incorrect need assistance,negative,bug
"Unfortunately, the page becomes blank after clicking the button I need assistance.",unfortunately page becomes blank clicking button need assistance,negative,bug
"For some reason, please add notifications for price changes Please look into it.",reason please add notification price change please look,neutral,feature_request
"Recently, the application interface is easy to use Please look into it.",recently application interface easy use please look,negative,ui
Please add notifications for price changes This happens repeatedly.,please add notification price change happens repeatedly,neutral,feature_request
"Unfortunately, the application crashes when I open my profile I need assistance.",unfortunately application crash open profile need assistance,neutral,bug
The customer care representative was helpful I need assistance.,customer care representative helpful need assistance,negative,support
"For some reason, please provide an option to change the language",reason please provide option change language,neutral,feature_request
"For some reason, please add dark mode to the application",reason please add dark mode application,neutral,feature_request
I noticed that the notification is showing the wrong information This happens repeatedly.,noticed notification showing wrong information happens repeatedly,negative,bug
"Honestly, my payment is stuck Please help.",honestly payment stuck please help,negative,payment
I am having trouble because it would be great to have a dark theme Please look into it.,trouble would great dark theme please look,positive,feature_request
"Honestly, i would like an option to download invoices This is frustrating.",honestly would like option download invoice frustrating,neutral,feature_request
"Unfortunately, the payment page shows an error This happens repeatedly.",unfortunately payment page show error happens repeatedly,neutral,payment
"Honestly, please add a filter for previous orders Can you fix this?",honestly please add filter previous order fix,neutral,feature_request
I found a bug in the checkout process This is frustrating.,found bug checkout process frustrating,negative,bug
"Today, the new interface looks clean I need assistance.",today new interface look clean need assistance,neutral,ui
"For some reason, the support team solved my issue quickly Please help.",reason support team solved issue quickly please help,positive,support
"Unfortunately, the transaction was declined",unfortunately transaction declined,negative,payment
"Today, the password reset link is not working This happens repeatedly.",today password reset link working happens repeatedly,negative,login
"Today, the support team solved my issue quickly Please help.",today support team solved issue quickly please help,negative,support
"Today, the app takes too long to load",today app take long load,negative,performance
"Honestly, the page becomes blank after clicking the button This happens repeatedly.",honestly page becomes blank clicking button happens repeatedly,neutral,bug
"Honestly, the interface needs improvement This is frustrating.",honestly interface need improvement frustrating,negative,ui
I am having trouble because the navigation is difficult to understand Can you fix this?,trouble navigation difficult understand fix,negative,ui
"Recently, login takes me back to the sign in page Can you fix this?",recently login take back sign page fix,negative,login
"Today, please add a filter for previous orders This happens repeatedly.",today please add filter previous order happens repeatedly,neutral,feature_request
"Today, the application freezes frequently Please look into it.",today application freeze frequently please look,negative,performance
"Unfortunately, support took too long to respond Please look into it.",unfortunately support took long respond please look,negative,support
"For some reason, i cannot verify my account I need assistance.",reason verify account need assistance,negative,login
I am having trouble because i forgot my password and cannot sign in I need assistance.,trouble forgot password sign need assistance,negative,login
"Today, support took too long to respond Please help.",today support took long respond please help,positive,support
"For some reason, support took too long to respond",reason support took long respond,positive,support
"Recently, the search results are incorrect This is frustrating.",recently search result incorrect frustrating,negative,bug
"Today, the app takes too long to load This is frustrating.",today app take long load frustrating,negative,performance
"Recently, i cannot verify my account I need assistance.",recently verify account need assistance,negative,login
I am having trouble because the search results are incorrect Please look into it.,trouble search result incorrect please look,negative,bug
"Honestly, the support team solved my issue quickly Please help.",honestly support team solved issue quickly please help,neutral,support
"Honestly, the customer care representative was helpful Please help.",honestly customer care representative helpful please help,negative,support
"Recently, customer service was very helpful This is frustrating.",recently customer service helpful frustrating,positive,support
"For some reason, the support team solved my issue quickly This happens repeatedly.",reason support team solved issue quickly happens repeatedly,negative,support
"Today, i would like an option to download invoices",today would like option download invoice,neutral,feature_request
I noticed that the page becomes blank after clicking the button Please look into it.,noticed page becomes blank clicking button please look,negative,bug
"Honestly, i am happy with the assistance I received Please look into it.",honestly happy assistance received please look,positive,support
"For some reason, money was deducted but the payment failed",reason money deducted payment failed,neutral,payment
"Today, i am happy with the assistance I received",today happy assistance received,negative,support
"Today, it would be great to have a dark theme This is frustrating.",today would great dark theme frustrating,neutral,feature_request
"Recently, the payment page shows an error I need assistance.",recently payment page show error need assistance,negative,payment
The support team solved my issue quickly,support team solved issue quickly,negative,support
"Recently, pages are loading slowly Please look into it.",recently page loading slowly please look,negative,performance
"Honestly, the order status is displaying incorrectly I need assistance.",honestly order status displaying incorrectly need assistance,negative,bug
"Honestly, the interface needs improvement",honestly interface need improvement,positive,ui
I am having trouble because the support staff were polite and professional This is frustrating.,trouble support staff polite professional frustrating,negative,support
"Honestly, every screen takes a long time to open Please look into it.",honestly every screen take long time open please look,negative,performance
"Unfortunately, my payment is stuck Please look into it.",unfortunately payment stuck please look,negative,payment
I am having trouble because login takes me back to the sign in page This is frustrating.,trouble login take back sign page frustrating,negative,login
"For some reason, money was deducted but the payment failed This happens repeatedly.",reason money deducted payment failed happens repeatedly,negative,payment
I am having trouble because customer service was very helpful I need assistance.,trouble customer service helpful need assistance,neutral,support
"For some reason, i would like an option to download invoices Please look into it.",reason would like option download invoice please look,neutral,feature_request
"Honestly, it takes forever to open the dashboard Please look into it.",honestly take forever open dashboard please look,negative,performance
I noticed that please add a filter for previous orders Can you fix this?,noticed please add filter previous order fix,neutral,feature_request
"For some reason, the app takes too long to load This is frustrating.",reason app take long load frustrating,negative,performance
The transaction was declined Please look into it.,transaction declined please look,negative,payment
"Recently, it takes forever to open the dashboard",recently take forever open dashboard,neutral,performance
The transaction was declined I need assistance.,transaction declined need assistance,negative,payment
I noticed that i cannot complete the payment I need assistance.,noticed complete payment need assistance,negative,payment
"Unfortunately, the design is simple and user friendly Please look into it.",unfortunately design simple user friendly please look,positive,ui
"For some reason, the support staff were polite and professional",reason support staff polite professional,negative,support
I am having trouble because the application crashes when I open my profile Please look into it.,trouble application crash open profile please look,negative,bug
"For some reason, can you add fingerprint login This is frustrating.",reason add fingerprint login frustrating,neutral,feature_request
"Recently, customer service was very helpful Can you fix this?",recently customer service helpful fix,negative,support
"Recently, the design is simple and user friendly I need assistance.",recently design simple user friendly need assistance,negative,ui
"Honestly, please add a filter for previous orders This is frustrating.",honestly please add filter previous order frustrating,neutral,feature_request
"Honestly, the website response time is very poor Can you fix this?",honestly website response time poor fix,negative,performance
I am having trouble because the password reset link is not working Can you fix this?,trouble password reset link working fix,negative,login
"Unfortunately, my payment failed while placing the order This happens repeatedly.",unfortunately payment failed placing order happens repeatedly,negative,payment
"For some reason, please provide an option to change the language Please look into it.",reason please provide option change language please look,neutral,feature_request
I noticed that pages are loading slowly This is frustrating.,noticed page loading slowly frustrating,negative,performance
"Today, money was deducted but the payment failed I need assistance.",today money deducted payment failed need assistance,negative,payment
"Honestly, the colors and layout make the app easy to use Please look into it.",honestly color layout make app easy use please look,positive,ui
"Unfortunately, i have not received a response from support This happens repeatedly.",unfortunately received response support happens repeatedly,negative,support
"Honestly, the application is lagging badly This is frustrating.",honestly application lagging badly frustrating,negative,performance
"Honestly, the website response time is very poor This happens repeatedly.",honestly website response time poor happens repeatedly,negative,performance
I noticed that can you add fingerprint login Can you fix this?,noticed add fingerprint login fix,neutral,feature_request
I am having trouble because can you add fingerprint login This happens repeatedly.,trouble add fingerprint login happens repeatedly,neutral,feature_request
"Today, the support staff were polite and professional This is frustrating.",today support staff polite professional frustrating,positive,support
"Recently, please add dark mode to the application Please help.",recently please add dark mode application please help,neutral,feature_request
The app becomes slow during checkout I need assistance.,app becomes slow checkout need assistance,negative,performance
I am having trouble because i would like an option to download invoices This happens repeatedly.,trouble would like option download invoice happens repeatedly,neutral,feature_request
"Unfortunately, it takes forever to open the dashboard Please look into it.",unfortunately take forever open dashboard please look,negative,performance
I am having trouble because the app logs me out whenever I try to sign in This is frustrating.,trouble app log whenever try sign frustrating,negative,login
"Recently, the notification is showing the wrong information This happens repeatedly.",recently notification showing wrong information happens repeatedly,negative,bug
I noticed that the design is simple and user friendly Can you fix this?,noticed design simple user friendly fix,negative,ui
The OTP is not arriving during login,otp arriving login,negative,login
"For some reason, it takes forever to open the dashboard Please help.",reason take forever open dashboard please help,negative,performance
"Today, pages are loading slowly This is frustrating.",today page loading slowly frustrating,negative,performance
"Unfortunately, the notification is showing the wrong information Please help.",unfortunately notification showing wrong information please help,neutral,bug
I noticed that the app takes too long to load This is frustrating.,noticed app take long load frustrating,negative,performance
"Recently, i am unable to pay for my order Please help.",recently unable pay order please help,negative,payment
"Unfortunately, the support experience was disappointing This happens repeatedly.",unfortunately support experience disappointing happens repeatedly,positive,support
I noticed that i cannot login to my account Can you fix this?,noticed login account fix,negative,login
Pages are loading slowly I need assistance.,page loading slowly need assistance,negative,performance
I noticed that pages are loading slowly I need assistance.,noticed page loading slowly need assistance,negative,performance
I noticed that the transaction was declined Please help.,noticed transaction declined please help,neutral,payment
I am unable to pay for my order Please look into it.,unable pay order please look,negative,payment
"Today, the OTP is not arriving during login This happens repeatedly.",today otp arriving login happens repeatedly,negative,login
"Recently, i cannot complete the payment This happens repeatedly.",recently complete payment happens repeatedly,negative,payment
I noticed that the website response time is very poor Please look into it.,noticed website response time poor please look,neutral,performance
"Unfortunately, can you add fingerprint login Please look into it.",unfortunately add fingerprint login please look,neutral,feature_request
"Unfortunately, the page becomes blank after clicking the button This happens repeatedly.",unfortunately page becomes blank clicking button happens repeatedly,negative,bug
"Recently, the page becomes blank after clicking the button Please look into it.",recently page becomes blank clicking button please look,negative,bug
"Recently, something is broken in the application I need assistance.",recently something broken application need assistance,negative,bug
"For some reason, i cannot verify my account This is frustrating.",reason verify account frustrating,negative,login
"Unfortunately, the app becomes slow during checkout I need assistance.",unfortunately app becomes slow checkout need assistance,negative,performance
"Honestly, the app shows an error after checkout Can you fix this?",honestly app show error checkout fix,neutral,bug
"Today, i would like an option to download invoices Can you fix this?",today would like option download invoice fix,neutral,feature_request
I cannot verify my account This is frustrating.,verify account frustrating,negative,login
I am having trouble because the support staff were polite and professional This is frustrating.,trouble support staff polite professional frustrating,positive,support
I am having trouble because the text on the screen is too small This is frustrating.,trouble text screen small frustrating,negative,ui
The website is extremely slow today,website extremely slow today,negative,performance
"For some reason, support took too long to respond This is frustrating.",reason support took long respond frustrating,positive,support
"Honestly, the new interface looks clean Please look into it.",honestly new interface look clean please look,negative,ui
I noticed that the OTP is not arriving during login This is frustrating.,noticed otp arriving login frustrating,negative,login
I am having trouble because the interface needs improvement Can you fix this?,trouble interface need improvement fix,negative,ui
Can you add fingerprint login Can you fix this?,add fingerprint login fix,neutral,feature_request
"Unfortunately, customer service was very helpful Please help.",unfortunately customer service helpful please help,positive,support
"Recently, the login page is not working Can you fix this?",recently login page working fix,neutral,login
"For some reason, the application is lagging badly Please help.",reason application lagging badly please help,neutral,performance
I am having trouble because it takes forever to open the dashboard Please look into it.,trouble take forever open dashboard please look,negative,performance
"Today, i was charged but the order was not placed Please help.",today charged order placed please help,neutral,payment
"Honestly, the app becomes slow during checkout",honestly app becomes slow checkout,negative,performance
"Honestly, the design is simple and user friendly This happens repeatedly.",honestly design simple user friendly happens repeatedly,positive,ui
Something is broken in the application Can you fix this?,something broken application fix,negative,bug
The customer care representative was helpful Can you fix this?,customer care representative helpful fix,negative,support
I am having trouble because the support team did not resolve my problem,trouble support team resolve problem,negative,support
"Today, the interface needs improvement Please look into it.",today interface need improvement please look,neutral,ui
"Today, my account login keeps failing Please help.",today account login keep failing please help,neutral,login
"For some reason, my account login keeps failing This is frustrating.",reason account login keep failing frustrating,negative,login
"Honestly, it takes forever to open the dashboard This is frustrating.",honestly take forever open dashboard frustrating,negative,performance
"Honestly, the application freezes frequently Please look into it.",honestly application freeze frequently please look,negative,performance
I am having trouble because every screen takes a long time to open Please help.,trouble every screen take long time open please help,negative,performance
"Today, i cannot login to my account Please look into it.",today login account please look,negative,login
"Unfortunately, can you add fingerprint login Can you fix this?",unfortunately add fingerprint login fix,neutral,feature_request
I am having trouble because the design is simple and user friendly Please look into it.,trouble design simple user friendly please look,negative,ui
"For some reason, the app becomes slow during checkout This happens repeatedly.",reason app becomes slow checkout happens repeatedly,negative,performance
"For some reason, the card payment keeps failing This is frustrating.",reason card payment keep failing frustrating,negative,payment
"Today, every screen takes a long time to open Please help.",today every screen take long time open please help,negative,performance
"Recently, the interface needs improvement Can you fix this?",recently interface need improvement fix,positive,ui
Login takes me back to the sign in page This happens repeatedly.,login take back sign page happens repeatedly,negative,login
"Today, it would be great to have a dark theme Can you fix this?",today would great dark theme fix,neutral,feature_request
I noticed that my payment is stuck,noticed payment stuck,negative,payment
"For some reason, the support experience was disappointing This happens repeatedly.",reason support experience disappointing happens repeatedly,positive,support
"Unfortunately, the search results are incorrect This is frustrating.",unfortunately search result incorrect frustrating,negative,bug
"Today, please add dark mode to the application Please help.",today please add dark mode application please help,neutral,feature_request
"Unfortunately, the website response time is very poor This is frustrating.",unfortunately website response time poor frustrating,negative,performance
I am happy with the assistance I received Please look into it.,happy assistance received please look,negative,support
"Unfortunately, the app shows an error after checkout This is frustrating.",unfortunately app show error checkout frustrating,negative,bug
"Unfortunately, pages are loading slowly Please help.",unfortunately page loading slowly please help,negative,performance
"For some reason, it would be useful to have a wishlist This happens repeatedly.",reason would useful wishlist happens repeatedly,neutral,feature_request
"Unfortunately, the website is extremely slow today This is frustrating.",unfortunately website extremely slow today frustrating,negative,performance
"Today, the order status is displaying incorrectly Please look into it.",today order status displaying incorrectly please look,negative,bug
"Today, nobody from customer support has contacted me Please help.",today nobody customer support contacted please help,negative,support
"For some reason, i cannot complete the payment I need assistance.",reason complete payment need assistance,negative,payment
My account login keeps failing,account login keep failing,negative,login
"Recently, the colors and layout make the app easy to use",recently color layout make app easy use,positive,ui
"Honestly, please provide an option to change the language This is frustrating.",honestly please provide option change language frustrating,positive,feature_request
Can you add fingerprint login,add fingerprint login,neutral,feature_request
I noticed that the new interface looks clean I need assistance.,noticed new interface look clean need assistance,positive,ui
The login page is not working This is frustrating.,login page working frustrating,negative,login
"For some reason, i cannot login to my account This is frustrating.",reason login account frustrating,negative,login
I am happy with the assistance I received Can you fix this?,happy assistance received fix,negative,support
"Today, the support staff were polite and professional This is frustrating.",today support staff polite professional frustrating,negative,support
I noticed that i would like to schedule deliveries Please help.,noticed would like schedule delivery please help,neutral,feature_request
"Honestly, the app takes too long to load Can you fix this?",honestly app take long load fix,negative,performance
"Recently, i forgot my password and cannot sign in",recently forgot password sign,negative,login
"Honestly, it would be great to have a dark theme Please look into it.",honestly would great dark theme please look,neutral,feature_request
"Honestly, please add a filter for previous orders I need assistance.",honestly please add filter previous order need assistance,neutral,feature_request
I noticed that the application freezes frequently This happens repeatedly.,noticed application freeze frequently happens repeatedly,negative,performance
I noticed that please add more payment methods This is frustrating.,noticed please add payment method frustrating,neutral,feature_request
"Unfortunately, the password reset link is not working This is frustrating.",unfortunately password reset link working frustrating,negative,login
I noticed that uPI payment is not going through This happens repeatedly.,noticed upi payment going happens repeatedly,neutral,payment
I am having trouble because login takes me back to the sign in page I need assistance.,trouble login take back sign page need assistance,negative,login
"Honestly, the support team did not resolve my problem Please look into it.",honestly support team resolve problem please look,positive,support
"For some reason, please add more payment methods Please look into it.",reason please add payment method please look,neutral,feature_request
I noticed that the app becomes slow during checkout I need assistance.,noticed app becomes slow checkout need assistance,negative,performance
"Today, the app becomes slow during checkout Can you fix this?",today app becomes slow checkout fix,neutral,performance
I am unable to access my account Can you fix this?,unable access account fix,negative,login
"Today, the payment page shows an error Can you fix this?",today payment page show error fix,negative,payment
I am having trouble because please provide an option to change the language Can you fix this?,trouble please provide option change language fix,neutral,feature_request
"Recently, the website is extremely slow today",recently website extremely slow today,negative,performance
"For some reason, the new interface looks clean Can you fix this?",reason new interface look clean fix,positive,ui
"Honestly, the transaction was declined This happens repeatedly.",honestly transaction declined happens repeatedly,negative,payment
The customer care representative was helpful Can you fix this?,customer care representative helpful fix,negative,support
"Unfortunately, pages are loading slowly I need assistance.",unfortunately page loading slowly need assistance,negative,performance
"For some reason, the menu layout is confusing This is frustrating.",reason menu layout confusing frustrating,positive,ui
I noticed that my account login keeps failing This happens repeatedly.,noticed account login keep failing happens repeatedly,negative,login
The password reset link is not working This is frustrating.,password reset link working frustrating,negative,login
I noticed that i cannot verify my account I need assistance.,noticed verify account need assistance,negative,login
I am having trouble because the menu layout is confusing This is frustrating.,trouble menu layout confusing frustrating,positive,ui
"Today, the dashboard looks great Please look into it.",today dashboard look great please look,positive,ui
"For some reason, please provide an option to change the language I need assistance.",reason please provide option change language need assistance,neutral,feature_request
"Honestly, the menu layout is confusing Please look into it.",honestly menu layout confusing please look,positive,ui
The interface needs improvement This is frustrating.,interface need improvement frustrating,positive,ui
"Honestly, the colors and layout make the app easy to use Can you fix this?",honestly color layout make app easy use fix,negative,ui
"Unfortunately, the transaction was declined I need assistance.",unfortunately transaction declined need assistance,neutral,payment
"Recently, i am unable to pay for my order This is frustrating.",recently unable pay order frustrating,negative,payment
"Today, please add more payment methods",today please add payment method,neutral,feature_request
"Honestly, i cannot login to my account",honestly login account,negative,login
The search results are incorrect Can you fix this?,search result incorrect fix,negative,bug
I am having trouble because i found a bug in the checkout process I need assistance.,trouble found bug checkout process need assistance,neutral,bug
"Unfortunately, the application closes unexpectedly This happens repeatedly.",unfortunately application close unexpectedly happens repeatedly,negative,bug
"For some reason, please add notifications for price changes",reason please add notification price change,neutral,feature_request
The app takes too long to load I need assistance.,app take long load need assistance,negative,performance
"Honestly, the card payment keeps failing Can you fix this?",honestly card payment keep failing fix,neutral,payment
"Recently, the text on the screen is too small This is frustrating.",recently text screen small frustrating,negative,ui
"Honestly, the app crashes whenever I upload a file This is frustrating.",honestly app crash whenever upload file frustrating,negative,bug
"Unfortunately, the notification is showing the wrong information",unfortunately notification showing wrong information,negative,bug
"For some reason, the app takes too long to load Please look into it.",reason app take long load please look,neutral,performance
"For some reason, the notification is showing the wrong information This happens repeatedly.",reason notification showing wrong information happens repeatedly,negative,bug
"Recently, pages are loading slowly This happens repeatedly.",recently page loading slowly happens repeatedly,negative,performance
"Recently, my payment failed while placing the order This is frustrating.",recently payment failed placing order frustrating,negative,payment
"For some reason, the payment page shows an error",reason payment page show error,negative,payment
My payment failed while placing the order,payment failed placing order,negative,payment
"Unfortunately, the application interface is easy to use Please look into it.",unfortunately application interface easy use please look,negative,ui
"Recently, the application crashes when I open my profile This is frustrating.",recently application crash open profile frustrating,negative,bug
"Honestly, i was charged but the order was not placed Please look into it.",honestly charged order placed please look,negative,payment
"Today, money was deducted but the payment failed Please help.",today money deducted payment failed please help,negative,payment
"Unfortunately, the search results are incorrect Can you fix this?",unfortunately search result incorrect fix,neutral,bug
"Recently, my payment failed while placing the order I need assistance.",recently payment failed placing order need assistance,negative,payment
"Honestly, every screen takes a long time to open This happens repeatedly.",honestly every screen take long time open happens repeatedly,negative,performance
"For some reason, the application interface is easy to use Can you fix this?",reason application interface easy use fix,positive,ui
I noticed that the OTP is not arriving during login Please help.,noticed otp arriving login please help,negative,login
I noticed that every screen takes a long time to open Can you fix this?,noticed every screen take long time open fix,negative,performance
"For some reason, money was deducted but the payment failed I need assistance.",reason money deducted payment failed need assistance,negative,payment
I noticed that please add dark mode to the application,noticed please add dark mode application,neutral,feature_request
I am having trouble because my account login keeps failing This happens repeatedly.,trouble account login keep failing happens repeatedly,neutral,login
The website response time is very poor Can you fix this?,website response time poor fix,negative,performance
I noticed that customer service was very helpful Can you fix this?,noticed customer service helpful fix,negative,support
"Recently, it would be useful to have a wishlist Please help.",recently would useful wishlist please help,neutral,feature_request
The application is lagging badly Please help.,application lagging badly please help,negative,performance
"For some reason, nobody from customer support has contacted me This is frustrating.",reason nobody customer support contacted frustrating,negative,support
I am having trouble because support took too long to respond This happens repeatedly.,trouble support took long respond happens repeatedly,positive,support
"Recently, the application is lagging badly Can you fix this?",recently application lagging badly fix,negative,performance
"For some reason, the application crashes when I open my profile I need assistance.",reason application crash open profile need assistance,negative,bug
"Honestly, login takes me back to the sign in page This is frustrating.",honestly login take back sign page frustrating,negative,login
"Today, it would be useful to have a wishlist This is frustrating.",today would useful wishlist frustrating,neutral,feature_request
The website is extremely slow today Can you fix this?,website extremely slow today fix,negative,performance
It takes forever to open the dashboard Please help.,take forever open dashboard please help,neutral,performance
"Recently, please add more payment methods Please help.",recently please add payment method please help,positive,feature_request
"For some reason, the OTP is not arriving during login Please help.",reason otp arriving login please help,negative,login
I noticed that customer service was very helpful Please help.,noticed customer service helpful please help,positive,support
"Today, nobody from customer support has contacted me Please look into it.",today nobody customer support contacted please look,neutral,support
I noticed that it would be useful to have a wishlist This happens repeatedly.,noticed would useful wishlist happens repeatedly,neutral,feature_request
I noticed that it takes forever to open the dashboard This happens repeatedly.,noticed take forever open dashboard happens repeatedly,negative,performance
I am having trouble because the OTP is not arriving during login Please look into it.,trouble otp arriving login please look,negative,login
"Unfortunately, i am happy with the assistance I received Can you fix this?",unfortunately happy assistance received fix,positive,support
"Unfortunately, the login page is not working Can you fix this?",unfortunately login page working fix,negative,login
"For some reason, the search results are incorrect I need assistance.",reason search result incorrect need assistance,negative,bug
"Today, pages are loading slowly Please look into it.",today page loading slowly please look,neutral,performance
"Recently, the app shows an error after checkout Please look into it.",recently app show error checkout please look,negative,bug
"Unfortunately, can you add fingerprint login Please help.",unfortunately add fingerprint login please help,neutral,feature_request
I noticed that the application is very slow Please help.,noticed application slow please help,negative,performance
"Recently, the buttons are difficult to find Please help.",recently button difficult find please help,negative,ui
I am having trouble because the application interface is easy to use Please help.,trouble application interface easy use please help,negative,ui
"Recently, the app logs me out whenever I try to sign in Can you fix this?",recently app log whenever try sign fix,negative,login
"For some reason, the application interface is easy to use",reason application interface easy use,neutral,ui
"Honestly, every screen takes a long time to open Please look into it.",honestly every screen take long time open please look,negative,performance
"Recently, login takes me back to the sign in page",recently login take back sign page,negative,login
I am having trouble because i would like an option to download invoices Can you fix this?,trouble would like option download invoice fix,neutral,feature_request
I am having trouble because the payment page shows an error This is frustrating.,trouble payment page show error frustrating,negative,payment
"Today, my payment is stuck",today payment stuck,negative,payment
"Today, i cannot verify my account Please look into it.",today verify account please look,negative,login
"Today, the customer care representative was helpful Please look into it.",today customer care representative helpful please look,neutral,support
Nobody from customer support has contacted me This is frustrating.,nobody customer support contacted frustrating,positive,support
"For some reason, the new interface looks clean Please look into it.",reason new interface look clean please look,neutral,ui
"For some reason, i am unable to pay for my order Can you fix this?",reason unable pay order fix,negative,payment
"Honestly, the application closes unexpectedly",honestly application close unexpectedly,negative,bug
"Honestly, the app logs me out whenever I try to sign in I need assistance.",honestly app log whenever try sign need assistance,negative,login
"Recently, the password reset link is not working This is frustrating.",recently password reset link working frustrating,negative,login
"Honestly, it would be useful to have a wishlist Can you fix this?",honestly would useful wishlist fix,neutral,feature_request
Please add a filter for previous orders Please help.,please add filter previous order please help,neutral,feature_request
"Honestly, pages are loading slowly This is frustrating.",honestly page loading slowly frustrating,negative,performance
I noticed that the buttons are difficult to find,noticed button difficult find,positive,ui
I found a bug in the checkout process Can you fix this?,found bug checkout process fix,negative,bug
I am having trouble because please add dark mode to the application Can you fix this?,trouble please add dark mode application fix,neutral,feature_request
"Today, the customer care representative was helpful Can you fix this?",today customer care representative helpful fix,positive,support
I noticed that please add dark mode to the application This is frustrating.,noticed please add dark mode application frustrating,neutral,feature_request
"Honestly, i have not received a response from support Please help.",honestly received response support please help,positive,support
"Recently, i would like to schedule deliveries Please help.",recently would like schedule delivery please help,positive,feature_request
"Honestly, the application closes unexpectedly Please help.",honestly application close unexpectedly please help,neutral,bug
"Today, the application is very slow This happens repeatedly.",today application slow happens repeatedly,negative,performance
"Recently, my payment is stuck This is frustrating.",recently payment stuck frustrating,negative,payment
I am having trouble because the app logs me out whenever I try to sign in Please help.,trouble app log whenever try sign please help,negative,login
I noticed that something is broken in the application Please look into it.,noticed something broken application please look,neutral,bug
"Honestly, the notification is showing the wrong information Can you fix this?",honestly notification showing wrong information fix,negative,bug
"For some reason, the colors and layout make the app easy to use I need assistance.",reason color layout make app easy use need assistance,negative,ui
I noticed that the application crashes when I open my profile I need assistance.,noticed application crash open profile need assistance,negative,bug
I noticed that the application interface is easy to use Please help.,noticed application interface easy use please help,positive,ui
I am having trouble because the payment page shows an error Can you fix this?,trouble payment page show error fix,negative,payment
"For some reason, the support experience was disappointing I need assistance.",reason support experience disappointing need assistance,negative,support
"Recently, pages are loading slowly Can you fix this?",recently page loading slowly fix,negative,performance
I noticed that the dashboard looks great,noticed dashboard look great,positive,ui
"Today, the dashboard looks great",today dashboard look great,positive,ui
"For some reason, uPI payment is not going through Please help.",reason upi payment going please help,negative,payment
"For some reason, the colors and layout make the app easy to use Please look into it.",reason color layout make app easy use please look,neutral,ui
"Recently, the card payment keeps failing",recently card payment keep failing,negative,payment
"For some reason, money was deducted but the payment failed Please look into it.",reason money deducted payment failed please look,negative,payment
"Recently, i cannot complete the payment Can you fix this?",recently complete payment fix,negative,payment
"Honestly, the app becomes slow during checkout This is frustrating.",honestly app becomes slow checkout frustrating,negative,performance
The order status is displaying incorrectly Can you fix this?,order status displaying incorrectly fix,negative,bug
I noticed that i cannot verify my account,noticed verify account,negative,login
"For some reason, can you add fingerprint login I need assistance.",reason add fingerprint login need assistance,neutral,feature_request
I am having trouble because the application interface is easy to use Please help.,trouble application interface easy use please help,positive,ui
"Unfortunately, it takes forever to open the dashboard",unfortunately take forever open dashboard,negative,performance
"For some reason, i found a bug in the checkout process This happens repeatedly.",reason found bug checkout process happens repeatedly,negative,bug
"For some reason, the app crashes whenever I upload a file Please look into it.",reason app crash whenever upload file please look,negative,bug
"Today, the colors and layout make the app easy to use",today color layout make app easy use,neutral,ui
The customer care representative was helpful Please help.,customer care representative helpful please help,positive,support
"For some reason, the navigation is difficult to understand Can you fix this?",reason navigation difficult understand fix,positive,ui
"Today, it takes forever to open the dashboard This is frustrating.",today take forever open dashboard frustrating,negative,performance
"Unfortunately, the text on the screen is too small Can you fix this?",unfortunately text screen small fix,positive,ui
"Honestly, the application closes unexpectedly",honestly application close unexpectedly,negative,bug
The application freezes frequently Please look into it.,application freeze frequently please look,negative,performance
"Honestly, every screen takes a long time to open This is frustrating.",honestly every screen take long time open frustrating,negative,performance
I found a bug in the checkout process This happens repeatedly.,found bug checkout process happens repeatedly,negative,bug
"Honestly, it takes forever to open the dashboard Please help.",honestly take forever open dashboard please help,negative,performance
"Unfortunately, the search results are incorrect This is frustrating.",unfortunately search result incorrect frustrating,negative,bug
I noticed that the password reset link is not working This is frustrating.,noticed password reset link working frustrating,negative,login
"Recently, the notification is showing the wrong information Can you fix this?",recently notification showing wrong information fix,negative,bug
"For some reason, i cannot login to my account",reason login account,negative,login
"Today, it would be great to have a dark theme This happens repeatedly.",today would great dark theme happens repeatedly,positive,feature_request
"Recently, nobody from customer support has contacted me Please help.",recently nobody customer support contacted please help,negative,support
I am having trouble because the application freezes frequently,trouble application freeze frequently,negative,performance
"Today, i was charged but the order was not placed This happens repeatedly.",today charged order placed happens repeatedly,neutral,payment
"Recently, the notification is showing the wrong information Please look into it.",recently notification showing wrong information please look,neutral,bug
"Recently, i am happy with the assistance I received",recently happy assistance received,negative,support
"Today, please add notifications for price changes Can you fix this?",today please add notification price change fix,neutral,feature_request
I noticed that the colors and layout make the app easy to use Can you fix this?,noticed color layout make app easy use fix,positive,ui
"Honestly, something is broken in the application Please look into it.",honestly something broken application please look,negative,bug
"For some reason, it would be useful to have a wishlist This happens repeatedly.",reason would useful wishlist happens repeatedly,neutral,feature_request
I have not received a response from support This is frustrating.,received response support frustrating,negative,support
"Recently, the buttons are difficult to find Please look into it.",recently button difficult find please look,negative,ui
"Today, the app logs me out whenever I try to sign in This is frustrating.",today app log whenever try sign frustrating,negative,login
I am having trouble because the payment page shows an error,trouble payment page show error,negative,payment
"Recently, the dashboard looks great",recently dashboard look great,negative,ui
Money was deducted but the payment failed This happens repeatedly.,money deducted payment failed happens repeatedly,negative,payment
I noticed that please add dark mode to the application This is frustrating.,noticed please add dark mode application frustrating,neutral,feature_request
I am unable to access my account This is frustrating.,unable access account frustrating,negative,login
I noticed that nobody from customer support has contacted me This happens repeatedly.,noticed nobody customer support contacted happens repeatedly,negative,support
"Honestly, the transaction was declined Can you fix this?",honestly transaction declined fix,negative,payment
I noticed that the login page is not working I need assistance.,noticed login page working need assistance,negative,login
"Recently, the app takes too long to load Please look into it.",recently app take long load please look,negative,performance
"Honestly, the navigation is difficult to understand This happens repeatedly.",honestly navigation difficult understand happens repeatedly,neutral,ui
"Unfortunately, i am unable to pay for my order This happens repeatedly.",unfortunately unable pay order happens repeatedly,negative,payment
"Today, i would like an option to download invoices Please help.",today would like option download invoice please help,neutral,feature_request
Can you add fingerprint login Please look into it.,add fingerprint login please look,neutral,feature_request
"For some reason, money was deducted but the payment failed I need assistance.",reason money deducted payment failed need assistance,negative,payment
The app logs me out whenever I try to sign in Please help.,app log whenever try sign please help,negative,login
"For some reason, the text on the screen is too small This happens repeatedly.",reason text screen small happens repeatedly,positive,ui
I am having trouble because the support team solved my issue quickly I need assistance.,trouble support team solved issue quickly need assistance,positive,support
I noticed that the colors and layout make the app easy to use This is frustrating.,noticed color layout make app easy use frustrating,negative,ui
"For some reason, the support staff were polite and professional",reason support staff polite professional,neutral,support
I noticed that the interface needs improvement This is frustrating.,noticed interface need improvement frustrating,neutral,ui
I am having trouble because the application crashes when I open my profile This happens repeatedly.,trouble application crash open profile happens repeatedly,negative,bug
"Today, pages are loading slowly This happens repeatedly.",today page loading slowly happens repeatedly,negative,performance
"Today, the buttons are difficult to find This is frustrating.",today button difficult find frustrating,negative,ui
I am having trouble because nobody from customer support has contacted me,trouble nobody customer support contacted,negative,support
"Honestly, the app shows an error after checkout Can you fix this?",honestly app show error checkout fix,negative,bug
I am having trouble because nobody from customer support has contacted me Please help.,trouble nobody customer support contacted please help,negative,support
"Honestly, pages are loading slowly This is frustrating.",honestly page loading slowly frustrating,neutral,performance
"Today, something is broken in the application This is frustrating.",today something broken application frustrating,negative,bug
I am having trouble because the support team solved my issue quickly Please look into it.,trouble support team solved issue quickly please look,negative,support
I am having trouble because i cannot complete the payment Please help.,trouble complete payment please help,negative,payment
"For some reason, the new interface looks clean This is frustrating.",reason new interface look clean frustrating,positive,ui
"Recently, the application is lagging badly I need assistance.",recently application lagging badly need assistance,neutral,performance
I noticed that the app takes too long to load Please help.,noticed app take long load please help,negative,performance
I am having trouble because i am happy with the assistance I received,trouble happy assistance received,negative,support
"For some reason, the text on the screen is too small Please help.",reason text screen small please help,positive,ui
The design is simple and user friendly Please help.,design simple user friendly please help,negative,ui
I noticed that something is broken in the application Can you fix this?,noticed something broken application fix,negative,bug
"Honestly, it would be great to have a dark theme",honestly would great dark theme,neutral,feature_request
"Recently, the menu layout is confusing Please help.",recently menu layout confusing please help,neutral,ui
The navigation is difficult to understand Please look into it.,navigation difficult understand please look,neutral,ui
"Unfortunately, the login page is not working This happens repeatedly.",unfortunately login page working happens repeatedly,negative,login
"Today, the website response time is very poor This is frustrating.",today website response time poor frustrating,negative,performance
"For some reason, the menu layout is confusing Can you fix this?",reason menu layout confusing fix,positive,ui
I noticed that it takes forever to open the dashboard This happens repeatedly.,noticed take forever open dashboard happens repeatedly,negative,performance
"Honestly, the password reset link is not working",honestly password reset link working,negative,login
"Today, i am unable to access my account This is frustrating.",today unable access account frustrating,negative,login
"Unfortunately, please provide an option to change the language",unfortunately please provide option change language,neutral,feature_request
"Unfortunately, the application is lagging badly Please help.",unfortunately application lagging badly please help,negative,performance
"Unfortunately, the design is simple and user friendly Please look into it.",unfortunately design simple user friendly please look,negative,ui
I noticed that the app takes too long to load Please help.,noticed app take long load please help,negative,performance
I am having trouble because the colors and layout make the app easy to use This is frustrating.,trouble color layout make app easy use frustrating,positive,ui
I have not received a response from support Please look into it.,received response support please look,neutral,support
"Honestly, i cannot verify my account Please help.",honestly verify account please help,negative,login
I noticed that the support staff were polite and professional Please look into it.,noticed support staff polite professional please look,negative,support
"For some reason, the support team solved my issue quickly",reason support team solved issue quickly,positive,support
The application is very slow This is frustrating.,application slow frustrating,negative,performance
I am having trouble because the buttons are difficult to find This happens repeatedly.,trouble button difficult find happens repeatedly,negative,ui
"For some reason, i cannot verify my account Please help.",reason verify account please help,negative,login
"For some reason, the dashboard looks great",reason dashboard look great,positive,ui
I am having trouble because the customer care representative was helpful I need assistance.,trouble customer care representative helpful need assistance,positive,support
I am having trouble because the payment page shows an error Please look into it.,trouble payment page show error please look,neutral,payment
"For some reason, uPI payment is not going through Please look into it.",reason upi payment going please look,negative,payment
I noticed that my account login keeps failing,noticed account login keep failing,negative,login
I am having trouble because my account login keeps failing Please look into it.,trouble account login keep failing please look,negative,login
"Unfortunately, the colors and layout make the app easy to use Can you fix this?",unfortunately color layout make app easy use fix,negative,ui
"Honestly, the support team did not resolve my problem Please look into it.",honestly support team resolve problem please look,positive,support
"Unfortunately, the payment page shows an error Please help.",unfortunately payment page show error please help,negative,payment
"Recently, the app takes too long to load Can you fix this?",recently app take long load fix,negative,performance
I noticed that the colors and layout make the app easy to use Please look into it.,noticed color layout make app easy use please look,negative,ui
"Unfortunately, money was deducted but the payment failed I need assistance.",unfortunately money deducted payment failed need assistance,negative,payment
"Unfortunately, the payment page shows an error I need assistance.",unfortunately payment page show error need assistance,negative,payment
"Recently, my account login keeps failing",recently account login keep failing,negative,login
I am having trouble because the customer care representative was helpful This is frustrating.,trouble customer care representative helpful frustrating,positive,support
"Honestly, the website response time is very poor Can you fix this?",honestly website response time poor fix,negative,performance
"Honestly, i am unable to access my account Please help.",honestly unable access account please help,negative,login
"Unfortunately, i would like an option to download invoices Please help.",unfortunately would like option download invoice please help,neutral,feature_request
"Today, it would be great to have a dark theme",today would great dark theme,neutral,feature_request
I noticed that the buttons are difficult to find Please help.,noticed button difficult find please help,negative,ui
"For some reason, the search results are incorrect Can you fix this?",reason search result incorrect fix,negative,bug
"Recently, the payment page shows an error Can you fix this?",recently payment page show error fix,negative,payment
"Recently, can you add fingerprint login Please look into it.",recently add fingerprint login please look,neutral,feature_request
Please provide an option to change the language,please provide option change language,neutral,feature_request
"Recently, every screen takes a long time to open This happens repeatedly.",recently every screen take long time open happens repeatedly,negative,performance
I am having trouble because the search results are incorrect Please help.,trouble search result incorrect please help,negative,bug
I noticed that something is broken in the application This happens repeatedly.,noticed something broken application happens repeatedly,negative,bug
I am having trouble because the design is simple and user friendly Please help.,trouble design simple user friendly please help,neutral,ui
"Honestly, the colors and layout make the app easy to use Please look into it.",honestly color layout make app easy use please look,positive,ui
"For some reason, the application is very slow Please look into it.",reason application slow please look,neutral,performance
"Unfortunately, please add more payment methods This is frustrating.",unfortunately please add payment method frustrating,neutral,feature_request
"Honestly, the app logs me out whenever I try to sign in This happens repeatedly.",honestly app log whenever try sign happens repeatedly,negative,login
"Recently, something is broken in the application I need assistance.",recently something broken application need assistance,negative,bug
I am having trouble because login takes me back to the sign in page Please look into it.,trouble login take back sign page please look,negative,login
"Recently, the application is very slow Can you fix this?",recently application slow fix,negative,performance
The application is lagging badly,application lagging badly,negative,performance
"Honestly, the navigation is difficult to understand",honestly navigation difficult understand,positive,ui
"Honestly, the interface needs improvement Please help.",honestly interface need improvement please help,negative,ui
"Today, i was charged but the order was not placed Can you fix this?",today charged order placed fix,negative,payment
"For some reason, my payment is stuck This is frustrating.",reason payment stuck frustrating,negative,payment
"For some reason, it would be useful to have a wishlist Please help.",reason would useful wishlist please help,positive,feature_request
"For some reason, the website response time is very poor Please look into it.",reason website response time poor please look,negative,performance
"Today, the app logs me out whenever I try to sign in Please help.",today app log whenever try sign please help,neutral,login
Please add a filter for previous orders I need assistance.,please add filter previous order need assistance,neutral,feature_request
I noticed that the order status is displaying incorrectly Can you fix this?,noticed order status displaying incorrectly fix,negative,bug
"Recently, the menu layout is confusing",recently menu layout confusing,neutral,ui
I am having trouble because i am happy with the assistance I received Please look into it.,trouble happy assistance received please look,positive,support
I noticed that the app shows an error after checkout,noticed app show error checkout,negative,bug
"Honestly, the colors and layout make the app easy to use Can you fix this?",honestly color layout make app easy use fix,positive,ui
I am having trouble because the menu layout is confusing This is frustrating.,trouble menu layout confusing frustrating,neutral,ui
I am having trouble because the page becomes blank after clicking the button I need assistance.,trouble page becomes blank clicking button need assistance,negative,bug
"Honestly, the app crashes whenever I upload a file",honestly app crash whenever upload file,negative,bug
I noticed that i was charged but the order was not placed,noticed charged order placed,negative,payment
"Recently, every screen takes a long time to open This is frustrating.",recently every screen take long time open frustrating,negative,performance
"Honestly, the support team solved my issue quickly I need assistance.",honestly support team solved issue quickly need assistance,negative,support
"Unfortunately, the navigation is difficult to understand",unfortunately navigation difficult understand,positive,ui
"Honestly, the login page is not working Can you fix this?",honestly login page working fix,negative,login
"Today, please add dark mode to the application",today please add dark mode application,positive,feature_request
"Recently, the search results are incorrect Please look into it.",recently search result incorrect please look,negative,bug
"Today, the text on the screen is too small This happens repeatedly.",today text screen small happens repeatedly,positive,ui
I am having trouble because the card payment keeps failing,trouble card payment keep failing,negative,payment
"Honestly, the application is lagging badly",honestly application lagging badly,negative,performance
"Honestly, i cannot complete the payment Can you fix this?",honestly complete payment fix,negative,payment
"Today, i forgot my password and cannot sign in I need assistance.",today forgot password sign need assistance,negative,login
"For some reason, i forgot my password and cannot sign in This is frustrating.",reason forgot password sign frustrating,negative,login
I noticed that the application interface is easy to use Please help.,noticed application interface easy use please help,positive,ui
I am having trouble because i am unable to pay for my order This happens repeatedly.,trouble unable pay order happens repeatedly,negative,payment
"Recently, the application closes unexpectedly This is frustrating.",recently application close unexpectedly frustrating,negative,bug
The design is simple and user friendly Please help.,design simple user friendly please help,positive,ui
"Honestly, i would like an option to download invoices This happens repeatedly.",honestly would like option download invoice happens repeatedly,neutral,feature_request
"For some reason, the login page is not working This is frustrating.",reason login page working frustrating,negative,login
"Recently, the application freezes frequently",recently application freeze frequently,negative,performance
"Unfortunately, the payment page shows an error Please help.",unfortunately payment page show error please help,negative,payment
I am having trouble because i would like an option to download invoices I need assistance.,trouble would like option download invoice need assistance,positive,feature_request
The application is lagging badly,application lagging badly,negative,performance
"For some reason, please add more payment methods",reason please add payment method,positive,feature_request
The notification is showing the wrong information,notification showing wrong information,negative,bug
The page becomes blank after clicking the button This is frustrating.,page becomes blank clicking button frustrating,negative,bug
Please add dark mode to the application This happens repeatedly.,please add dark mode application happens repeatedly,neutral,feature_request
I am happy with the assistance I received I need assistance.,happy assistance received need assistance,positive,support
"Honestly, the design is simple and user friendly Please look into it.",honestly design simple user friendly please look,negative,ui
"Unfortunately, the application interface is easy to use This is frustrating.",unfortunately application interface easy use frustrating,positive,ui
I am having trouble because the new interface looks clean Please look into it.,trouble new interface look clean please look,negative,ui
"Honestly, the application freezes frequently Please help.",honestly application freeze frequently please help,negative,performance
"For some reason, money was deducted but the payment failed This happens repeatedly.",reason money deducted payment failed happens repeatedly,negative,payment
I noticed that the application is very slow Please help.,noticed application slow please help,negative,performance
"Recently, please provide an option to change the language This is frustrating.",recently please provide option change language frustrating,neutral,feature_request
I noticed that please add a filter for previous orders This is frustrating.,noticed please add filter previous order frustrating,neutral,feature_request
I am having trouble because the page becomes blank after clicking the button Can you fix this?,trouble page becomes blank clicking button fix,negative,bug
"Recently, my account login keeps failing This happens repeatedly.",recently account login keep failing happens repeatedly,negative,login
"Today, the application closes unexpectedly Please help.",today application close unexpectedly please help,negative,bug
"Recently, the text on the screen is too small This is frustrating.",recently text screen small frustrating,neutral,ui
My payment failed while placing the order Can you fix this?,payment failed placing order fix,negative,payment
"For some reason, i am happy with the assistance I received",reason happy assistance received,positive,support
"Today, the transaction was declined",today transaction declined,negative,payment
I found a bug in the checkout process Can you fix this?,found bug checkout process fix,negative,bug
"For some reason, the application is lagging badly Please help.",reason application lagging badly please help,negative,performance
I am having trouble because the website response time is very poor Please help.,trouble website response time poor please help,negative,performance
I am having trouble because i am unable to access my account Can you fix this?,trouble unable access account fix,negative,login
The application crashes when I open my profile,application crash open profile,neutral,bug
"For some reason, i cannot complete the payment Please look into it.",reason complete payment please look,negative,payment
"Honestly, the app takes too long to load I need assistance.",honestly app take long load need assistance,neutral,performance
"Today, the support team solved my issue quickly This happens repeatedly.",today support team solved issue quickly happens repeatedly,positive,support
"For some reason, the support team solved my issue quickly This is frustrating.",reason support team solved issue quickly frustrating,negative,support
"For some reason, my account login keeps failing Please help.",reason account login keep failing please help,negative,login
The support staff were polite and professional This happens repeatedly.,support staff polite professional happens repeatedly,negative,support
I noticed that please add notifications for price changes This is frustrating.,noticed please add notification price change frustrating,neutral,feature_request
"Unfortunately, the notification is showing the wrong information Please look into it.",unfortunately notification showing wrong information please look,negative,bug
"Honestly, the app shows an error after checkout Please help.",honestly app show error checkout please help,negative,bug
"Unfortunately, support took too long to respond I need assistance.",unfortunately support took long respond need assistance,positive,support
Login takes me back to the sign in page This happens repeatedly.,login take back sign page happens repeatedly,negative,login
I noticed that please add a filter for previous orders,noticed please add filter previous order,positive,feature_request
I am having trouble because support took too long to respond Please help.,trouble support took long respond please help,negative,support
The app shows an error after checkout This is frustrating.,app show error checkout frustrating,negative,bug
I noticed that the search results are incorrect Can you fix this?,noticed search result incorrect fix,neutral,bug
I noticed that the app logs me out whenever I try to sign in This happens repeatedly.,noticed app log whenever try sign happens repeatedly,neutral,login
"Today, the notification is showing the wrong information",today notification showing wrong information,negative,bug
The application crashes when I open my profile Can you fix this?,application crash open profile fix,negative,bug
Please provide an option to change the language,please provide option change language,neutral,feature_request
I noticed that the design is simple and user friendly I need assistance.,noticed design simple user friendly need assistance,positive,ui
"For some reason, the support team did not resolve my problem Can you fix this?",reason support team resolve problem fix,negative,support
I am having trouble because the website response time is very poor Please look into it.,trouble website response time poor please look,negative,performance
"Honestly, the buttons are difficult to find Please help.",honestly button difficult find please help,positive,ui
I am having trouble because something is broken in the application This is frustrating.,trouble something broken application frustrating,negative,bug
I noticed that the colors and layout make the app easy to use Please look into it.,noticed color layout make app easy use please look,negative,ui
I cannot verify my account Please help.,verify account please help,negative,login
"Today, i would like an option to download invoices This happens repeatedly.",today would like option download invoice happens repeatedly,neutral,feature_request
"Unfortunately, it would be great to have a dark theme",unfortunately would great dark theme,neutral,feature_request
"Today, the application freezes frequently This is frustrating.",today application freeze frequently frustrating,neutral,performance
"Today, the payment page shows an error Please help.",today payment page show error please help,negative,payment
"Today, the app crashes whenever I upload a file Please look into it.",today app crash whenever upload file please look,negative,bug
"Honestly, the notification is showing the wrong information This is frustrating.",honestly notification showing wrong information frustrating,negative,bug
I noticed that my payment is stuck This is frustrating.,noticed payment stuck frustrating,negative,payment
I noticed that my payment is stuck Can you fix this?,noticed payment stuck fix,neutral,payment
"Recently, please add notifications for price changes This happens repeatedly.",recently please add notification price change happens repeatedly,neutral,feature_request
"Today, the OTP is not arriving during login Please look into it.",today otp arriving login please look,negative,login
"Recently, the password reset link is not working This is frustrating.",recently password reset link working frustrating,negative,login
"Unfortunately, uPI payment is not going through This happens repeatedly.",unfortunately upi payment going happens repeatedly,negative,payment
The dashboard looks great Can you fix this?,dashboard look great fix,neutral,ui
"Today, the app logs me out whenever I try to sign in Please look into it.",today app log whenever try sign please look,negative,login
I am having trouble because the support staff were polite and professional This happens repeatedly.,trouble support staff polite professional happens repeatedly,positive,support
I forgot my password and cannot sign in Can you fix this?,forgot password sign fix,negative,login
"Honestly, i forgot my password and cannot sign in This is frustrating.",honestly forgot password sign frustrating,negative,login
"Today, my payment failed while placing the order This happens repeatedly.",today payment failed placing order happens repeatedly,negative,payment
"Recently, the design is simple and user friendly",recently design simple user friendly,neutral,ui
"For some reason, uPI payment is not going through This happens repeatedly.",reason upi payment going happens repeatedly,negative,payment
The order status is displaying incorrectly,order status displaying incorrectly,negative,bug
Please add notifications for price changes,please add notification price change,neutral,feature_request
I noticed that the customer care representative was helpful This is frustrating.,noticed customer care representative helpful frustrating,negative,support
"Recently, please add more payment methods This is frustrating.",recently please add payment method frustrating,neutral,feature_request
I am having trouble because the dashboard looks great Please help.,trouble dashboard look great please help,positive,ui
"Recently, the colors and layout make the app easy to use This happens repeatedly.",recently color layout make app easy use happens repeatedly,neutral,ui
"Honestly, the buttons are difficult to find Please help.",honestly button difficult find please help,negative,ui
I am having trouble because nobody from customer support has contacted me Please help.,trouble nobody customer support contacted please help,negative,support
The application interface is easy to use This happens repeatedly.,application interface easy use happens repeatedly,neutral,ui
I am having trouble because the support experience was disappointing,trouble support experience disappointing,negative,support
"Today, it would be useful to have a wishlist Please help.",today would useful wishlist please help,neutral,feature_request
"Honestly, the transaction was declined Please help.",honestly transaction declined please help,negative,payment
"For some reason, the interface needs improvement Can you fix this?",reason interface need improvement fix,positive,ui
It takes forever to open the dashboard This is frustrating.,take forever open dashboard frustrating,negative,performance
"Recently, the page becomes blank after clicking the button This happens repeatedly.",recently page becomes blank clicking button happens repeatedly,negative,bug
Pages are loading slowly,page loading slowly,negative,performance
"Recently, login takes me back to the sign in page This happens repeatedly.",recently login take back sign page happens repeatedly,negative,login
I am having trouble because the support team solved my issue quickly This is frustrating.,trouble support team solved issue quickly frustrating,negative,support
Customer service was very helpful This is frustrating.,customer service helpful frustrating,positive,support
I noticed that i cannot verify my account This happens repeatedly.,noticed verify account happens repeatedly,negative,login
"Today, the login page is not working",today login page working,negative,login
"For some reason, the login page is not working This is frustrating.",reason login page working frustrating,neutral,login
"Recently, the dashboard looks great Can you fix this?",recently dashboard look great fix,positive,ui
My payment failed while placing the order,payment failed placing order,negative,payment
I noticed that the login page is not working I need assistance.,noticed login page working need assistance,negative,login
I noticed that uPI payment is not going through This happens repeatedly.,noticed upi payment going happens repeatedly,negative,payment
"Honestly, please add dark mode to the application I need assistance.",honestly please add dark mode application need assistance,neutral,feature_request
"Recently, the OTP is not arriving during login This happens repeatedly.",recently otp arriving login happens repeatedly,negative,login
I am having trouble because my account login keeps failing This is frustrating.,trouble account login keep failing frustrating,negative,login
"Recently, i found a bug in the checkout process This is frustrating.",recently found bug checkout process frustrating,negative,bug
The support experience was disappointing Please look into it.,support experience disappointing please look,negative,support
I noticed that every screen takes a long time to open This is frustrating.,noticed every screen take long time open frustrating,negative,performance
"Recently, the application closes unexpectedly Please look into it.",recently application close unexpectedly please look,negative,bug
I am having trouble because i have not received a response from support,trouble received response support,positive,support
"Unfortunately, i would like to schedule deliveries I need assistance.",unfortunately would like schedule delivery need assistance,neutral,feature_request
"Recently, i cannot verify my account Can you fix this?",recently verify account fix,negative,login
The OTP is not arriving during login I need assistance.,otp arriving login need assistance,negative,login
"Recently, it takes forever to open the dashboard Can you fix this?",recently take forever open dashboard fix,negative,performance
"Honestly, the application freezes frequently This is frustrating.",honestly application freeze frequently frustrating,negative,performance
I am having trouble because the search results are incorrect Please look into it.,trouble search result incorrect please look,negative,bug
"Today, i forgot my password and cannot sign in This happens repeatedly.",today forgot password sign happens repeatedly,negative,login
"Recently, the search results are incorrect Please look into it.",recently search result incorrect please look,negative,bug
"Recently, the search results are incorrect This happens repeatedly.",recently search result incorrect happens repeatedly,negative,bug
"Honestly, the login page is not working",honestly login page working,negative,login
"Recently, i am happy with the assistance I received I need assistance.",recently happy assistance received need assistance,positive,support
"Today, the support staff were polite and professional This is frustrating.",today support staff polite professional frustrating,negative,support
"Unfortunately, the app takes too long to load This happens repeatedly.",unfortunately app take long load happens repeatedly,negative,performance
I noticed that uPI payment is not going through Can you fix this?,noticed upi payment going fix,negative,payment
The menu layout is confusing Please help.,menu layout confusing please help,negative,ui
"Recently, the text on the screen is too small Can you fix this?",recently text screen small fix,positive,ui
"Today, i am unable to pay for my order I need assistance.",today unable pay order need assistance,negative,payment
"Unfortunately, can you add fingerprint login This happens repeatedly.",unfortunately add fingerprint login happens repeatedly,neutral,feature_request
"Unfortunately, my account login keeps failing Please help.",unfortunately account login keep failing please help,negative,login
"For some reason, i would like an option to download invoices This happens repeatedly.",reason would like option download invoice happens repeatedly,positive,feature_request
The support team did not resolve my problem This is frustrating.,support team resolve problem frustrating,negative,support
"Honestly, the application freezes frequently This is frustrating.",honestly application freeze frequently frustrating,negative,performance
I am having trouble because the order status is displaying incorrectly Please help.,trouble order status displaying incorrectly please help,negative,bug
I noticed that i found a bug in the checkout process Please look into it.,noticed found bug checkout process please look,negative,bug
"Unfortunately, the application is lagging badly This is frustrating.",unfortunately application lagging badly frustrating,negative,performance
"Today, i forgot my password and cannot sign in",today forgot password sign,negative,login
I noticed that the app becomes slow during checkout Can you fix this?,noticed app becomes slow checkout fix,negative,performance
I am having trouble because login takes me back to the sign in page I need assistance.,trouble login take back sign page need assistance,negative,login
"Today, the support experience was disappointing I need assistance.",today support experience disappointing need assistance,positive,support
"Today, the support experience was disappointing",today support experience disappointing,positive,support
I noticed that the app shows an error after checkout,noticed app show error checkout,negative,bug
"Today, the application is lagging badly Can you fix this?",today application lagging badly fix,negative,performance
The buttons are difficult to find Can you fix this?,button difficult find fix,positive,ui
Support took too long to respond Please help.,support took long respond please help,negative,support
The menu layout is confusing This is frustrating.,menu layout confusing frustrating,positive,ui
I am having trouble because i was charged but the order was not placed,trouble charged order placed,negative,payment
"Honestly, please add dark mode to the application This happens repeatedly.",honestly please add dark mode application happens repeatedly,neutral,feature_request
"For some reason, the support experience was disappointing I need assistance.",reason support experience disappointing need assistance,negative,support
I noticed that the interface needs improvement This happens repeatedly.,noticed interface need improvement happens repeatedly,neutral,ui
"For some reason, the application is very slow This is frustrating.",reason application slow frustrating,negative,performance
"Unfortunately, the transaction was declined",unfortunately transaction declined,negative,payment
"Today, my account login keeps failing This is frustrating.",today account login keep failing frustrating,negative,login
"Recently, the app takes too long to load Can you fix this?",recently app take long load fix,negative,performance
"Unfortunately, the colors and layout make the app easy to use This happens repeatedly.",unfortunately color layout make app easy use happens repeatedly,neutral,ui
"Honestly, the navigation is difficult to understand Can you fix this?",honestly navigation difficult understand fix,neutral,ui
"Honestly, i cannot complete the payment I need assistance.",honestly complete payment need assistance,neutral,payment
"Honestly, i found a bug in the checkout process",honestly found bug checkout process,negative,bug
"Recently, please add notifications for price changes This happens repeatedly.",recently please add notification price change happens repeatedly,neutral,feature_request
"For some reason, i would like an option to download invoices This happens repeatedly.",reason would like option download invoice happens repeatedly,neutral,feature_request
I noticed that the new interface looks clean Please look into it.,noticed new interface look clean please look,neutral,ui
I am having trouble because i forgot my password and cannot sign in Please look into it.,trouble forgot password sign please look,neutral,login
"Today, it would be useful to have a wishlist Please help.",today would useful wishlist please help,neutral,feature_request
"Today, the application crashes when I open my profile This happens repeatedly.",today application crash open profile happens repeatedly,negative,bug
My payment is stuck Please look into it.,payment stuck please look,negative,payment
"For some reason, please add a filter for previous orders Please help.",reason please add filter previous order please help,neutral,feature_request
"Honestly, customer service was very helpful",honestly customer service helpful,positive,support
I am having trouble because the notification is showing the wrong information,trouble notification showing wrong information,neutral,bug
Something is broken in the application I need assistance.,something broken application need assistance,negative,bug
"For some reason, the new interface looks clean This happens repeatedly.",reason new interface look clean happens repeatedly,positive,ui
"Honestly, every screen takes a long time to open",honestly every screen take long time open,negative,performance
"For some reason, the app takes too long to load Please help.",reason app take long load please help,negative,performance
"Today, the search results are incorrect Can you fix this?",today search result incorrect fix,negative,bug
"For some reason, the support experience was disappointing Please help.",reason support experience disappointing please help,negative,support
"Today, the customer care representative was helpful I need assistance.",today customer care representative helpful need assistance,positive,support
"Recently, i have not received a response from support Please look into it.",recently received response support please look,neutral,support
"Unfortunately, the menu layout is confusing",unfortunately menu layout confusing,negative,ui
"Unfortunately, it would be useful to have a wishlist",unfortunately would useful wishlist,neutral,feature_request
"Recently, the website is extremely slow today I need assistance.",recently website extremely slow today need assistance,negative,performance
Please add more payment methods Please help.,please add payment method please help,neutral,feature_request
"Honestly, the application closes unexpectedly This is frustrating.",honestly application close unexpectedly frustrating,negative,bug
"For some reason, my account login keeps failing Please help.",reason account login keep failing please help,neutral,login
I noticed that the new interface looks clean,noticed new interface look clean,neutral,ui
"Recently, the OTP is not arriving during login",recently otp arriving login,negative,login
It takes forever to open the dashboard Please look into it.,take forever open dashboard please look,negative,performance
I am having trouble because please add notifications for price changes This is frustrating.,trouble please add notification price change frustrating,positive,feature_request
The application is lagging badly Can you fix this?,application lagging badly fix,negative,performance
"Today, the website is extremely slow today I need assistance.",today website extremely slow today need assistance,negative,performance
I am having trouble because i found a bug in the checkout process,trouble found bug checkout process,negative,bug
I noticed that i am happy with the assistance I received This is frustrating.,noticed happy assistance received frustrating,negative,support
"Honestly, i cannot complete the payment I need assistance.",honestly complete payment need assistance,negative,payment
The app becomes slow during checkout Please help.,app becomes slow checkout please help,negative,performance
I noticed that the support staff were polite and professional Please look into it.,noticed support staff polite professional please look,negative,support
"Today, i cannot complete the payment Please look into it.",today complete payment please look,negative,payment
"Honestly, money was deducted but the payment failed Please look into it.",honestly money deducted payment failed please look,negative,payment
"Recently, the customer care representative was helpful",recently customer care representative helpful,positive,support
I noticed that the login page is not working Please help.,noticed login page working please help,negative,login
"Unfortunately, the search results are incorrect I need assistance.",unfortunately search result incorrect need assistance,negative,bug
"Honestly, the transaction was declined I need assistance.",honestly transaction declined need assistance,negative,payment
"Honestly, the customer care representative was helpful Please look into it.",honestly customer care representative helpful please look,positive,support
"Today, the support experience was disappointing Please help.",today support experience disappointing please help,negative,support
I noticed that the card payment keeps failing This happens repeatedly.,noticed card payment keep failing happens repeatedly,negative,payment
"For some reason, uPI payment is not going through Can you fix this?",reason upi payment going fix,neutral,payment
Money was deducted but the payment failed Please look into it.,money deducted payment failed please look,negative,payment
"For some reason, the support experience was disappointing Please help.",reason support experience disappointing please help,neutral,support
"Unfortunately, login takes me back to the sign in page This is frustrating.",unfortunately login take back sign page frustrating,negative,login
Can you add fingerprint login This is frustrating.,add fingerprint login frustrating,neutral,feature_request
I noticed that the design is simple and user friendly,noticed design simple user friendly,negative,ui
I noticed that the application is very slow This happens repeatedly.,noticed application slow happens repeatedly,negative,performance
Please add a filter for previous orders,please add filter previous order,neutral,feature_request
"Honestly, every screen takes a long time to open This happens repeatedly.",honestly every screen take long time open happens repeatedly,negative,performance
The card payment keeps failing Please look into it.,card payment keep failing please look,neutral,payment
I am having trouble because the website is extremely slow today,trouble website extremely slow today,negative,performance
"Honestly, support took too long to respond Please help.",honestly support took long respond please help,positive,support
I noticed that i have not received a response from support Please help.,noticed received response support please help,negative,support
"For some reason, the order status is displaying incorrectly I need assistance.",reason order status displaying incorrectly need assistance,negative,bug
I am having trouble because the text on the screen is too small,trouble text screen small,positive,ui
"Recently, the application freezes frequently I need assistance.",recently application freeze frequently need assistance,negative,performance
"Today, the new interface looks clean Can you fix this?",today new interface look clean fix,positive,ui
The password reset link is not working I need assistance.,password reset link working need assistance,negative,login
"For some reason, the support team did not resolve my problem Please look into it.",reason support team resolve problem please look,negative,support
The search results are incorrect Can you fix this?,search result incorrect fix,negative,bug
"Recently, the page becomes blank after clicking the button I need assistance.",recently page becomes blank clicking button need assistance,negative,bug
"Today, something is broken in the application This is frustrating.",today something broken application frustrating,negative,bug
"Recently, the app crashes whenever I upload a file",recently app crash whenever upload file,negative,bug
"Recently, customer service was very helpful I need assistance.",recently customer service helpful need assistance,negative,support
The website response time is very poor This is frustrating.,website response time poor frustrating,negative,performance
"Honestly, i found a bug in the checkout process This happens repeatedly.",honestly found bug checkout process happens repeatedly,negative,bug
"For some reason, the navigation is difficult to understand Please look into it.",reason navigation difficult understand please look,neutral,ui
The OTP is not arriving during login,otp arriving login,neutral,login
"Honestly, the app takes too long to load I need assistance.",honestly app take long load need assistance,negative,performance
I noticed that support took too long to respond Please look into it.,noticed support took long respond please look,negative,support
"For some reason, can you add fingerprint login",reason add fingerprint login,neutral,feature_request
"For some reason, i cannot login to my account",reason login account,negative,login
"Unfortunately, the transaction was declined Please look into it.",unfortunately transaction declined please look,negative,payment
"Recently, the support staff were polite and professional Please look into it.",recently support staff polite professional please look,neutral,support
I am having trouble because i would like an option to download invoices,trouble would like option download invoice,neutral,feature_request
"Recently, money was deducted but the payment failed",recently money deducted payment failed,negative,payment
"Today, the buttons are difficult to find Please look into it.",today button difficult find please look,neutral,ui
I noticed that please add a filter for previous orders Can you fix this?,noticed please add filter previous order fix,neutral,feature_request
"For some reason, the page becomes blank after clicking the button Please help.",reason page becomes blank clicking button please help,negative,bug
"For some reason, i am unable to pay for my order Can you fix this?",reason unable pay order fix,neutral,payment
"For some reason, every screen takes a long time to open This is frustrating.",reason every screen take long time open frustrating,negative,performance
"Unfortunately, the support team did not resolve my problem This happens repeatedly.",unfortunately support team resolve problem happens repeatedly,neutral,support
"For some reason, the buttons are difficult to find Please look into it.",reason button difficult find please look,neutral,ui
"For some reason, i forgot my password and cannot sign in Can you fix this?",reason forgot password sign fix,neutral,login
"Unfortunately, the OTP is not arriving during login Please look into it.",unfortunately otp arriving login please look,negative,login
"Recently, it takes forever to open the dashboard This is frustrating.",recently take forever open dashboard frustrating,negative,performance
"Honestly, the app logs me out whenever I try to sign in This is frustrating.",honestly app log whenever try sign frustrating,negative,login
The application freezes frequently,application freeze frequently,negative,performance
"Unfortunately, nobody from customer support has contacted me",unfortunately nobody customer support contacted,negative,support
"Unfortunately, nobody from customer support has contacted me This happens repeatedly.",unfortunately nobody customer support contacted happens repeatedly,positive,support
"Today, please add more payment methods This happens repeatedly.",today please add payment method happens repeatedly,neutral,feature_request
"For some reason, the page becomes blank after clicking the button Please look into it.",reason page becomes blank clicking button please look,negative,bug
"For some reason, the app shows an error after checkout Can you fix this?",reason app show error checkout fix,negative,bug
Pages are loading slowly Please help.,page loading slowly please help,negative,performance
"For some reason, the new interface looks clean Please help.",reason new interface look clean please help,neutral,ui
"Unfortunately, please provide an option to change the language This is frustrating.",unfortunately please provide option change language frustrating,neutral,feature_request
I noticed that the notification is showing the wrong information This happens repeatedly.,noticed notification showing wrong information happens repeatedly,negative,bug
"For some reason, the login page is not working Please help.",reason login page working please help,neutral,login
"For some reason, the application interface is easy to use",reason application interface easy use,negative,ui
I am having trouble because the website response time is very poor,trouble website response time poor,negative,performance
I am having trouble because the website response time is very poor This is frustrating.,trouble website response time poor frustrating,negative,performance
"For some reason, every screen takes a long time to open I need assistance.",reason every screen take long time open need assistance,negative,performance
"For some reason, the notification is showing the wrong information This is frustrating.",reason notification showing wrong information frustrating,negative,bug
"For some reason, please add a filter for previous orders Please help.",reason please add filter previous order please help,neutral,feature_request
"Recently, i have not received a response from support This is frustrating.",recently received response support frustrating,positive,support
"Recently, the app shows an error after checkout This is frustrating.",recently app show error checkout frustrating,neutral,bug
"Unfortunately, the order status is displaying incorrectly This is frustrating.",unfortunately order status displaying incorrectly frustrating,negative,bug
I noticed that the application is very slow This is frustrating.,noticed application slow frustrating,negative,performance
"Honestly, the app shows an error after checkout Can you fix this?",honestly app show error checkout fix,negative,bug
I am having trouble because the support staff were polite and professional Please look into it.,trouble support staff polite professional please look,negative,support
"For some reason, the application closes unexpectedly This happens repeatedly.",reason application close unexpectedly happens repeatedly,negative,bug
Can you add fingerprint login This is frustrating.,add fingerprint login frustrating,positive,feature_request
"For some reason, the menu layout is confusing Please look into it.",reason menu layout confusing please look,positive,ui
I am having trouble because i have not received a response from support,trouble received response support,negative,support
"Honestly, the application is very slow This happens repeatedly.",honestly application slow happens repeatedly,negative,performance
I noticed that the notification is showing the wrong information This happens repeatedly.,noticed notification showing wrong information happens repeatedly,negative,bug
"Honestly, support took too long to respond Please help.",honestly support took long respond please help,positive,support
My account login keeps failing This is frustrating.,account login keep failing frustrating,negative,login
I am having trouble because the design is simple and user friendly Can you fix this?,trouble design simple user friendly fix,neutral,ui
"Recently, the support team solved my issue quickly I need assistance.",recently support team solved issue quickly need assistance,neutral,support
"Recently, it takes forever to open the dashboard This is frustrating.",recently take forever open dashboard frustrating,negative,performance
"Today, my payment failed while placing the order This happens repeatedly.",today payment failed placing order happens repeatedly,negative,payment
I am having trouble because i forgot my password and cannot sign in I need assistance.,trouble forgot password sign need assistance,negative,login
I noticed that the colors and layout make the app easy to use,noticed color layout make app easy use,neutral,ui
"Unfortunately, the dashboard looks great Please help.",unfortunately dashboard look great please help,neutral,ui
"For some reason, the order status is displaying incorrectly This happens repeatedly.",reason order status displaying incorrectly happens repeatedly,negative,bug
"Honestly, nobody from customer support has contacted me",honestly nobody customer support contacted,negative,support
"For some reason, the application interface is easy to use Can you fix this?",reason application interface easy use fix,negative,ui
"Recently, the new interface looks clean This happens repeatedly.",recently new interface look clean happens repeatedly,positive,ui
"Recently, support took too long to respond Please look into it.",recently support took long respond please look,positive,support
"Today, the payment page shows an error This is frustrating.",today payment page show error frustrating,negative,payment
"Unfortunately, the app crashes whenever I upload a file",unfortunately app crash whenever upload file,negative,bug
The page becomes blank after clicking the button Please look into it.,page becomes blank clicking button please look,neutral,bug
"For some reason, the app becomes slow during checkout I need assistance.",reason app becomes slow checkout need assistance,negative,performance
"Today, i am unable to pay for my order I need assistance.",today unable pay order need assistance,negative,payment
"Today, the buttons are difficult to find I need assistance.",today button difficult find need assistance,negative,ui
I noticed that i cannot verify my account,noticed verify account,negative,login
"For some reason, the app logs me out whenever I try to sign in Please help.",reason app log whenever try sign please help,negative,login
"Honestly, my account login keeps failing This is frustrating.",honestly account login keep failing frustrating,negative,login
"Today, the login page is not working Can you fix this?",today login page working fix,negative,login
I am unable to access my account,unable access account,negative,login
I am having trouble because pages are loading slowly This is frustrating.,trouble page loading slowly frustrating,negative,performance
"For some reason, the application crashes when I open my profile Please help.",reason application crash open profile please help,negative,bug
"Unfortunately, my payment is stuck",unfortunately payment stuck,negative,payment
I am having trouble because the card payment keeps failing This happens repeatedly.,trouble card payment keep failing happens repeatedly,neutral,payment
I noticed that please add a filter for previous orders This happens repeatedly.,noticed please add filter previous order happens repeatedly,neutral,feature_request
"Honestly, please add notifications for price changes Please help.",honestly please add notification price change please help,neutral,feature_request
I am having trouble because i found a bug in the checkout process Please look into it.,trouble found bug checkout process please look,neutral,bug
I noticed that the support team solved my issue quickly Can you fix this?,noticed support team solved issue quickly fix,positive,support
"Honestly, something is broken in the application This is frustrating.",honestly something broken application frustrating,negative,bug
"Recently, money was deducted but the payment failed Please look into it.",recently money deducted payment failed please look,negative,payment
"Unfortunately, i cannot complete the payment I need assistance.",unfortunately complete payment need assistance,negative,payment
"Unfortunately, the dashboard looks great Can you fix this?",unfortunately dashboard look great fix,positive,ui
I am having trouble because i would like an option to download invoices This happens repeatedly.,trouble would like option download invoice happens repeatedly,neutral,feature_request
I am having trouble because it would be great to have a dark theme Please help.,trouble would great dark theme please help,neutral,feature_request
I am having trouble because please add notifications for price changes,trouble please add notification price change,neutral,feature_request
I was charged but the order was not placed I need assistance.,charged order placed need assistance,neutral,payment
"Honestly, the buttons are difficult to find I need assistance.",honestly button difficult find need assistance,positive,ui
"Unfortunately, the application interface is easy to use This happens repeatedly.",unfortunately application interface easy use happens repeatedly,negative,ui
I am having trouble because the new interface looks clean Please look into it.,trouble new interface look clean please look,neutral,ui
I am having trouble because the payment page shows an error,trouble payment page show error,negative,payment
"Today, my payment is stuck Can you fix this?",today payment stuck fix,negative,payment
"Today, the colors and layout make the app easy to use This happens repeatedly.",today color layout make app easy use happens repeatedly,negative,ui
"Recently, the notification is showing the wrong information I need assistance.",recently notification showing wrong information need assistance,negative,bug
I am having trouble because something is broken in the application Please look into it.,trouble something broken application please look,negative,bug
My payment is stuck I need assistance.,payment stuck need assistance,negative,payment
"Unfortunately, support took too long to respond This happens repeatedly.",unfortunately support took long respond happens repeatedly,negative,support
The search results are incorrect This happens repeatedly.,search result incorrect happens repeatedly,neutral,bug
I am having trouble because nobody from customer support has contacted me Please help.,trouble nobody customer support contacted please help,positive,support
"Honestly, please add dark mode to the application I need assistance.",honestly please add dark mode application need assistance,neutral,feature_request
I noticed that the app takes too long to load Can you fix this?,noticed app take long load fix,negative,performance
"For some reason, it takes forever to open the dashboard Can you fix this?",reason take forever open dashboard fix,negative,performance
"Unfortunately, i found a bug in the checkout process Please look into it.",unfortunately found bug checkout process please look,negative,bug
"For some reason, the support experience was disappointing I need assistance.",reason support experience disappointing need assistance,positive,support
"Recently, the new interface looks clean Please help.",recently new interface look clean please help,positive,ui
"Honestly, the colors and layout make the app easy to use Please help.",honestly color layout make app easy use please help,negative,ui
My account login keeps failing Can you fix this?,account login keep failing fix,negative,login
"Recently, please add a filter for previous orders Please help.",recently please add filter previous order please help,neutral,feature_request
I noticed that i would like to schedule deliveries Can you fix this?,noticed would like schedule delivery fix,positive,feature_request
I am having trouble because it would be great to have a dark theme Can you fix this?,trouble would great dark theme fix,neutral,feature_request
"Recently, the app logs me out whenever I try to sign in I need assistance.",recently app log whenever try sign need assistance,negative,login
"Unfortunately, the support team did not resolve my problem Please help.",unfortunately support team resolve problem please help,positive,support
"Honestly, the payment page shows an error Please look into it.",honestly payment page show error please look,negative,payment
"Today, support took too long to respond Please look into it.",today support took long respond please look,negative,support
I noticed that the support team did not resolve my problem This happens repeatedly.,noticed support team resolve problem happens repeatedly,positive,support
The new interface looks clean This is frustrating.,new interface look clean frustrating,neutral,ui
"Honestly, i was charged but the order was not placed This is frustrating.",honestly charged order placed frustrating,neutral,payment
"Unfortunately, the password reset link is not working Can you fix this?",unfortunately password reset link working fix,negative,login
"Today, the application is lagging badly I need assistance.",today application lagging badly need assistance,negative,performance
"Today, the page becomes blank after clicking the button Please look into it.",today page becomes blank clicking button please look,negative,bug
I am having trouble because the new interface looks clean,trouble new interface look clean,positive,ui
"Recently, the order status is displaying incorrectly Please help.",recently order status displaying incorrectly please help,neutral,bug
"For some reason, i am unable to access my account This is frustrating.",reason unable access account frustrating,negative,login
"Unfortunately, it would be useful to have a wishlist Please help.",unfortunately would useful wishlist please help,positive,feature_request
"Unfortunately, my payment is stuck I need assistance.",unfortunately payment stuck need assistance,negative,payment
"Honestly, pages are loading slowly",honestly page loading slowly,neutral,performance
The menu layout is confusing Can you fix this?,menu layout confusing fix,positive,ui
I noticed that customer service was very helpful,noticed customer service helpful,negative,support
"For some reason, the application is lagging badly This is frustrating.",reason application lagging badly frustrating,negative,performance
The interface needs improvement This happens repeatedly.,interface need improvement happens repeatedly,positive,ui
I noticed that the dashboard looks great,noticed dashboard look great,positive,ui
"Unfortunately, the design is simple and user friendly Please look into it.",unfortunately design simple user friendly please look,negative,ui
"Recently, the app becomes slow during checkout Can you fix this?",recently app becomes slow checkout fix,neutral,performance
"Honestly, the order status is displaying incorrectly",honestly order status displaying incorrectly,neutral,bug
"Recently, the card payment keeps failing This happens repeatedly.",recently card payment keep failing happens repeatedly,negative,payment
"For some reason, pages are loading slowly Please help.",reason page loading slowly please help,negative,performance
"For some reason, the page becomes blank after clicking the button Can you fix this?",reason page becomes blank clicking button fix,negative,bug
"Recently, i forgot my password and cannot sign in",recently forgot password sign,negative,login
"Today, the notification is showing the wrong information Please help.",today notification showing wrong information please help,negative,bug
"Honestly, i am unable to pay for my order Please help.",honestly unable pay order please help,negative,payment
"Recently, it takes forever to open the dashboard This is frustrating.",recently take forever open dashboard frustrating,negative,performance
"Honestly, the notification is showing the wrong information This is frustrating.",honestly notification showing wrong information frustrating,neutral,bug
I am having trouble because i found a bug in the checkout process I need assistance.,trouble found bug checkout process need assistance,negative,bug
I am having trouble because the text on the screen is too small This is frustrating.,trouble text screen small frustrating,neutral,ui
"Unfortunately, i am happy with the assistance I received This happens repeatedly.",unfortunately happy assistance received happens repeatedly,positive,support
"Unfortunately, the payment page shows an error This is frustrating.",unfortunately payment page show error frustrating,negative,payment
"For some reason, the text on the screen is too small This happens repeatedly.",reason text screen small happens repeatedly,neutral,ui
"Recently, i cannot verify my account",recently verify account,negative,login
I noticed that the application freezes frequently This happens repeatedly.,noticed application freeze frequently happens repeatedly,negative,performance
"For some reason, the card payment keeps failing Please look into it.",reason card payment keep failing please look,negative,payment
"Honestly, nobody from customer support has contacted me This is frustrating.",honestly nobody customer support contacted frustrating,positive,support
I noticed that i cannot verify my account This happens repeatedly.,noticed verify account happens repeatedly,negative,login
"Today, pages are loading slowly This is frustrating.",today page loading slowly frustrating,negative,performance
"Unfortunately, it would be useful to have a wishlist Please look into it.",unfortunately would useful wishlist please look,neutral,feature_request
"Recently, the design is simple and user friendly I need assistance.",recently design simple user friendly need assistance,neutral,ui
I noticed that support took too long to respond Please help.,noticed support took long respond please help,negative,support
"Today, every screen takes a long time to open Please help.",today every screen take long time open please help,negative,performance
"Honestly, i forgot my password and cannot sign in Please help.",honestly forgot password sign please help,negative,login
"Recently, the app crashes whenever I upload a file Please look into it.",recently app crash whenever upload file please look,negative,bug
"Recently, the payment page shows an error Please help.",recently payment page show error please help,negative,payment
"For some reason, i found a bug in the checkout process Can you fix this?",reason found bug checkout process fix,negative,bug
"For some reason, i forgot my password and cannot sign in Please help.",reason forgot password sign please help,negative,login
The app becomes slow during checkout Please help.,app becomes slow checkout please help,negative,performance
"Honestly, the transaction was declined This is frustrating.",honestly transaction declined frustrating,negative,payment
"Honestly, the support staff were polite and professional",honestly support staff polite professional,negative,support
"Recently, nobody from customer support has contacted me Can you fix this?",recently nobody customer support contacted fix,positive,support
Can you add fingerprint login Please look into it.,add fingerprint login please look,neutral,feature_request
"Today, please add dark mode to the application",today please add dark mode application,positive,feature_request
"Honestly, the website response time is very poor This is frustrating.",honestly website response time poor frustrating,negative,performance
The transaction was declined Can you fix this?,transaction declined fix,negative,payment
"Honestly, the application freezes frequently Can you fix this?",honestly application freeze frequently fix,negative,performance
"Unfortunately, my payment is stuck Please look into it.",unfortunately payment stuck please look,neutral,payment
I am having trouble because i am unable to access my account I need assistance.,trouble unable access account need assistance,neutral,login
I noticed that i found a bug in the checkout process,noticed found bug checkout process,negative,bug
"Recently, i was charged but the order was not placed Please look into it.",recently charged order placed please look,negative,payment
"Today, can you add fingerprint login Please look into it.",today add fingerprint login please look,neutral,feature_request
I noticed that the transaction was declined This is frustrating.,noticed transaction declined frustrating,negative,payment
"Recently, the design is simple and user friendly Please look into it.",recently design simple user friendly please look,negative,ui
"Today, i am unable to pay for my order This happens repeatedly.",today unable pay order happens repeatedly,negative,payment
"For some reason, the support staff were polite and professional I need assistance.",reason support staff polite professional need assistance,negative,support
"Honestly, i would like to schedule deliveries I need assistance.",honestly would like schedule delivery need assistance,neutral,feature_request
"For some reason, the password reset link is not working Can you fix this?",reason password reset link working fix,negative,login
"Unfortunately, i would like an option to download invoices I need assistance.",unfortunately would like option download invoice need assistance,positive,feature_request
Please provide an option to change the language Please help.,please provide option change language please help,neutral,feature_request
"Recently, pages are loading slowly This happens repeatedly.",recently page loading slowly happens repeatedly,negative,performance
"Today, please add a filter for previous orders I need assistance.",today please add filter previous order need assistance,neutral,feature_request
"Unfortunately, the password reset link is not working Can you fix this?",unfortunately password reset link working fix,negative,login
"For some reason, the app becomes slow during checkout This happens repeatedly.",reason app becomes slow checkout happens repeatedly,negative,performance
I am having trouble because the application is lagging badly Please help.,trouble application lagging badly please help,negative,performance
The app logs me out whenever I try to sign in Please help.,app log whenever try sign please help,negative,login
"Today, i cannot complete the payment This is frustrating.",today complete payment frustrating,negative,payment
"Recently, i am happy with the assistance I received",recently happy assistance received,neutral,support
"Today, please add more payment methods This happens repeatedly.",today please add payment method happens repeatedly,neutral,feature_request
The colors and layout make the app easy to use This happens repeatedly.,color layout make app easy use happens repeatedly,positive,ui
I noticed that the navigation is difficult to understand I need assistance.,noticed navigation difficult understand need assistance,positive,ui
I am having trouble because money was deducted but the payment failed,trouble money deducted payment failed,negative,payment
"Honestly, i am happy with the assistance I received This happens repeatedly.",honestly happy assistance received happens repeatedly,positive,support
I would like to schedule deliveries This is frustrating.,would like schedule delivery frustrating,neutral,feature_request
"Recently, the app crashes whenever I upload a file This is frustrating.",recently app crash whenever upload file frustrating,negative,bug
"Unfortunately, money was deducted but the payment failed Please look into it.",unfortunately money deducted payment failed please look,negative,payment
"Today, please provide an option to change the language This is frustrating.",today please provide option change language frustrating,neutral,feature_request
"Recently, the buttons are difficult to find This happens repeatedly.",recently button difficult find happens repeatedly,positive,ui
I am having trouble because i was charged but the order was not placed,trouble charged order placed,negative,payment
"Today, i would like to schedule deliveries I need assistance.",today would like schedule delivery need assistance,neutral,feature_request
"Unfortunately, support took too long to respond Can you fix this?",unfortunately support took long respond fix,negative,support
"Recently, the page becomes blank after clicking the button Can you fix this?",recently page becomes blank clicking button fix,negative,bug
"Today, the website response time is very poor Can you fix this?",today website response time poor fix,negative,performance
"Unfortunately, i was charged but the order was not placed Please help.",unfortunately charged order placed please help,negative,payment
"Today, i am happy with the assistance I received Can you fix this?",today happy assistance received fix,positive,support
I am having trouble because can you add fingerprint login This is frustrating.,trouble add fingerprint login frustrating,neutral,feature_request
"Honestly, please add more payment methods I need assistance.",honestly please add payment method need assistance,positive,feature_request
"Unfortunately, i cannot verify my account Can you fix this?",unfortunately verify account fix,negative,login
I noticed that i forgot my password and cannot sign in Please help.,noticed forgot password sign please help,negative,login
The support staff were polite and professional Please look into it.,support staff polite professional please look,positive,support
I am having trouble because the application interface is easy to use Please help.,trouble application interface easy use please help,neutral,ui
"Honestly, i cannot complete the payment This is frustrating.",honestly complete payment frustrating,neutral,payment
I am having trouble because it would be useful to have a wishlist This happens repeatedly.,trouble would useful wishlist happens repeatedly,neutral,feature_request
"Honestly, the application is lagging badly Can you fix this?",honestly application lagging badly fix,negative,performance
I noticed that can you add fingerprint login,noticed add fingerprint login,neutral,feature_request
"Today, the design is simple and user friendly I need assistance.",today design simple user friendly need assistance,positive,ui
"Today, please add a filter for previous orders I need assistance.",today please add filter previous order need assistance,neutral,feature_request
I am having trouble because the password reset link is not working Please look into it.,trouble password reset link working please look,negative,login
The app crashes whenever I upload a file Please look into it.,app crash whenever upload file please look,neutral,bug
"Honestly, the order status is displaying incorrectly This is frustrating.",honestly order status displaying incorrectly frustrating,negative,bug
I noticed that please add dark mode to the application Can you fix this?,noticed please add dark mode application fix,neutral,feature_request
"Recently, i cannot verify my account Can you fix this?",recently verify account fix,negative,login
"Recently, nobody from customer support has contacted me Can you fix this?",recently nobody customer support contacted fix,negative,support
"Honestly, please add more payment methods Please look into it.",honestly please add payment method please look,positive,feature_request
"Recently, i cannot verify my account This happens repeatedly.",recently verify account happens repeatedly,negative,login
"Honestly, can you add fingerprint login Please help.",honestly add fingerprint login please help,neutral,feature_request
"Today, the page becomes blank after clicking the button This happens repeatedly.",today page becomes blank clicking button happens repeatedly,neutral,bug
"For some reason, the payment page shows an error This is frustrating.",reason payment page show error frustrating,negative,payment
I noticed that the colors and layout make the app easy to use I need assistance.,noticed color layout make app easy use need assistance,negative,ui
I am having trouble because the notification is showing the wrong information Can you fix this?,trouble notification showing wrong information fix,negative,bug
I noticed that the card payment keeps failing I need assistance.,noticed card payment keep failing need assistance,negative,payment
"For some reason, the support team did not resolve my problem This happens repeatedly.",reason support team resolve problem happens repeatedly,negative,support
"Today, customer service was very helpful Can you fix this?",today customer service helpful fix,negative,support
"For some reason, the application is lagging badly",reason application lagging badly,negative,performance
"Recently, customer service was very helpful This is frustrating.",recently customer service helpful frustrating,neutral,support
The design is simple and user friendly Can you fix this?,design simple user friendly fix,neutral,ui
"Recently, the application interface is easy to use Please look into it.",recently application interface easy use please look,neutral,ui
"For some reason, please add dark mode to the application Can you fix this?",reason please add dark mode application fix,neutral,feature_request
Every screen takes a long time to open Can you fix this?,every screen take long time open fix,negative,performance
"Honestly, the app crashes whenever I upload a file",honestly app crash whenever upload file,negative,bug
"Honestly, the application is lagging badly This is frustrating.",honestly application lagging badly frustrating,negative,performance
"Unfortunately, my payment failed while placing the order This is frustrating.",unfortunately payment failed placing order frustrating,negative,payment
I noticed that i would like an option to download invoices Please look into it.,noticed would like option download invoice please look,neutral,feature_request
"Recently, pages are loading slowly",recently page loading slowly,negative,performance
The support team did not resolve my problem This is frustrating.,support team resolve problem frustrating,neutral,support
"Today, i was charged but the order was not placed This is frustrating.",today charged order placed frustrating,negative,payment
"Honestly, the support team solved my issue quickly",honestly support team solved issue quickly,negative,support
"Recently, the colors and layout make the app easy to use Please help.",recently color layout make app easy use please help,positive,ui
"For some reason, my account login keeps failing Can you fix this?",reason account login keep failing fix,negative,login
I am having trouble because the app crashes whenever I upload a file Please help.,trouble app crash whenever upload file please help,negative,bug
"For some reason, the app logs me out whenever I try to sign in",reason app log whenever try sign,neutral,login
I am having trouble because the menu layout is confusing Can you fix this?,trouble menu layout confusing fix,negative,ui
"Recently, the text on the screen is too small I need assistance.",recently text screen small need assistance,positive,ui
"Honestly, support took too long to respond Please help.",honestly support took long respond please help,neutral,support
The app logs me out whenever I try to sign in This is frustrating.,app log whenever try sign frustrating,negative,login
I am happy with the assistance I received I need assistance.,happy assistance received need assistance,negative,support
"Honestly, it would be useful to have a wishlist This happens repeatedly.",honestly would useful wishlist happens repeatedly,neutral,feature_request
I would like an option to download invoices Please help.,would like option download invoice please help,positive,feature_request
"Recently, the design is simple and user friendly I need assistance.",recently design simple user friendly need assistance,positive,ui
I noticed that i forgot my password and cannot sign in Please look into it.,noticed forgot password sign please look,negative,login
I am having trouble because the website is extremely slow today,trouble website extremely slow today,negative,performance
"Unfortunately, my account login keeps failing This happens repeatedly.",unfortunately account login keep failing happens repeatedly,negative,login
"Unfortunately, the support team did not resolve my problem Please look into it.",unfortunately support team resolve problem please look,negative,support
The website is extremely slow today,website extremely slow today,negative,performance
"For some reason, the colors and layout make the app easy to use This is frustrating.",reason color layout make app easy use frustrating,negative,ui
"Unfortunately, i would like to schedule deliveries This is frustrating.",unfortunately would like schedule delivery frustrating,neutral,feature_request
"Honestly, i am happy with the assistance I received",honestly happy assistance received,positive,support
"For some reason, the menu layout is confusing",reason menu layout confusing,positive,ui
I am having trouble because the support experience was disappointing Can you fix this?,trouble support experience disappointing fix,negative,support
"Unfortunately, please add a filter for previous orders Can you fix this?",unfortunately please add filter previous order fix,neutral,feature_request
"Recently, the app shows an error after checkout This is frustrating.",recently app show error checkout frustrating,negative,bug
"Today, the application freezes frequently Please help.",today application freeze frequently please help,negative,performance
I am having trouble because the menu layout is confusing,trouble menu layout confusing,positive,ui
"Unfortunately, support took too long to respond I need assistance.",unfortunately support took long respond need assistance,negative,support
"Unfortunately, it would be useful to have a wishlist I need assistance.",unfortunately would useful wishlist need assistance,positive,feature_request
"Today, the card payment keeps failing This happens repeatedly.",today card payment keep failing happens repeatedly,negative,payment
I noticed that please add more payment methods Can you fix this?,noticed please add payment method fix,neutral,feature_request
"For some reason, can you add fingerprint login Please help.",reason add fingerprint login please help,neutral,feature_request
"For some reason, the application crashes when I open my profile",reason application crash open profile,negative,bug
"For some reason, i am unable to pay for my order This happens repeatedly.",reason unable pay order happens repeatedly,negative,payment
I noticed that something is broken in the application Please help.,noticed something broken application please help,neutral,bug
"Today, the support experience was disappointing This is frustrating.",today support experience disappointing frustrating,neutral,support
"Honestly, the interface needs improvement This is frustrating.",honestly interface need improvement frustrating,positive,ui
The app shows an error after checkout Can you fix this?,app show error checkout fix,negative,bug
"Unfortunately, please provide an option to change the language Please help.",unfortunately please provide option change language please help,neutral,feature_request
"Unfortunately, please add notifications for price changes Please look into it.",unfortunately please add notification price change please look,positive,feature_request
I would like an option to download invoices,would like option download invoice,neutral,feature_request
"Recently, my account login keeps failing Please look into it.",recently account login keep failing please look,negative,login
"Unfortunately, the menu layout is confusing This happens repeatedly.",unfortunately menu layout confusing happens repeatedly,neutral,ui
"Recently, please add more payment methods This is frustrating.",recently please add payment method frustrating,positive,feature_request
The application is lagging badly This is frustrating.,application lagging badly frustrating,negative,performance
Please add notifications for price changes I need assistance.,please add notification price change need assistance,neutral,feature_request
I noticed that the app shows an error after checkout Please look into it.,noticed app show error checkout please look,negative,bug
"Today, i cannot verify my account I need assistance.",today verify account need assistance,negative,login
"Today, every screen takes a long time to open This is frustrating.",today every screen take long time open frustrating,negative,performance
I noticed that the payment page shows an error Please look into it.,noticed payment page show error please look,negative,payment
I noticed that i am unable to access my account Please help.,noticed unable access account please help,negative,login
"Today, my account login keeps failing",today account login keep failing,negative,login
"Recently, the website response time is very poor I need assistance.",recently website response time poor need assistance,negative,performance
"For some reason, nobody from customer support has contacted me Please help.",reason nobody customer support contacted please help,negative,support
"Today, my payment is stuck Please look into it.",today payment stuck please look,negative,payment
"For some reason, the search results are incorrect Can you fix this?",reason search result incorrect fix,neutral,bug
I am having trouble because i forgot my password and cannot sign in Please help.,trouble forgot password sign please help,negative,login
I noticed that my account login keeps failing This is frustrating.,noticed account login keep failing frustrating,negative,login
"Today, please add more payment methods Please help.",today please add payment method please help,neutral,feature_request
I noticed that please add notifications for price changes I need assistance.,noticed please add notification price change need assistance,neutral,feature_request
"Recently, the application freezes frequently Please look into it.",recently application freeze frequently please look,negative,performance
"Today, i am unable to pay for my order This is frustrating.",today unable pay order frustrating,negative,payment
"Recently, the OTP is not arriving during login This is frustrating.",recently otp arriving login frustrating,negative,login
I noticed that pages are loading slowly Please help.,noticed page loading slowly please help,negative,performance
I am having trouble because the support team solved my issue quickly Please look into it.,trouble support team solved issue quickly please look,positive,support
"Unfortunately, the navigation is difficult to understand Please help.",unfortunately navigation difficult understand please help,negative,ui
"Recently, the login page is not working Please look into it.",recently login page working please look,negative,login
"Unfortunately, support took too long to respond Can you fix this?",unfortunately support took long respond fix,negative,support
I am having trouble because i am unable to pay for my order,trouble unable pay order,negative,payment
Please provide an option to change the language Please look into it.,please provide option change language please look,positive,feature_request
I noticed that the support team did not resolve my problem This is frustrating.,noticed support team resolve problem frustrating,neutral,support
I noticed that i am unable to access my account,noticed unable access account,negative,login
"Unfortunately, the payment page shows an error Please look into it.",unfortunately payment page show error please look,neutral,payment
"Unfortunately, the website response time is very poor Can you fix this?",unfortunately website response time poor fix,negative,performance
"For some reason, the application is lagging badly This happens repeatedly.",reason application lagging badly happens repeatedly,neutral,performance
"Honestly, the interface needs improvement This happens repeatedly.",honestly interface need improvement happens repeatedly,neutral,ui
I noticed that i cannot complete the payment This is frustrating.,noticed complete payment frustrating,negative,payment
"Today, the interface needs improvement Please help.",today interface need improvement please help,neutral,ui
The navigation is difficult to understand This happens repeatedly.,navigation difficult understand happens repeatedly,negative,ui
I have not received a response from support This happens repeatedly.,received response support happens repeatedly,positive,support
"Unfortunately, money was deducted but the payment failed Please look into it.",unfortunately money deducted payment failed please look,negative,payment
"Today, support took too long to respond Can you fix this?",today support took long respond fix,negative,support
I am having trouble because the dashboard looks great Please look into it.,trouble dashboard look great please look,positive,ui
"Honestly, please provide an option to change the language I need assistance.",honestly please provide option change language need assistance,neutral,feature_request
"Today, the order status is displaying incorrectly",today order status displaying incorrectly,negative,bug
"Today, i cannot login to my account Please look into it.",today login account please look,negative,login
I noticed that something is broken in the application,noticed something broken application,negative,bug
"Recently, the application is lagging badly Can you fix this?",recently application lagging badly fix,negative,performance
"Recently, my account login keeps failing",recently account login keep failing,negative,login
The application crashes when I open my profile Please look into it.,application crash open profile please look,negative,bug
"Recently, the page becomes blank after clicking the button I need assistance.",recently page becomes blank clicking button need assistance,negative,bug
"Honestly, i found a bug in the checkout process I need assistance.",honestly found bug checkout process need assistance,negative,bug
"Honestly, the customer care representative was helpful I need assistance.",honestly customer care representative helpful need assistance,negative,support
"For some reason, i would like an option to download invoices",reason would like option download invoice,neutral,feature_request
"For some reason, the app crashes whenever I upload a file Please help.",reason app crash whenever upload file please help,negative,bug
I am having trouble because i cannot complete the payment Can you fix this?,trouble complete payment fix,negative,payment
I am having trouble because the notification is showing the wrong information This is frustrating.,trouble notification showing wrong information frustrating,negative,bug
"Recently, please add more payment methods Can you fix this?",recently please add payment method fix,neutral,feature_request
The design is simple and user friendly This happens repeatedly.,design simple user friendly happens repeatedly,positive,ui
"Recently, the navigation is difficult to understand Please help.",recently navigation difficult understand please help,neutral,ui
"Honestly, the app takes too long to load This happens repeatedly.",honestly app take long load happens repeatedly,negative,performance
"Honestly, the card payment keeps failing This happens repeatedly.",honestly card payment keep failing happens repeatedly,neutral,payment
I am having trouble because please provide an option to change the language Please look into it.,trouble please provide option change language please look,neutral,feature_request
"Honestly, the app takes too long to load This is frustrating.",honestly app take long load frustrating,negative,performance
I noticed that nobody from customer support has contacted me Please look into it.,noticed nobody customer support contacted please look,positive,support
"Today, the app logs me out whenever I try to sign in I need assistance.",today app log whenever try sign need assistance,negative,login
"Honestly, nobody from customer support has contacted me This is frustrating.",honestly nobody customer support contacted frustrating,negative,support
"Recently, support took too long to respond This is frustrating.",recently support took long respond frustrating,positive,support
The OTP is not arriving during login Please look into it.,otp arriving login please look,negative,login
"Honestly, the navigation is difficult to understand Can you fix this?",honestly navigation difficult understand fix,neutral,ui
I noticed that can you add fingerprint login,noticed add fingerprint login,positive,feature_request
"Unfortunately, the app shows an error after checkout I need assistance.",unfortunately app show error checkout need assistance,negative,bug
"Unfortunately, the login page is not working",unfortunately login page working,negative,login
"Today, the notification is showing the wrong information Please help.",today notification showing wrong information please help,negative,bug
I am having trouble because customer service was very helpful Can you fix this?,trouble customer service helpful fix,neutral,support
Nobody from customer support has contacted me Please look into it.,nobody customer support contacted please look,positive,support
"Honestly, it would be great to have a dark theme Can you fix this?",honestly would great dark theme fix,positive,feature_request
"Today, the application crashes when I open my profile",today application crash open profile,negative,bug
"Today, nobody from customer support has contacted me This happens repeatedly.",today nobody customer support contacted happens repeatedly,positive,support
I am having trouble because support took too long to respond Can you fix this?,trouble support took long respond fix,positive,support
"Unfortunately, i cannot login to my account This happens repeatedly.",unfortunately login account happens repeatedly,negative,login
I am having trouble because the payment page shows an error Please help.,trouble payment page show error please help,negative,payment
I noticed that the application interface is easy to use Please look into it.,noticed application interface easy use please look,positive,ui
"Honestly, i found a bug in the checkout process",honestly found bug checkout process,negative,bug
"Recently, the customer care representative was helpful Please look into it.",recently customer care representative helpful please look,neutral,support
"Today, the design is simple and user friendly",today design simple user friendly,negative,ui
"Honestly, the application interface is easy to use Can you fix this?",honestly application interface easy use fix,neutral,ui
The app shows an error after checkout I need assistance.,app show error checkout need assistance,negative,bug
"Today, something is broken in the application Can you fix this?",today something broken application fix,negative,bug
"Unfortunately, my payment failed while placing the order Can you fix this?",unfortunately payment failed placing order fix,negative,payment
Login takes me back to the sign in page Please look into it.,login take back sign page please look,negative,login
"Unfortunately, the app crashes whenever I upload a file I need assistance.",unfortunately app crash whenever upload file need assistance,negative,bug
"Unfortunately, the notification is showing the wrong information This happens repeatedly.",unfortunately notification showing wrong information happens repeatedly,negative,bug
"Recently, the application is very slow",recently application slow,negative,performance
"For some reason, please provide an option to change the language Please help.",reason please provide option change language please help,positive,feature_request
I noticed that the dashboard looks great This is frustrating.,noticed dashboard look great frustrating,negative,ui
"Unfortunately, the OTP is not arriving during login",unfortunately otp arriving login,negative,login
"Honestly, the notification is showing the wrong information I need assistance.",honestly notification showing wrong information need assistance,negative,bug
"Today, the order status is displaying incorrectly Can you fix this?",today order status displaying incorrectly fix,negative,bug
"Honestly, the app takes too long to load",honestly app take long load,negative,performance
"Recently, nobody from customer support has contacted me This happens repeatedly.",recently nobody customer support contacted happens repeatedly,positive,support
I am having trouble because i found a bug in the checkout process,trouble found bug checkout process,negative,bug
"Recently, it takes forever to open the dashboard",recently take forever open dashboard,negative,performance
The app logs me out whenever I try to sign in I need assistance.,app log whenever try sign need assistance,negative,login
"Today, i cannot verify my account I need assistance.",today verify account need assistance,negative,login
"Today, i found a bug in the checkout process Please help.",today found bug checkout process please help,negative,bug
"Today, it would be great to have a dark theme This happens repeatedly.",today would great dark theme happens repeatedly,neutral,feature_request
"Today, it would be useful to have a wishlist I need assistance.",today would useful wishlist need assistance,neutral,feature_request
"Recently, the support team solved my issue quickly Please help.",recently support team solved issue quickly please help,negative,support
"For some reason, the application crashes when I open my profile",reason application crash open profile,negative,bug
"For some reason, something is broken in the application Please help.",reason something broken application please help,negative,bug
"For some reason, the new interface looks clean This happens repeatedly.",reason new interface look clean happens repeatedly,neutral,ui
The application is very slow,application slow,negative,performance
"Recently, i am happy with the assistance I received This is frustrating.",recently happy assistance received frustrating,negative,support
I am unable to access my account This happens repeatedly.,unable access account happens repeatedly,negative,login
"Recently, please provide an option to change the language This happens repeatedly.",recently please provide option change language happens repeatedly,neutral,feature_request
"Unfortunately, pages are loading slowly",unfortunately page loading slowly,negative,performance
I am having trouble because the website response time is very poor,trouble website response time poor,negative,performance
The app shows an error after checkout I need assistance.,app show error checkout need assistance,neutral,bug
The support team did not resolve my problem,support team resolve problem,positive,support
The customer care representative was helpful Please help.,customer care representative helpful please help,positive,support
"Unfortunately, login takes me back to the sign in page This happens repeatedly.",unfortunately login take back sign page happens repeatedly,negative,login
I am having trouble because the application crashes when I open my profile Please help.,trouble application crash open profile please help,negative,bug
I noticed that please provide an option to change the language This happens repeatedly.,noticed please provide option change language happens repeatedly,neutral,feature_request
"Unfortunately, i cannot login to my account This is frustrating.",unfortunately login account frustrating,negative,login
"For some reason, the new interface looks clean This happens repeatedly.",reason new interface look clean happens repeatedly,negative,ui
"Recently, i am happy with the assistance I received Please look into it.",recently happy assistance received please look,negative,support
I noticed that login takes me back to the sign in page I need assistance.,noticed login take back sign page need assistance,negative,login
"Today, it would be great to have a dark theme This is frustrating.",today would great dark theme frustrating,neutral,feature_request
"Today, it would be great to have a dark theme This happens repeatedly.",today would great dark theme happens repeatedly,neutral,feature_request
"Recently, i cannot verify my account I need assistance.",recently verify account need assistance,negative,login
I noticed that it would be useful to have a wishlist This is frustrating.,noticed would useful wishlist frustrating,neutral,feature_request
"Recently, the dashboard looks great Please look into it.",recently dashboard look great please look,negative,ui
"Today, i found a bug in the checkout process I need assistance.",today found bug checkout process need assistance,negative,bug
"Recently, i was charged but the order was not placed Please look into it.",recently charged order placed please look,negative,payment
"Honestly, pages are loading slowly Please help.",honestly page loading slowly please help,negative,performance
"Honestly, i was charged but the order was not placed I need assistance.",honestly charged order placed need assistance,negative,payment
"Recently, i am unable to access my account Please look into it.",recently unable access account please look,negative,login
The app crashes whenever I upload a file This is frustrating.,app crash whenever upload file frustrating,negative,bug
"Today, i found a bug in the checkout process Can you fix this?",today found bug checkout process fix,negative,bug
I am having trouble because i was charged but the order was not placed,trouble charged order placed,negative,payment
"Honestly, the navigation is difficult to understand This is frustrating.",honestly navigation difficult understand frustrating,positive,ui
I am having trouble because my payment is stuck This is frustrating.,trouble payment stuck frustrating,neutral,payment
"Today, the menu layout is confusing",today menu layout confusing,neutral,ui
I noticed that money was deducted but the payment failed This is frustrating.,noticed money deducted payment failed frustrating,negative,payment
"Today, i cannot login to my account Please look into it.",today login account please look,negative,login
"Honestly, i have not received a response from support This is frustrating.",honestly received response support frustrating,negative,support
"Unfortunately, the application is very slow",unfortunately application slow,negative,performance
I am having trouble because the application crashes when I open my profile This is frustrating.,trouble application crash open profile frustrating,neutral,bug
"Today, i would like an option to download invoices I need assistance.",today would like option download invoice need assistance,neutral,feature_request
"Unfortunately, the page becomes blank after clicking the button Please look into it.",unfortunately page becomes blank clicking button please look,negative,bug
"Today, my account login keeps failing I need assistance.",today account login keep failing need assistance,negative,login
"For some reason, the app becomes slow during checkout Can you fix this?",reason app becomes slow checkout fix,negative,performance
Something is broken in the application Can you fix this?,something broken application fix,negative,bug
"Recently, the website response time is very poor This happens repeatedly.",recently website response time poor happens repeatedly,negative,performance
I noticed that please add dark mode to the application,noticed please add dark mode application,neutral,feature_request
I noticed that uPI payment is not going through I need assistance.,noticed upi payment going need assistance,negative,payment
"Honestly, the application crashes when I open my profile I need assistance.",honestly application crash open profile need assistance,negative,bug
"For some reason, support took too long to respond This happens repeatedly.",reason support took long respond happens repeatedly,negative,support
"For some reason, every screen takes a long time to open Please look into it.",reason every screen take long time open please look,negative,performance
"Honestly, the dashboard looks great Can you fix this?",honestly dashboard look great fix,neutral,ui
"Unfortunately, the customer care representative was helpful Can you fix this?",unfortunately customer care representative helpful fix,positive,support
"Unfortunately, the interface needs improvement Please help.",unfortunately interface need improvement please help,neutral,ui
I am having trouble because the application closes unexpectedly Please help.,trouble application close unexpectedly please help,negative,bug
I was charged but the order was not placed Please look into it.,charged order placed please look,negative,payment
I noticed that it would be useful to have a wishlist Can you fix this?,noticed would useful wishlist fix,neutral,feature_request
I am having trouble because the support staff were polite and professional This is frustrating.,trouble support staff polite professional frustrating,positive,support
"Honestly, please provide an option to change the language This happens repeatedly.",honestly please provide option change language happens repeatedly,neutral,feature_request
"Recently, the website response time is very poor Please help.",recently website response time poor please help,negative,performance
"Unfortunately, the support team did not resolve my problem",unfortunately support team resolve problem,negative,support
"Recently, i found a bug in the checkout process",recently found bug checkout process,negative,bug
"Today, the design is simple and user friendly",today design simple user friendly,positive,ui
"Recently, please provide an option to change the language Can you fix this?",recently please provide option change language fix,neutral,feature_request
"Recently, the menu layout is confusing Can you fix this?",recently menu layout confusing fix,negative,ui
The search results are incorrect Can you fix this?,search result incorrect fix,negative,bug
"Unfortunately, the payment page shows an error This happens repeatedly.",unfortunately payment page show error happens repeatedly,negative,payment
"For some reason, it would be useful to have a wishlist Please look into it.",reason would useful wishlist please look,positive,feature_request
"Unfortunately, the application closes unexpectedly This is frustrating.",unfortunately application close unexpectedly frustrating,neutral,bug
"Honestly, i found a bug in the checkout process I need assistance.",honestly found bug checkout process need assistance,negative,bug
"Honestly, the password reset link is not working Please help.",honestly password reset link working please help,negative,login
"Honestly, every screen takes a long time to open Can you fix this?",honestly every screen take long time open fix,negative,performance
"Today, the app becomes slow during checkout I need assistance.",today app becomes slow checkout need assistance,negative,performance
I am having trouble because something is broken in the application This happens repeatedly.,trouble something broken application happens repeatedly,negative,bug
The search results are incorrect This is frustrating.,search result incorrect frustrating,negative,bug
"Today, the application is very slow This is frustrating.",today application slow frustrating,negative,performance
"Honestly, my payment failed while placing the order This happens repeatedly.",honestly payment failed placing order happens repeatedly,negative,payment
"Honestly, the support team did not resolve my problem This is frustrating.",honestly support team resolve problem frustrating,positive,support
I am having trouble because the website is extremely slow today This is frustrating.,trouble website extremely slow today frustrating,negative,performance
The notification is showing the wrong information Please look into it.,notification showing wrong information please look,neutral,bug
"Recently, i cannot complete the payment This happens repeatedly.",recently complete payment happens repeatedly,negative,payment
"For some reason, the payment page shows an error",reason payment page show error,negative,payment
"Today, can you add fingerprint login",today add fingerprint login,neutral,feature_request
"Unfortunately, the interface needs improvement This happens repeatedly.",unfortunately interface need improvement happens repeatedly,positive,ui
I am having trouble because please add dark mode to the application This happens repeatedly.,trouble please add dark mode application happens repeatedly,neutral,feature_request
The support team solved my issue quickly Please look into it.,support team solved issue quickly please look,negative,support
"Today, the colors and layout make the app easy to use Can you fix this?",today color layout make app easy use fix,neutral,ui
"For some reason, the OTP is not arriving during login Please look into it.",reason otp arriving login please look,negative,login
"Today, my payment is stuck Please look into it.",today payment stuck please look,negative,payment
"Today, i am unable to pay for my order",today unable pay order,negative,payment
I am having trouble because i would like an option to download invoices Please look into it.,trouble would like option download invoice please look,neutral,feature_request
"Today, i would like an option to download invoices This is frustrating.",today would like option download invoice frustrating,neutral,feature_request
The password reset link is not working This happens repeatedly.,password reset link working happens repeatedly,negative,login
"Honestly, i forgot my password and cannot sign in Please look into it.",honestly forgot password sign please look,negative,login
"Unfortunately, the customer care representative was helpful This happens repeatedly.",unfortunately customer care representative helpful happens repeatedly,negative,support
"Recently, the dashboard looks great",recently dashboard look great,negative,ui
I am having trouble because support took too long to respond Please look into it.,trouble support took long respond please look,negative,support
I am having trouble because the buttons are difficult to find Please help.,trouble button difficult find please help,positive,ui
I noticed that please add notifications for price changes I need assistance.,noticed please add notification price change need assistance,neutral,feature_request
"For some reason, i was charged but the order was not placed",reason charged order placed,negative,payment
"Honestly, i am unable to access my account Please look into it.",honestly unable access account please look,negative,login
I noticed that the design is simple and user friendly Please help.,noticed design simple user friendly please help,negative,ui
"Today, i was charged but the order was not placed This is frustrating.",today charged order placed frustrating,negative,payment
The application closes unexpectedly,application close unexpectedly,negative,bug
"Today, please add more payment methods",today please add payment method,neutral,feature_request
"Honestly, it would be useful to have a wishlist Can you fix this?",honestly would useful wishlist fix,neutral,feature_request
I noticed that the navigation is difficult to understand Please look into it.,noticed navigation difficult understand please look,positive,ui
"Unfortunately, i am unable to access my account Please help.",unfortunately unable access account please help,negative,login
"Recently, the support team did not resolve my problem This is frustrating.",recently support team resolve problem frustrating,positive,support
"Unfortunately, the app shows an error after checkout",unfortunately app show error checkout,negative,bug
I am having trouble because it takes forever to open the dashboard,trouble take forever open dashboard,negative,performance
"Honestly, i am happy with the assistance I received Please look into it.",honestly happy assistance received please look,positive,support
"Unfortunately, i cannot verify my account Please help.",unfortunately verify account please help,negative,login
Customer service was very helpful This is frustrating.,customer service helpful frustrating,positive,support
I am happy with the assistance I received Please help.,happy assistance received please help,positive,support
I am having trouble because i forgot my password and cannot sign in Please help.,trouble forgot password sign please help,negative,login
"Unfortunately, i forgot my password and cannot sign in Please look into it.",unfortunately forgot password sign please look,negative,login
"For some reason, customer service was very helpful This is frustrating.",reason customer service helpful frustrating,positive,support
"For some reason, please provide an option to change the language This happens repeatedly.",reason please provide option change language happens repeatedly,neutral,feature_request
"Unfortunately, money was deducted but the payment failed This happens repeatedly.",unfortunately money deducted payment failed happens repeatedly,negative,payment
"Today, the interface needs improvement",today interface need improvement,negative,ui
I am having trouble because the card payment keeps failing Can you fix this?,trouble card payment keep failing fix,negative,payment
"For some reason, it takes forever to open the dashboard This happens repeatedly.",reason take forever open dashboard happens repeatedly,negative,performance
I noticed that i cannot verify my account Can you fix this?,noticed verify account fix,negative,login
"Unfortunately, the app shows an error after checkout Please help.",unfortunately app show error checkout please help,negative,bug
"Unfortunately, please add dark mode to the application This happens repeatedly.",unfortunately please add dark mode application happens repeatedly,neutral,feature_request
I am having trouble because i am unable to access my account Can you fix this?,trouble unable access account fix,negative,login
"Today, the website response time is very poor Please look into it.",today website response time poor please look,negative,performance
"For some reason, the website is extremely slow today Can you fix this?",reason website extremely slow today fix,negative,performance
"Today, the application is very slow I need assistance.",today application slow need assistance,negative,performance
"Today, the payment page shows an error",today payment page show error,negative,payment
I noticed that every screen takes a long time to open This is frustrating.,noticed every screen take long time open frustrating,negative,performance
"Honestly, the website response time is very poor Please help.",honestly website response time poor please help,negative,performance
"For some reason, the payment page shows an error Can you fix this?",reason payment page show error fix,negative,payment
"Honestly, the website is extremely slow today Can you fix this?",honestly website extremely slow today fix,negative,performance
The order status is displaying incorrectly Can you fix this?,order status displaying incorrectly fix,negative,bug
"Today, please add more payment methods I need assistance.",today please add payment method need assistance,positive,feature_request
The website is extremely slow today Please look into it.,website extremely slow today please look,negative,performance
Please add more payment methods Please look into it.,please add payment method please look,neutral,feature_request
My payment is stuck This is frustrating.,payment stuck frustrating,negative,payment
I am happy with the assistance I received Can you fix this?,happy assistance received fix,negative,support
"Today, the support staff were polite and professional This happens repeatedly.",today support staff polite professional happens repeatedly,positive,support
"Recently, i have not received a response from support Please look into it.",recently received response support please look,positive,support
"Today, i cannot login to my account Please look into it.",today login account please look,negative,login
"Today, i am unable to access my account This is frustrating.",today unable access account frustrating,negative,login
I am having trouble because i cannot login to my account This is frustrating.,trouble login account frustrating,negative,login
I am having trouble because the colors and layout make the app easy to use This happens repeatedly.,trouble color layout make app easy use happens repeatedly,negative,ui
I am having trouble because the customer care representative was helpful I need assistance.,trouble customer care representative helpful need assistance,negative,support
"Today, the application freezes frequently This is frustrating.",today application freeze frequently frustrating,negative,performance
"Unfortunately, i cannot complete the payment Please help.",unfortunately complete payment please help,negative,payment
"Today, i forgot my password and cannot sign in Please help.",today forgot password sign please help,negative,login
"Today, money was deducted but the payment failed I need assistance.",today money deducted payment failed need assistance,negative,payment
The application is very slow This happens repeatedly.,application slow happens repeatedly,negative,performance
I noticed that it takes forever to open the dashboard Can you fix this?,noticed take forever open dashboard fix,negative,performance
I am having trouble because the application is very slow This is frustrating.,trouble application slow frustrating,negative,performance
"Honestly, the login page is not working This is frustrating.",honestly login page working frustrating,negative,login
I was charged but the order was not placed,charged order placed,negative,payment
"Unfortunately, it takes forever to open the dashboard This happens repeatedly.",unfortunately take forever open dashboard happens repeatedly,negative,performance
"Unfortunately, the colors and layout make the app easy to use Can you fix this?",unfortunately color layout make app easy use fix,neutral,ui
Please provide an option to change the language Please help.,please provide option change language please help,neutral,feature_request
I noticed that the navigation is difficult to understand,noticed navigation difficult understand,positive,ui
"Recently, the support team did not resolve my problem Can you fix this?",recently support team resolve problem fix,negative,support
"Recently, the dashboard looks great This happens repeatedly.",recently dashboard look great happens repeatedly,negative,ui
"Honestly, the app logs me out whenever I try to sign in I need assistance.",honestly app log whenever try sign need assistance,negative,login
"Honestly, please add notifications for price changes",honestly please add notification price change,neutral,feature_request
I noticed that the application crashes when I open my profile Please look into it.,noticed application crash open profile please look,negative,bug
I am having trouble because the search results are incorrect This is frustrating.,trouble search result incorrect frustrating,negative,bug
I noticed that the app becomes slow during checkout Please help.,noticed app becomes slow checkout please help,negative,performance
I am having trouble because please provide an option to change the language This is frustrating.,trouble please provide option change language frustrating,neutral,feature_request
"For some reason, the app shows an error after checkout I need assistance.",reason app show error checkout need assistance,negative,bug
"Today, the app becomes slow during checkout Can you fix this?",today app becomes slow checkout fix,negative,performance
I noticed that the payment page shows an error I need assistance.,noticed payment page show error need assistance,negative,payment
I noticed that i am unable to access my account This is frustrating.,noticed unable access account frustrating,negative,login
The transaction was declined,transaction declined,negative,payment
"Today, the application is very slow",today application slow,negative,performance
"Honestly, the support team did not resolve my problem This is frustrating.",honestly support team resolve problem frustrating,positive,support
"Unfortunately, customer service was very helpful This happens repeatedly.",unfortunately customer service helpful happens repeatedly,positive,support
"Honestly, please add more payment methods This is frustrating.",honestly please add payment method frustrating,neutral,feature_request
"Today, the order status is displaying incorrectly Can you fix this?",today order status displaying incorrectly fix,negative,bug
I am having trouble because the menu layout is confusing This is frustrating.,trouble menu layout confusing frustrating,negative,ui
The order status is displaying incorrectly Can you fix this?,order status displaying incorrectly fix,neutral,bug
"For some reason, the payment page shows an error This happens repeatedly.",reason payment page show error happens repeatedly,negative,payment
"Honestly, please add a filter for previous orders This is frustrating.",honestly please add filter previous order frustrating,neutral,feature_request
"Recently, the app crashes whenever I upload a file Can you fix this?",recently app crash whenever upload file fix,negative,bug
I am having trouble because the support experience was disappointing This is frustrating.,trouble support experience disappointing frustrating,negative,support
"Today, the support team did not resolve my problem Please look into it.",today support team resolve problem please look,negative,support
I am having trouble because the notification is showing the wrong information I need assistance.,trouble notification showing wrong information need assistance,negative,bug
"Unfortunately, the page becomes blank after clicking the button This is frustrating.",unfortunately page becomes blank clicking button frustrating,negative,bug
I am having trouble because the order status is displaying incorrectly This is frustrating.,trouble order status displaying incorrectly frustrating,negative,bug
I noticed that the card payment keeps failing Please help.,noticed card payment keep failing please help,negative,payment
