user_id,product_id,product_name,category,price,rating,quantity,purchased,timestamp
U0001,P0086,Perfume - Variant 2,Beauty,33.4,2,3,1,2024-05-06
U0001,P0119,Fitness Tracker - Variant 3,Sports,46.34,3,2,1,2024-12-06
U0001,P0112,Football - Variant 2,Sports,71.75,4,1,1,2024-03-25
U0001,P0092,Nail Polish Kit,Beauty,23.01,2,1,1,2024-07-14
U0001,P0093,Nail Polish Kit - Variant 2,Beauty,18.13,4,1,0,2024-12-08
U0001,P0118,Fitness Tracker - Variant 2,Sports,32.35,3,1,0,2024-03-03
U0001,P0090,Face Mask Set,Beauty,19.72,3,3,0,2024-04-02
U0001,P0109,Water Bottle - Variant 2,Sports,45.64,4,1,1,2024-02-12
U0001,P0042,Backpack - Variant 2,Fashion,23.08,2,1,1,2024-10-03
U0001,P0089,Hair Dryer - Variant 3,Beauty,27.59,2,3,1,2024-12-30
U0001,P0061,Blender - Variant 2,Home & Kitchen,27.47,3,2,0,2024-09-06
U0001,P0110,Water Bottle - Variant 3,Sports,57.47,4,2,0,2024-11-22
U0001,P0113,Football - Variant 3,Sports,36.42,3,3,0,2024-02-24
U0001,P0142,Children's Storybook - Variant 2,Books,18.29,2,1,0,2024-04-10
U0001,P0064,Bed Sheets Set,Home & Kitchen,92.94,1,2,0,2024-07-26
U0001,P0113,Football - Variant 3,Sports,36.42,4,3,1,2024-06-29
U0001,P0084,Lipstick - Variant 3,Beauty,13.19,3,3,1,2024-07-02
U0001,P0078,Sunscreen SPF50,Beauty,33.33,4,3,1,2024-06-18
U0001,P0114,Tennis Racket,Sports,49.81,4,1,1,2024-10-04
U0001,P0145,Poetry Collection - Variant 3,Books,15.46,3,3,0,2024-05-18
U0002,P0005,Bluetooth Speaker - Variant 3,Electronics,53.78,4,1,0,2024-07-07
U0002,P0011,USB-C Hub,Electronics,143.0,3,1,0,2024-01-05
U0002,P0016,Gaming Mouse,Electronics,38.63,4,2,1,2024-03-14
U0002,P0012,USB-C Hub - Variant 2,Electronics,36.09,2,1,1,2024-10-31
U0002,P0022,Webcam,Electronics,106.5,5,2,1,2024-05-17
U0002,P0121,Skipping Rope - Variant 2,Sports,74.87,3,2,0,2024-03-27
U0002,P0105,Resistance Bands - Variant 2,Sports,18.03,2,2,0,2024-02-17
U0002,P0095,Beard Trimmer - Variant 2,Beauty,23.23,3,1,1,2024-04-01
U0002,P0014,Power Bank,Electronics,70.68,4,2,1,2024-12-21
U0002,P0127,Self-Help Book,Books,13.13,4,2,1,2024-07-07
U0002,P0085,Perfume,Beauty,30.06,3,3,1,2024-01-08
U0002,P0082,Lipstick,Beauty,12.97,4,2,1,2024-03-12
U0002,P0017,Gaming Mouse - Variant 2,Electronics,95.82,4,1,0,2024-09-27
U0002,P0001,Wireless Earbuds,Electronics,126.81,2,3,1,2024-08-13
U0002,P0031,Cotton T-Shirt,Fashion,22.06,3,3,0,2024-08-08
U0002,P0103,Dumbbell Set - Variant 2,Sports,24.27,2,3,1,2024-09-02
U0002,P0002,Wireless Earbuds - Variant 2,Electronics,56.91,5,3,1,2024-04-17
U0002,P0007,Smartwatch - Variant 2,Electronics,74.04,4,3,1,2024-01-26
U0002,P0130,Cookbook,Books,25.89,1,1,0,2024-08-01
U0002,P0057,Coffee Maker - Variant 3,Home & Kitchen,95.59,4,1,0,2024-10-11
U0002,P0080,Shampoo,Beauty,13.54,3,2,1,2024-11-11
U0002,P0025,Tablet - Variant 2,Electronics,41.3,5,2,1,2024-04-05
U0002,P0023,Webcam - Variant 2,Electronics,79.6,4,2,1,2024-01-22
U0002,P0097,Body Lotion,Beauty,42.54,4,3,1,2024-03-23
U0002,P0077,Face Moisturizer - Variant 2,Beauty,44.26,5,1,1,2024-06-15
U0002,P0031,Cotton T-Shirt,Fashion,22.06,3,2,0,2024-11-15
U0002,P0118,Fitness Tracker - Variant 2,Sports,32.35,4,1,1,2024-09-30
U0002,P0001,Wireless Earbuds,Electronics,126.81,3,3,0,2024-12-14
U0002,P0078,Sunscreen SPF50,Beauty,33.33,5,2,1,2024-11-14
U0002,P0014,Power Bank,Electronics,70.68,2,3,1,2024-08-01
U0002,P0010,Laptop Stand - Variant 3,Electronics,146.57,2,3,0,2024-06-18
U0002,P0078,Sunscreen SPF50,Beauty,33.33,4,2,1,2024-12-10
U0002,P0080,Shampoo,Beauty,13.54,4,2,1,2024-07-07
U0002,P0001,Wireless Earbuds,Electronics,126.81,4,1,1,2024-11-10
U0002,P0011,USB-C Hub,Electronics,143.0,5,2,0,2024-06-27
U0002,P0134,Biography - Variant 2,Books,19.48,1,1,1,2024-05-09
U0002,P0031,Cotton T-Shirt,Fashion,22.06,3,2,0,2024-02-11
U0002,P0093,Nail Polish Kit - Variant 2,Beauty,18.13,3,3,1,2024-01-02
U0002,P0011,USB-C Hub,Electronics,143.0,5,2,1,2024-03-11
U0003,P0058,Non-stick Pan,Home & Kitchen,28.34,4,2,1,2024-07-21
U0003,P0062,Vacuum Cleaner,Home & Kitchen,44.0,4,1,1,2024-05-31
U0003,P0063,Vacuum Cleaner - Variant 2,Home & Kitchen,87.82,3,3,1,2024-09-03
U0003,P0057,Coffee Maker - Variant 3,Home & Kitchen,95.59,5,1,1,2024-05-08
U0003,P0065,Bed Sheets Set - Variant 2,Home & Kitchen,33.33,4,1,1,2024-01-02
U0003,P0058,Non-stick Pan,Home & Kitchen,28.34,5,2,1,2024-06-10
U0003,P0122,Gym Bag,Sports,52.75,2,2,0,2024-02-08
U0003,P0060,Blender,Home & Kitchen,43.99,3,3,0,2024-09-02
U0003,P0067,Table Lamp - Variant 2,Home & Kitchen,105.23,3,2,1,2024-05-19
U0003,P0146,History Book,Books,11.74,3,1,1,2024-04-14
U0003,P0075,Wall Clock - Variant 3,Home & Kitchen,67.37,5,3,1,2024-10-20
U0003,P0057,Coffee Maker - Variant 3,Home & Kitchen,95.59,3,2,1,2024-07-13
U0003,P0060,Blender,Home & Kitchen,43.99,5,2,1,2024-07-24
U0003,P0058,Non-stick Pan,Home & Kitchen,28.34,2,3,0,2024-06-27
U0003,P0072,Cutlery Set - Variant 3,Home & Kitchen,83.94,3,1,0,2024-04-17
U0003,P0056,Coffee Maker - Variant 2,Home & Kitchen,39.05,3,2,1,2024-06-20
U0003,P0070,Cutlery Set,Home & Kitchen,58.7,3,3,1,2024-03-03
U0003,P0066,Table Lamp,Home & Kitchen,82.67,4,1,1,2024-07-28
U0003,P0062,Vacuum Cleaner,Home & Kitchen,44.0,5,3,1,2024-04-12
U0003,P0063,Vacuum Cleaner - Variant 2,Home & Kitchen,87.82,3,3,0,2024-07-22
U0003,P0075,Wall Clock - Variant 3,Home & Kitchen,67.37,2,2,1,2024-04-17
U0003,P0134,Biography - Variant 2,Books,19.48,2,2,1,2024-08-01
U0003,P0062,Vacuum Cleaner,Home & Kitchen,44.0,4,1,1,2024-12-23
U0003,P0072,Cutlery Set - Variant 3,Home & Kitchen,83.94,4,3,1,2024-12-14
U0003,P0014,Power Bank,Electronics,70.68,1,3,0,2024-11-23
U0003,P0072,Cutlery Set - Variant 3,Home & Kitchen,83.94,5,2,1,2024-01-02
U0003,P0074,Wall Clock - Variant 2,Home & Kitchen,102.86,4,3,0,2024-01-24
U0003,P0064,Bed Sheets Set,Home & Kitchen,92.94,2,1,0,2024-12-22
U0003,P0110,Water Bottle - Variant 3,Sports,57.47,2,2,0,2024-03-09
U0003,P0004,Bluetooth Speaker - Variant 2,Electronics,53.79,3,1,0,2024-08-29
U0003,P0057,Coffee Maker - Variant 3,Home & Kitchen,95.59,3,2,1,2024-03-10
U0003,P0076,Face Moisturizer,Beauty,48.93,3,3,0,2024-05-09
U0003,P0070,Cutlery Set,Home & Kitchen,58.7,4,3,1,2024-11-08
U0004,P0045,Formal Shirt - Variant 2,Fashion,80.51,3,1,0,2024-09-26
U0004,P0058,Non-stick Pan,Home & Kitchen,28.34,4,1,1,2024-05-13
U0004,P0061,Blender - Variant 2,Home & Kitchen,27.47,4,2,1,2024-01-15
U0004,P0042,Backpack - Variant 2,Fashion,23.08,4,2,1,2024-03-09
U0004,P0073,Wall Clock,Home & Kitchen,81.51,4,3,0,2024-08-21
U0004,P0042,Backpack - Variant 2,Fashion,23.08,3,1,1,2024-10-16
U0004,P0060,Blender,Home & Kitchen,43.99,5,2,1,2024-04-13
U0004,P0134,Biography - Variant 2,Books,19.48,4,1,0,2024-04-12
U0004,P0030,Denim Jacket - Variant 2,Fashion,74.76,4,2,1,2024-02-21
U0004,P0062,Vacuum Cleaner,Home & Kitchen,44.0,2,2,1,2024-03-26
U0004,P0039,Wrist Watch - Variant 2,Fashion,41.73,5,2,0,2024-07-08
U0004,P0055,Coffee Maker,Home & Kitchen,73.4,4,1,0,2024-11-26
U0004,P0071,Cutlery Set - Variant 2,Home & Kitchen,84.19,3,2,1,2024-11-28
U0004,P0072,Cutlery Set - Variant 3,Home & Kitchen,83.94,4,2,1,2024-02-15
U0004,P0068,Storage Boxes,Home & Kitchen,80.29,5,1,0,2024-02-05
U0004,P0027,Running Shoes,Fashion,50.96,4,2,1,2024-03-05
U0004,P0036,Sunglasses,Fashion,32.53,4,3,1,2024-10-14
U0004,P0075,Wall Clock - Variant 3,Home & Kitchen,67.37,4,2,1,2024-07-06
U0004,P0058,Non-stick Pan,Home & Kitchen,28.34,3,1,0,2024-07-26
U0004,P0057,Coffee Maker - Variant 3,Home & Kitchen,95.59,4,3,1,2024-11-15
U0004,P0070,Cutlery Set,Home & Kitchen,58.7,2,2,1,2024-04-26
U0004,P0049,Sneakers - Variant 3,Fashion,55.64,2,2,0,2024-06-04
U0004,P0054,Air Fryer - Variant 2,Home & Kitchen,109.53,5,3,1,2024-12-23
U0004,P0058,Non-stick Pan,Home & Kitchen,28.34,3,3,1,2024-03-03
U0004,P0043,Backpack - Variant 3,Fashion,77.01,5,3,1,2024-08-06
U0004,P0070,Cutlery Set,Home & Kitchen,58.7,3,1,1,2024-05-19
U0005,P0122,Gym Bag,Sports,52.75,5,2,1,2024-09-13
U0005,P0105,Resistance Bands - Variant 2,Sports,18.03,4,3,1,2024-12-11
U0005,P0121,Skipping Rope - Variant 2,Sports,74.87,4,3,0,2024-04-13
U0005,P0117,Fitness Tracker,Sports,72.86,5,3,1,2024-04-01
U0005,P0108,Water Bottle,Sports,48.44,4,1,0,2024-06-28
U0005,P0106,Cycling Helmet,Sports,67.06,5,3,1,2024-05-02
U0005,P0104,Resistance Bands,Sports,54.92,4,3,1,2024-06-30
U0005,P0120,Skipping Rope,Sports,26.44,4,3,1,2024-10-13
U0005,P0109,Water Bottle - Variant 2,Sports,45.64,4,1,1,2024-05-03
U0005,P0109,Water Bottle - Variant 2,Sports,45.64,4,2,0,2024-03-14
U0005,P0121,Skipping Rope - Variant 2,Sports,74.87,4,2,1,2024-02-17
U0005,P0103,Dumbbell Set - Variant 2,Sports,24.27,4,1,0,2024-03-29
U0005,P0105,Resistance Bands - Variant 2,Sports,18.03,4,1,1,2024-09-03
U0005,P0109,Water Bottle - Variant 2,Sports,45.64,3,2,0,2024-09-16
U0005,P0107,Cycling Helmet - Variant 2,Sports,18.4,4,1,0,2024-05-29
U0005,P0106,Cycling Helmet,Sports,67.06,3,3,1,2024-05-20
U0005,P0109,Water Bottle - Variant 2,Sports,45.64,3,2,1,2024-08-22
U0005,P0107,Cycling Helmet - Variant 2,Sports,18.4,4,2,1,2024-04-25
U0005,P0113,Football - Variant 3,Sports,36.42,3,2,1,2024-06-24
U0005,P0111,Football,Sports,37.24,5,1,1,2024-02-13
U0005,P0117,Fitness Tracker,Sports,72.86,4,3,1,2024-08-12
U0005,P0087,Hair Dryer,Beauty,46.49,1,2,1,2024-11-15
U0005,P0109,Water Bottle - Variant 2,Sports,45.64,4,3,1,2024-11-20
U0005,P0109,Water Bottle - Variant 2,Sports,45.64,4,1,0,2024-12-12
U0005,P0122,Gym Bag,Sports,52.75,4,1,1,2024-02-23
U0005,P0056,Coffee Maker - Variant 2,Home & Kitchen,39.05,2,2,0,2024-02-09
U0005,P0114,Tennis Racket,Sports,49.81,3,1,1,2024-07-07
U0005,P0121,Skipping Rope - Variant 2,Sports,74.87,2,3,1,2024-10-14
U0005,P0113,Football - Variant 3,Sports,36.42,5,1,1,2024-09-13
U0005,P0112,Football - Variant 2,Sports,71.75,3,2,1,2024-06-03
U0005,P0114,Tennis Racket,Sports,49.81,4,1,1,2024-06-08
U0005,P0115,Tennis Racket - Variant 2,Sports,41.02,4,1,1,2024-10-24
U0005,P0117,Fitness Tracker,Sports,72.86,2,3,1,2024-03-04
U0005,P0112,Football - Variant 2,Sports,71.75,2,3,1,2024-04-10
U0005,P0101,Yoga Mat - Variant 2,Sports,24.96,4,3,1,2024-08-22
U0005,P0101,Yoga Mat - Variant 2,Sports,24.96,3,3,0,2024-06-03
U0005,P0117,Fitness Tracker,Sports,72.86,2,3,1,2024-02-07
U0006,P0035,Leather Wallet - Variant 3,Fashion,53.93,4,2,0,2024-03-01
U0006,P0128,Self-Help Book - Variant 2,Books,22.95,4,1,0,2024-12-05
U0006,P0024,Tablet,Electronics,103.54,3,2,1,2024-11-01
U0006,P0147,History Book - Variant 2,Books,35.8,4,3,1,2024-07-05
U0006,P0141,Children's Storybook,Books,33.46,3,2,1,2024-10-19
U0006,P0004,Bluetooth Speaker - Variant 2,Electronics,53.79,4,1,1,2024-09-10
U0006,P0143,Poetry Collection,Books,9.47,2,2,1,2024-04-04
U0006,P0004,Bluetooth Speaker - Variant 2,Electronics,53.79,2,3,1,2024-03-29
U0006,P0150,Programming Guide - Variant 2,Books,12.92,5,1,1,2024-12-10
U0006,P0104,Resistance Bands,Sports,54.92,1,1,0,2024-05-07
U0007,P0134,Biography - Variant 2,Books,19.48,4,1,1,2024-08-02
U0007,P0134,Biography - Variant 2,Books,19.48,4,1,1,2024-12-22
U0007,P0138,Business Strategy Book,Books,32.81,3,3,0,2024-09-29
U0007,P0150,Programming Guide - Variant 2,Books,12.92,3,1,1,2024-01-21
U0007,P0142,Children's Storybook - Variant 2,Books,18.29,4,2,0,2024-05-22
U0007,P0125,Mystery Novel - Variant 2,Books,18.83,5,1,1,2024-09-11
U0007,P0143,Poetry Collection,Books,9.47,4,2,0,2024-11-20
U0007,P0144,Poetry Collection - Variant 2,Books,23.59,4,2,0,2024-02-16
U0007,P0147,History Book - Variant 2,Books,35.8,3,3,1,2024-08-21
U0007,P0149,Programming Guide,Books,35.7,5,2,1,2024-03-18
U0007,P0128,Self-Help Book - Variant 2,Books,22.95,4,3,1,2024-01-31
U0007,P0131,Cookbook - Variant 2,Books,11.3,3,3,1,2024-08-20
U0007,P0042,Backpack - Variant 2,Fashion,23.08,2,1,0,2024-10-29
U0007,P0134,Biography - Variant 2,Books,19.48,2,1,1,2024-03-11
U0007,P0043,Backpack - Variant 3,Fashion,77.01,3,3,0,2024-07-09
U0007,P0126,Mystery Novel - Variant 3,Books,27.08,5,1,1,2024-10-19
U0007,P0141,Children's Storybook,Books,33.46,4,2,0,2024-02-09
U0007,P0132,Cookbook - Variant 3,Books,19.54,5,1,1,2024-06-14
U0007,P0144,Poetry Collection - Variant 2,Books,23.59,4,3,0,2024-11-01
U0007,P0138,Business Strategy Book,Books,32.81,4,2,1,2024-03-23
U0007,P0138,Business Strategy Book,Books,32.81,3,1,1,2024-08-24
U0007,P0144,Poetry Collection - Variant 2,Books,23.59,4,2,0,2024-03-02
U0007,P0140,Business Strategy Book - Variant 3,Books,14.32,4,1,1,2024-12-08
U0007,P0140,Business Strategy Book - Variant 3,Books,14.32,3,2,0,2024-12-30
U0007,P0066,Table Lamp,Home & Kitchen,82.67,3,3,1,2024-11-28
U0007,P0039,Wrist Watch - Variant 2,Fashion,41.73,3,3,0,2024-12-01
U0007,P0145,Poetry Collection - Variant 3,Books,15.46,2,1,1,2024-01-27
U0007,P0138,Business Strategy Book,Books,32.81,4,2,0,2024-08-06
U0007,P0147,History Book - Variant 2,Books,35.8,3,1,1,2024-05-10
U0007,P0136,Sci-Fi Novel - Variant 2,Books,20.37,2,3,0,2024-03-06
U0007,P0084,Lipstick - Variant 3,Beauty,13.19,2,1,0,2024-12-11
U0007,P0070,Cutlery Set,Home & Kitchen,58.7,1,2,0,2024-03-06
U0007,P0139,Business Strategy Book - Variant 2,Books,18.14,5,2,1,2024-06-20
U0007,P0124,Mystery Novel,Books,9.94,5,3,1,2024-05-28
U0007,P0139,Business Strategy Book - Variant 2,Books,18.14,5,1,0,2024-12-22
U0007,P0146,History Book,Books,11.74,5,2,1,2024-06-26
U0007,P0145,Poetry Collection - Variant 3,Books,15.46,3,3,0,2024-01-21
U0007,P0131,Cookbook - Variant 2,Books,11.3,2,1,1,2024-10-02
U0008,P0107,Cycling Helmet - Variant 2,Sports,18.4,3,3,1,2024-12-21
U0008,P0001,Wireless Earbuds,Electronics,126.81,3,1,1,2024-09-05
U0008,P0128,Self-Help Book - Variant 2,Books,22.95,2,2,1,2024-12-01
U0008,P0071,Cutlery Set - Variant 2,Home & Kitchen,84.19,2,3,0,2024-10-30
U0008,P0005,Bluetooth Speaker - Variant 3,Electronics,53.78,3,3,1,2024-11-03
U0008,P0131,Cookbook - Variant 2,Books,11.3,1,3,1,2024-07-30
U0008,P0010,Laptop Stand - Variant 3,Electronics,146.57,5,2,1,2024-12-07
U0008,P0117,Fitness Tracker,Sports,72.86,5,2,1,2024-03-21
U0008,P0001,Wireless Earbuds,Electronics,126.81,4,2,1,2024-10-07
U0008,P0035,Leather Wallet - Variant 3,Fashion,53.93,4,1,1,2024-06-28
U0008,P0017,Gaming Mouse - Variant 2,Electronics,95.82,5,3,0,2024-04-10
U0008,P0106,Cycling Helmet,Sports,67.06,3,1,1,2024-12-03
U0008,P0003,Bluetooth Speaker,Electronics,104.25,3,2,0,2024-09-26
U0008,P0106,Cycling Helmet,Sports,67.06,2,3,1,2024-05-05
U0008,P0100,Yoga Mat,Sports,36.49,3,1,0,2024-02-07
U0008,P0119,Fitness Tracker - Variant 3,Sports,46.34,4,3,1,2024-04-20
U0008,P0023,Webcam - Variant 2,Electronics,79.6,3,2,1,2024-07-26
U0008,P0020,Mechanical Keyboard - Variant 2,Electronics,77.77,3,3,0,2024-01-23
U0008,P0003,Bluetooth Speaker,Electronics,104.25,3,1,1,2024-10-26
U0008,P0021,Mechanical Keyboard - Variant 3,Electronics,87.99,4,3,1,2024-09-29
U0008,P0030,Denim Jacket - Variant 2,Fashion,74.76,2,2,0,2024-02-05
U0008,P0021,Mechanical Keyboard - Variant 3,Electronics,87.99,3,1,1,2024-09-20
U0008,P0024,Tablet,Electronics,103.54,3,3,0,2024-01-20
U0008,P0013,USB-C Hub - Variant 3,Electronics,149.11,3,3,1,2024-08-10
U0008,P0116,Tennis Racket - Variant 3,Sports,21.7,3,2,1,2024-01-14
U0008,P0001,Wireless Earbuds,Electronics,126.81,4,1,0,2024-07-07
U0008,P0017,Gaming Mouse - Variant 2,Electronics,95.82,5,1,1,2024-07-13
U0008,P0121,Skipping Rope - Variant 2,Sports,74.87,5,2,0,2024-11-03
U0008,P0119,Fitness Tracker - Variant 3,Sports,46.34,5,2,1,2024-09-22
U0008,P0066,Table Lamp,Home & Kitchen,82.67,2,1,0,2024-09-02
U0008,P0002,Wireless Earbuds - Variant 2,Electronics,56.91,3,1,1,2024-11-02
U0008,P0112,Football - Variant 2,Sports,71.75,5,3,1,2024-06-20
U0008,P0100,Yoga Mat,Sports,36.49,5,2,0,2024-12-03
U0008,P0028,Running Shoes - Variant 2,Fashion,21.88,4,2,1,2024-04-23
U0008,P0024,Tablet,Electronics,103.54,4,3,1,2024-12-12
U0009,P0131,Cookbook - Variant 2,Books,11.3,4,2,1,2024-01-16
U0009,P0085,Perfume,Beauty,30.06,3,2,0,2024-04-28
U0009,P0144,Poetry Collection - Variant 2,Books,23.59,5,3,0,2024-10-11
U0009,P0133,Biography,Books,29.75,3,3,1,2024-08-07
U0009,P0025,Tablet - Variant 2,Electronics,41.3,4,2,1,2024-12-05
U0009,P0150,Programming Guide - Variant 2,Books,12.92,5,1,0,2024-02-21
U0009,P0142,Children's Storybook - Variant 2,Books,18.29,4,3,0,2024-04-16
U0009,P0140,Business Strategy Book - Variant 3,Books,14.32,3,3,1,2024-05-17
U0009,P0128,Self-Help Book - Variant 2,Books,22.95,5,2,0,2024-11-25
U0009,P0147,History Book - Variant 2,Books,35.8,4,2,1,2024-08-06
U0009,P0135,Sci-Fi Novel,Books,37.03,3,1,0,2024-10-08
U0009,P0010,Laptop Stand - Variant 3,Electronics,146.57,3,3,1,2024-01-05
U0009,P0125,Mystery Novel - Variant 2,Books,18.83,3,1,1,2024-12-15
U0009,P0144,Poetry Collection - Variant 2,Books,23.59,4,3,1,2024-09-25
U0009,P0150,Programming Guide - Variant 2,Books,12.92,2,1,0,2024-10-22
U0009,P0127,Self-Help Book,Books,13.13,2,3,1,2024-10-05
U0009,P0129,Self-Help Book - Variant 3,Books,37.09,4,2,1,2024-12-06
U0009,P0138,Business Strategy Book,Books,32.81,4,3,0,2024-08-01
U0009,P0146,History Book,Books,11.74,5,3,1,2024-02-04
U0009,P0138,Business Strategy Book,Books,32.81,3,2,1,2024-05-23
U0009,P0148,History Book - Variant 3,Books,20.33,3,3,1,2024-06-27
U0009,P0124,Mystery Novel,Books,9.94,3,2,0,2024-08-18
U0009,P0134,Biography - Variant 2,Books,19.48,3,3,0,2024-05-09
U0009,P0140,Business Strategy Book - Variant 3,Books,14.32,4,3,1,2024-10-16
U0010,P0049,Sneakers - Variant 3,Fashion,55.64,5,2,1,2024-11-24
U0010,P0039,Wrist Watch - Variant 2,Fashion,41.73,3,3,1,2024-10-28
U0010,P0118,Fitness Tracker - Variant 2,Sports,32.35,5,1,1,2024-07-12
U0010,P0037,Sunglasses - Variant 2,Fashion,47.01,5,1,1,2024-01-05
U0010,P0111,Football,Sports,37.24,3,3,1,2024-08-19
U0010,P0104,Resistance Bands,Sports,54.92,4,3,1,2024-07-10
U0010,P0123,Gym Bag - Variant 2,Sports,46.65,4,2,1,2024-12-08
U0010,P0076,Face Moisturizer,Beauty,48.93,1,2,0,2024-07-27
U0010,P0119,Fitness Tracker - Variant 3,Sports,46.34,4,1,1,2024-09-13
U0010,P0074,Wall Clock - Variant 2,Home & Kitchen,102.86,3,3,0,2024-06-20
U0010,P0110,Water Bottle - Variant 3,Sports,57.47,4,2,1,2024-05-22
U0010,P0109,Water Bottle - Variant 2,Sports,45.64,4,3,1,2024-04-06
U0010,P0015,Power Bank - Variant 2,Electronics,95.82,4,3,0,2024-04-24
U0010,P0105,Resistance Bands - Variant 2,Sports,18.03,4,1,1,2024-11-17
U0010,P0038,Wrist Watch,Fashion,65.06,3,1,1,2024-06-13
U0010,P0100,Yoga Mat,Sports,36.49,3,3,1,2024-11-09
U0010,P0027,Running Shoes,Fashion,50.96,4,3,1,2024-03-14
U0010,P0051,Winter Coat - Variant 2,Fashion,46.85,4,1,1,2024-12-01
U0010,P0121,Skipping Rope - Variant 2,Sports,74.87,1,3,1,2024-05-13
U0010,P0111,Football,Sports,37.24,4,2,1,2024-06-25
U0010,P0077,Face Moisturizer - Variant 2,Beauty,44.26,1,2,1,2024-05-16
U0010,P0102,Dumbbell Set,Sports,36.13,5,1,1,2024-08-28
U0010,P0112,Football - Variant 2,Sports,71.75,3,1,1,2024-09-25
U0010,P0116,Tennis Racket - Variant 3,Sports,21.7,3,1,1,2024-10-20
U0010,P0121,Skipping Rope - Variant 2,Sports,74.87,4,2,1,2024-09-28
U0010,P0083,Lipstick - Variant 2,Beauty,16.1,2,3,0,2024-07-03
U0010,P0033,Leather Wallet,Fashion,50.27,3,1,1,2024-10-20
U0010,P0104,Resistance Bands,Sports,54.92,3,2,1,2024-04-07
U0010,P0124,Mystery Novel,Books,9.94,2,1,0,2024-11-20
U0010,P0062,Vacuum Cleaner,Home & Kitchen,44.0,3,2,1,2024-07-10
U0010,P0027,Running Shoes,Fashion,50.96,3,1,1,2024-03-29
U0010,P0108,Water Bottle,Sports,48.44,4,3,1,2024-02-20
U0010,P0110,Water Bottle - Variant 3,Sports,57.47,3,3,1,2024-02-14
U0010,P0027,Running Shoes,Fashion,50.96,3,1,1,2024-01-28
U0010,P0113,Football - Variant 3,Sports,36.42,2,3,1,2024-06-04
U0010,P0029,Denim Jacket,Fashion,85.21,1,1,0,2024-06-13
U0010,P0127,Self-Help Book,Books,13.13,1,2,0,2024-10-16
U0010,P0006,Smartwatch,Electronics,88.35,3,1,1,2024-11-10
U0010,P0047,Sneakers,Fashion,42.71,5,2,1,2024-07-08
U0011,P0070,Cutlery Set,Home & Kitchen,58.7,4,3,1,2024-03-20
U0011,P0016,Gaming Mouse,Electronics,38.63,2,2,0,2024-04-22
U0011,P0107,Cycling Helmet - Variant 2,Sports,18.4,5,3,0,2024-07-05
U0011,P0123,Gym Bag - Variant 2,Sports,46.65,5,2,0,2024-12-08
U0011,P0061,Blender - Variant 2,Home & Kitchen,27.47,3,2,1,2024-08-15
U0011,P0050,Winter Coat,Fashion,42.63,3,2,1,2024-07-29
U0011,P0120,Skipping Rope,Sports,26.44,5,3,1,2024-07-22
U0011,P0015,Power Bank - Variant 2,Electronics,95.82,2,2,0,2024-07-25
U0011,P0054,Air Fryer - Variant 2,Home & Kitchen,109.53,5,2,0,2024-02-01
U0011,P0062,Vacuum Cleaner,Home & Kitchen,44.0,3,1,1,2024-03-20
U0011,P0053,Air Fryer,Home & Kitchen,77.17,4,1,1,2024-11-18
U0011,P0013,USB-C Hub - Variant 3,Electronics,149.11,1,1,0,2024-05-29
U0011,P0062,Vacuum Cleaner,Home & Kitchen,44.0,3,3,0,2024-05-17
U0011,P0105,Resistance Bands - Variant 2,Sports,18.03,4,2,0,2024-09-23
U0011,P0115,Tennis Racket - Variant 2,Sports,41.02,5,1,0,2024-12-13
U0011,P0113,Football - Variant 3,Sports,36.42,3,2,0,2024-11-17
U0011,P0065,Bed Sheets Set - Variant 2,Home & Kitchen,33.33,4,2,1,2024-03-05
U0011,P0053,Air Fryer,Home & Kitchen,77.17,3,1,1,2024-09-28
U0011,P0050,Winter Coat,Fashion,42.63,3,1,1,2024-01-16
U0011,P0062,Vacuum Cleaner,Home & Kitchen,44.0,4,2,1,2024-12-13
U0011,P0130,Cookbook,Books,25.89,4,2,0,2024-12-21
U0011,P0083,Lipstick - Variant 2,Beauty,16.1,4,1,0,2024-03-15
U0011,P0102,Dumbbell Set,Sports,36.13,4,3,1,2024-02-24
U0011,P0106,Cycling Helmet,Sports,67.06,4,2,1,2024-11-19
U0011,P0020,Mechanical Keyboard - Variant 2,Electronics,77.77,4,1,0,2024-07-01
U0011,P0074,Wall Clock - Variant 2,Home & Kitchen,102.86,4,3,0,2024-10-27
U0011,P0054,Air Fryer - Variant 2,Home & Kitchen,109.53,4,3,0,2024-01-08
U0011,P0105,Resistance Bands - Variant 2,Sports,18.03,2,2,1,2024-04-07
U0011,P0055,Coffee Maker,Home & Kitchen,73.4,2,2,1,2024-07-26
U0011,P0077,Face Moisturizer - Variant 2,Beauty,44.26,3,3,0,2024-07-21
U0011,P0088,Hair Dryer - Variant 2,Beauty,21.47,3,2,0,2024-09-30
U0011,P0007,Smartwatch - Variant 2,Electronics,74.04,1,2,0,2024-07-17
U0011,P0108,Water Bottle,Sports,48.44,3,3,1,2024-02-23
U0011,P0118,Fitness Tracker - Variant 2,Sports,32.35,3,1,1,2024-01-27
U0012,P0027,Running Shoes,Fashion,50.96,3,2,1,2024-01-01
U0012,P0043,Backpack - Variant 3,Fashion,77.01,3,1,1,2024-09-22
U0012,P0041,Backpack,Fashion,58.75,5,1,0,2024-05-11
U0012,P0111,Football,Sports,37.24,4,1,0,2024-07-06
U0012,P0105,Resistance Bands - Variant 2,Sports,18.03,4,1,1,2024-05-02
U0012,P0101,Yoga Mat - Variant 2,Sports,24.96,2,1,1,2024-05-11
U0012,P0037,Sunglasses - Variant 2,Fashion,47.01,4,1,0,2024-09-18
U0012,P0094,Beard Trimmer,Beauty,35.73,2,3,1,2024-04-30
U0012,P0131,Cookbook - Variant 2,Books,11.3,2,3,0,2024-05-10
U0013,P0050,Winter Coat,Fashion,42.63,3,3,1,2024-11-07
U0013,P0005,Bluetooth Speaker - Variant 3,Electronics,53.78,5,2,1,2024-02-12
U0013,P0010,Laptop Stand - Variant 3,Electronics,146.57,4,1,1,2024-11-26
U0013,P0076,Face Moisturizer,Beauty,48.93,4,2,1,2024-05-12
U0013,P0142,Children's Storybook - Variant 2,Books,18.29,4,3,0,2024-03-02
U0013,P0081,Shampoo - Variant 2,Beauty,39.01,3,1,1,2024-03-05
U0013,P0095,Beard Trimmer - Variant 2,Beauty,23.23,3,3,1,2024-02-11
U0013,P0010,Laptop Stand - Variant 3,Electronics,146.57,5,3,0,2024-02-26
U0013,P0018,Gaming Mouse - Variant 3,Electronics,81.58,4,2,0,2024-12-22
U0013,P0085,Perfume,Beauty,30.06,3,1,0,2024-05-27
U0013,P0132,Cookbook - Variant 3,Books,19.54,4,3,1,2024-08-28
U0013,P0083,Lipstick - Variant 2,Beauty,16.1,4,2,1,2024-01-31
U0013,P0006,Smartwatch,Electronics,88.35,3,3,1,2024-09-06
U0013,P0093,Nail Polish Kit - Variant 2,Beauty,18.13,4,3,1,2024-05-31
U0013,P0026,Tablet - Variant 3,Electronics,105.26,3,1,1,2024-09-02
U0013,P0150,Programming Guide - Variant 2,Books,12.92,3,2,0,2024-05-16
U0013,P0098,Body Lotion - Variant 2,Beauty,19.09,5,1,1,2024-01-14
U0013,P0066,Table Lamp,Home & Kitchen,82.67,2,3,1,2024-07-19
U0013,P0090,Face Mask Set,Beauty,19.72,2,2,1,2024-01-24
U0013,P0022,Webcam,Electronics,106.5,3,3,1,2024-09-18
U0013,P0101,Yoga Mat - Variant 2,Sports,24.96,4,1,0,2024-11-19
U0013,P0006,Smartwatch,Electronics,88.35,4,3,1,2024-11-26
U0013,P0009,Laptop Stand - Variant 2,Electronics,38.35,3,3,1,2024-12-17
U0014,P0067,Table Lamp - Variant 2,Home & Kitchen,105.23,3,3,0,2024-04-23
U0014,P0020,Mechanical Keyboard - Variant 2,Electronics,77.77,2,2,1,2024-01-15
U0014,P0058,Non-stick Pan,Home & Kitchen,28.34,2,2,1,2024-10-28
U0014,P0098,Body Lotion - Variant 2,Beauty,19.09,4,2,1,2024-06-25
U0014,P0013,USB-C Hub - Variant 3,Electronics,149.11,5,1,1,2024-03-11
U0014,P0002,Wireless Earbuds - Variant 2,Electronics,56.91,4,2,1,2024-11-07
U0014,P0005,Bluetooth Speaker - Variant 3,Electronics,53.78,4,2,1,2024-02-13
U0014,P0094,Beard Trimmer,Beauty,35.73,4,1,1,2024-04-06
U0014,P0082,Lipstick,Beauty,12.97,3,1,1,2024-10-27
U0014,P0050,Winter Coat,Fashion,42.63,2,2,0,2024-07-08
U0015,P0142,Children's Storybook - Variant 2,Books,18.29,4,3,1,2024-07-04
U0015,P0149,Programming Guide,Books,35.7,4,1,1,2024-05-14
U0015,P0097,Body Lotion,Beauty,42.54,3,1,0,2024-03-23
U0015,P0140,Business Strategy Book - Variant 3,Books,14.32,2,2,1,2024-03-02
U0015,P0044,Formal Shirt,Fashion,83.48,2,3,1,2024-06-10
U0015,P0132,Cookbook - Variant 3,Books,19.54,5,3,1,2024-03-21
U0015,P0136,Sci-Fi Novel - Variant 2,Books,20.37,4,3,1,2024-01-13
U0015,P0131,Cookbook - Variant 2,Books,11.3,1,3,0,2024-03-30
U0015,P0018,Gaming Mouse - Variant 3,Electronics,81.58,2,3,1,2024-09-10
U0015,P0140,Business Strategy Book - Variant 3,Books,14.32,4,3,1,2024-12-18
U0015,P0146,History Book,Books,11.74,4,2,1,2024-05-25
U0015,P0133,Biography,Books,29.75,4,2,1,2024-02-02
U0015,P0139,Business Strategy Book - Variant 2,Books,18.14,4,2,1,2024-06-06
U0015,P0141,Children's Storybook,Books,33.46,3,1,0,2024-02-05
U0015,P0148,History Book - Variant 3,Books,20.33,4,3,1,2024-01-29
U0015,P0146,History Book,Books,11.74,5,1,1,2024-11-05
U0015,P0132,Cookbook - Variant 3,Books,19.54,4,3,1,2024-01-31
U0015,P0138,Business Strategy Book,Books,32.81,3,1,1,2024-04-04
U0015,P0060,Blender,Home & Kitchen,43.99,1,1,1,2024-01-26
U0015,P0137,Sci-Fi Novel - Variant 3,Books,32.27,3,1,1,2024-12-11
U0015,P0132,Cookbook - Variant 3,Books,19.54,4,1,1,2024-08-31
U0015,P0039,Wrist Watch - Variant 2,Fashion,41.73,2,1,0,2024-09-30
U0015,P0143,Poetry Collection,Books,9.47,5,1,1,2024-10-27
U0015,P0130,Cookbook,Books,25.89,3,1,1,2024-11-27
U0015,P0092,Nail Polish Kit,Beauty,23.01,1,3,0,2024-03-16
U0016,P0129,Self-Help Book - Variant 3,Books,37.09,3,2,0,2024-12-13
U0016,P0069,Storage Boxes - Variant 2,Home & Kitchen,55.29,3,2,1,2024-05-16
U0016,P0058,Non-stick Pan,Home & Kitchen,28.34,5,3,0,2024-10-03
U0016,P0071,Cutlery Set - Variant 2,Home & Kitchen,84.19,4,1,1,2024-03-08
U0016,P0084,Lipstick - Variant 3,Beauty,13.19,1,2,0,2024-11-29
U0016,P0043,Backpack - Variant 3,Fashion,77.01,5,3,1,2024-10-20
U0016,P0049,Sneakers - Variant 3,Fashion,55.64,3,3,0,2024-09-10
U0016,P0054,Air Fryer - Variant 2,Home & Kitchen,109.53,4,3,0,2024-02-13
U0016,P0047,Sneakers,Fashion,42.71,3,1,1,2024-01-04
U0016,P0051,Winter Coat - Variant 2,Fashion,46.85,4,2,1,2024-07-09
U0017,P0086,Perfume - Variant 2,Beauty,33.4,2,1,0,2024-08-12
U0017,P0102,Dumbbell Set,Sports,36.13,3,2,1,2024-04-11
U0017,P0107,Cycling Helmet - Variant 2,Sports,18.4,3,3,1,2024-10-11
U0017,P0107,Cycling Helmet - Variant 2,Sports,18.4,4,3,0,2024-11-11
U0017,P0108,Water Bottle,Sports,48.44,3,1,0,2024-04-12
U0017,P0122,Gym Bag,Sports,52.75,5,1,0,2024-04-16
U0017,P0143,Poetry Collection,Books,9.47,3,3,1,2024-12-06
U0017,P0109,Water Bottle - Variant 2,Sports,45.64,4,3,1,2024-09-12
U0017,P0102,Dumbbell Set,Sports,36.13,2,3,0,2024-06-01
U0017,P0032,Cotton T-Shirt - Variant 2,Fashion,36.35,1,2,0,2024-10-29
U0017,P0120,Skipping Rope,Sports,26.44,2,2,1,2024-12-21
U0017,P0116,Tennis Racket - Variant 3,Sports,21.7,4,1,1,2024-08-01
U0017,P0118,Fitness Tracker - Variant 2,Sports,32.35,4,3,1,2024-05-15
U0017,P0100,Yoga Mat,Sports,36.49,4,3,1,2024-02-08
U0017,P0116,Tennis Racket - Variant 3,Sports,21.7,3,1,1,2024-12-09
U0017,P0123,Gym Bag - Variant 2,Sports,46.65,3,2,1,2024-01-07
U0017,P0114,Tennis Racket,Sports,49.81,5,1,1,2024-11-07
U0017,P0021,Mechanical Keyboard - Variant 3,Electronics,87.99,2,1,0,2024-05-04
U0017,P0136,Sci-Fi Novel - Variant 2,Books,20.37,3,1,0,2024-10-23
U0017,P0119,Fitness Tracker - Variant 3,Sports,46.34,4,1,1,2024-09-08
U0017,P0100,Yoga Mat,Sports,36.49,3,1,0,2024-04-01
U0017,P0107,Cycling Helmet - Variant 2,Sports,18.4,5,3,0,2024-01-07
U0017,P0072,Cutlery Set - Variant 3,Home & Kitchen,83.94,1,3,0,2024-03-06
U0017,P0117,Fitness Tracker,Sports,72.86,4,3,1,2024-05-12
U0017,P0084,Lipstick - Variant 3,Beauty,13.19,3,2,1,2024-07-19
U0017,P0146,History Book,Books,11.74,4,3,1,2024-08-31
U0017,P0150,Programming Guide - Variant 2,Books,12.92,3,1,1,2024-12-04
U0017,P0100,Yoga Mat,Sports,36.49,5,1,1,2024-03-29
U0017,P0123,Gym Bag - Variant 2,Sports,46.65,2,3,0,2024-05-06
U0017,P0111,Football,Sports,37.24,3,1,1,2024-09-01
U0017,P0135,Sci-Fi Novel,Books,37.03,3,3,1,2024-02-21
U0017,P0115,Tennis Racket - Variant 2,Sports,41.02,5,1,0,2024-01-17
U0017,P0138,Business Strategy Book,Books,32.81,2,1,0,2024-03-24
U0017,P0117,Fitness Tracker,Sports,72.86,4,3,0,2024-08-04
U0018,P0106,Cycling Helmet,Sports,67.06,2,1,1,2024-12-22
U0018,P0067,Table Lamp - Variant 2,Home & Kitchen,105.23,4,1,1,2024-01-09
U0018,P0070,Cutlery Set,Home & Kitchen,58.7,5,3,1,2024-06-04
U0018,P0061,Blender - Variant 2,Home & Kitchen,27.47,5,3,1,2024-03-12
U0018,P0072,Cutlery Set - Variant 3,Home & Kitchen,83.94,5,1,1,2024-02-24
U0018,P0108,Water Bottle,Sports,48.44,1,1,1,2024-07-03
U0018,P0072,Cutlery Set - Variant 3,Home & Kitchen,83.94,4,2,1,2024-02-22
U0018,P0073,Wall Clock,Home & Kitchen,81.51,3,3,0,2024-01-30
U0018,P0062,Vacuum Cleaner,Home & Kitchen,44.0,4,1,1,2024-04-23
U0018,P0071,Cutlery Set - Variant 2,Home & Kitchen,84.19,1,3,1,2024-10-19
U0018,P0054,Air Fryer - Variant 2,Home & Kitchen,109.53,3,2,0,2024-12-30
U0018,P0058,Non-stick Pan,Home & Kitchen,28.34,4,2,1,2024-04-17
U0018,P0070,Cutlery Set,Home & Kitchen,58.7,4,3,1,2024-04-28
U0018,P0022,Webcam,Electronics,106.5,2,2,0,2024-12-28
U0018,P0062,Vacuum Cleaner,Home & Kitchen,44.0,3,3,0,2024-06-30
U0018,P0062,Vacuum Cleaner,Home & Kitchen,44.0,5,1,1,2024-11-03
U0018,P0023,Webcam - Variant 2,Electronics,79.6,5,1,0,2024-09-13
U0018,P0058,Non-stick Pan,Home & Kitchen,28.34,5,2,1,2024-08-19
U0018,P0067,Table Lamp - Variant 2,Home & Kitchen,105.23,4,3,1,2024-10-01
U0018,P0064,Bed Sheets Set,Home & Kitchen,92.94,4,2,1,2024-02-10
U0018,P0065,Bed Sheets Set - Variant 2,Home & Kitchen,33.33,5,2,1,2024-08-18
U0018,P0020,Mechanical Keyboard - Variant 2,Electronics,77.77,1,1,0,2024-06-09
U0018,P0055,Coffee Maker,Home & Kitchen,73.4,4,3,1,2024-02-17
U0018,P0057,Coffee Maker - Variant 3,Home & Kitchen,95.59,5,3,1,2024-05-12
U0018,P0068,Storage Boxes,Home & Kitchen,80.29,4,1,1,2024-03-07
U0018,P0068,Storage Boxes,Home & Kitchen,80.29,4,1,1,2024-02-05
U0018,P0053,Air Fryer,Home & Kitchen,77.17,4,1,1,2024-06-06
U0018,P0071,Cutlery Set - Variant 2,Home & Kitchen,84.19,2,1,1,2024-01-01
U0018,P0065,Bed Sheets Set - Variant 2,Home & Kitchen,33.33,3,2,1,2024-06-28
U0018,P0066,Table Lamp,Home & Kitchen,82.67,3,2,1,2024-12-22
U0018,P0043,Backpack - Variant 3,Fashion,77.01,3,2,0,2024-06-26
U0018,P0053,Air Fryer,Home & Kitchen,77.17,5,1,1,2024-10-03
U0018,P0114,Tennis Racket,Sports,49.81,3,2,0,2024-02-11
U0018,P0067,Table Lamp - Variant 2,Home & Kitchen,105.23,3,1,1,2024-01-25
U0018,P0073,Wall Clock,Home & Kitchen,81.51,4,2,1,2024-09-18
U0018,P0063,Vacuum Cleaner - Variant 2,Home & Kitchen,87.82,3,1,1,2024-06-29
U0018,P0071,Cutlery Set - Variant 2,Home & Kitchen,84.19,4,1,1,2024-10-07
U0018,P0060,Blender,Home & Kitchen,43.99,4,1,1,2024-05-06
U0019,P0050,Winter Coat,Fashion,42.63,5,3,1,2024-03-06
U0019,P0044,Formal Shirt,Fashion,83.48,5,2,1,2024-03-24
U0019,P0110,Water Bottle - Variant 3,Sports,57.47,2,3,0,2024-03-29
U0019,P0042,Backpack - Variant 2,Fashion,23.08,4,2,1,2024-10-04
U0019,P0073,Wall Clock,Home & Kitchen,81.51,3,3,0,2024-05-04
U0019,P0029,Denim Jacket,Fashion,85.21,5,1,1,2024-03-19
U0019,P0030,Denim Jacket - Variant 2,Fashion,74.76,4,1,1,2024-03-01
U0019,P0028,Running Shoes - Variant 2,Fashion,21.88,3,3,1,2024-06-06
U0019,P0045,Formal Shirt - Variant 2,Fashion,80.51,4,1,0,2024-12-21
U0019,P0046,Formal Shirt - Variant 3,Fashion,60.76,4,1,1,2024-02-26
U0019,P0037,Sunglasses - Variant 2,Fashion,47.01,5,3,1,2024-05-15
U0019,P0002,Wireless Earbuds - Variant 2,Electronics,56.91,2,1,1,2024-07-22
U0019,P0029,Denim Jacket,Fashion,85.21,4,1,1,2024-12-23
U0019,P0147,History Book - Variant 2,Books,35.8,1,1,0,2024-12-08
U0019,P0040,Wrist Watch - Variant 3,Fashion,55.58,3,2,1,2024-01-03
U0019,P0028,Running Shoes - Variant 2,Fashion,21.88,4,2,1,2024-06-13
U0019,P0040,Wrist Watch - Variant 3,Fashion,55.58,4,2,0,2024-04-08
U0019,P0041,Backpack,Fashion,58.75,3,2,1,2024-05-27
U0019,P0039,Wrist Watch - Variant 2,Fashion,41.73,2,2,1,2024-08-24
U0019,P0037,Sunglasses - Variant 2,Fashion,47.01,5,3,0,2024-02-07
U0019,P0046,Formal Shirt - Variant 3,Fashion,60.76,3,2,0,2024-02-20
U0019,P0050,Winter Coat,Fashion,42.63,3,2,0,2024-08-23
U0019,P0038,Wrist Watch,Fashion,65.06,5,2,1,2024-05-07
U0019,P0041,Backpack,Fashion,58.75,5,1,0,2024-10-26
U0019,P0044,Formal Shirt,Fashion,83.48,5,1,1,2024-03-17
U0019,P0024,Tablet,Electronics,103.54,2,1,0,2024-11-09
U0019,P0001,Wireless Earbuds,Electronics,126.81,2,2,0,2024-08-30
U0020,P0054,Air Fryer - Variant 2,Home & Kitchen,109.53,5,1,1,2024-06-05
U0020,P0071,Cutlery Set - Variant 2,Home & Kitchen,84.19,4,1,1,2024-03-14
U0020,P0071,Cutlery Set - Variant 2,Home & Kitchen,84.19,2,3,1,2024-04-02
U0020,P0081,Shampoo - Variant 2,Beauty,39.01,4,2,1,2024-06-07
U0020,P0095,Beard Trimmer - Variant 2,Beauty,23.23,2,1,1,2024-08-30
U0020,P0003,Bluetooth Speaker,Electronics,104.25,3,1,1,2024-04-02
U0020,P0099,Body Lotion - Variant 3,Beauty,45.92,5,2,0,2024-01-31
U0020,P0086,Perfume - Variant 2,Beauty,33.4,2,2,1,2024-12-19
U0020,P0055,Coffee Maker,Home & Kitchen,73.4,4,3,1,2024-12-27
U0020,P0130,Cookbook,Books,25.89,3,1,1,2024-11-20
U0020,P0148,History Book - Variant 3,Books,20.33,2,2,0,2024-06-12
U0020,P0078,Sunscreen SPF50,Beauty,33.33,4,3,1,2024-08-12
U0020,P0081,Shampoo - Variant 2,Beauty,39.01,3,1,1,2024-04-13
U0020,P0017,Gaming Mouse - Variant 2,Electronics,95.82,2,1,0,2024-12-01
U0020,P0068,Storage Boxes,Home & Kitchen,80.29,4,1,0,2024-08-10
U0020,P0079,Sunscreen SPF50 - Variant 2,Beauty,41.3,4,3,1,2024-04-28
U0021,P0034,Leather Wallet - Variant 2,Fashion,29.12,4,3,0,2024-05-01
U0021,P0044,Formal Shirt,Fashion,83.48,3,2,1,2024-05-24
U0021,P0028,Running Shoes - Variant 2,Fashion,21.88,3,3,0,2024-04-12
U0021,P0022,Webcam,Electronics,106.5,1,3,1,2024-09-29
U0021,P0060,Blender,Home & Kitchen,43.99,2,3,0,2024-11-26
U0021,P0120,Skipping Rope,Sports,26.44,2,1,0,2024-09-22
U0021,P0052,Winter Coat - Variant 3,Fashion,39.04,3,2,1,2024-08-26
U0021,P0030,Denim Jacket - Variant 2,Fashion,74.76,4,1,1,2024-06-14
U0021,P0052,Winter Coat - Variant 3,Fashion,39.04,4,3,1,2024-03-05
U0021,P0050,Winter Coat,Fashion,42.63,4,2,1,2024-07-24
U0021,P0051,Winter Coat - Variant 2,Fashion,46.85,5,1,1,2024-04-28
U0021,P0080,Shampoo,Beauty,13.54,2,2,1,2024-03-18
U0021,P0047,Sneakers,Fashion,42.71,5,2,1,2024-09-22
U0021,P0047,Sneakers,Fashion,42.71,4,2,1,2024-05-10
U0021,P0038,Wrist Watch,Fashion,65.06,4,1,1,2024-09-04
U0021,P0049,Sneakers - Variant 3,Fashion,55.64,3,2,1,2024-08-27
U0021,P0047,Sneakers,Fashion,42.71,1,3,1,2024-01-27
U0021,P0035,Leather Wallet - Variant 3,Fashion,53.93,3,3,1,2024-08-14
U0021,P0033,Leather Wallet,Fashion,50.27,3,2,1,2024-07-24
U0021,P0045,Formal Shirt - Variant 2,Fashion,80.51,3,1,1,2024-01-30
U0021,P0050,Winter Coat,Fashion,42.63,4,2,1,2024-12-03
U0021,P0029,Denim Jacket,Fashion,85.21,5,1,1,2024-12-08
U0021,P0046,Formal Shirt - Variant 3,Fashion,60.76,4,2,0,2024-08-23
U0021,P0038,Wrist Watch,Fashion,65.06,4,1,1,2024-03-14
U0021,P0047,Sneakers,Fashion,42.71,2,1,1,2024-03-24
U0021,P0045,Formal Shirt - Variant 2,Fashion,80.51,3,1,1,2024-09-13
U0021,P0030,Denim Jacket - Variant 2,Fashion,74.76,3,3,1,2024-06-25
U0021,P0048,Sneakers - Variant 2,Fashion,58.93,5,3,1,2024-02-12
U0021,P0119,Fitness Tracker - Variant 3,Sports,46.34,2,2,0,2024-02-28
U0022,P0111,Football,Sports,37.24,5,3,1,2024-12-10
U0022,P0113,Football - Variant 3,Sports,36.42,1,1,0,2024-08-03
U0022,P0106,Cycling Helmet,Sports,67.06,5,3,0,2024-04-04
U0022,P0088,Hair Dryer - Variant 2,Beauty,21.47,3,1,0,2024-12-26
U0022,P0123,Gym Bag - Variant 2,Sports,46.65,4,1,1,2024-09-29
U0022,P0029,Denim Jacket,Fashion,85.21,3,1,0,2024-02-11
U0022,P0105,Resistance Bands - Variant 2,Sports,18.03,4,3,1,2024-09-07
U0022,P0065,Bed Sheets Set - Variant 2,Home & Kitchen,33.33,1,2,0,2024-06-29
U0022,P0113,Football - Variant 3,Sports,36.42,2,2,0,2024-01-30
U0022,P0098,Body Lotion - Variant 2,Beauty,19.09,2,1,1,2024-07-31
U0022,P0100,Yoga Mat,Sports,36.49,4,1,0,2024-09-14
U0022,P0116,Tennis Racket - Variant 3,Sports,21.7,3,3,1,2024-03-20
U0022,P0103,Dumbbell Set - Variant 2,Sports,24.27,4,1,1,2024-04-03
U0022,P0150,Programming Guide - Variant 2,Books,12.92,1,3,0,2024-09-21
U0022,P0101,Yoga Mat - Variant 2,Sports,24.96,4,3,1,2024-02-07
U0022,P0114,Tennis Racket,Sports,49.81,5,1,1,2024-12-28
U0022,P0102,Dumbbell Set,Sports,36.13,3,2,1,2024-05-25
U0022,P0101,Yoga Mat - Variant 2,Sports,24.96,3,3,1,2024-02-02
U0022,P0146,History Book,Books,11.74,1,3,0,2024-09-08
U0022,P0111,Football,Sports,37.24,4,1,1,2024-08-14
U0022,P0091,Face Mask Set - Variant 2,Beauty,47.83,2,2,0,2024-11-01
U0022,P0115,Tennis Racket - Variant 2,Sports,41.02,4,2,1,2024-11-14
U0022,P0120,Skipping Rope,Sports,26.44,3,1,1,2024-08-12
U0022,P0112,Football - Variant 2,Sports,71.75,2,2,1,2024-04-02
U0022,P0104,Resistance Bands,Sports,54.92,3,2,1,2024-08-26
U0022,P0118,Fitness Tracker - Variant 2,Sports,32.35,3,1,0,2024-06-20
U0022,P0105,Resistance Bands - Variant 2,Sports,18.03,3,3,1,2024-10-16
U0022,P0112,Football - Variant 2,Sports,71.75,5,3,1,2024-01-31
U0022,P0101,Yoga Mat - Variant 2,Sports,24.96,2,2,1,2024-06-15
U0022,P0108,Water Bottle,Sports,48.44,4,3,1,2024-11-17
U0022,P0120,Skipping Rope,Sports,26.44,3,1,1,2024-11-12
U0023,P0006,Smartwatch,Electronics,88.35,3,3,1,2024-11-19
U0023,P0087,Hair Dryer,Beauty,46.49,4,3,0,2024-12-02
U0023,P0085,Perfume,Beauty,30.06,4,3,0,2024-11-28
U0023,P0033,Leather Wallet,Fashion,50.27,4,2,1,2024-07-06
U0023,P0021,Mechanical Keyboard - Variant 3,Electronics,87.99,3,2,1,2024-05-25
U0023,P0008,Laptop Stand,Electronics,116.72,3,2,1,2024-06-28
U0023,P0007,Smartwatch - Variant 2,Electronics,74.04,5,3,1,2024-11-03
U0023,P0017,Gaming Mouse - Variant 2,Electronics,95.82,4,2,1,2024-09-07
U0023,P0093,Nail Polish Kit - Variant 2,Beauty,18.13,5,2,1,2024-10-11
U0023,P0082,Lipstick,Beauty,12.97,4,3,1,2024-11-11
U0023,P0089,Hair Dryer - Variant 3,Beauty,27.59,4,1,1,2024-08-31
U0023,P0095,Beard Trimmer - Variant 2,Beauty,23.23,4,1,0,2024-07-04
U0023,P0004,Bluetooth Speaker - Variant 2,Electronics,53.79,5,1,0,2024-07-05
U0023,P0124,Mystery Novel,Books,9.94,2,3,0,2024-06-01
U0023,P0016,Gaming Mouse,Electronics,38.63,4,3,0,2024-02-29
U0023,P0117,Fitness Tracker,Sports,72.86,3,1,0,2024-11-16
U0023,P0084,Lipstick - Variant 3,Beauty,13.19,4,1,1,2024-12-15
U0023,P0003,Bluetooth Speaker,Electronics,104.25,5,2,1,2024-09-16
U0023,P0089,Hair Dryer - Variant 3,Beauty,27.59,2,3,1,2024-11-24
U0023,P0087,Hair Dryer,Beauty,46.49,3,3,1,2024-12-24
U0023,P0084,Lipstick - Variant 3,Beauty,13.19,2,2,1,2024-03-22
U0023,P0149,Programming Guide,Books,35.7,1,2,1,2024-03-13
U0023,P0059,Non-stick Pan - Variant 2,Home & Kitchen,63.2,2,3,0,2024-03-27
U0023,P0085,Perfume,Beauty,30.06,2,3,0,2024-12-22
U0023,P0022,Webcam,Electronics,106.5,5,3,1,2024-06-02
U0023,P0091,Face Mask Set - Variant 2,Beauty,47.83,2,1,0,2024-08-25
U0023,P0143,Poetry Collection,Books,9.47,2,1,0,2024-07-03
U0023,P0095,Beard Trimmer - Variant 2,Beauty,23.23,3,3,1,2024-11-20
U0023,P0069,Storage Boxes - Variant 2,Home & Kitchen,55.29,2,1,0,2024-05-25
U0023,P0094,Beard Trimmer,Beauty,35.73,5,3,1,2024-09-15
U0024,P0008,Laptop Stand,Electronics,116.72,5,2,1,2024-04-25
U0024,P0018,Gaming Mouse - Variant 3,Electronics,81.58,4,3,1,2024-08-03
U0024,P0109,Water Bottle - Variant 2,Sports,45.64,4,2,0,2024-10-18
U0024,P0115,Tennis Racket - Variant 2,Sports,41.02,4,2,1,2024-04-03
U0024,P0100,Yoga Mat,Sports,36.49,5,2,0,2024-09-28
U0024,P0015,Power Bank - Variant 2,Electronics,95.82,5,2,1,2024-02-22
U0024,P0102,Dumbbell Set,Sports,36.13,4,3,0,2024-09-29
U0024,P0094,Beard Trimmer,Beauty,35.73,3,3,0,2024-08-30
U0024,P0017,Gaming Mouse - Variant 2,Electronics,95.82,3,2,1,2024-10-09
U0024,P0111,Football,Sports,37.24,4,3,1,2024-11-15
U0024,P0058,Non-stick Pan,Home & Kitchen,28.34,3,3,0,2024-01-31
U0024,P0021,Mechanical Keyboard - Variant 3,Electronics,87.99,3,3,1,2024-07-11
U0024,P0108,Water Bottle,Sports,48.44,2,2,0,2024-01-04
U0024,P0120,Skipping Rope,Sports,26.44,5,2,1,2024-10-11
U0024,P0123,Gym Bag - Variant 2,Sports,46.65,3,2,1,2024-03-19
U0024,P0106,Cycling Helmet,Sports,67.06,5,3,0,2024-06-18
U0024,P0110,Water Bottle - Variant 3,Sports,57.47,4,2,1,2024-09-15
U0024,P0008,Laptop Stand,Electronics,116.72,4,2,1,2024-11-26
U0024,P0073,Wall Clock,Home & Kitchen,81.51,2,2,0,2024-07-23
U0024,P0008,Laptop Stand,Electronics,116.72,3,2,1,2024-02-18
U0024,P0069,Storage Boxes - Variant 2,Home & Kitchen,55.29,3,3,0,2024-02-18
U0024,P0102,Dumbbell Set,Sports,36.13,5,2,1,2024-03-29
U0024,P0022,Webcam,Electronics,106.5,3,1,1,2024-04-17
U0024,P0104,Resistance Bands,Sports,54.92,3,1,0,2024-03-12
U0024,P0105,Resistance Bands - Variant 2,Sports,18.03,3,3,1,2024-05-08
U0024,P0005,Bluetooth Speaker - Variant 3,Electronics,53.78,3,3,0,2024-09-09
U0024,P0003,Bluetooth Speaker,Electronics,104.25,4,2,1,2024-03-25
U0024,P0032,Cotton T-Shirt - Variant 2,Fashion,36.35,1,3,0,2024-11-27
U0025,P0034,Leather Wallet - Variant 2,Fashion,29.12,3,2,0,2024-06-15
U0025,P0063,Vacuum Cleaner - Variant 2,Home & Kitchen,87.82,3,2,1,2024-03-25
U0025,P0059,Non-stick Pan - Variant 2,Home & Kitchen,63.2,5,2,1,2024-07-25
U0025,P0073,Wall Clock,Home & Kitchen,81.51,4,2,1,2024-04-09
U0025,P0144,Poetry Collection - Variant 2,Books,23.59,3,1,1,2024-08-24
U0025,P0073,Wall Clock,Home & Kitchen,81.51,4,3,1,2024-06-09
U0025,P0110,Water Bottle - Variant 3,Sports,57.47,4,3,0,2024-10-02
U0025,P0097,Body Lotion,Beauty,42.54,3,2,0,2024-08-30
U0025,P0073,Wall Clock,Home & Kitchen,81.51,4,3,0,2024-01-21
U0025,P0017,Gaming Mouse - Variant 2,Electronics,95.82,4,1,0,2024-09-08
U0025,P0030,Denim Jacket - Variant 2,Fashion,74.76,3,2,1,2024-08-29
U0025,P0140,Business Strategy Book - Variant 3,Books,14.32,4,3,1,2024-03-03
U0025,P0072,Cutlery Set - Variant 3,Home & Kitchen,83.94,3,2,1,2024-10-28
U0025,P0149,Programming Guide,Books,35.7,4,3,0,2024-10-23
U0025,P0013,USB-C Hub - Variant 3,Electronics,149.11,3,1,0,2024-10-09
U0025,P0133,Biography,Books,29.75,3,3,1,2024-12-07
U0025,P0067,Table Lamp - Variant 2,Home & Kitchen,105.23,4,2,0,2024-06-25
U0025,P0135,Sci-Fi Novel,Books,37.03,4,1,0,2024-07-01
U0025,P0023,Webcam - Variant 2,Electronics,79.6,4,2,0,2024-12-16
U0025,P0097,Body Lotion,Beauty,42.54,2,3,1,2024-11-17
U0025,P0144,Poetry Collection - Variant 2,Books,23.59,4,2,1,2024-08-13
U0025,P0146,History Book,Books,11.74,2,1,1,2024-11-14
U0025,P0131,Cookbook - Variant 2,Books,11.3,4,3,0,2024-04-22
U0025,P0134,Biography - Variant 2,Books,19.48,3,1,1,2024-05-10
U0025,P0150,Programming Guide - Variant 2,Books,12.92,4,3,1,2024-05-27
U0025,P0056,Coffee Maker - Variant 2,Home & Kitchen,39.05,4,1,1,2024-04-13
U0025,P0064,Bed Sheets Set,Home & Kitchen,92.94,2,2,1,2024-07-03
U0026,P0049,Sneakers - Variant 3,Fashion,55.64,3,2,1,2024-05-10
U0026,P0118,Fitness Tracker - Variant 2,Sports,32.35,4,3,0,2024-10-08
U0026,P0005,Bluetooth Speaker - Variant 3,Electronics,53.78,3,3,1,2024-08-01
U0026,P0006,Smartwatch,Electronics,88.35,4,1,1,2024-06-26
U0026,P0017,Gaming Mouse - Variant 2,Electronics,95.82,3,3,0,2024-03-07
U0026,P0087,Hair Dryer,Beauty,46.49,2,1,1,2024-11-13
U0026,P0007,Smartwatch - Variant 2,Electronics,74.04,4,3,1,2024-10-30
U0026,P0013,USB-C Hub - Variant 3,Electronics,149.11,5,2,0,2024-12-15
U0026,P0006,Smartwatch,Electronics,88.35,3,2,0,2024-05-11
U0026,P0002,Wireless Earbuds - Variant 2,Electronics,56.91,4,1,0,2024-04-11
U0026,P0003,Bluetooth Speaker,Electronics,104.25,3,3,1,2024-04-05
U0026,P0008,Laptop Stand,Electronics,116.72,3,3,1,2024-06-12
U0027,P0054,Air Fryer - Variant 2,Home & Kitchen,109.53,3,1,1,2024-02-16
U0027,P0123,Gym Bag - Variant 2,Sports,46.65,1,2,0,2024-04-25
U0027,P0066,Table Lamp,Home & Kitchen,82.67,4,2,1,2024-09-21
U0027,P0073,Wall Clock,Home & Kitchen,81.51,4,2,1,2024-09-13
U0027,P0071,Cutlery Set - Variant 2,Home & Kitchen,84.19,5,2,1,2024-07-26
U0027,P0061,Blender - Variant 2,Home & Kitchen,27.47,3,2,1,2024-09-12
U0027,P0066,Table Lamp,Home & Kitchen,82.67,3,2,1,2024-06-25
U0027,P0061,Blender - Variant 2,Home & Kitchen,27.47,4,1,0,2024-12-26
U0027,P0068,Storage Boxes,Home & Kitchen,80.29,3,3,0,2024-10-21
U0027,P0065,Bed Sheets Set - Variant 2,Home & Kitchen,33.33,3,1,0,2024-04-04
U0027,P0108,Water Bottle,Sports,48.44,4,3,1,2024-12-16
U0027,P0075,Wall Clock - Variant 3,Home & Kitchen,67.37,3,2,0,2024-10-14
U0027,P0067,Table Lamp - Variant 2,Home & Kitchen,105.23,4,2,1,2024-02-15
U0027,P0065,Bed Sheets Set - Variant 2,Home & Kitchen,33.33,3,1,1,2024-08-06
U0027,P0065,Bed Sheets Set - Variant 2,Home & Kitchen,33.33,5,2,1,2024-04-27
U0027,P0063,Vacuum Cleaner - Variant 2,Home & Kitchen,87.82,4,3,1,2024-02-11
U0027,P0065,Bed Sheets Set - Variant 2,Home & Kitchen,33.33,5,2,1,2024-02-25
U0027,P0064,Bed Sheets Set,Home & Kitchen,92.94,5,3,1,2024-09-29
U0027,P0065,Bed Sheets Set - Variant 2,Home & Kitchen,33.33,3,3,1,2024-12-28
U0027,P0060,Blender,Home & Kitchen,43.99,5,1,0,2024-12-14
U0027,P0066,Table Lamp,Home & Kitchen,82.67,3,2,1,2024-11-17
U0027,P0056,Coffee Maker - Variant 2,Home & Kitchen,39.05,3,2,0,2024-06-19
U0027,P0070,Cutlery Set,Home & Kitchen,58.7,4,1,1,2024-10-17
U0027,P0069,Storage Boxes - Variant 2,Home & Kitchen,55.29,4,1,1,2024-02-29
U0027,P0052,Winter Coat - Variant 3,Fashion,39.04,1,2,0,2024-12-16
U0028,P0065,Bed Sheets Set - Variant 2,Home & Kitchen,33.33,4,1,1,2024-11-06
U0028,P0074,Wall Clock - Variant 2,Home & Kitchen,102.86,4,2,1,2024-09-16
U0028,P0051,Winter Coat - Variant 2,Fashion,46.85,3,1,1,2024-04-16
U0028,P0035,Leather Wallet - Variant 3,Fashion,53.93,4,3,0,2024-09-28
U0028,P0058,Non-stick Pan,Home & Kitchen,28.34,3,2,1,2024-04-02
U0028,P0054,Air Fryer - Variant 2,Home & Kitchen,109.53,4,2,1,2024-04-30
U0028,P0084,Lipstick - Variant 3,Beauty,13.19,4,2,0,2024-06-30
U0028,P0075,Wall Clock - Variant 3,Home & Kitchen,67.37,4,3,1,2024-05-25
U0028,P0027,Running Shoes,Fashion,50.96,4,2,1,2024-09-06
U0028,P0073,Wall Clock,Home & Kitchen,81.51,4,2,1,2024-08-18
U0028,P0039,Wrist Watch - Variant 2,Fashion,41.73,4,3,1,2024-03-10
U0028,P0037,Sunglasses - Variant 2,Fashion,47.01,4,2,0,2024-06-09
U0028,P0059,Non-stick Pan - Variant 2,Home & Kitchen,63.2,4,2,1,2024-03-29
U0028,P0070,Cutlery Set,Home & Kitchen,58.7,5,1,1,2024-07-11
U0028,P0054,Air Fryer - Variant 2,Home & Kitchen,109.53,4,1,0,2024-01-02
U0028,P0060,Blender,Home & Kitchen,43.99,5,1,1,2024-02-28
U0028,P0058,Non-stick Pan,Home & Kitchen,28.34,4,1,1,2024-11-14
U0028,P0034,Leather Wallet - Variant 2,Fashion,29.12,2,1,1,2024-05-15
U0028,P0087,Hair Dryer,Beauty,46.49,1,1,1,2024-08-25
U0028,P0064,Bed Sheets Set,Home & Kitchen,92.94,3,1,1,2024-09-10
U0028,P0067,Table Lamp - Variant 2,Home & Kitchen,105.23,4,2,1,2024-09-27
U0028,P0063,Vacuum Cleaner - Variant 2,Home & Kitchen,87.82,4,1,1,2024-09-09
U0028,P0039,Wrist Watch - Variant 2,Fashion,41.73,4,1,1,2024-10-05
U0028,P0037,Sunglasses - Variant 2,Fashion,47.01,5,3,1,2024-04-25
U0028,P0039,Wrist Watch - Variant 2,Fashion,41.73,4,2,1,2024-03-08
U0028,P0035,Leather Wallet - Variant 3,Fashion,53.93,4,1,0,2024-05-28
U0028,P0031,Cotton T-Shirt,Fashion,22.06,5,3,1,2024-10-15
U0028,P0027,Running Shoes,Fashion,50.96,5,1,0,2024-12-29
U0028,P0056,Coffee Maker - Variant 2,Home & Kitchen,39.05,3,1,0,2024-02-17
U0029,P0036,Sunglasses,Fashion,32.53,2,3,1,2024-09-18
U0029,P0036,Sunglasses,Fashion,32.53,2,1,1,2024-08-24
U0029,P0131,Cookbook - Variant 2,Books,11.3,4,2,1,2024-07-10
U0029,P0050,Winter Coat,Fashion,42.63,3,3,1,2024-01-01
U0029,P0026,Tablet - Variant 3,Electronics,105.26,3,3,1,2024-11-11
U0029,P0082,Lipstick,Beauty,12.97,4,3,0,2024-08-04
U0029,P0033,Leather Wallet,Fashion,50.27,5,2,0,2024-07-29
U0029,P0036,Sunglasses,Fashion,32.53,5,3,0,2024-06-07
U0029,P0016,Gaming Mouse,Electronics,38.63,3,3,1,2024-05-11
U0029,P0041,Backpack,Fashion,58.75,4,2,0,2024-12-20
U0029,P0017,Gaming Mouse - Variant 2,Electronics,95.82,1,2,1,2024-05-19
U0029,P0041,Backpack,Fashion,58.75,5,3,0,2024-12-04
U0029,P0069,Storage Boxes - Variant 2,Home & Kitchen,55.29,2,2,0,2024-12-05
U0029,P0058,Non-stick Pan,Home & Kitchen,28.34,1,1,0,2024-08-12
U0029,P0027,Running Shoes,Fashion,50.96,3,2,0,2024-11-11
U0029,P0049,Sneakers - Variant 3,Fashion,55.64,3,3,1,2024-12-08
U0029,P0127,Self-Help Book,Books,13.13,3,2,0,2024-06-13
U0029,P0033,Leather Wallet,Fashion,50.27,3,2,1,2024-07-14
U0030,P0113,Football - Variant 3,Sports,36.42,3,1,0,2024-06-26
U0030,P0121,Skipping Rope - Variant 2,Sports,74.87,5,3,1,2024-04-22
U0030,P0102,Dumbbell Set,Sports,36.13,4,3,1,2024-07-12
U0030,P0014,Power Bank,Electronics,70.68,2,1,1,2024-04-14
U0030,P0011,USB-C Hub,Electronics,143.0,5,2,1,2024-04-23
U0030,P0078,Sunscreen SPF50,Beauty,33.33,5,3,0,2024-10-28
U0030,P0007,Smartwatch - Variant 2,Electronics,74.04,3,2,0,2024-09-21
U0030,P0045,Formal Shirt - Variant 2,Fashion,80.51,4,3,1,2024-04-30
U0030,P0103,Dumbbell Set - Variant 2,Sports,24.27,3,3,1,2024-02-09
U0031,P0107,Cycling Helmet - Variant 2,Sports,18.4,3,1,1,2024-05-24
U0031,P0107,Cycling Helmet - Variant 2,Sports,18.4,5,3,1,2024-10-08
U0031,P0114,Tennis Racket,Sports,49.81,5,3,0,2024-09-14
U0031,P0035,Leather Wallet - Variant 3,Fashion,53.93,2,3,1,2024-08-20
U0031,P0111,Football,Sports,37.24,3,2,1,2024-12-06
U0031,P0120,Skipping Rope,Sports,26.44,3,1,1,2024-05-03
U0031,P0118,Fitness Tracker - Variant 2,Sports,32.35,3,1,1,2024-08-26
U0031,P0121,Skipping Rope - Variant 2,Sports,74.87,4,2,1,2024-08-23
U0031,P0078,Sunscreen SPF50,Beauty,33.33,3,2,1,2024-12-18
U0031,P0081,Shampoo - Variant 2,Beauty,39.01,4,1,1,2024-10-18
U0031,P0122,Gym Bag,Sports,52.75,2,1,0,2024-03-15
U0031,P0113,Football - Variant 3,Sports,36.42,4,1,0,2024-12-29
U0031,P0120,Skipping Rope,Sports,26.44,5,3,1,2024-04-30
U0031,P0113,Football - Variant 3,Sports,36.42,4,1,1,2024-02-16
U0031,P0103,Dumbbell Set - Variant 2,Sports,24.27,3,1,1,2024-07-23
U0032,P0059,Non-stick Pan - Variant 2,Home & Kitchen,63.2,4,2,1,2024-08-18
U0032,P0068,Storage Boxes,Home & Kitchen,80.29,5,3,1,2024-08-09
U0032,P0054,Air Fryer - Variant 2,Home & Kitchen,109.53,4,3,0,2024-06-16
U0032,P0064,Bed Sheets Set,Home & Kitchen,92.94,3,1,1,2024-10-15
U0032,P0066,Table Lamp,Home & Kitchen,82.67,2,3,1,2024-12-16
U0032,P0065,Bed Sheets Set - Variant 2,Home & Kitchen,33.33,4,2,1,2024-07-02
U0032,P0065,Bed Sheets Set - Variant 2,Home & Kitchen,33.33,2,1,1,2024-07-21
U0032,P0073,Wall Clock,Home & Kitchen,81.51,3,1,1,2024-01-31
U0032,P0061,Blender - Variant 2,Home & Kitchen,27.47,3,1,1,2024-12-02
U0032,P0059,Non-stick Pan - Variant 2,Home & Kitchen,63.2,4,3,0,2024-07-23
U0032,P0071,Cutlery Set - Variant 2,Home & Kitchen,84.19,3,2,1,2024-03-10
U0032,P0059,Non-stick Pan - Variant 2,Home & Kitchen,63.2,2,2,1,2024-03-21
U0032,P0064,Bed Sheets Set,Home & Kitchen,92.94,3,3,1,2024-10-19
U0032,P0075,Wall Clock - Variant 3,Home & Kitchen,67.37,5,1,1,2024-09-21
U0032,P0013,USB-C Hub - Variant 3,Electronics,149.11,2,2,0,2024-05-16
U0032,P0068,Storage Boxes,Home & Kitchen,80.29,3,2,0,2024-12-22
U0032,P0069,Storage Boxes - Variant 2,Home & Kitchen,55.29,3,2,1,2024-11-22
U0032,P0061,Blender - Variant 2,Home & Kitchen,27.47,3,2,1,2024-05-29
U0032,P0075,Wall Clock - Variant 3,Home & Kitchen,67.37,4,3,1,2024-04-12
U0032,P0065,Bed Sheets Set - Variant 2,Home & Kitchen,33.33,2,3,0,2024-05-01
U0032,P0055,Coffee Maker,Home & Kitchen,73.4,2,2,1,2024-11-03
U0032,P0055,Coffee Maker,Home & Kitchen,73.4,4,3,1,2024-09-16
U0032,P0074,Wall Clock - Variant 2,Home & Kitchen,102.86,4,3,1,2024-09-13
U0032,P0085,Perfume,Beauty,30.06,3,3,0,2024-08-22
U0032,P0006,Smartwatch,Electronics,88.35,2,1,0,2024-07-16
U0032,P0054,Air Fryer - Variant 2,Home & Kitchen,109.53,3,3,1,2024-06-08
U0032,P0091,Face Mask Set - Variant 2,Beauty,47.83,2,3,0,2024-02-26
U0032,P0055,Coffee Maker,Home & Kitchen,73.4,3,1,1,2024-08-16
U0032,P0054,Air Fryer - Variant 2,Home & Kitchen,109.53,3,1,1,2024-09-21
U0032,P0069,Storage Boxes - Variant 2,Home & Kitchen,55.29,3,2,1,2024-08-24
U0032,P0070,Cutlery Set,Home & Kitchen,58.7,4,1,1,2024-12-13
U0032,P0068,Storage Boxes,Home & Kitchen,80.29,3,2,0,2024-05-26
U0033,P0128,Self-Help Book - Variant 2,Books,22.95,5,2,1,2024-01-16
U0033,P0132,Cookbook - Variant 3,Books,19.54,5,2,1,2024-05-20
U0033,P0122,Gym Bag,Sports,52.75,2,3,1,2024-04-26
U0033,P0087,Hair Dryer,Beauty,46.49,2,1,1,2024-07-03
U0033,P0115,Tennis Racket - Variant 2,Sports,41.02,4,2,1,2024-12-29
U0033,P0012,USB-C Hub - Variant 2,Electronics,36.09,3,3,0,2024-06-04
U0033,P0123,Gym Bag - Variant 2,Sports,46.65,2,1,1,2024-01-15
U0033,P0121,Skipping Rope - Variant 2,Sports,74.87,2,3,1,2024-01-23
U0033,P0141,Children's Storybook,Books,33.46,4,3,1,2024-09-01
U0033,P0100,Yoga Mat,Sports,36.49,5,3,1,2024-09-02
U0033,P0143,Poetry Collection,Books,9.47,2,3,0,2024-06-06
U0033,P0101,Yoga Mat - Variant 2,Sports,24.96,4,1,1,2024-05-14
U0033,P0129,Self-Help Book - Variant 3,Books,37.09,3,3,1,2024-09-23
U0033,P0073,Wall Clock,Home & Kitchen,81.51,3,2,0,2024-03-19
U0033,P0127,Self-Help Book,Books,13.13,3,3,1,2024-05-29
U0033,P0019,Mechanical Keyboard,Electronics,69.3,1,1,0,2024-08-21
U0033,P0119,Fitness Tracker - Variant 3,Sports,46.34,4,1,1,2024-12-08
U0033,P0118,Fitness Tracker - Variant 2,Sports,32.35,2,3,1,2024-08-09
U0033,P0113,Football - Variant 3,Sports,36.42,4,3,1,2024-10-08
U0033,P0132,Cookbook - Variant 3,Books,19.54,4,3,1,2024-12-24
U0033,P0121,Skipping Rope - Variant 2,Sports,74.87,3,3,1,2024-07-29
U0033,P0128,Self-Help Book - Variant 2,Books,22.95,3,2,1,2024-09-01
U0033,P0104,Resistance Bands,Sports,54.92,4,3,0,2024-03-21
U0033,P0073,Wall Clock,Home & Kitchen,81.51,3,2,0,2024-10-02
U0033,P0116,Tennis Racket - Variant 3,Sports,21.7,3,2,1,2024-11-08
U0033,P0100,Yoga Mat,Sports,36.49,4,3,0,2024-11-20
U0034,P0067,Table Lamp - Variant 2,Home & Kitchen,105.23,3,2,0,2024-05-22
U0034,P0074,Wall Clock - Variant 2,Home & Kitchen,102.86,4,1,1,2024-06-14
U0034,P0025,Tablet - Variant 2,Electronics,41.3,1,2,0,2024-10-10
U0034,P0136,Sci-Fi Novel - Variant 2,Books,20.37,3,1,0,2024-01-27
U0034,P0073,Wall Clock,Home & Kitchen,81.51,3,1,1,2024-11-09
U0034,P0064,Bed Sheets Set,Home & Kitchen,92.94,4,1,1,2024-07-14
U0034,P0109,Water Bottle - Variant 2,Sports,45.64,4,3,0,2024-06-24
U0034,P0074,Wall Clock - Variant 2,Home & Kitchen,102.86,3,3,1,2024-01-08
U0034,P0072,Cutlery Set - Variant 3,Home & Kitchen,83.94,3,2,1,2024-10-17
U0034,P0098,Body Lotion - Variant 2,Beauty,19.09,4,3,0,2024-09-22
U0034,P0043,Backpack - Variant 3,Fashion,77.01,3,3,1,2024-08-20
U0034,P0033,Leather Wallet,Fashion,50.27,3,1,1,2024-05-05
U0034,P0134,Biography - Variant 2,Books,19.48,4,1,0,2024-02-16
U0034,P0067,Table Lamp - Variant 2,Home & Kitchen,105.23,4,3,1,2024-10-12
U0034,P0061,Blender - Variant 2,Home & Kitchen,27.47,5,2,1,2024-08-01
U0034,P0034,Leather Wallet - Variant 2,Fashion,29.12,3,2,0,2024-10-26
U0034,P0050,Winter Coat,Fashion,42.63,5,1,1,2024-09-19
U0034,P0033,Leather Wallet,Fashion,50.27,5,1,1,2024-05-04
U0034,P0144,Poetry Collection - Variant 2,Books,23.59,2,3,1,2024-03-19
U0034,P0001,Wireless Earbuds,Electronics,126.81,2,3,0,2024-11-25
U0034,P0047,Sneakers,Fashion,42.71,3,1,1,2024-10-07
U0034,P0074,Wall Clock - Variant 2,Home & Kitchen,102.86,4,3,0,2024-02-08
U0035,P0053,Air Fryer,Home & Kitchen,77.17,3,1,0,2024-05-23
U0035,P0054,Air Fryer - Variant 2,Home & Kitchen,109.53,1,2,1,2024-01-23
U0035,P0004,Bluetooth Speaker - Variant 2,Electronics,53.79,3,3,0,2024-10-25
U0035,P0005,Bluetooth Speaker - Variant 3,Electronics,53.78,5,1,1,2024-07-07
U0035,P0062,Vacuum Cleaner,Home & Kitchen,44.0,3,3,1,2024-10-09
U0035,P0084,Lipstick - Variant 3,Beauty,13.19,2,3,0,2024-12-02
U0035,P0054,Air Fryer - Variant 2,Home & Kitchen,109.53,3,2,1,2024-05-27
U0035,P0070,Cutlery Set,Home & Kitchen,58.7,3,3,1,2024-07-03
U0035,P0061,Blender - Variant 2,Home & Kitchen,27.47,2,3,1,2024-04-05
U0035,P0056,Coffee Maker - Variant 2,Home & Kitchen,39.05,3,3,1,2024-06-02
U0035,P0072,Cutlery Set - Variant 3,Home & Kitchen,83.94,5,2,0,2024-08-25
U0035,P0066,Table Lamp,Home & Kitchen,82.67,4,3,1,2024-02-03
U0036,P0017,Gaming Mouse - Variant 2,Electronics,95.82,4,1,1,2024-12-23
U0036,P0021,Mechanical Keyboard - Variant 3,Electronics,87.99,4,3,1,2024-01-17
U0036,P0010,Laptop Stand - Variant 3,Electronics,146.57,2,1,1,2024-04-25
U0036,P0017,Gaming Mouse - Variant 2,Electronics,95.82,3,1,1,2024-05-06
U0036,P0001,Wireless Earbuds,Electronics,126.81,4,1,1,2024-06-18
U0036,P0007,Smartwatch - Variant 2,Electronics,74.04,2,1,1,2024-04-22
U0036,P0015,Power Bank - Variant 2,Electronics,95.82,5,2,1,2024-12-08
U0036,P0020,Mechanical Keyboard - Variant 2,Electronics,77.77,4,3,1,2024-09-26
U0036,P0012,USB-C Hub - Variant 2,Electronics,36.09,2,2,1,2024-08-17
U0036,P0026,Tablet - Variant 3,Electronics,105.26,3,3,1,2024-10-13
U0036,P0002,Wireless Earbuds - Variant 2,Electronics,56.91,4,3,1,2024-06-01
U0036,P0084,Lipstick - Variant 3,Beauty,13.19,2,2,0,2024-05-11
U0036,P0005,Bluetooth Speaker - Variant 3,Electronics,53.78,5,2,1,2024-03-16
U0036,P0005,Bluetooth Speaker - Variant 3,Electronics,53.78,3,1,1,2024-10-25
U0036,P0019,Mechanical Keyboard,Electronics,69.3,3,3,1,2024-05-05
U0036,P0054,Air Fryer - Variant 2,Home & Kitchen,109.53,5,3,0,2024-10-01
U0036,P0004,Bluetooth Speaker - Variant 2,Electronics,53.79,2,3,1,2024-07-13
U0036,P0142,Children's Storybook - Variant 2,Books,18.29,4,1,1,2024-09-13
U0036,P0008,Laptop Stand,Electronics,116.72,4,1,1,2024-02-14
U0036,P0025,Tablet - Variant 2,Electronics,41.3,5,2,1,2024-10-04
U0036,P0002,Wireless Earbuds - Variant 2,Electronics,56.91,5,3,1,2024-02-03
U0036,P0016,Gaming Mouse,Electronics,38.63,3,3,1,2024-10-14
U0036,P0016,Gaming Mouse,Electronics,38.63,3,2,1,2024-02-27
U0036,P0038,Wrist Watch,Fashion,65.06,3,1,1,2024-07-31
U0036,P0101,Yoga Mat - Variant 2,Sports,24.96,2,3,1,2024-12-18
U0036,P0044,Formal Shirt,Fashion,83.48,3,3,0,2024-06-21
U0036,P0010,Laptop Stand - Variant 3,Electronics,146.57,5,3,1,2024-10-11
U0036,P0024,Tablet,Electronics,103.54,3,1,1,2024-04-01
U0036,P0150,Programming Guide - Variant 2,Books,12.92,2,3,0,2024-01-19
U0036,P0141,Children's Storybook,Books,33.46,2,2,0,2024-08-09
U0036,P0126,Mystery Novel - Variant 3,Books,27.08,3,3,0,2024-06-27
U0036,P0001,Wireless Earbuds,Electronics,126.81,5,1,0,2024-11-19
U0036,P0003,Bluetooth Speaker,Electronics,104.25,2,3,1,2024-05-16
U0036,P0021,Mechanical Keyboard - Variant 3,Electronics,87.99,5,3,1,2024-09-27
U0036,P0003,Bluetooth Speaker,Electronics,104.25,5,3,1,2024-12-18
U0036,P0096,Beard Trimmer - Variant 3,Beauty,16.01,2,1,1,2024-11-13
U0036,P0012,USB-C Hub - Variant 2,Electronics,36.09,4,2,0,2024-04-11
U0037,P0115,Tennis Racket - Variant 2,Sports,41.02,4,2,1,2024-05-17
U0037,P0120,Skipping Rope,Sports,26.44,4,3,1,2024-05-18
U0037,P0110,Water Bottle - Variant 3,Sports,57.47,3,3,1,2024-11-19
U0037,P0118,Fitness Tracker - Variant 2,Sports,32.35,3,1,1,2024-07-23
U0037,P0027,Running Shoes,Fashion,50.96,2,3,0,2024-10-26
U0037,P0107,Cycling Helmet - Variant 2,Sports,18.4,5,2,1,2024-01-09
U0037,P0101,Yoga Mat - Variant 2,Sports,24.96,2,3,1,2024-04-25
U0037,P0117,Fitness Tracker,Sports,72.86,5,2,1,2024-01-18
U0037,P0122,Gym Bag,Sports,52.75,3,1,1,2024-09-14
U0037,P0123,Gym Bag - Variant 2,Sports,46.65,3,3,1,2024-05-15
U0037,P0106,Cycling Helmet,Sports,67.06,4,3,0,2024-02-16
U0037,P0109,Water Bottle - Variant 2,Sports,45.64,3,1,0,2024-12-29
U0037,P0120,Skipping Rope,Sports,26.44,2,3,1,2024-06-06
U0037,P0119,Fitness Tracker - Variant 3,Sports,46.34,4,1,1,2024-10-23
U0037,P0106,Cycling Helmet,Sports,67.06,4,1,1,2024-05-23
U0037,P0114,Tennis Racket,Sports,49.81,4,1,1,2024-09-18
U0037,P0108,Water Bottle,Sports,48.44,5,1,1,2024-10-25
U0037,P0112,Football - Variant 2,Sports,71.75,3,2,1,2024-02-22
U0037,P0109,Water Bottle - Variant 2,Sports,45.64,5,3,1,2024-09-28
U0037,P0114,Tennis Racket,Sports,49.81,4,1,1,2024-10-31
U0037,P0087,Hair Dryer,Beauty,46.49,1,1,0,2024-01-24
U0037,P0121,Skipping Rope - Variant 2,Sports,74.87,4,2,0,2024-03-22
U0037,P0073,Wall Clock,Home & Kitchen,81.51,2,2,1,2024-11-16
U0037,P0134,Biography - Variant 2,Books,19.48,2,3,0,2024-10-27
U0037,P0111,Football,Sports,37.24,3,2,0,2024-08-01
U0037,P0094,Beard Trimmer,Beauty,35.73,1,3,1,2024-03-11
U0037,P0120,Skipping Rope,Sports,26.44,4,1,0,2024-10-29
U0037,P0111,Football,Sports,37.24,4,3,1,2024-12-06
U0037,P0123,Gym Bag - Variant 2,Sports,46.65,3,3,0,2024-11-09
U0037,P0007,Smartwatch - Variant 2,Electronics,74.04,3,2,0,2024-07-17
U0037,P0111,Football,Sports,37.24,5,1,1,2024-01-17
U0037,P0123,Gym Bag - Variant 2,Sports,46.65,3,1,1,2024-02-06
U0037,P0108,Water Bottle,Sports,48.44,3,2,1,2024-05-28
U0037,P0119,Fitness Tracker - Variant 3,Sports,46.34,3,2,1,2024-09-10
U0037,P0011,USB-C Hub,Electronics,143.0,2,1,1,2024-04-23
U0037,P0117,Fitness Tracker,Sports,72.86,5,1,1,2024-12-08
U0037,P0116,Tennis Racket - Variant 3,Sports,21.7,4,2,0,2024-09-13
U0037,P0031,Cotton T-Shirt,Fashion,22.06,1,2,0,2024-07-03
U0038,P0098,Body Lotion - Variant 2,Beauty,19.09,3,3,1,2024-09-18
U0038,P0056,Coffee Maker - Variant 2,Home & Kitchen,39.05,4,1,0,2024-12-12
U0038,P0085,Perfume,Beauty,30.06,4,2,1,2024-06-14
U0038,P0080,Shampoo,Beauty,13.54,2,2,1,2024-04-11
U0038,P0078,Sunscreen SPF50,Beauty,33.33,4,2,1,2024-10-23
U0038,P0059,Non-stick Pan - Variant 2,Home & Kitchen,63.2,5,3,1,2024-02-16
U0038,P0077,Face Moisturizer - Variant 2,Beauty,44.26,4,2,1,2024-07-13
U0038,P0133,Biography,Books,29.75,1,3,0,2024-09-21
U0038,P0030,Denim Jacket - Variant 2,Fashion,74.76,2,2,1,2024-09-09
U0038,P0074,Wall Clock - Variant 2,Home & Kitchen,102.86,4,2,1,2024-06-23
U0038,P0085,Perfume,Beauty,30.06,4,2,1,2024-04-18
U0038,P0084,Lipstick - Variant 3,Beauty,13.19,5,1,1,2024-03-10
U0038,P0090,Face Mask Set,Beauty,19.72,4,3,1,2024-11-06
U0038,P0051,Winter Coat - Variant 2,Fashion,46.85,1,3,0,2024-10-17
U0038,P0054,Air Fryer - Variant 2,Home & Kitchen,109.53,5,1,1,2024-08-19
U0038,P0091,Face Mask Set - Variant 2,Beauty,47.83,4,1,0,2024-07-06
U0038,P0098,Body Lotion - Variant 2,Beauty,19.09,4,3,1,2024-02-18
U0038,P0060,Blender,Home & Kitchen,43.99,3,1,1,2024-05-25
U0038,P0059,Non-stick Pan - Variant 2,Home & Kitchen,63.2,4,3,1,2024-08-03
U0038,P0044,Formal Shirt,Fashion,83.48,2,2,0,2024-09-09
U0038,P0142,Children's Storybook - Variant 2,Books,18.29,1,1,0,2024-02-03
U0038,P0054,Air Fryer - Variant 2,Home & Kitchen,109.53,3,2,1,2024-04-18
U0038,P0075,Wall Clock - Variant 3,Home & Kitchen,67.37,4,1,0,2024-02-27
U0038,P0064,Bed Sheets Set,Home & Kitchen,92.94,3,2,1,2024-05-05
U0038,P0097,Body Lotion,Beauty,42.54,5,2,1,2024-01-05
U0038,P0056,Coffee Maker - Variant 2,Home & Kitchen,39.05,2,1,1,2024-04-11
U0038,P0098,Body Lotion - Variant 2,Beauty,19.09,4,3,0,2024-01-21
U0038,P0020,Mechanical Keyboard - Variant 2,Electronics,77.77,4,1,0,2024-11-14
U0038,P0070,Cutlery Set,Home & Kitchen,58.7,4,2,1,2024-12-15
U0038,P0058,Non-stick Pan,Home & Kitchen,28.34,2,2,1,2024-01-19
U0038,P0071,Cutlery Set - Variant 2,Home & Kitchen,84.19,3,1,1,2024-06-29
U0038,P0149,Programming Guide,Books,35.7,1,3,0,2024-09-20
U0038,P0078,Sunscreen SPF50,Beauty,33.33,4,2,1,2024-02-14
U0038,P0064,Bed Sheets Set,Home & Kitchen,92.94,4,3,1,2024-01-12
U0038,P0065,Bed Sheets Set - Variant 2,Home & Kitchen,33.33,4,2,1,2024-02-17
U0039,P0075,Wall Clock - Variant 3,Home & Kitchen,67.37,4,3,1,2024-09-15
U0039,P0072,Cutlery Set - Variant 3,Home & Kitchen,83.94,4,2,1,2024-02-06
U0039,P0058,Non-stick Pan,Home & Kitchen,28.34,2,2,0,2024-02-02
U0039,P0062,Vacuum Cleaner,Home & Kitchen,44.0,5,2,1,2024-05-14
U0039,P0071,Cutlery Set - Variant 2,Home & Kitchen,84.19,3,1,1,2024-11-10
U0039,P0055,Coffee Maker,Home & Kitchen,73.4,4,2,1,2024-06-16
U0039,P0055,Coffee Maker,Home & Kitchen,73.4,4,2,1,2024-09-28
U0039,P0023,Webcam - Variant 2,Electronics,79.6,1,3,0,2024-05-16
U0039,P0071,Cutlery Set - Variant 2,Home & Kitchen,84.19,3,1,1,2024-10-17
U0039,P0074,Wall Clock - Variant 2,Home & Kitchen,102.86,3,3,0,2024-08-23
U0039,P0074,Wall Clock - Variant 2,Home & Kitchen,102.86,2,3,0,2024-02-20
U0039,P0060,Blender,Home & Kitchen,43.99,5,2,1,2024-12-16
U0039,P0053,Air Fryer,Home & Kitchen,77.17,4,1,1,2024-04-01
U0039,P0058,Non-stick Pan,Home & Kitchen,28.34,2,2,0,2024-03-20
U0039,P0053,Air Fryer,Home & Kitchen,77.17,2,2,1,2024-05-05
U0039,P0054,Air Fryer - Variant 2,Home & Kitchen,109.53,4,2,1,2024-11-11
U0039,P0028,Running Shoes - Variant 2,Fashion,21.88,1,2,1,2024-02-21
U0039,P0059,Non-stick Pan - Variant 2,Home & Kitchen,63.2,3,3,0,2024-09-03
U0040,P0136,Sci-Fi Novel - Variant 2,Books,20.37,2,3,1,2024-08-29
U0040,P0147,History Book - Variant 2,Books,35.8,4,1,1,2024-12-16
U0040,P0141,Children's Storybook,Books,33.46,3,1,1,2024-05-17
U0040,P0067,Table Lamp - Variant 2,Home & Kitchen,105.23,3,3,0,2024-06-04
U0040,P0141,Children's Storybook,Books,33.46,1,2,0,2024-06-09
U0040,P0146,History Book,Books,11.74,5,1,0,2024-07-01
U0040,P0074,Wall Clock - Variant 2,Home & Kitchen,102.86,5,3,1,2024-02-26
U0040,P0071,Cutlery Set - Variant 2,Home & Kitchen,84.19,5,3,0,2024-04-09
U0040,P0064,Bed Sheets Set,Home & Kitchen,92.94,3,2,0,2024-11-23
U0040,P0025,Tablet - Variant 2,Electronics,41.3,3,3,1,2024-11-01
U0040,P0133,Biography,Books,29.75,2,2,1,2024-11-30
U0040,P0147,History Book - Variant 2,Books,35.8,4,3,0,2024-08-05
U0040,P0064,Bed Sheets Set,Home & Kitchen,92.94,3,2,1,2024-12-11
U0040,P0056,Coffee Maker - Variant 2,Home & Kitchen,39.05,5,1,0,2024-04-15
U0040,P0021,Mechanical Keyboard - Variant 3,Electronics,87.99,2,3,0,2024-04-10
U0040,P0132,Cookbook - Variant 3,Books,19.54,4,1,1,2024-10-05
U0040,P0139,Business Strategy Book - Variant 2,Books,18.14,5,2,1,2024-01-05
U0040,P0053,Air Fryer,Home & Kitchen,77.17,3,3,1,2024-01-06
U0041,P0070,Cutlery Set,Home & Kitchen,58.7,1,1,0,2024-09-12
U0041,P0052,Winter Coat - Variant 3,Fashion,39.04,4,2,1,2024-01-25
U0041,P0060,Blender,Home & Kitchen,43.99,3,1,1,2024-11-19
U0041,P0046,Formal Shirt - Variant 3,Fashion,60.76,3,2,1,2024-05-06
U0041,P0047,Sneakers,Fashion,42.71,3,2,1,2024-08-14
U0041,P0037,Sunglasses - Variant 2,Fashion,47.01,5,2,0,2024-09-14
U0041,P0069,Storage Boxes - Variant 2,Home & Kitchen,55.29,4,3,1,2024-07-13
U0041,P0071,Cutlery Set - Variant 2,Home & Kitchen,84.19,3,2,1,2024-02-24
U0041,P0013,USB-C Hub - Variant 3,Electronics,149.11,3,2,1,2024-11-23
U0041,P0041,Backpack,Fashion,58.75,3,2,1,2024-09-24
U0041,P0037,Sunglasses - Variant 2,Fashion,47.01,3,1,1,2024-07-28
U0041,P0045,Formal Shirt - Variant 2,Fashion,80.51,5,2,1,2024-10-09
U0041,P0052,Winter Coat - Variant 3,Fashion,39.04,5,1,1,2024-07-31
U0041,P0008,Laptop Stand,Electronics,116.72,3,1,0,2024-04-20
U0041,P0025,Tablet - Variant 2,Electronics,41.3,4,1,0,2024-06-14
U0041,P0037,Sunglasses - Variant 2,Fashion,47.01,3,2,1,2024-07-21
U0041,P0052,Winter Coat - Variant 3,Fashion,39.04,4,2,1,2024-10-06
U0041,P0107,Cycling Helmet - Variant 2,Sports,18.4,2,2,1,2024-12-07
U0041,P0046,Formal Shirt - Variant 3,Fashion,60.76,5,2,0,2024-03-03
U0041,P0073,Wall Clock,Home & Kitchen,81.51,3,3,1,2024-10-18
U0041,P0038,Wrist Watch,Fashion,65.06,4,2,1,2024-11-14
U0041,P0046,Formal Shirt - Variant 3,Fashion,60.76,4,3,0,2024-08-10
U0041,P0072,Cutlery Set - Variant 3,Home & Kitchen,83.94,4,1,1,2024-10-07
U0041,P0029,Denim Jacket,Fashion,85.21,2,1,0,2024-11-06
U0041,P0041,Backpack,Fashion,58.75,2,1,1,2024-07-20
U0041,P0075,Wall Clock - Variant 3,Home & Kitchen,67.37,2,2,1,2024-06-29
U0041,P0043,Backpack - Variant 3,Fashion,77.01,4,3,1,2024-09-10
U0041,P0055,Coffee Maker,Home & Kitchen,73.4,4,2,0,2024-01-24
U0041,P0132,Cookbook - Variant 3,Books,19.54,1,3,0,2024-10-16
U0041,P0035,Leather Wallet - Variant 3,Fashion,53.93,3,3,1,2024-06-16
U0041,P0047,Sneakers,Fashion,42.71,5,1,1,2024-02-25
U0042,P0024,Tablet,Electronics,103.54,3,1,1,2024-10-01
U0042,P0057,Coffee Maker - Variant 3,Home & Kitchen,95.59,3,1,1,2024-10-04
U0042,P0014,Power Bank,Electronics,70.68,1,1,1,2024-01-01
U0042,P0026,Tablet - Variant 3,Electronics,105.26,3,2,0,2024-06-29
U0042,P0026,Tablet - Variant 3,Electronics,105.26,5,2,0,2024-05-25
U0042,P0014,Power Bank,Electronics,70.68,2,3,0,2024-06-29
U0042,P0026,Tablet - Variant 3,Electronics,105.26,4,1,1,2024-06-15
U0042,P0027,Running Shoes,Fashion,50.96,2,2,1,2024-11-28
U0042,P0008,Laptop Stand,Electronics,116.72,2,2,0,2024-06-10
U0042,P0065,Bed Sheets Set - Variant 2,Home & Kitchen,33.33,2,3,0,2024-07-18
U0042,P0007,Smartwatch - Variant 2,Electronics,74.04,5,1,1,2024-02-05
U0042,P0025,Tablet - Variant 2,Electronics,41.3,1,3,1,2024-08-18
U0042,P0066,Table Lamp,Home & Kitchen,82.67,4,1,0,2024-04-01
U0042,P0003,Bluetooth Speaker,Electronics,104.25,3,3,0,2024-07-18
U0042,P0005,Bluetooth Speaker - Variant 3,Electronics,53.78,4,1,0,2024-09-16
U0042,P0019,Mechanical Keyboard,Electronics,69.3,4,3,0,2024-03-24
U0042,P0023,Webcam - Variant 2,Electronics,79.6,5,1,1,2024-04-19
U0042,P0001,Wireless Earbuds,Electronics,126.81,4,2,1,2024-08-02
U0042,P0013,USB-C Hub - Variant 3,Electronics,149.11,5,1,0,2024-09-13
U0042,P0006,Smartwatch,Electronics,88.35,3,3,1,2024-03-12
U0042,P0014,Power Bank,Electronics,70.68,4,3,1,2024-09-16
U0042,P0115,Tennis Racket - Variant 2,Sports,41.02,2,1,0,2024-03-15
U0042,P0005,Bluetooth Speaker - Variant 3,Electronics,53.78,4,1,1,2024-12-10
U0042,P0013,USB-C Hub - Variant 3,Electronics,149.11,4,1,1,2024-10-12
U0042,P0065,Bed Sheets Set - Variant 2,Home & Kitchen,33.33,2,1,0,2024-08-08
U0042,P0003,Bluetooth Speaker,Electronics,104.25,4,3,0,2024-08-10
U0042,P0023,Webcam - Variant 2,Electronics,79.6,3,1,1,2024-01-16
U0042,P0023,Webcam - Variant 2,Electronics,79.6,4,1,1,2024-08-25
U0042,P0079,Sunscreen SPF50 - Variant 2,Beauty,41.3,3,1,1,2024-07-05
U0042,P0014,Power Bank,Electronics,70.68,3,3,0,2024-01-05
U0042,P0015,Power Bank - Variant 2,Electronics,95.82,3,1,1,2024-12-21
U0042,P0020,Mechanical Keyboard - Variant 2,Electronics,77.77,5,3,1,2024-04-21
U0042,P0004,Bluetooth Speaker - Variant 2,Electronics,53.79,4,1,1,2024-01-19
U0042,P0019,Mechanical Keyboard,Electronics,69.3,4,3,1,2024-06-05
U0042,P0070,Cutlery Set,Home & Kitchen,58.7,3,2,1,2024-06-15
U0042,P0011,USB-C Hub,Electronics,143.0,2,1,0,2024-02-05
U0042,P0021,Mechanical Keyboard - Variant 3,Electronics,87.99,3,1,1,2024-12-21
U0042,P0016,Gaming Mouse,Electronics,38.63,3,2,1,2024-09-14
U0042,P0022,Webcam,Electronics,106.5,4,1,1,2024-03-31
U0043,P0138,Business Strategy Book,Books,32.81,2,2,1,2024-04-10
U0043,P0086,Perfume - Variant 2,Beauty,33.4,4,3,1,2024-03-17
U0043,P0092,Nail Polish Kit,Beauty,23.01,2,1,1,2024-05-16
U0043,P0146,History Book,Books,11.74,4,3,1,2024-01-22
U0043,P0077,Face Moisturizer - Variant 2,Beauty,44.26,2,2,1,2024-05-01
U0043,P0113,Football - Variant 3,Sports,36.42,4,2,1,2024-10-13
U0043,P0088,Hair Dryer - Variant 2,Beauty,21.47,4,3,1,2024-01-25
U0043,P0147,History Book - Variant 2,Books,35.8,3,2,0,2024-04-01
U0043,P0134,Biography - Variant 2,Books,19.48,4,3,0,2024-02-09
U0043,P0140,Business Strategy Book - Variant 3,Books,14.32,4,2,1,2024-10-14
U0043,P0021,Mechanical Keyboard - Variant 3,Electronics,87.99,3,1,0,2024-07-16
U0043,P0002,Wireless Earbuds - Variant 2,Electronics,56.91,2,3,0,2024-06-29
U0043,P0014,Power Bank,Electronics,70.68,4,2,1,2024-10-12
U0043,P0133,Biography,Books,29.75,4,2,1,2024-01-01
U0043,P0079,Sunscreen SPF50 - Variant 2,Beauty,41.3,5,3,1,2024-02-26
U0043,P0128,Self-Help Book - Variant 2,Books,22.95,5,3,1,2024-09-24
U0043,P0007,Smartwatch - Variant 2,Electronics,74.04,3,3,0,2024-12-18
U0043,P0079,Sunscreen SPF50 - Variant 2,Beauty,41.3,5,3,1,2024-08-28
U0043,P0081,Shampoo - Variant 2,Beauty,39.01,4,3,1,2024-07-26
U0043,P0143,Poetry Collection,Books,9.47,5,2,1,2024-09-29
U0043,P0138,Business Strategy Book,Books,32.81,3,1,1,2024-11-07
U0043,P0113,Football - Variant 3,Sports,36.42,2,1,0,2024-06-25
U0043,P0136,Sci-Fi Novel - Variant 2,Books,20.37,2,1,1,2024-09-23
U0043,P0118,Fitness Tracker - Variant 2,Sports,32.35,2,1,1,2024-12-02
U0043,P0088,Hair Dryer - Variant 2,Beauty,21.47,4,1,1,2024-05-25
U0043,P0053,Air Fryer,Home & Kitchen,77.17,2,1,0,2024-10-12
U0043,P0138,Business Strategy Book,Books,32.81,4,2,0,2024-04-03
U0044,P0058,Non-stick Pan,Home & Kitchen,28.34,3,2,1,2024-10-06
U0044,P0129,Self-Help Book - Variant 3,Books,37.09,2,2,1,2024-10-15
U0044,P0035,Leather Wallet - Variant 3,Fashion,53.93,4,3,1,2024-06-04
U0044,P0064,Bed Sheets Set,Home & Kitchen,92.94,2,1,1,2024-11-06
U0044,P0046,Formal Shirt - Variant 3,Fashion,60.76,4,3,1,2024-02-19
U0044,P0052,Winter Coat - Variant 3,Fashion,39.04,2,1,1,2024-05-04
U0044,P0035,Leather Wallet - Variant 3,Fashion,53.93,4,2,1,2024-05-15
U0044,P0051,Winter Coat - Variant 2,Fashion,46.85,5,3,1,2024-09-28
U0044,P0110,Water Bottle - Variant 3,Sports,57.47,3,1,1,2024-01-30
U0044,P0048,Sneakers - Variant 2,Fashion,58.93,4,2,1,2024-12-12
U0044,P0147,History Book - Variant 2,Books,35.8,4,1,1,2024-06-28
U0044,P0044,Formal Shirt,Fashion,83.48,4,2,1,2024-08-09
U0044,P0093,Nail Polish Kit - Variant 2,Beauty,18.13,1,1,0,2024-10-06
U0044,P0130,Cookbook,Books,25.89,5,2,1,2024-02-19
U0044,P0138,Business Strategy Book,Books,32.81,3,2,1,2024-10-29
U0044,P0133,Biography,Books,29.75,3,2,1,2024-07-09
U0044,P0125,Mystery Novel - Variant 2,Books,18.83,4,1,1,2024-02-05
U0044,P0104,Resistance Bands,Sports,54.92,3,2,0,2024-08-07
U0044,P0033,Leather Wallet,Fashion,50.27,5,2,1,2024-06-09
U0044,P0149,Programming Guide,Books,35.7,5,3,0,2024-12-28
U0044,P0137,Sci-Fi Novel - Variant 3,Books,32.27,2,2,1,2024-02-28
U0044,P0126,Mystery Novel - Variant 3,Books,27.08,2,3,1,2024-09-24
U0044,P0127,Self-Help Book,Books,13.13,4,1,1,2024-06-19
U0044,P0142,Children's Storybook - Variant 2,Books,18.29,4,3,1,2024-08-13
U0044,P0123,Gym Bag - Variant 2,Sports,46.65,1,1,0,2024-12-24
U0044,P0027,Running Shoes,Fashion,50.96,3,3,0,2024-02-24
U0044,P0040,Wrist Watch - Variant 3,Fashion,55.58,4,2,1,2024-11-05
U0045,P0089,Hair Dryer - Variant 3,Beauty,27.59,2,2,0,2024-07-06
U0045,P0066,Table Lamp,Home & Kitchen,82.67,4,1,1,2024-04-01
U0045,P0057,Coffee Maker - Variant 3,Home & Kitchen,95.59,3,2,1,2024-12-13
U0045,P0105,Resistance Bands - Variant 2,Sports,18.03,3,3,0,2024-12-29
U0045,P0074,Wall Clock - Variant 2,Home & Kitchen,102.86,2,3,1,2024-03-18
U0045,P0107,Cycling Helmet - Variant 2,Sports,18.4,5,1,1,2024-02-15
U0045,P0032,Cotton T-Shirt - Variant 2,Fashion,36.35,1,2,1,2024-01-03
U0045,P0100,Yoga Mat,Sports,36.49,3,1,0,2024-05-24
U0045,P0055,Coffee Maker,Home & Kitchen,73.4,3,3,1,2024-03-19
U0045,P0029,Denim Jacket,Fashion,85.21,3,2,0,2024-08-04
U0046,P0084,Lipstick - Variant 3,Beauty,13.19,3,2,1,2024-12-23
U0046,P0134,Biography - Variant 2,Books,19.48,5,1,1,2024-04-08
U0046,P0100,Yoga Mat,Sports,36.49,1,3,0,2024-08-01
U0046,P0145,Poetry Collection - Variant 3,Books,15.46,4,3,1,2024-11-03
U0046,P0056,Coffee Maker - Variant 2,Home & Kitchen,39.05,3,1,1,2024-01-05
U0046,P0061,Blender - Variant 2,Home & Kitchen,27.47,4,3,1,2024-08-06
U0046,P0074,Wall Clock - Variant 2,Home & Kitchen,102.86,2,2,1,2024-07-27
U0046,P0144,Poetry Collection - Variant 2,Books,23.59,4,2,1,2024-02-14
U0046,P0044,Formal Shirt,Fashion,83.48,4,3,0,2024-01-21
U0046,P0150,Programming Guide - Variant 2,Books,12.92,3,2,0,2024-06-04
U0046,P0054,Air Fryer - Variant 2,Home & Kitchen,109.53,4,1,1,2024-02-05
U0046,P0073,Wall Clock,Home & Kitchen,81.51,4,3,0,2024-08-21
U0046,P0013,USB-C Hub - Variant 3,Electronics,149.11,2,3,0,2024-03-22
U0046,P0128,Self-Help Book - Variant 2,Books,22.95,5,1,1,2024-10-20
U0046,P0070,Cutlery Set,Home & Kitchen,58.7,4,3,1,2024-07-07
U0046,P0134,Biography - Variant 2,Books,19.48,3,2,1,2024-10-18
U0046,P0073,Wall Clock,Home & Kitchen,81.51,2,1,0,2024-01-12
U0046,P0061,Blender - Variant 2,Home & Kitchen,27.47,4,1,0,2024-08-25
U0046,P0070,Cutlery Set,Home & Kitchen,58.7,3,1,1,2024-04-18
U0047,P0126,Mystery Novel - Variant 3,Books,27.08,2,3,1,2024-02-21
U0047,P0068,Storage Boxes,Home & Kitchen,80.29,4,1,1,2024-04-09
U0047,P0017,Gaming Mouse - Variant 2,Electronics,95.82,2,3,0,2024-09-24
U0047,P0072,Cutlery Set - Variant 3,Home & Kitchen,83.94,5,1,1,2024-05-23
U0047,P0090,Face Mask Set,Beauty,19.72,3,2,1,2024-08-19
U0047,P0055,Coffee Maker,Home & Kitchen,73.4,4,2,1,2024-03-30
U0047,P0072,Cutlery Set - Variant 3,Home & Kitchen,83.94,4,1,1,2024-10-04
U0047,P0071,Cutlery Set - Variant 2,Home & Kitchen,84.19,3,1,1,2024-05-04
U0047,P0065,Bed Sheets Set - Variant 2,Home & Kitchen,33.33,5,3,1,2024-11-12
U0048,P0025,Tablet - Variant 2,Electronics,41.3,5,2,1,2024-07-09
U0048,P0134,Biography - Variant 2,Books,19.48,5,3,1,2024-02-29
U0048,P0136,Sci-Fi Novel - Variant 2,Books,20.37,4,2,1,2024-12-04
U0048,P0133,Biography,Books,29.75,2,3,1,2024-05-20
U0048,P0017,Gaming Mouse - Variant 2,Electronics,95.82,4,2,1,2024-03-27
U0048,P0132,Cookbook - Variant 3,Books,19.54,5,1,1,2024-02-03
U0048,P0035,Leather Wallet - Variant 3,Fashion,53.93,3,2,0,2024-11-02
U0048,P0037,Sunglasses - Variant 2,Fashion,47.01,4,1,0,2024-03-21
U0048,P0138,Business Strategy Book,Books,32.81,3,1,1,2024-05-17
U0048,P0026,Tablet - Variant 3,Electronics,105.26,4,3,1,2024-02-21
U0048,P0144,Poetry Collection - Variant 2,Books,23.59,5,1,1,2024-06-24
U0048,P0135,Sci-Fi Novel,Books,37.03,4,2,1,2024-05-28
U0048,P0020,Mechanical Keyboard - Variant 2,Electronics,77.77,5,2,1,2024-10-01
U0048,P0145,Poetry Collection - Variant 3,Books,15.46,3,2,1,2024-05-08
U0049,P0148,History Book - Variant 3,Books,20.33,2,2,0,2024-10-20
U0049,P0137,Sci-Fi Novel - Variant 3,Books,32.27,2,2,0,2024-04-03
U0049,P0110,Water Bottle - Variant 3,Sports,57.47,2,2,0,2024-09-22
U0049,P0086,Perfume - Variant 2,Beauty,33.4,3,2,0,2024-09-05
U0049,P0032,Cotton T-Shirt - Variant 2,Fashion,36.35,5,3,1,2024-02-22
U0049,P0041,Backpack,Fashion,58.75,5,3,1,2024-12-05
U0049,P0084,Lipstick - Variant 3,Beauty,13.19,3,1,0,2024-08-29
U0049,P0069,Storage Boxes - Variant 2,Home & Kitchen,55.29,3,3,0,2024-10-27
U0049,P0041,Backpack,Fashion,58.75,4,1,1,2024-12-11
U0049,P0100,Yoga Mat,Sports,36.49,1,3,0,2024-05-12
U0050,P0117,Fitness Tracker,Sports,72.86,5,1,1,2024-10-15
U0050,P0117,Fitness Tracker,Sports,72.86,2,2,0,2024-01-27
U0050,P0122,Gym Bag,Sports,52.75,4,1,0,2024-09-07
U0050,P0120,Skipping Rope,Sports,26.44,5,2,1,2024-09-21
U0050,P0074,Wall Clock - Variant 2,Home & Kitchen,102.86,2,1,1,2024-10-10
U0050,P0118,Fitness Tracker - Variant 2,Sports,32.35,4,3,1,2024-05-08
U0050,P0038,Wrist Watch,Fashion,65.06,4,3,0,2024-06-11
U0050,P0106,Cycling Helmet,Sports,67.06,4,3,1,2024-11-28
U0050,P0108,Water Bottle,Sports,48.44,4,1,1,2024-09-03
U0050,P0115,Tennis Racket - Variant 2,Sports,41.02,2,3,1,2024-09-07
U0050,P0111,Football,Sports,37.24,3,1,1,2024-02-28
U0050,P0101,Yoga Mat - Variant 2,Sports,24.96,4,2,0,2024-11-01
U0050,P0108,Water Bottle,Sports,48.44,3,3,1,2024-10-13
U0050,P0113,Football - Variant 3,Sports,36.42,5,1,1,2024-01-12
U0050,P0105,Resistance Bands - Variant 2,Sports,18.03,2,1,1,2024-10-13
U0050,P0104,Resistance Bands,Sports,54.92,4,2,0,2024-12-02
U0050,P0113,Football - Variant 3,Sports,36.42,3,1,0,2024-09-09
U0050,P0037,Sunglasses - Variant 2,Fashion,47.01,3,3,1,2024-05-04
U0050,P0117,Fitness Tracker,Sports,72.86,2,2,1,2024-01-30
U0050,P0104,Resistance Bands,Sports,54.92,3,3,1,2024-10-31
U0050,P0100,Yoga Mat,Sports,36.49,5,3,0,2024-03-24
U0050,P0111,Football,Sports,37.24,4,3,1,2024-07-22
U0050,P0099,Body Lotion - Variant 3,Beauty,45.92,2,1,1,2024-03-20
U0050,P0113,Football - Variant 3,Sports,36.42,3,1,1,2024-12-11
U0050,P0104,Resistance Bands,Sports,54.92,4,2,1,2024-03-26
U0051,P0044,Formal Shirt,Fashion,83.48,4,1,1,2024-03-17
U0051,P0043,Backpack - Variant 3,Fashion,77.01,5,1,1,2024-08-03
U0051,P0076,Face Moisturizer,Beauty,48.93,4,2,0,2024-03-05
U0051,P0095,Beard Trimmer - Variant 2,Beauty,23.23,4,1,1,2024-08-20
U0051,P0022,Webcam,Electronics,106.5,3,2,0,2024-07-13
U0051,P0034,Leather Wallet - Variant 2,Fashion,29.12,4,3,1,2024-03-13
U0051,P0101,Yoga Mat - Variant 2,Sports,24.96,2,2,0,2024-05-03
U0051,P0049,Sneakers - Variant 3,Fashion,55.64,4,3,1,2024-03-19
U0051,P0001,Wireless Earbuds,Electronics,126.81,2,1,1,2024-03-30
U0051,P0110,Water Bottle - Variant 3,Sports,57.47,1,1,0,2024-11-10
U0051,P0054,Air Fryer - Variant 2,Home & Kitchen,109.53,2,2,0,2024-03-18
U0051,P0092,Nail Polish Kit,Beauty,23.01,5,2,0,2024-01-21
U0051,P0090,Face Mask Set,Beauty,19.72,3,2,1,2024-06-04
U0051,P0147,History Book - Variant 2,Books,35.8,2,2,0,2024-02-24
U0051,P0086,Perfume - Variant 2,Beauty,33.4,4,2,1,2024-10-27
U0051,P0037,Sunglasses - Variant 2,Fashion,47.01,3,3,1,2024-05-19
U0051,P0051,Winter Coat - Variant 2,Fashion,46.85,3,2,1,2024-12-16
U0051,P0098,Body Lotion - Variant 2,Beauty,19.09,4,1,0,2024-08-04
U0051,P0085,Perfume,Beauty,30.06,5,1,1,2024-07-14
U0051,P0090,Face Mask Set,Beauty,19.72,3,2,1,2024-07-09
U0051,P0019,Mechanical Keyboard,Electronics,69.3,4,1,1,2024-11-16
U0051,P0016,Gaming Mouse,Electronics,38.63,3,1,0,2024-07-22
U0051,P0080,Shampoo,Beauty,13.54,2,3,1,2024-05-25
U0051,P0096,Beard Trimmer - Variant 3,Beauty,16.01,3,3,0,2024-09-22
U0051,P0038,Wrist Watch,Fashion,65.06,5,1,1,2024-12-10
U0051,P0020,Mechanical Keyboard - Variant 2,Electronics,77.77,4,2,0,2024-09-06
U0051,P0086,Perfume - Variant 2,Beauty,33.4,4,1,1,2024-04-10
U0052,P0114,Tennis Racket,Sports,49.81,3,1,1,2024-06-20
U0052,P0112,Football - Variant 2,Sports,71.75,5,2,1,2024-09-22
U0052,P0102,Dumbbell Set,Sports,36.13,4,1,1,2024-12-04
U0052,P0120,Skipping Rope,Sports,26.44,3,3,1,2024-12-17
U0052,P0122,Gym Bag,Sports,52.75,4,1,1,2024-12-15
U0052,P0037,Sunglasses - Variant 2,Fashion,47.01,2,3,0,2024-06-20
U0052,P0108,Water Bottle,Sports,48.44,5,3,1,2024-09-02
U0052,P0123,Gym Bag - Variant 2,Sports,46.65,4,3,0,2024-09-26
U0052,P0112,Football - Variant 2,Sports,71.75,3,3,1,2024-03-18
U0052,P0123,Gym Bag - Variant 2,Sports,46.65,4,2,1,2024-12-25
U0053,P0145,Poetry Collection - Variant 3,Books,15.46,4,2,1,2024-07-13
U0053,P0043,Backpack - Variant 3,Fashion,77.01,3,1,0,2024-12-29
U0053,P0125,Mystery Novel - Variant 2,Books,18.83,5,2,1,2024-12-14
U0053,P0042,Backpack - Variant 2,Fashion,23.08,5,1,0,2024-10-01
U0053,P0044,Formal Shirt,Fashion,83.48,4,2,1,2024-06-06
U0053,P0132,Cookbook - Variant 3,Books,19.54,3,2,1,2024-10-26
U0053,P0008,Laptop Stand,Electronics,116.72,4,3,0,2024-09-30
U0053,P0143,Poetry Collection,Books,9.47,4,3,1,2024-10-28
U0053,P0107,Cycling Helmet - Variant 2,Sports,18.4,2,1,0,2024-09-27
U0053,P0145,Poetry Collection - Variant 3,Books,15.46,4,3,1,2024-02-12
U0053,P0103,Dumbbell Set - Variant 2,Sports,24.27,1,3,0,2024-05-10
U0053,P0150,Programming Guide - Variant 2,Books,12.92,3,2,1,2024-10-26
U0053,P0037,Sunglasses - Variant 2,Fashion,47.01,2,2,1,2024-09-29
U0054,P0087,Hair Dryer,Beauty,46.49,5,3,0,2024-03-11
U0054,P0092,Nail Polish Kit,Beauty,23.01,4,1,1,2024-10-24
U0054,P0094,Beard Trimmer,Beauty,35.73,4,3,1,2024-04-03
U0054,P0091,Face Mask Set - Variant 2,Beauty,47.83,3,2,1,2024-09-26
U0054,P0079,Sunscreen SPF50 - Variant 2,Beauty,41.3,4,2,1,2024-11-19
U0054,P0058,Non-stick Pan,Home & Kitchen,28.34,2,1,0,2024-05-03
U0054,P0125,Mystery Novel - Variant 2,Books,18.83,1,3,1,2024-12-28
U0054,P0087,Hair Dryer,Beauty,46.49,3,1,1,2024-09-01
U0054,P0081,Shampoo - Variant 2,Beauty,39.01,4,3,1,2024-10-21
U0054,P0076,Face Moisturizer,Beauty,48.93,5,3,1,2024-01-25
U0054,P0084,Lipstick - Variant 3,Beauty,13.19,3,1,1,2024-04-06
U0054,P0079,Sunscreen SPF50 - Variant 2,Beauty,41.3,3,3,1,2024-09-21
U0054,P0095,Beard Trimmer - Variant 2,Beauty,23.23,3,2,1,2024-04-20
U0054,P0093,Nail Polish Kit - Variant 2,Beauty,18.13,3,3,1,2024-05-02
U0054,P0087,Hair Dryer,Beauty,46.49,5,3,1,2024-07-22
U0054,P0095,Beard Trimmer - Variant 2,Beauty,23.23,4,2,0,2024-01-13
U0054,P0073,Wall Clock,Home & Kitchen,81.51,4,3,0,2024-07-22
U0054,P0086,Perfume - Variant 2,Beauty,33.4,5,3,1,2024-06-17
U0054,P0096,Beard Trimmer - Variant 3,Beauty,16.01,5,2,1,2024-08-08
U0054,P0079,Sunscreen SPF50 - Variant 2,Beauty,41.3,4,1,1,2024-04-19
U0054,P0098,Body Lotion - Variant 2,Beauty,19.09,4,3,0,2024-02-27
U0054,P0093,Nail Polish Kit - Variant 2,Beauty,18.13,3,2,1,2024-12-17
U0054,P0090,Face Mask Set,Beauty,19.72,4,3,1,2024-11-13
U0054,P0098,Body Lotion - Variant 2,Beauty,19.09,3,2,1,2024-02-18
U0054,P0079,Sunscreen SPF50 - Variant 2,Beauty,41.3,5,2,1,2024-09-13
U0054,P0090,Face Mask Set,Beauty,19.72,2,2,1,2024-07-19
U0054,P0091,Face Mask Set - Variant 2,Beauty,47.83,3,1,1,2024-06-07
U0054,P0086,Perfume - Variant 2,Beauty,33.4,5,2,1,2024-07-11
U0054,P0088,Hair Dryer - Variant 2,Beauty,21.47,4,3,1,2024-03-27
U0054,P0081,Shampoo - Variant 2,Beauty,39.01,5,1,0,2024-07-17
U0054,P0089,Hair Dryer - Variant 3,Beauty,27.59,5,3,1,2024-05-29
U0054,P0093,Nail Polish Kit - Variant 2,Beauty,18.13,4,1,1,2024-12-06
U0054,P0092,Nail Polish Kit,Beauty,23.01,3,1,0,2024-09-04
U0054,P0085,Perfume,Beauty,30.06,4,3,0,2024-02-23
U0055,P0065,Bed Sheets Set - Variant 2,Home & Kitchen,33.33,3,3,1,2024-01-05
U0055,P0022,Webcam,Electronics,106.5,3,2,0,2024-12-19
U0055,P0074,Wall Clock - Variant 2,Home & Kitchen,102.86,3,3,1,2024-12-24
U0055,P0055,Coffee Maker,Home & Kitchen,73.4,3,2,1,2024-03-04
U0055,P0088,Hair Dryer - Variant 2,Beauty,21.47,2,3,1,2024-09-24
U0055,P0073,Wall Clock,Home & Kitchen,81.51,5,1,1,2024-11-29
U0055,P0054,Air Fryer - Variant 2,Home & Kitchen,109.53,3,1,0,2024-10-22
U0055,P0055,Coffee Maker,Home & Kitchen,73.4,4,3,1,2024-03-28
U0055,P0075,Wall Clock - Variant 3,Home & Kitchen,67.37,5,3,0,2024-07-18
U0055,P0070,Cutlery Set,Home & Kitchen,58.7,5,3,1,2024-07-16
U0055,P0058,Non-stick Pan,Home & Kitchen,28.34,5,2,1,2024-09-15
U0055,P0036,Sunglasses,Fashion,32.53,2,1,0,2024-12-06
U0055,P0069,Storage Boxes - Variant 2,Home & Kitchen,55.29,1,1,1,2024-12-06
U0055,P0111,Football,Sports,37.24,2,2,0,2024-08-11
U0055,P0061,Blender - Variant 2,Home & Kitchen,27.47,2,3,1,2024-10-26
U0055,P0014,Power Bank,Electronics,70.68,4,2,0,2024-02-22
U0055,P0089,Hair Dryer - Variant 3,Beauty,27.59,2,2,1,2024-01-06
U0055,P0005,Bluetooth Speaker - Variant 3,Electronics,53.78,4,2,0,2024-01-27
U0055,P0054,Air Fryer - Variant 2,Home & Kitchen,109.53,4,1,1,2024-04-20
U0055,P0061,Blender - Variant 2,Home & Kitchen,27.47,4,3,0,2024-04-19
U0055,P0053,Air Fryer,Home & Kitchen,77.17,1,3,1,2024-01-08
U0055,P0066,Table Lamp,Home & Kitchen,82.67,5,2,1,2024-07-29
U0055,P0071,Cutlery Set - Variant 2,Home & Kitchen,84.19,3,3,1,2024-07-31
U0055,P0030,Denim Jacket - Variant 2,Fashion,74.76,2,2,1,2024-09-13
U0055,P0024,Tablet,Electronics,103.54,4,1,1,2024-06-24
U0055,P0065,Bed Sheets Set - Variant 2,Home & Kitchen,33.33,2,1,1,2024-04-09
U0055,P0119,Fitness Tracker - Variant 3,Sports,46.34,2,1,0,2024-04-03
U0055,P0073,Wall Clock,Home & Kitchen,81.51,3,3,0,2024-10-07
U0055,P0031,Cotton T-Shirt,Fashion,22.06,2,1,0,2024-02-18
U0055,P0068,Storage Boxes,Home & Kitchen,80.29,5,1,1,2024-10-04
U0055,P0132,Cookbook - Variant 3,Books,19.54,2,3,1,2024-06-18
U0055,P0061,Blender - Variant 2,Home & Kitchen,27.47,5,3,1,2024-07-02
U0055,P0056,Coffee Maker - Variant 2,Home & Kitchen,39.05,2,3,1,2024-06-12
U0055,P0001,Wireless Earbuds,Electronics,126.81,2,1,0,2024-04-26
U0055,P0065,Bed Sheets Set - Variant 2,Home & Kitchen,33.33,5,2,1,2024-07-11
U0055,P0059,Non-stick Pan - Variant 2,Home & Kitchen,63.2,5,3,0,2024-09-04
U0055,P0068,Storage Boxes,Home & Kitchen,80.29,3,3,1,2024-08-26
U0055,P0069,Storage Boxes - Variant 2,Home & Kitchen,55.29,4,1,0,2024-09-01
U0055,P0058,Non-stick Pan,Home & Kitchen,28.34,4,2,1,2024-08-27
U0056,P0097,Body Lotion,Beauty,42.54,4,3,1,2024-08-19
U0056,P0146,History Book,Books,11.74,3,2,0,2024-03-07
U0056,P0098,Body Lotion - Variant 2,Beauty,19.09,4,2,1,2024-11-15
U0056,P0102,Dumbbell Set,Sports,36.13,4,2,1,2024-03-27
U0056,P0077,Face Moisturizer - Variant 2,Beauty,44.26,4,3,0,2024-06-30
U0056,P0104,Resistance Bands,Sports,54.92,3,3,1,2024-05-12
U0056,P0023,Webcam - Variant 2,Electronics,79.6,2,2,0,2024-05-15
U0056,P0088,Hair Dryer - Variant 2,Beauty,21.47,3,3,1,2024-02-15
U0056,P0084,Lipstick - Variant 3,Beauty,13.19,2,3,1,2024-11-18
U0056,P0137,Sci-Fi Novel - Variant 3,Books,32.27,1,2,0,2024-12-15
U0056,P0120,Skipping Rope,Sports,26.44,5,3,1,2024-02-10
U0056,P0118,Fitness Tracker - Variant 2,Sports,32.35,3,2,1,2024-12-01
U0056,P0117,Fitness Tracker,Sports,72.86,2,1,1,2024-07-22
U0057,P0091,Face Mask Set - Variant 2,Beauty,47.83,2,2,1,2024-08-06
U0057,P0008,Laptop Stand,Electronics,116.72,4,1,1,2024-03-21
U0057,P0131,Cookbook - Variant 2,Books,11.3,5,2,0,2024-05-15
U0057,P0090,Face Mask Set,Beauty,19.72,5,3,1,2024-04-09
U0057,P0058,Non-stick Pan,Home & Kitchen,28.34,4,2,1,2024-09-14
U0057,P0085,Perfume,Beauty,30.06,4,2,1,2024-09-20
U0057,P0060,Blender,Home & Kitchen,43.99,5,3,1,2024-12-26
U0057,P0070,Cutlery Set,Home & Kitchen,58.7,3,1,0,2024-03-02
U0057,P0075,Wall Clock - Variant 3,Home & Kitchen,67.37,4,2,1,2024-12-06
U0057,P0075,Wall Clock - Variant 3,Home & Kitchen,67.37,3,2,1,2024-01-26
U0057,P0053,Air Fryer,Home & Kitchen,77.17,3,3,1,2024-11-27
U0057,P0099,Body Lotion - Variant 3,Beauty,45.92,5,3,0,2024-01-22
U0057,P0068,Storage Boxes,Home & Kitchen,80.29,3,2,1,2024-11-01
U0057,P0044,Formal Shirt,Fashion,83.48,1,3,0,2024-12-14
U0057,P0088,Hair Dryer - Variant 2,Beauty,21.47,4,2,1,2024-06-24
U0057,P0013,USB-C Hub - Variant 3,Electronics,149.11,4,3,0,2024-12-18
U0057,P0091,Face Mask Set - Variant 2,Beauty,47.83,4,2,1,2024-06-09
U0057,P0147,History Book - Variant 2,Books,35.8,3,2,0,2024-03-13
U0057,P0001,Wireless Earbuds,Electronics,126.81,2,2,1,2024-01-11
U0057,P0040,Wrist Watch - Variant 3,Fashion,55.58,2,3,1,2024-11-21
U0057,P0139,Business Strategy Book - Variant 2,Books,18.14,2,1,1,2024-04-15
U0057,P0083,Lipstick - Variant 2,Beauty,16.1,3,2,1,2024-11-13
U0057,P0065,Bed Sheets Set - Variant 2,Home & Kitchen,33.33,4,1,1,2024-03-27
U0057,P0092,Nail Polish Kit,Beauty,23.01,4,3,0,2024-11-05
U0057,P0061,Blender - Variant 2,Home & Kitchen,27.47,3,2,1,2024-12-26
U0057,P0055,Coffee Maker,Home & Kitchen,73.4,3,2,1,2024-08-22
U0057,P0086,Perfume - Variant 2,Beauty,33.4,3,3,0,2024-11-03
U0057,P0091,Face Mask Set - Variant 2,Beauty,47.83,3,1,1,2024-09-15
U0057,P0072,Cutlery Set - Variant 3,Home & Kitchen,83.94,4,1,1,2024-09-11
U0057,P0056,Coffee Maker - Variant 2,Home & Kitchen,39.05,5,3,1,2024-12-29
U0057,P0055,Coffee Maker,Home & Kitchen,73.4,4,3,0,2024-02-15
U0057,P0078,Sunscreen SPF50,Beauty,33.33,4,3,1,2024-05-04
U0057,P0066,Table Lamp,Home & Kitchen,82.67,4,3,1,2024-06-24
U0057,P0016,Gaming Mouse,Electronics,38.63,4,3,0,2024-07-24
U0057,P0092,Nail Polish Kit,Beauty,23.01,5,2,0,2024-03-19
U0057,P0090,Face Mask Set,Beauty,19.72,4,1,0,2024-03-16
U0058,P0049,Sneakers - Variant 3,Fashion,55.64,5,3,1,2024-08-05
U0058,P0031,Cotton T-Shirt,Fashion,22.06,3,3,1,2024-12-24
U0058,P0050,Winter Coat,Fashion,42.63,5,1,1,2024-03-31
U0058,P0050,Winter Coat,Fashion,42.63,3,1,1,2024-01-15
U0058,P0035,Leather Wallet - Variant 3,Fashion,53.93,3,3,0,2024-08-22
U0058,P0040,Wrist Watch - Variant 3,Fashion,55.58,4,2,1,2024-07-25
U0058,P0037,Sunglasses - Variant 2,Fashion,47.01,5,1,0,2024-09-06
U0058,P0038,Wrist Watch,Fashion,65.06,4,3,1,2024-01-09
U0058,P0046,Formal Shirt - Variant 3,Fashion,60.76,3,1,1,2024-11-07
U0058,P0035,Leather Wallet - Variant 3,Fashion,53.93,2,2,1,2024-03-11
U0059,P0047,Sneakers,Fashion,42.71,2,3,1,2024-06-17
U0059,P0130,Cookbook,Books,25.89,3,1,1,2024-05-26
U0059,P0130,Cookbook,Books,25.89,3,1,1,2024-10-01
U0059,P0097,Body Lotion,Beauty,42.54,3,3,1,2024-07-04
U0059,P0130,Cookbook,Books,25.89,2,3,1,2024-01-16
U0059,P0077,Face Moisturizer - Variant 2,Beauty,44.26,2,3,0,2024-03-02
U0059,P0093,Nail Polish Kit - Variant 2,Beauty,18.13,5,2,1,2024-11-20
U0059,P0076,Face Moisturizer,Beauty,48.93,4,2,1,2024-11-26
U0059,P0079,Sunscreen SPF50 - Variant 2,Beauty,41.3,4,1,1,2024-10-10
U0059,P0055,Coffee Maker,Home & Kitchen,73.4,2,2,0,2024-05-08
U0059,P0078,Sunscreen SPF50,Beauty,33.33,5,1,1,2024-04-16
U0059,P0139,Business Strategy Book - Variant 2,Books,18.14,3,2,1,2024-08-01
U0059,P0126,Mystery Novel - Variant 3,Books,27.08,4,2,1,2024-04-25
U0059,P0134,Biography - Variant 2,Books,19.48,3,2,1,2024-12-15
U0059,P0090,Face Mask Set,Beauty,19.72,3,2,1,2024-08-08
U0059,P0095,Beard Trimmer - Variant 2,Beauty,23.23,5,1,1,2024-06-18
U0059,P0148,History Book - Variant 3,Books,20.33,4,2,1,2024-03-11
U0060,P0137,Sci-Fi Novel - Variant 3,Books,32.27,5,3,1,2024-03-19
U0060,P0127,Self-Help Book,Books,13.13,4,2,0,2024-09-10
U0060,P0143,Poetry Collection,Books,9.47,5,1,0,2024-09-27
U0060,P0126,Mystery Novel - Variant 3,Books,27.08,3,2,1,2024-09-16
U0060,P0134,Biography - Variant 2,Books,19.48,5,1,1,2024-10-10
U0060,P0141,Children's Storybook,Books,33.46,3,3,1,2024-07-24
U0060,P0138,Business Strategy Book,Books,32.81,4,2,0,2024-03-04
U0060,P0008,Laptop Stand,Electronics,116.72,3,2,0,2024-11-02
U0060,P0135,Sci-Fi Novel,Books,37.03,3,3,1,2024-03-22
U0060,P0147,History Book - Variant 2,Books,35.8,2,2,1,2024-04-29
U0060,P0137,Sci-Fi Novel - Variant 3,Books,32.27,4,2,1,2024-03-31
U0060,P0131,Cookbook - Variant 2,Books,11.3,4,3,1,2024-11-08
U0060,P0129,Self-Help Book - Variant 3,Books,37.09,3,1,0,2024-01-07
U0060,P0149,Programming Guide,Books,35.7,4,1,1,2024-08-19
U0060,P0146,History Book,Books,11.74,3,2,1,2024-09-01
U0060,P0137,Sci-Fi Novel - Variant 3,Books,32.27,4,1,1,2024-11-04
U0060,P0080,Shampoo,Beauty,13.54,2,2,1,2024-04-28
U0060,P0136,Sci-Fi Novel - Variant 2,Books,20.37,5,1,1,2024-04-09
U0060,P0139,Business Strategy Book - Variant 2,Books,18.14,4,3,1,2024-10-12
U0060,P0136,Sci-Fi Novel - Variant 2,Books,20.37,5,1,1,2024-08-04
U0060,P0145,Poetry Collection - Variant 3,Books,15.46,4,3,1,2024-12-10
U0061,P0048,Sneakers - Variant 2,Fashion,58.93,3,1,1,2024-10-03
U0061,P0052,Winter Coat - Variant 3,Fashion,39.04,4,1,1,2024-06-28
U0061,P0122,Gym Bag,Sports,52.75,1,2,0,2024-09-04
U0061,P0052,Winter Coat - Variant 3,Fashion,39.04,3,3,1,2024-04-03
U0061,P0050,Winter Coat,Fashion,42.63,5,3,1,2024-06-05
U0061,P0054,Air Fryer - Variant 2,Home & Kitchen,109.53,3,2,0,2024-11-19
U0061,P0016,Gaming Mouse,Electronics,38.63,1,2,1,2024-02-05
U0061,P0053,Air Fryer,Home & Kitchen,77.17,5,3,0,2024-08-24
U0061,P0057,Coffee Maker - Variant 3,Home & Kitchen,95.59,3,3,0,2024-04-22
U0061,P0063,Vacuum Cleaner - Variant 2,Home & Kitchen,87.82,3,2,1,2024-02-13
U0061,P0033,Leather Wallet,Fashion,50.27,4,2,1,2024-12-22
U0061,P0069,Storage Boxes - Variant 2,Home & Kitchen,55.29,5,2,1,2024-10-30
U0061,P0055,Coffee Maker,Home & Kitchen,73.4,3,3,1,2024-12-07
U0061,P0045,Formal Shirt - Variant 2,Fashion,80.51,5,2,0,2024-07-23
U0061,P0067,Table Lamp - Variant 2,Home & Kitchen,105.23,3,2,1,2024-04-11
U0061,P0066,Table Lamp,Home & Kitchen,82.67,5,2,1,2024-10-05
U0061,P0065,Bed Sheets Set - Variant 2,Home & Kitchen,33.33,4,3,1,2024-04-26
U0061,P0047,Sneakers,Fashion,42.71,3,3,0,2024-04-11
U0061,P0013,USB-C Hub - Variant 3,Electronics,149.11,2,1,0,2024-06-09
U0061,P0049,Sneakers - Variant 3,Fashion,55.64,3,2,1,2024-08-31
U0061,P0149,Programming Guide,Books,35.7,3,1,1,2024-11-21
U0061,P0058,Non-stick Pan,Home & Kitchen,28.34,3,3,0,2024-06-07
U0061,P0075,Wall Clock - Variant 3,Home & Kitchen,67.37,2,3,1,2024-08-21
U0061,P0044,Formal Shirt,Fashion,83.48,4,2,1,2024-03-27
U0061,P0023,Webcam - Variant 2,Electronics,79.6,2,3,0,2024-08-23
U0061,P0037,Sunglasses - Variant 2,Fashion,47.01,3,3,0,2024-08-01
U0061,P0065,Bed Sheets Set - Variant 2,Home & Kitchen,33.33,5,3,0,2024-12-19
U0061,P0056,Coffee Maker - Variant 2,Home & Kitchen,39.05,4,2,1,2024-11-23
U0061,P0033,Leather Wallet,Fashion,50.27,4,1,1,2024-05-21
U0061,P0045,Formal Shirt - Variant 2,Fashion,80.51,3,1,1,2024-11-29
U0062,P0109,Water Bottle - Variant 2,Sports,45.64,3,2,1,2024-06-22
U0062,P0106,Cycling Helmet,Sports,67.06,3,1,1,2024-03-06
U0062,P0120,Skipping Rope,Sports,26.44,5,1,0,2024-12-14
U0062,P0147,History Book - Variant 2,Books,35.8,2,1,0,2024-05-25
U0062,P0121,Skipping Rope - Variant 2,Sports,74.87,2,2,1,2024-09-26
U0062,P0116,Tennis Racket - Variant 3,Sports,21.7,3,3,1,2024-08-04
U0062,P0016,Gaming Mouse,Electronics,38.63,3,2,0,2024-12-23
U0062,P0114,Tennis Racket,Sports,49.81,4,1,1,2024-05-20
U0062,P0110,Water Bottle - Variant 3,Sports,57.47,5,3,1,2024-05-07
U0062,P0120,Skipping Rope,Sports,26.44,5,3,1,2024-04-10
U0062,P0101,Yoga Mat - Variant 2,Sports,24.96,5,1,1,2024-04-07
U0062,P0118,Fitness Tracker - Variant 2,Sports,32.35,5,3,1,2024-08-11
U0062,P0118,Fitness Tracker - Variant 2,Sports,32.35,4,3,1,2024-11-17
U0062,P0115,Tennis Racket - Variant 2,Sports,41.02,5,3,1,2024-10-24
U0062,P0119,Fitness Tracker - Variant 3,Sports,46.34,3,1,0,2024-09-03
U0062,P0063,Vacuum Cleaner - Variant 2,Home & Kitchen,87.82,1,1,0,2024-07-28
U0062,P0107,Cycling Helmet - Variant 2,Sports,18.4,4,2,1,2024-07-29
U0062,P0108,Water Bottle,Sports,48.44,5,2,1,2024-08-28
U0062,P0123,Gym Bag - Variant 2,Sports,46.65,4,3,1,2024-10-03
U0062,P0121,Skipping Rope - Variant 2,Sports,74.87,5,1,1,2024-03-22
U0063,P0054,Air Fryer - Variant 2,Home & Kitchen,109.53,3,1,0,2024-05-25
U0063,P0055,Coffee Maker,Home & Kitchen,73.4,4,1,1,2024-02-01
U0063,P0064,Bed Sheets Set,Home & Kitchen,92.94,3,3,0,2024-02-14
U0063,P0142,Children's Storybook - Variant 2,Books,18.29,3,2,0,2024-06-20
U0063,P0057,Coffee Maker - Variant 3,Home & Kitchen,95.59,4,1,1,2024-04-21
U0063,P0068,Storage Boxes,Home & Kitchen,80.29,4,1,1,2024-08-21
U0063,P0056,Coffee Maker - Variant 2,Home & Kitchen,39.05,5,1,1,2024-03-31
U0063,P0061,Blender - Variant 2,Home & Kitchen,27.47,3,3,1,2024-12-01
U0063,P0073,Wall Clock,Home & Kitchen,81.51,3,2,1,2024-02-28
U0063,P0038,Wrist Watch,Fashion,65.06,3,3,0,2024-04-23
U0063,P0036,Sunglasses,Fashion,32.53,3,3,1,2024-10-02
U0063,P0075,Wall Clock - Variant 3,Home & Kitchen,67.37,3,1,1,2024-08-22
U0063,P0065,Bed Sheets Set - Variant 2,Home & Kitchen,33.33,2,1,0,2024-08-06
U0063,P0055,Coffee Maker,Home & Kitchen,73.4,4,1,1,2024-07-15
U0063,P0070,Cutlery Set,Home & Kitchen,58.7,5,2,1,2024-04-17
U0063,P0071,Cutlery Set - Variant 2,Home & Kitchen,84.19,4,1,1,2024-09-23
U0063,P0071,Cutlery Set - Variant 2,Home & Kitchen,84.19,4,3,1,2024-11-20
U0063,P0064,Bed Sheets Set,Home & Kitchen,92.94,3,1,1,2024-11-11
U0063,P0062,Vacuum Cleaner,Home & Kitchen,44.0,5,2,0,2024-11-11
U0063,P0060,Blender,Home & Kitchen,43.99,5,3,1,2024-04-20
U0063,P0062,Vacuum Cleaner,Home & Kitchen,44.0,5,1,1,2024-04-16
U0063,P0067,Table Lamp - Variant 2,Home & Kitchen,105.23,3,2,1,2024-10-29
U0063,P0054,Air Fryer - Variant 2,Home & Kitchen,109.53,2,1,1,2024-02-12
U0063,P0072,Cutlery Set - Variant 3,Home & Kitchen,83.94,5,3,0,2024-05-23
U0063,P0075,Wall Clock - Variant 3,Home & Kitchen,67.37,5,2,1,2024-12-03
U0063,P0054,Air Fryer - Variant 2,Home & Kitchen,109.53,4,1,1,2024-10-26
U0063,P0055,Coffee Maker,Home & Kitchen,73.4,4,1,1,2024-07-01
U0063,P0054,Air Fryer - Variant 2,Home & Kitchen,109.53,4,1,1,2024-08-28
U0063,P0065,Bed Sheets Set - Variant 2,Home & Kitchen,33.33,3,1,1,2024-04-07
U0063,P0071,Cutlery Set - Variant 2,Home & Kitchen,84.19,3,1,1,2024-02-04
U0063,P0067,Table Lamp - Variant 2,Home & Kitchen,105.23,3,1,0,2024-09-22
U0063,P0096,Beard Trimmer - Variant 3,Beauty,16.01,2,1,0,2024-10-06
U0063,P0073,Wall Clock,Home & Kitchen,81.51,4,2,1,2024-02-18
U0063,P0072,Cutlery Set - Variant 3,Home & Kitchen,83.94,4,2,1,2024-10-07
U0064,P0039,Wrist Watch - Variant 2,Fashion,41.73,4,3,1,2024-10-18
U0064,P0084,Lipstick - Variant 3,Beauty,13.19,3,1,1,2024-01-05
U0064,P0044,Formal Shirt,Fashion,83.48,4,2,1,2024-04-09
U0064,P0030,Denim Jacket - Variant 2,Fashion,74.76,2,2,0,2024-06-10
U0064,P0056,Coffee Maker - Variant 2,Home & Kitchen,39.05,3,3,1,2024-11-11
U0064,P0059,Non-stick Pan - Variant 2,Home & Kitchen,63.2,3,2,1,2024-08-14
U0064,P0032,Cotton T-Shirt - Variant 2,Fashion,36.35,4,2,1,2024-08-09
U0064,P0034,Leather Wallet - Variant 2,Fashion,29.12,3,2,1,2024-12-11
U0064,P0034,Leather Wallet - Variant 2,Fashion,29.12,2,1,0,2024-03-16
U0064,P0035,Leather Wallet - Variant 3,Fashion,53.93,3,2,0,2024-02-01
U0064,P0041,Backpack,Fashion,58.75,3,3,1,2024-01-13
U0064,P0034,Leather Wallet - Variant 2,Fashion,29.12,4,3,1,2024-09-01
U0064,P0042,Backpack - Variant 2,Fashion,23.08,3,1,1,2024-05-17
U0064,P0051,Winter Coat - Variant 2,Fashion,46.85,4,3,1,2024-12-28
U0064,P0051,Winter Coat - Variant 2,Fashion,46.85,3,3,1,2024-06-27
U0064,P0038,Wrist Watch,Fashion,65.06,4,1,1,2024-10-09
U0064,P0050,Winter Coat,Fashion,42.63,2,3,1,2024-01-31
U0064,P0135,Sci-Fi Novel,Books,37.03,3,3,0,2024-08-21
U0064,P0095,Beard Trimmer - Variant 2,Beauty,23.23,2,2,0,2024-09-06
U0064,P0029,Denim Jacket,Fashion,85.21,3,2,1,2024-06-07
U0064,P0030,Denim Jacket - Variant 2,Fashion,74.76,4,2,1,2024-02-26
U0064,P0031,Cotton T-Shirt,Fashion,22.06,2,2,0,2024-09-24
U0064,P0039,Wrist Watch - Variant 2,Fashion,41.73,4,2,0,2024-05-23
U0065,P0125,Mystery Novel - Variant 2,Books,18.83,5,1,1,2024-09-26
U0065,P0125,Mystery Novel - Variant 2,Books,18.83,5,1,1,2024-03-23
U0065,P0135,Sci-Fi Novel,Books,37.03,3,1,0,2024-09-06
U0065,P0145,Poetry Collection - Variant 3,Books,15.46,3,3,0,2024-11-21
U0065,P0128,Self-Help Book - Variant 2,Books,22.95,5,3,1,2024-06-03
U0065,P0139,Business Strategy Book - Variant 2,Books,18.14,4,3,1,2024-09-08
U0065,P0107,Cycling Helmet - Variant 2,Sports,18.4,1,2,1,2024-06-08
U0065,P0147,History Book - Variant 2,Books,35.8,2,3,0,2024-07-22
U0065,P0125,Mystery Novel - Variant 2,Books,18.83,5,3,1,2024-07-08
U0065,P0040,Wrist Watch - Variant 3,Fashion,55.58,1,1,0,2024-07-27
U0065,P0141,Children's Storybook,Books,33.46,1,2,1,2024-04-29
U0066,P0012,USB-C Hub - Variant 2,Electronics,36.09,4,2,0,2024-12-27
U0066,P0142,Children's Storybook - Variant 2,Books,18.29,4,1,1,2024-05-21
U0066,P0007,Smartwatch - Variant 2,Electronics,74.04,4,1,0,2024-07-20
U0066,P0136,Sci-Fi Novel - Variant 2,Books,20.37,4,3,1,2024-01-20
U0066,P0001,Wireless Earbuds,Electronics,126.81,2,1,1,2024-07-05
U0066,P0140,Business Strategy Book - Variant 3,Books,14.32,4,3,1,2024-10-08
U0066,P0147,History Book - Variant 2,Books,35.8,3,3,1,2024-06-24
U0066,P0128,Self-Help Book - Variant 2,Books,22.95,3,3,1,2024-01-24
U0066,P0134,Biography - Variant 2,Books,19.48,1,1,1,2024-03-03
U0066,P0012,USB-C Hub - Variant 2,Electronics,36.09,3,2,1,2024-07-31
U0066,P0080,Shampoo,Beauty,13.54,4,3,1,2024-05-16
U0066,P0131,Cookbook - Variant 2,Books,11.3,3,3,1,2024-11-14
U0066,P0145,Poetry Collection - Variant 3,Books,15.46,3,3,1,2024-02-27
U0067,P0135,Sci-Fi Novel,Books,37.03,4,2,0,2024-12-17
U0067,P0128,Self-Help Book - Variant 2,Books,22.95,5,2,1,2024-02-21
U0067,P0141,Children's Storybook,Books,33.46,4,2,1,2024-07-28
U0067,P0138,Business Strategy Book,Books,32.81,4,2,1,2024-05-18
U0067,P0141,Children's Storybook,Books,33.46,3,1,0,2024-10-12
U0067,P0013,USB-C Hub - Variant 3,Electronics,149.11,3,2,1,2024-07-13
U0067,P0141,Children's Storybook,Books,33.46,5,1,1,2024-04-14
U0067,P0144,Poetry Collection - Variant 2,Books,23.59,3,2,0,2024-06-27
U0067,P0140,Business Strategy Book - Variant 3,Books,14.32,4,1,1,2024-11-20
U0067,P0146,History Book,Books,11.74,3,1,1,2024-10-08
U0067,P0139,Business Strategy Book - Variant 2,Books,18.14,5,2,1,2024-04-01
U0067,P0053,Air Fryer,Home & Kitchen,77.17,4,1,0,2024-02-02
U0067,P0065,Bed Sheets Set - Variant 2,Home & Kitchen,33.33,4,2,0,2024-06-26
U0067,P0054,Air Fryer - Variant 2,Home & Kitchen,109.53,1,1,0,2024-10-07
U0067,P0130,Cookbook,Books,25.89,2,2,0,2024-02-19
U0067,P0145,Poetry Collection - Variant 3,Books,15.46,3,3,1,2024-07-31
U0067,P0149,Programming Guide,Books,35.7,4,2,0,2024-11-15
U0067,P0142,Children's Storybook - Variant 2,Books,18.29,5,3,0,2024-03-06
U0067,P0140,Business Strategy Book - Variant 3,Books,14.32,4,2,1,2024-12-10
U0068,P0092,Nail Polish Kit,Beauty,23.01,2,3,0,2024-03-31
U0068,P0141,Children's Storybook,Books,33.46,2,2,1,2024-10-18
U0068,P0138,Business Strategy Book,Books,32.81,2,2,1,2024-03-19
U0068,P0129,Self-Help Book - Variant 3,Books,37.09,5,2,0,2024-10-07
U0068,P0143,Poetry Collection,Books,9.47,4,2,1,2024-11-03
U0068,P0150,Programming Guide - Variant 2,Books,12.92,3,2,1,2024-10-01
U0068,P0130,Cookbook,Books,25.89,2,1,1,2024-06-06
U0068,P0135,Sci-Fi Novel,Books,37.03,3,3,1,2024-08-12
U0068,P0130,Cookbook,Books,25.89,4,3,1,2024-08-24
U0068,P0112,Football - Variant 2,Sports,71.75,3,2,0,2024-05-06
U0068,P0135,Sci-Fi Novel,Books,37.03,4,2,1,2024-09-03
U0068,P0136,Sci-Fi Novel - Variant 2,Books,20.37,4,3,1,2024-11-12
U0068,P0059,Non-stick Pan - Variant 2,Home & Kitchen,63.2,1,3,0,2024-05-31
U0068,P0002,Wireless Earbuds - Variant 2,Electronics,56.91,2,2,1,2024-07-21
U0068,P0127,Self-Help Book,Books,13.13,2,3,1,2024-09-19
U0069,P0098,Body Lotion - Variant 2,Beauty,19.09,4,2,0,2024-06-30
U0069,P0006,Smartwatch,Electronics,88.35,4,3,0,2024-07-14
U0069,P0060,Blender,Home & Kitchen,43.99,5,1,1,2024-02-25
U0069,P0122,Gym Bag,Sports,52.75,3,1,0,2024-10-20
U0069,P0062,Vacuum Cleaner,Home & Kitchen,44.0,4,1,1,2024-08-27
U0069,P0064,Bed Sheets Set,Home & Kitchen,92.94,4,3,1,2024-01-15
U0069,P0070,Cutlery Set,Home & Kitchen,58.7,3,1,1,2024-01-10
U0069,P0066,Table Lamp,Home & Kitchen,82.67,3,2,1,2024-04-09
U0069,P0070,Cutlery Set,Home & Kitchen,58.7,4,1,0,2024-08-17
U0069,P0087,Hair Dryer,Beauty,46.49,2,1,0,2024-10-31
U0070,P0021,Mechanical Keyboard - Variant 3,Electronics,87.99,5,3,1,2024-03-28
U0070,P0142,Children's Storybook - Variant 2,Books,18.29,3,3,0,2024-11-02
U0070,P0018,Gaming Mouse - Variant 3,Electronics,81.58,3,1,0,2024-01-12
U0070,P0021,Mechanical Keyboard - Variant 3,Electronics,87.99,5,2,1,2024-02-22
U0070,P0150,Programming Guide - Variant 2,Books,12.92,5,2,1,2024-04-04
U0070,P0145,Poetry Collection - Variant 3,Books,15.46,3,2,1,2024-02-21
U0070,P0095,Beard Trimmer - Variant 2,Beauty,23.23,3,2,0,2024-09-02
U0070,P0018,Gaming Mouse - Variant 3,Electronics,81.58,4,2,1,2024-02-15
U0070,P0059,Non-stick Pan - Variant 2,Home & Kitchen,63.2,3,1,1,2024-06-03
U0070,P0142,Children's Storybook - Variant 2,Books,18.29,2,3,1,2024-06-18
U0070,P0144,Poetry Collection - Variant 2,Books,23.59,4,2,1,2024-01-19
U0070,P0139,Business Strategy Book - Variant 2,Books,18.14,2,2,0,2024-11-25
U0070,P0038,Wrist Watch,Fashion,65.06,3,1,1,2024-01-24
U0070,P0026,Tablet - Variant 3,Electronics,105.26,3,1,1,2024-02-04
U0070,P0003,Bluetooth Speaker,Electronics,104.25,4,3,1,2024-11-05
U0070,P0002,Wireless Earbuds - Variant 2,Electronics,56.91,5,1,0,2024-03-02
U0070,P0021,Mechanical Keyboard - Variant 3,Electronics,87.99,2,3,1,2024-01-17
U0070,P0035,Leather Wallet - Variant 3,Fashion,53.93,2,2,0,2024-09-29
U0070,P0143,Poetry Collection,Books,9.47,3,1,0,2024-05-03
U0070,P0010,Laptop Stand - Variant 3,Electronics,146.57,5,1,1,2024-02-27
U0070,P0075,Wall Clock - Variant 3,Home & Kitchen,67.37,3,3,0,2024-11-04
U0070,P0013,USB-C Hub - Variant 3,Electronics,149.11,2,2,1,2024-10-13
U0070,P0009,Laptop Stand - Variant 2,Electronics,38.35,1,3,1,2024-08-22
U0070,P0003,Bluetooth Speaker,Electronics,104.25,2,3,1,2024-11-10
U0070,P0003,Bluetooth Speaker,Electronics,104.25,3,1,1,2024-06-10
U0070,P0024,Tablet,Electronics,103.54,4,3,1,2024-10-20
U0070,P0131,Cookbook - Variant 2,Books,11.3,4,3,0,2024-07-13
U0070,P0114,Tennis Racket,Sports,49.81,3,1,1,2024-04-30
U0070,P0130,Cookbook,Books,25.89,3,3,1,2024-02-21
U0070,P0025,Tablet - Variant 2,Electronics,41.3,4,3,1,2024-02-14
U0070,P0133,Biography,Books,29.75,4,3,0,2024-10-27
U0070,P0011,USB-C Hub,Electronics,143.0,3,1,1,2024-02-08
U0070,P0091,Face Mask Set - Variant 2,Beauty,47.83,2,2,0,2024-09-09
U0070,P0022,Webcam,Electronics,106.5,4,1,0,2024-06-28
U0070,P0132,Cookbook - Variant 3,Books,19.54,2,3,1,2024-03-25
U0071,P0087,Hair Dryer,Beauty,46.49,3,2,1,2024-03-18
U0071,P0096,Beard Trimmer - Variant 3,Beauty,16.01,4,1,0,2024-09-25
U0071,P0049,Sneakers - Variant 3,Fashion,55.64,3,3,1,2024-05-10
U0071,P0092,Nail Polish Kit,Beauty,23.01,3,1,0,2024-07-21
U0071,P0076,Face Moisturizer,Beauty,48.93,3,1,0,2024-12-16
U0071,P0117,Fitness Tracker,Sports,72.86,1,1,1,2024-02-06
U0071,P0091,Face Mask Set - Variant 2,Beauty,47.83,3,3,1,2024-05-23
U0071,P0081,Shampoo - Variant 2,Beauty,39.01,3,2,1,2024-05-25
U0071,P0078,Sunscreen SPF50,Beauty,33.33,3,2,0,2024-01-20
U0071,P0080,Shampoo,Beauty,13.54,4,3,1,2024-10-09
U0071,P0038,Wrist Watch,Fashion,65.06,4,1,0,2024-01-26
U0071,P0090,Face Mask Set,Beauty,19.72,3,2,0,2024-03-21
U0071,P0092,Nail Polish Kit,Beauty,23.01,4,1,1,2024-12-22
U0071,P0091,Face Mask Set - Variant 2,Beauty,47.83,5,3,1,2024-02-17
U0071,P0098,Body Lotion - Variant 2,Beauty,19.09,3,3,1,2024-03-19
U0071,P0091,Face Mask Set - Variant 2,Beauty,47.83,5,1,1,2024-05-31
U0071,P0095,Beard Trimmer - Variant 2,Beauty,23.23,5,2,1,2024-02-09
U0071,P0086,Perfume - Variant 2,Beauty,33.4,4,3,0,2024-06-06
U0071,P0082,Lipstick,Beauty,12.97,4,1,1,2024-09-25
U0072,P0067,Table Lamp - Variant 2,Home & Kitchen,105.23,5,3,1,2024-03-17
U0072,P0136,Sci-Fi Novel - Variant 2,Books,20.37,3,3,1,2024-11-28
U0072,P0062,Vacuum Cleaner,Home & Kitchen,44.0,4,2,1,2024-09-27
U0072,P0126,Mystery Novel - Variant 3,Books,27.08,3,2,0,2024-04-05
U0072,P0070,Cutlery Set,Home & Kitchen,58.7,4,2,1,2024-02-02
U0072,P0068,Storage Boxes,Home & Kitchen,80.29,4,3,1,2024-05-21
U0072,P0145,Poetry Collection - Variant 3,Books,15.46,5,3,1,2024-12-03
U0072,P0069,Storage Boxes - Variant 2,Home & Kitchen,55.29,3,2,1,2024-12-05
U0072,P0075,Wall Clock - Variant 3,Home & Kitchen,67.37,2,3,1,2024-05-24
U0072,P0143,Poetry Collection,Books,9.47,3,3,0,2024-03-11
U0072,P0056,Coffee Maker - Variant 2,Home & Kitchen,39.05,4,3,1,2024-07-22
U0072,P0135,Sci-Fi Novel,Books,37.03,3,3,1,2024-11-07
U0072,P0067,Table Lamp - Variant 2,Home & Kitchen,105.23,4,1,1,2024-10-06
U0072,P0064,Bed Sheets Set,Home & Kitchen,92.94,3,2,1,2024-09-02
U0072,P0144,Poetry Collection - Variant 2,Books,23.59,4,1,0,2024-04-29
U0072,P0090,Face Mask Set,Beauty,19.72,2,2,0,2024-03-27
U0072,P0074,Wall Clock - Variant 2,Home & Kitchen,102.86,5,3,0,2024-03-12
U0072,P0060,Blender,Home & Kitchen,43.99,3,3,1,2024-10-17
U0072,P0057,Coffee Maker - Variant 3,Home & Kitchen,95.59,2,3,0,2024-01-01
U0072,P0141,Children's Storybook,Books,33.46,5,2,1,2024-05-10
U0072,P0055,Coffee Maker,Home & Kitchen,73.4,4,1,0,2024-01-05
U0072,P0144,Poetry Collection - Variant 2,Books,23.59,5,3,1,2024-09-15
U0072,P0069,Storage Boxes - Variant 2,Home & Kitchen,55.29,2,1,0,2024-09-27
U0072,P0142,Children's Storybook - Variant 2,Books,18.29,2,2,1,2024-11-08
U0072,P0037,Sunglasses - Variant 2,Fashion,47.01,2,3,1,2024-10-17
U0072,P0071,Cutlery Set - Variant 2,Home & Kitchen,84.19,3,2,1,2024-02-08
U0072,P0070,Cutlery Set,Home & Kitchen,58.7,4,1,1,2024-09-21
U0072,P0059,Non-stick Pan - Variant 2,Home & Kitchen,63.2,3,1,1,2024-06-01
U0072,P0048,Sneakers - Variant 2,Fashion,58.93,2,3,0,2024-07-07
U0072,P0016,Gaming Mouse,Electronics,38.63,3,1,0,2024-06-30
U0072,P0150,Programming Guide - Variant 2,Books,12.92,4,1,1,2024-10-23
U0072,P0134,Biography - Variant 2,Books,19.48,2,2,1,2024-12-03
U0072,P0126,Mystery Novel - Variant 3,Books,27.08,4,1,1,2024-08-18
U0072,P0064,Bed Sheets Set,Home & Kitchen,92.94,4,2,0,2024-07-22
U0073,P0069,Storage Boxes - Variant 2,Home & Kitchen,55.29,3,3,1,2024-06-06
U0073,P0093,Nail Polish Kit - Variant 2,Beauty,18.13,3,3,1,2024-04-03
U0073,P0096,Beard Trimmer - Variant 3,Beauty,16.01,4,3,1,2024-02-16
U0073,P0025,Tablet - Variant 2,Electronics,41.3,3,2,1,2024-02-19
U0073,P0085,Perfume,Beauty,30.06,4,3,1,2024-10-05
U0073,P0072,Cutlery Set - Variant 3,Home & Kitchen,83.94,3,1,1,2024-06-06
U0073,P0067,Table Lamp - Variant 2,Home & Kitchen,105.23,3,1,1,2024-10-12
U0073,P0065,Bed Sheets Set - Variant 2,Home & Kitchen,33.33,2,3,1,2024-01-14
U0073,P0098,Body Lotion - Variant 2,Beauty,19.09,2,1,1,2024-06-26
U0073,P0059,Non-stick Pan - Variant 2,Home & Kitchen,63.2,2,3,1,2024-12-27
U0073,P0061,Blender - Variant 2,Home & Kitchen,27.47,5,3,1,2024-05-09
U0073,P0076,Face Moisturizer,Beauty,48.93,3,3,0,2024-11-21
U0073,P0064,Bed Sheets Set,Home & Kitchen,92.94,3,3,1,2024-11-15
U0073,P0030,Denim Jacket - Variant 2,Fashion,74.76,3,2,0,2024-02-25
U0073,P0040,Wrist Watch - Variant 3,Fashion,55.58,5,1,0,2024-02-21
U0073,P0066,Table Lamp,Home & Kitchen,82.67,4,2,1,2024-01-09
U0073,P0148,History Book - Variant 3,Books,20.33,3,1,0,2024-09-12
U0073,P0084,Lipstick - Variant 3,Beauty,13.19,4,2,1,2024-09-10
U0073,P0123,Gym Bag - Variant 2,Sports,46.65,2,1,0,2024-09-12
U0073,P0053,Air Fryer,Home & Kitchen,77.17,4,3,0,2024-01-07
U0073,P0099,Body Lotion - Variant 3,Beauty,45.92,3,2,1,2024-09-23
U0073,P0034,Leather Wallet - Variant 2,Fashion,29.12,3,2,0,2024-08-16
U0073,P0097,Body Lotion,Beauty,42.54,4,2,0,2024-04-12
U0073,P0098,Body Lotion - Variant 2,Beauty,19.09,3,1,1,2024-11-24
U0073,P0054,Air Fryer - Variant 2,Home & Kitchen,109.53,4,3,1,2024-03-25
U0073,P0096,Beard Trimmer - Variant 3,Beauty,16.01,3,1,1,2024-12-30
U0073,P0074,Wall Clock - Variant 2,Home & Kitchen,102.86,5,1,1,2024-04-20
U0073,P0040,Wrist Watch - Variant 3,Fashion,55.58,3,1,0,2024-11-22
U0073,P0021,Mechanical Keyboard - Variant 3,Electronics,87.99,2,1,1,2024-12-13
U0073,P0081,Shampoo - Variant 2,Beauty,39.01,5,3,1,2024-07-28
U0073,P0059,Non-stick Pan - Variant 2,Home & Kitchen,63.2,4,2,1,2024-07-09
U0073,P0099,Body Lotion - Variant 3,Beauty,45.92,4,2,1,2024-09-22
U0073,P0078,Sunscreen SPF50,Beauty,33.33,3,2,1,2024-03-28
U0073,P0086,Perfume - Variant 2,Beauty,33.4,5,1,1,2024-05-02
U0073,P0086,Perfume - Variant 2,Beauty,33.4,4,1,0,2024-03-12
U0073,P0061,Blender - Variant 2,Home & Kitchen,27.47,5,1,0,2024-08-06
U0073,P0120,Skipping Rope,Sports,26.44,2,2,0,2024-11-18
U0073,P0056,Coffee Maker - Variant 2,Home & Kitchen,39.05,5,2,1,2024-02-05
U0074,P0128,Self-Help Book - Variant 2,Books,22.95,3,2,0,2024-02-16
U0074,P0131,Cookbook - Variant 2,Books,11.3,2,2,1,2024-11-06
U0074,P0070,Cutlery Set,Home & Kitchen,58.7,3,3,1,2024-10-20
U0074,P0078,Sunscreen SPF50,Beauty,33.33,1,1,1,2024-08-03
U0074,P0131,Cookbook - Variant 2,Books,11.3,4,3,1,2024-07-04
U0074,P0011,USB-C Hub,Electronics,143.0,4,2,0,2024-10-02
U0074,P0067,Table Lamp - Variant 2,Home & Kitchen,105.23,2,3,1,2024-12-27
U0074,P0060,Blender,Home & Kitchen,43.99,3,1,1,2024-07-06
U0074,P0058,Non-stick Pan,Home & Kitchen,28.34,4,2,1,2024-06-11
U0074,P0070,Cutlery Set,Home & Kitchen,58.7,2,1,1,2024-08-15
U0074,P0132,Cookbook - Variant 3,Books,19.54,4,1,1,2024-03-13
U0074,P0143,Poetry Collection,Books,9.47,3,1,1,2024-04-29
U0074,P0134,Biography - Variant 2,Books,19.48,4,1,1,2024-12-28
U0074,P0072,Cutlery Set - Variant 3,Home & Kitchen,83.94,4,1,1,2024-07-07
U0074,P0130,Cookbook,Books,25.89,4,3,1,2024-08-13
U0074,P0139,Business Strategy Book - Variant 2,Books,18.14,4,2,1,2024-06-15
U0074,P0138,Business Strategy Book,Books,32.81,5,1,0,2024-06-26
U0074,P0114,Tennis Racket,Sports,49.81,3,2,0,2024-02-04
U0074,P0148,History Book - Variant 3,Books,20.33,3,3,0,2024-10-02
U0074,P0139,Business Strategy Book - Variant 2,Books,18.14,5,2,1,2024-12-26
U0074,P0136,Sci-Fi Novel - Variant 2,Books,20.37,4,3,1,2024-04-27
U0074,P0111,Football,Sports,37.24,2,3,0,2024-04-28
U0074,P0143,Poetry Collection,Books,9.47,2,3,1,2024-06-11
U0074,P0138,Business Strategy Book,Books,32.81,4,2,1,2024-06-19
U0074,P0130,Cookbook,Books,25.89,4,1,0,2024-09-04
U0074,P0135,Sci-Fi Novel,Books,37.03,3,2,1,2024-05-05
U0074,P0056,Coffee Maker - Variant 2,Home & Kitchen,39.05,4,3,1,2024-06-05
U0074,P0074,Wall Clock - Variant 2,Home & Kitchen,102.86,3,1,1,2024-09-04
U0074,P0022,Webcam,Electronics,106.5,3,2,1,2024-08-16
U0074,P0017,Gaming Mouse - Variant 2,Electronics,95.82,2,1,0,2024-06-12
U0074,P0107,Cycling Helmet - Variant 2,Sports,18.4,2,1,1,2024-07-09
U0074,P0054,Air Fryer - Variant 2,Home & Kitchen,109.53,4,3,1,2024-12-13
U0074,P0074,Wall Clock - Variant 2,Home & Kitchen,102.86,4,1,1,2024-11-13
U0074,P0146,History Book,Books,11.74,5,2,1,2024-05-18
U0074,P0149,Programming Guide,Books,35.7,4,1,1,2024-10-20
U0074,P0128,Self-Help Book - Variant 2,Books,22.95,3,3,1,2024-08-29
U0074,P0043,Backpack - Variant 3,Fashion,77.01,3,1,0,2024-12-08
U0075,P0081,Shampoo - Variant 2,Beauty,39.01,5,3,1,2024-04-18
U0075,P0076,Face Moisturizer,Beauty,48.93,3,2,1,2024-09-08
U0075,P0139,Business Strategy Book - Variant 2,Books,18.14,3,2,0,2024-06-09
U0075,P0093,Nail Polish Kit - Variant 2,Beauty,18.13,5,3,0,2024-05-03
U0075,P0091,Face Mask Set - Variant 2,Beauty,47.83,2,3,1,2024-05-10
U0075,P0076,Face Moisturizer,Beauty,48.93,3,2,0,2024-01-13
U0075,P0091,Face Mask Set - Variant 2,Beauty,47.83,4,3,1,2024-05-24
U0075,P0095,Beard Trimmer - Variant 2,Beauty,23.23,4,1,1,2024-07-25
U0076,P0143,Poetry Collection,Books,9.47,5,2,1,2024-06-22
U0076,P0077,Face Moisturizer - Variant 2,Beauty,44.26,3,1,0,2024-01-23
U0076,P0125,Mystery Novel - Variant 2,Books,18.83,2,1,1,2024-08-14
U0076,P0084,Lipstick - Variant 3,Beauty,13.19,2,1,0,2024-07-17
U0076,P0145,Poetry Collection - Variant 3,Books,15.46,5,2,1,2024-09-07
U0076,P0150,Programming Guide - Variant 2,Books,12.92,2,1,1,2024-12-12
U0076,P0140,Business Strategy Book - Variant 3,Books,14.32,5,2,1,2024-06-02
U0076,P0144,Poetry Collection - Variant 2,Books,23.59,4,1,1,2024-05-31
U0076,P0135,Sci-Fi Novel,Books,37.03,2,1,1,2024-03-10
U0076,P0138,Business Strategy Book,Books,32.81,2,3,0,2024-01-22
U0076,P0143,Poetry Collection,Books,9.47,4,1,1,2024-03-09
U0076,P0147,History Book - Variant 2,Books,35.8,3,1,0,2024-10-21
U0077,P0137,Sci-Fi Novel - Variant 3,Books,32.27,2,2,1,2024-12-01
U0077,P0136,Sci-Fi Novel - Variant 2,Books,20.37,3,1,1,2024-05-17
U0077,P0133,Biography,Books,29.75,4,1,1,2024-12-25
U0077,P0141,Children's Storybook,Books,33.46,3,1,1,2024-07-12
U0077,P0069,Storage Boxes - Variant 2,Home & Kitchen,55.29,2,3,0,2024-11-19
U0077,P0141,Children's Storybook,Books,33.46,3,3,1,2024-03-05
U0077,P0085,Perfume,Beauty,30.06,3,2,1,2024-07-16
U0077,P0114,Tennis Racket,Sports,49.81,2,3,0,2024-08-03
U0077,P0150,Programming Guide - Variant 2,Books,12.92,2,2,0,2024-07-22
U0077,P0142,Children's Storybook - Variant 2,Books,18.29,3,3,1,2024-04-15
U0078,P0011,USB-C Hub,Electronics,143.0,3,1,1,2024-10-22
U0078,P0001,Wireless Earbuds,Electronics,126.81,5,1,1,2024-05-25
U0078,P0013,USB-C Hub - Variant 3,Electronics,149.11,4,3,1,2024-10-09
U0078,P0020,Mechanical Keyboard - Variant 2,Electronics,77.77,5,1,1,2024-12-25
U0078,P0025,Tablet - Variant 2,Electronics,41.3,4,1,0,2024-01-09
U0078,P0004,Bluetooth Speaker - Variant 2,Electronics,53.79,4,1,1,2024-03-16
U0078,P0011,USB-C Hub,Electronics,143.0,5,1,1,2024-10-05
U0078,P0016,Gaming Mouse,Electronics,38.63,4,2,1,2024-01-22
U0078,P0025,Tablet - Variant 2,Electronics,41.3,5,3,0,2024-03-28
U0078,P0004,Bluetooth Speaker - Variant 2,Electronics,53.79,3,3,0,2024-08-30
U0078,P0003,Bluetooth Speaker,Electronics,104.25,4,1,1,2024-09-12
U0078,P0064,Bed Sheets Set,Home & Kitchen,92.94,3,2,0,2024-08-24
U0078,P0131,Cookbook - Variant 2,Books,11.3,1,1,0,2024-09-29
U0078,P0017,Gaming Mouse - Variant 2,Electronics,95.82,2,1,0,2024-08-04
U0078,P0020,Mechanical Keyboard - Variant 2,Electronics,77.77,4,1,0,2024-03-20
U0078,P0013,USB-C Hub - Variant 3,Electronics,149.11,4,1,1,2024-03-10
U0078,P0021,Mechanical Keyboard - Variant 3,Electronics,87.99,2,3,1,2024-10-11
U0079,P0010,Laptop Stand - Variant 3,Electronics,146.57,3,3,1,2024-04-26
U0079,P0004,Bluetooth Speaker - Variant 2,Electronics,53.79,3,1,1,2024-03-13
U0079,P0135,Sci-Fi Novel,Books,37.03,2,1,0,2024-08-07
U0079,P0026,Tablet - Variant 3,Electronics,105.26,4,3,1,2024-11-03
U0079,P0001,Wireless Earbuds,Electronics,126.81,4,2,1,2024-08-22
U0079,P0006,Smartwatch,Electronics,88.35,4,2,0,2024-07-14
U0079,P0005,Bluetooth Speaker - Variant 3,Electronics,53.78,4,1,1,2024-03-21
U0079,P0133,Biography,Books,29.75,2,3,0,2024-04-05
U0080,P0120,Skipping Rope,Sports,26.44,1,2,0,2024-04-22
U0080,P0036,Sunglasses,Fashion,32.53,1,3,1,2024-05-03
U0080,P0035,Leather Wallet - Variant 3,Fashion,53.93,4,3,1,2024-03-07
U0080,P0136,Sci-Fi Novel - Variant 2,Books,20.37,2,1,1,2024-02-11
U0080,P0107,Cycling Helmet - Variant 2,Sports,18.4,3,3,1,2024-05-31
U0080,P0089,Hair Dryer - Variant 3,Beauty,27.59,2,1,0,2024-02-21
U0080,P0130,Cookbook,Books,25.89,3,3,0,2024-03-05
U0080,P0130,Cookbook,Books,25.89,5,3,0,2024-06-26
U0080,P0042,Backpack - Variant 2,Fashion,23.08,5,3,1,2024-07-24
U0080,P0142,Children's Storybook - Variant 2,Books,18.29,3,1,0,2024-09-18
U0080,P0041,Backpack,Fashion,58.75,5,2,1,2024-06-15
U0080,P0032,Cotton T-Shirt - Variant 2,Fashion,36.35,3,2,1,2024-05-02
U0080,P0043,Backpack - Variant 3,Fashion,77.01,2,2,0,2024-03-07
U0080,P0105,Resistance Bands - Variant 2,Sports,18.03,5,3,0,2024-08-11
U0080,P0139,Business Strategy Book - Variant 2,Books,18.14,4,2,0,2024-01-28
U0080,P0136,Sci-Fi Novel - Variant 2,Books,20.37,3,2,1,2024-05-30
U0080,P0059,Non-stick Pan - Variant 2,Home & Kitchen,63.2,3,2,0,2024-09-23
U0080,P0137,Sci-Fi Novel - Variant 3,Books,32.27,2,2,1,2024-08-19
U0080,P0015,Power Bank - Variant 2,Electronics,95.82,2,1,0,2024-11-08
U0080,P0148,History Book - Variant 3,Books,20.33,2,2,1,2024-10-05
U0080,P0045,Formal Shirt - Variant 2,Fashion,80.51,3,3,0,2024-05-15
U0080,P0146,History Book,Books,11.74,3,2,0,2024-02-27
U0080,P0047,Sneakers,Fashion,42.71,3,1,1,2024-08-10
U0080,P0121,Skipping Rope - Variant 2,Sports,74.87,2,1,0,2024-09-27
U0080,P0038,Wrist Watch,Fashion,65.06,3,2,1,2024-06-02
U0080,P0133,Biography,Books,29.75,4,1,1,2024-11-14
U0080,P0137,Sci-Fi Novel - Variant 3,Books,32.27,5,3,0,2024-06-18
U0080,P0147,History Book - Variant 2,Books,35.8,3,2,1,2024-01-08
U0080,P0135,Sci-Fi Novel,Books,37.03,4,2,1,2024-04-18
U0080,P0140,Business Strategy Book - Variant 3,Books,14.32,3,3,0,2024-10-11
U0080,P0061,Blender - Variant 2,Home & Kitchen,27.47,1,2,0,2024-05-23
U0080,P0032,Cotton T-Shirt - Variant 2,Fashion,36.35,5,1,1,2024-10-11
U0080,P0142,Children's Storybook - Variant 2,Books,18.29,4,1,0,2024-06-04
U0080,P0125,Mystery Novel - Variant 2,Books,18.83,5,3,1,2024-10-28
U0081,P0142,Children's Storybook - Variant 2,Books,18.29,5,3,1,2024-08-20
U0081,P0147,History Book - Variant 2,Books,35.8,4,3,1,2024-10-22
U0081,P0147,History Book - Variant 2,Books,35.8,4,1,1,2024-01-13
U0081,P0145,Poetry Collection - Variant 3,Books,15.46,4,3,1,2024-08-29
U0081,P0109,Water Bottle - Variant 2,Sports,45.64,3,2,1,2024-01-16
U0081,P0135,Sci-Fi Novel,Books,37.03,2,1,1,2024-05-10
U0081,P0147,History Book - Variant 2,Books,35.8,4,3,1,2024-12-23
U0081,P0147,History Book - Variant 2,Books,35.8,4,3,1,2024-08-24
U0081,P0128,Self-Help Book - Variant 2,Books,22.95,4,3,0,2024-06-20
U0081,P0135,Sci-Fi Novel,Books,37.03,3,3,1,2024-11-17
U0081,P0130,Cookbook,Books,25.89,4,1,0,2024-08-26
U0081,P0137,Sci-Fi Novel - Variant 3,Books,32.27,4,3,1,2024-09-04
U0081,P0034,Leather Wallet - Variant 2,Fashion,29.12,1,3,1,2024-03-28
U0081,P0135,Sci-Fi Novel,Books,37.03,5,3,1,2024-08-18
U0081,P0138,Business Strategy Book,Books,32.81,4,2,1,2024-10-09
U0081,P0142,Children's Storybook - Variant 2,Books,18.29,4,1,1,2024-05-21
U0081,P0133,Biography,Books,29.75,5,2,1,2024-09-28
U0081,P0127,Self-Help Book,Books,13.13,4,3,1,2024-12-12
U0081,P0129,Self-Help Book - Variant 3,Books,37.09,4,3,1,2024-05-21
U0081,P0141,Children's Storybook,Books,33.46,3,3,1,2024-04-13
U0081,P0125,Mystery Novel - Variant 2,Books,18.83,3,1,1,2024-08-24
U0081,P0145,Poetry Collection - Variant 3,Books,15.46,4,2,1,2024-06-29
U0081,P0121,Skipping Rope - Variant 2,Sports,74.87,3,3,0,2024-04-16
U0082,P0070,Cutlery Set,Home & Kitchen,58.7,3,1,1,2024-12-12
U0082,P0065,Bed Sheets Set - Variant 2,Home & Kitchen,33.33,4,3,1,2024-01-06
U0082,P0074,Wall Clock - Variant 2,Home & Kitchen,102.86,4,1,1,2024-06-03
U0082,P0056,Coffee Maker - Variant 2,Home & Kitchen,39.05,4,2,0,2024-12-11
U0082,P0058,Non-stick Pan,Home & Kitchen,28.34,2,2,1,2024-11-18
U0082,P0052,Winter Coat - Variant 3,Fashion,39.04,3,1,1,2024-08-17
U0082,P0144,Poetry Collection - Variant 2,Books,23.59,3,3,0,2024-05-04
U0082,P0074,Wall Clock - Variant 2,Home & Kitchen,102.86,3,3,0,2024-11-13
U0082,P0055,Coffee Maker,Home & Kitchen,73.4,5,3,0,2024-04-12
U0082,P0071,Cutlery Set - Variant 2,Home & Kitchen,84.19,3,2,0,2024-05-13
U0082,P0053,Air Fryer,Home & Kitchen,77.17,5,3,1,2024-06-03
U0082,P0063,Vacuum Cleaner - Variant 2,Home & Kitchen,87.82,5,1,1,2024-09-22
U0082,P0073,Wall Clock,Home & Kitchen,81.51,2,1,1,2024-12-03
U0082,P0071,Cutlery Set - Variant 2,Home & Kitchen,84.19,3,2,1,2024-03-03
U0082,P0074,Wall Clock - Variant 2,Home & Kitchen,102.86,5,1,1,2024-01-16
U0082,P0063,Vacuum Cleaner - Variant 2,Home & Kitchen,87.82,4,1,1,2024-04-16
U0082,P0071,Cutlery Set - Variant 2,Home & Kitchen,84.19,4,1,1,2024-06-12
U0082,P0060,Blender,Home & Kitchen,43.99,5,1,1,2024-03-02
U0082,P0070,Cutlery Set,Home & Kitchen,58.7,3,1,1,2024-11-25
U0082,P0108,Water Bottle,Sports,48.44,2,3,1,2024-10-18
U0082,P0080,Shampoo,Beauty,13.54,3,3,0,2024-03-02
U0083,P0057,Coffee Maker - Variant 3,Home & Kitchen,95.59,3,3,1,2024-05-21
U0083,P0072,Cutlery Set - Variant 3,Home & Kitchen,83.94,4,3,1,2024-09-08
U0083,P0053,Air Fryer,Home & Kitchen,77.17,4,3,1,2024-10-08
U0083,P0067,Table Lamp - Variant 2,Home & Kitchen,105.23,2,3,1,2024-10-19
U0083,P0066,Table Lamp,Home & Kitchen,82.67,4,2,0,2024-05-27
U0083,P0070,Cutlery Set,Home & Kitchen,58.7,5,1,1,2024-08-22
U0083,P0040,Wrist Watch - Variant 3,Fashion,55.58,3,1,0,2024-05-18
U0083,P0058,Non-stick Pan,Home & Kitchen,28.34,4,2,1,2024-01-04
U0083,P0064,Bed Sheets Set,Home & Kitchen,92.94,2,2,1,2024-05-24
U0083,P0070,Cutlery Set,Home & Kitchen,58.7,5,1,1,2024-09-15
U0083,P0070,Cutlery Set,Home & Kitchen,58.7,5,2,1,2024-06-17
U0083,P0044,Formal Shirt,Fashion,83.48,2,3,1,2024-08-25
U0083,P0060,Blender,Home & Kitchen,43.99,5,2,1,2024-06-26
U0084,P0055,Coffee Maker,Home & Kitchen,73.4,4,1,1,2024-10-25
U0084,P0020,Mechanical Keyboard - Variant 2,Electronics,77.77,2,2,0,2024-01-16
U0084,P0068,Storage Boxes,Home & Kitchen,80.29,5,2,1,2024-01-18
U0084,P0060,Blender,Home & Kitchen,43.99,2,2,1,2024-12-25
U0084,P0055,Coffee Maker,Home & Kitchen,73.4,4,1,0,2024-03-01
U0084,P0070,Cutlery Set,Home & Kitchen,58.7,2,1,1,2024-10-23
U0084,P0050,Winter Coat,Fashion,42.63,3,2,1,2024-04-21
U0084,P0060,Blender,Home & Kitchen,43.99,4,1,1,2024-06-06
U0084,P0071,Cutlery Set - Variant 2,Home & Kitchen,84.19,5,3,1,2024-02-25
U0084,P0075,Wall Clock - Variant 3,Home & Kitchen,67.37,5,3,1,2024-10-24
U0084,P0058,Non-stick Pan,Home & Kitchen,28.34,3,1,0,2024-06-22
U0084,P0078,Sunscreen SPF50,Beauty,33.33,1,3,0,2024-05-15
U0084,P0058,Non-stick Pan,Home & Kitchen,28.34,5,2,1,2024-10-28
U0084,P0068,Storage Boxes,Home & Kitchen,80.29,5,2,1,2024-07-18
U0084,P0059,Non-stick Pan - Variant 2,Home & Kitchen,63.2,4,1,1,2024-09-24
U0084,P0070,Cutlery Set,Home & Kitchen,58.7,3,2,0,2024-02-17
U0084,P0066,Table Lamp,Home & Kitchen,82.67,3,3,1,2024-09-20
U0084,P0068,Storage Boxes,Home & Kitchen,80.29,5,3,1,2024-01-12
U0084,P0113,Football - Variant 3,Sports,36.42,3,1,0,2024-12-08
U0084,P0068,Storage Boxes,Home & Kitchen,80.29,4,2,1,2024-09-17
U0084,P0071,Cutlery Set - Variant 2,Home & Kitchen,84.19,3,1,0,2024-01-11
U0084,P0055,Coffee Maker,Home & Kitchen,73.4,4,1,1,2024-07-13
U0084,P0056,Coffee Maker - Variant 2,Home & Kitchen,39.05,4,2,0,2024-06-02
U0084,P0041,Backpack,Fashion,58.75,2,1,1,2024-09-19
U0084,P0074,Wall Clock - Variant 2,Home & Kitchen,102.86,5,1,0,2024-11-20
U0084,P0053,Air Fryer,Home & Kitchen,77.17,2,1,1,2024-02-28
U0084,P0070,Cutlery Set,Home & Kitchen,58.7,3,2,1,2024-06-05
U0085,P0048,Sneakers - Variant 2,Fashion,58.93,3,2,1,2024-11-21
U0085,P0047,Sneakers,Fashion,42.71,5,3,1,2024-02-15
U0085,P0083,Lipstick - Variant 2,Beauty,16.1,2,2,1,2024-02-11
U0085,P0032,Cotton T-Shirt - Variant 2,Fashion,36.35,2,2,0,2024-05-09
U0085,P0050,Winter Coat,Fashion,42.63,3,2,1,2024-05-17
U0085,P0038,Wrist Watch,Fashion,65.06,5,3,1,2024-01-01
U0085,P0049,Sneakers - Variant 3,Fashion,55.64,3,3,1,2024-06-22
U0085,P0001,Wireless Earbuds,Electronics,126.81,2,3,1,2024-04-28
U0085,P0075,Wall Clock - Variant 3,Home & Kitchen,67.37,2,1,0,2024-03-26
U0085,P0034,Leather Wallet - Variant 2,Fashion,29.12,4,1,0,2024-12-23
U0085,P0032,Cotton T-Shirt - Variant 2,Fashion,36.35,4,2,1,2024-03-20
U0085,P0130,Cookbook,Books,25.89,2,2,0,2024-10-12
U0085,P0050,Winter Coat,Fashion,42.63,2,3,1,2024-07-27
U0085,P0029,Denim Jacket,Fashion,85.21,4,3,1,2024-06-17
U0085,P0044,Formal Shirt,Fashion,83.48,5,3,1,2024-04-02
U0085,P0043,Backpack - Variant 3,Fashion,77.01,5,2,1,2024-10-28
U0085,P0030,Denim Jacket - Variant 2,Fashion,74.76,3,3,1,2024-12-13
U0085,P0051,Winter Coat - Variant 2,Fashion,46.85,5,2,1,2024-12-19
U0085,P0050,Winter Coat,Fashion,42.63,2,2,1,2024-11-28
U0085,P0037,Sunglasses - Variant 2,Fashion,47.01,4,1,1,2024-02-10
U0086,P0045,Formal Shirt - Variant 2,Fashion,80.51,2,1,1,2024-10-01
U0086,P0016,Gaming Mouse,Electronics,38.63,3,1,0,2024-09-19
U0086,P0095,Beard Trimmer - Variant 2,Beauty,23.23,2,1,0,2024-06-02
U0086,P0077,Face Moisturizer - Variant 2,Beauty,44.26,3,2,1,2024-03-28
U0086,P0085,Perfume,Beauty,30.06,4,3,0,2024-09-28
U0086,P0105,Resistance Bands - Variant 2,Sports,18.03,5,2,1,2024-06-03
U0086,P0118,Fitness Tracker - Variant 2,Sports,32.35,4,1,1,2024-07-12
U0086,P0086,Perfume - Variant 2,Beauty,33.4,5,2,1,2024-05-09
U0087,P0139,Business Strategy Book - Variant 2,Books,18.14,4,1,0,2024-10-20
U0087,P0023,Webcam - Variant 2,Electronics,79.6,3,2,0,2024-02-22
U0087,P0062,Vacuum Cleaner,Home & Kitchen,44.0,4,3,0,2024-07-07
U0087,P0067,Table Lamp - Variant 2,Home & Kitchen,105.23,4,2,1,2024-09-22
U0087,P0142,Children's Storybook - Variant 2,Books,18.29,4,1,0,2024-03-30
U0087,P0057,Coffee Maker - Variant 3,Home & Kitchen,95.59,3,3,0,2024-09-12
U0087,P0072,Cutlery Set - Variant 3,Home & Kitchen,83.94,3,1,0,2024-08-20
U0087,P0059,Non-stick Pan - Variant 2,Home & Kitchen,63.2,3,3,0,2024-08-06
U0087,P0073,Wall Clock,Home & Kitchen,81.51,4,2,1,2024-11-14
U0087,P0063,Vacuum Cleaner - Variant 2,Home & Kitchen,87.82,3,3,0,2024-08-03
U0087,P0125,Mystery Novel - Variant 2,Books,18.83,4,1,0,2024-08-19
U0087,P0067,Table Lamp - Variant 2,Home & Kitchen,105.23,3,2,1,2024-08-06
U0087,P0074,Wall Clock - Variant 2,Home & Kitchen,102.86,5,1,1,2024-06-19
U0087,P0065,Bed Sheets Set - Variant 2,Home & Kitchen,33.33,3,1,0,2024-11-24
U0087,P0137,Sci-Fi Novel - Variant 3,Books,32.27,4,3,1,2024-03-09
U0087,P0094,Beard Trimmer,Beauty,35.73,4,2,1,2024-09-15
U0087,P0129,Self-Help Book - Variant 3,Books,37.09,3,3,1,2024-04-02
U0087,P0137,Sci-Fi Novel - Variant 3,Books,32.27,5,2,1,2024-08-29
U0087,P0150,Programming Guide - Variant 2,Books,12.92,4,1,1,2024-08-16
U0087,P0063,Vacuum Cleaner - Variant 2,Home & Kitchen,87.82,4,2,0,2024-08-04
U0087,P0054,Air Fryer - Variant 2,Home & Kitchen,109.53,2,3,0,2024-10-10
U0087,P0133,Biography,Books,29.75,2,2,1,2024-05-17
U0088,P0143,Poetry Collection,Books,9.47,3,1,1,2024-11-12
U0088,P0101,Yoga Mat - Variant 2,Sports,24.96,2,2,1,2024-10-06
U0088,P0116,Tennis Racket - Variant 3,Sports,21.7,4,2,1,2024-05-05
U0088,P0124,Mystery Novel,Books,9.94,4,3,0,2024-01-19
U0088,P0125,Mystery Novel - Variant 2,Books,18.83,5,1,0,2024-05-27
U0088,P0089,Hair Dryer - Variant 3,Beauty,27.59,3,2,1,2024-08-07
U0088,P0042,Backpack - Variant 2,Fashion,23.08,3,1,0,2024-05-19
U0088,P0113,Football - Variant 3,Sports,36.42,3,3,0,2024-08-05
U0088,P0017,Gaming Mouse - Variant 2,Electronics,95.82,3,2,1,2024-01-27
U0088,P0113,Football - Variant 3,Sports,36.42,2,1,1,2024-02-16
U0088,P0131,Cookbook - Variant 2,Books,11.3,4,3,0,2024-02-19
U0088,P0130,Cookbook,Books,25.89,2,3,1,2024-11-13
U0088,P0136,Sci-Fi Novel - Variant 2,Books,20.37,4,2,0,2024-06-19
U0088,P0124,Mystery Novel,Books,9.94,4,2,1,2024-01-31
U0088,P0056,Coffee Maker - Variant 2,Home & Kitchen,39.05,3,3,0,2024-03-29
U0088,P0029,Denim Jacket,Fashion,85.21,3,1,0,2024-10-03
U0088,P0120,Skipping Rope,Sports,26.44,4,2,1,2024-04-20
U0088,P0110,Water Bottle - Variant 3,Sports,57.47,4,3,0,2024-11-06
U0088,P0109,Water Bottle - Variant 2,Sports,45.64,3,1,0,2024-10-20
U0088,P0137,Sci-Fi Novel - Variant 3,Books,32.27,4,3,0,2024-12-09
U0088,P0149,Programming Guide,Books,35.7,4,1,1,2024-04-28
U0088,P0078,Sunscreen SPF50,Beauty,33.33,2,1,0,2024-01-26
U0088,P0105,Resistance Bands - Variant 2,Sports,18.03,4,1,0,2024-02-09
U0088,P0138,Business Strategy Book,Books,32.81,4,2,1,2024-10-17
U0088,P0142,Children's Storybook - Variant 2,Books,18.29,1,3,1,2024-01-05
U0088,P0108,Water Bottle,Sports,48.44,2,2,0,2024-05-09
U0088,P0121,Skipping Rope - Variant 2,Sports,74.87,4,3,1,2024-03-01
U0088,P0140,Business Strategy Book - Variant 3,Books,14.32,2,1,0,2024-09-05
U0088,P0049,Sneakers - Variant 3,Fashion,55.64,2,3,0,2024-03-24
U0088,P0104,Resistance Bands,Sports,54.92,5,3,0,2024-07-21
U0088,P0100,Yoga Mat,Sports,36.49,4,1,1,2024-08-09
U0088,P0113,Football - Variant 3,Sports,36.42,5,1,1,2024-07-05
U0088,P0120,Skipping Rope,Sports,26.44,5,2,1,2024-11-24
U0088,P0002,Wireless Earbuds - Variant 2,Electronics,56.91,2,3,1,2024-05-15
U0088,P0121,Skipping Rope - Variant 2,Sports,74.87,3,2,0,2024-06-15
U0089,P0049,Sneakers - Variant 3,Fashion,55.64,5,1,0,2024-08-26
U0089,P0055,Coffee Maker,Home & Kitchen,73.4,3,2,1,2024-06-10
U0089,P0037,Sunglasses - Variant 2,Fashion,47.01,4,2,0,2024-05-23
U0089,P0067,Table Lamp - Variant 2,Home & Kitchen,105.23,4,1,1,2024-10-17
U0089,P0050,Winter Coat,Fashion,42.63,4,1,1,2024-02-14
U0089,P0053,Air Fryer,Home & Kitchen,77.17,3,2,1,2024-09-30
U0089,P0116,Tennis Racket - Variant 3,Sports,21.7,3,1,0,2024-05-23
U0089,P0055,Coffee Maker,Home & Kitchen,73.4,5,3,0,2024-05-20
U0089,P0043,Backpack - Variant 3,Fashion,77.01,4,1,1,2024-09-16
U0089,P0037,Sunglasses - Variant 2,Fashion,47.01,4,2,1,2024-08-27
U0089,P0030,Denim Jacket - Variant 2,Fashion,74.76,4,1,0,2024-04-08
U0089,P0075,Wall Clock - Variant 3,Home & Kitchen,67.37,4,3,1,2024-02-04
U0090,P0018,Gaming Mouse - Variant 3,Electronics,81.58,4,2,0,2024-03-26
U0090,P0013,USB-C Hub - Variant 3,Electronics,149.11,4,2,1,2024-12-05
U0090,P0033,Leather Wallet,Fashion,50.27,2,2,1,2024-02-09
U0090,P0073,Wall Clock,Home & Kitchen,81.51,5,2,1,2024-06-25
U0090,P0020,Mechanical Keyboard - Variant 2,Electronics,77.77,3,1,1,2024-01-06
U0090,P0005,Bluetooth Speaker - Variant 3,Electronics,53.78,4,3,0,2024-02-19
U0090,P0007,Smartwatch - Variant 2,Electronics,74.04,4,2,1,2024-09-16
U0090,P0059,Non-stick Pan - Variant 2,Home & Kitchen,63.2,5,2,1,2024-04-18
U0090,P0054,Air Fryer - Variant 2,Home & Kitchen,109.53,4,1,1,2024-08-27
U0090,P0065,Bed Sheets Set - Variant 2,Home & Kitchen,33.33,4,1,0,2024-03-22
U0090,P0034,Leather Wallet - Variant 2,Fashion,29.12,2,2,0,2024-10-09
U0090,P0011,USB-C Hub,Electronics,143.0,5,1,1,2024-04-09
U0090,P0062,Vacuum Cleaner,Home & Kitchen,44.0,5,2,1,2024-05-12
U0090,P0106,Cycling Helmet,Sports,67.06,4,1,0,2024-07-01
U0090,P0021,Mechanical Keyboard - Variant 3,Electronics,87.99,3,2,1,2024-06-25
U0090,P0014,Power Bank,Electronics,70.68,3,2,1,2024-12-15
U0090,P0003,Bluetooth Speaker,Electronics,104.25,3,3,1,2024-12-29
U0090,P0063,Vacuum Cleaner - Variant 2,Home & Kitchen,87.82,4,2,1,2024-07-10
U0090,P0061,Blender - Variant 2,Home & Kitchen,27.47,3,3,0,2024-10-29
U0090,P0082,Lipstick,Beauty,12.97,3,2,0,2024-07-11
U0090,P0056,Coffee Maker - Variant 2,Home & Kitchen,39.05,3,3,0,2024-01-12
U0090,P0064,Bed Sheets Set,Home & Kitchen,92.94,5,2,1,2024-10-10
U0090,P0062,Vacuum Cleaner,Home & Kitchen,44.0,5,2,1,2024-11-18
U0090,P0127,Self-Help Book,Books,13.13,2,2,0,2024-10-22
U0090,P0150,Programming Guide - Variant 2,Books,12.92,4,3,0,2024-05-29
U0090,P0015,Power Bank - Variant 2,Electronics,95.82,4,3,1,2024-01-01
U0090,P0016,Gaming Mouse,Electronics,38.63,3,2,0,2024-07-15
U0090,P0033,Leather Wallet,Fashion,50.27,3,3,1,2024-09-09
U0090,P0113,Football - Variant 3,Sports,36.42,2,3,0,2024-10-11
U0090,P0001,Wireless Earbuds,Electronics,126.81,3,1,1,2024-01-10
U0090,P0058,Non-stick Pan,Home & Kitchen,28.34,4,2,1,2024-04-24
U0090,P0020,Mechanical Keyboard - Variant 2,Electronics,77.77,2,2,1,2024-03-10
U0090,P0057,Coffee Maker - Variant 3,Home & Kitchen,95.59,4,3,0,2024-06-06
U0090,P0060,Blender,Home & Kitchen,43.99,3,1,1,2024-06-16
U0090,P0054,Air Fryer - Variant 2,Home & Kitchen,109.53,4,3,1,2024-04-10
U0090,P0064,Bed Sheets Set,Home & Kitchen,92.94,4,3,1,2024-08-24
U0090,P0134,Biography - Variant 2,Books,19.48,2,1,0,2024-09-15
U0090,P0027,Running Shoes,Fashion,50.96,2,2,0,2024-09-27
U0091,P0045,Formal Shirt - Variant 2,Fashion,80.51,2,3,0,2024-06-10
U0091,P0017,Gaming Mouse - Variant 2,Electronics,95.82,4,3,1,2024-04-26
U0091,P0054,Air Fryer - Variant 2,Home & Kitchen,109.53,1,1,0,2024-09-09
U0091,P0031,Cotton T-Shirt,Fashion,22.06,4,1,1,2024-12-12
U0091,P0017,Gaming Mouse - Variant 2,Electronics,95.82,3,2,1,2024-03-08
U0091,P0070,Cutlery Set,Home & Kitchen,58.7,4,2,1,2024-01-11
U0091,P0062,Vacuum Cleaner,Home & Kitchen,44.0,3,3,1,2024-09-13
U0091,P0032,Cotton T-Shirt - Variant 2,Fashion,36.35,2,1,1,2024-12-17
U0091,P0141,Children's Storybook,Books,33.46,2,1,1,2024-04-07
U0091,P0064,Bed Sheets Set,Home & Kitchen,92.94,5,1,0,2024-01-02
U0091,P0067,Table Lamp - Variant 2,Home & Kitchen,105.23,4,1,1,2024-01-10
U0091,P0069,Storage Boxes - Variant 2,Home & Kitchen,55.29,2,2,1,2024-08-03
U0091,P0063,Vacuum Cleaner - Variant 2,Home & Kitchen,87.82,4,2,1,2024-02-10
U0091,P0045,Formal Shirt - Variant 2,Fashion,80.51,2,1,1,2024-03-12
U0091,P0027,Running Shoes,Fashion,50.96,3,1,1,2024-01-08
U0091,P0019,Mechanical Keyboard,Electronics,69.3,4,3,0,2024-10-29
U0091,P0047,Sneakers,Fashion,42.71,4,2,1,2024-11-05
U0091,P0031,Cotton T-Shirt,Fashion,22.06,3,3,1,2024-06-14
U0091,P0069,Storage Boxes - Variant 2,Home & Kitchen,55.29,5,1,1,2024-11-03
U0091,P0135,Sci-Fi Novel,Books,37.03,3,2,1,2024-09-12
U0091,P0040,Wrist Watch - Variant 3,Fashion,55.58,3,2,1,2024-06-22
U0091,P0052,Winter Coat - Variant 3,Fashion,39.04,5,2,0,2024-08-02
U0091,P0027,Running Shoes,Fashion,50.96,4,1,1,2024-05-16
U0091,P0055,Coffee Maker,Home & Kitchen,73.4,4,2,1,2024-03-04
U0091,P0034,Leather Wallet - Variant 2,Fashion,29.12,4,1,1,2024-02-12
U0091,P0148,History Book - Variant 3,Books,20.33,1,2,0,2024-04-12
U0091,P0063,Vacuum Cleaner - Variant 2,Home & Kitchen,87.82,5,1,1,2024-11-28
U0091,P0027,Running Shoes,Fashion,50.96,4,1,0,2024-05-13
U0091,P0028,Running Shoes - Variant 2,Fashion,21.88,3,2,1,2024-11-11
U0091,P0047,Sneakers,Fashion,42.71,3,3,0,2024-06-02
U0091,P0039,Wrist Watch - Variant 2,Fashion,41.73,4,3,1,2024-02-21
U0091,P0055,Coffee Maker,Home & Kitchen,73.4,2,2,0,2024-05-20
U0091,P0038,Wrist Watch,Fashion,65.06,4,2,1,2024-06-11
U0091,P0039,Wrist Watch - Variant 2,Fashion,41.73,5,2,1,2024-05-01
U0091,P0064,Bed Sheets Set,Home & Kitchen,92.94,3,1,1,2024-12-04
U0091,P0034,Leather Wallet - Variant 2,Fashion,29.12,3,1,1,2024-12-14
U0091,P0067,Table Lamp - Variant 2,Home & Kitchen,105.23,3,1,1,2024-09-15
U0092,P0138,Business Strategy Book,Books,32.81,3,1,1,2024-09-24
U0092,P0145,Poetry Collection - Variant 3,Books,15.46,3,2,1,2024-03-10
U0092,P0095,Beard Trimmer - Variant 2,Beauty,23.23,2,3,0,2024-11-10
U0092,P0035,Leather Wallet - Variant 3,Fashion,53.93,5,3,1,2024-12-20
U0092,P0138,Business Strategy Book,Books,32.81,5,3,0,2024-03-03
U0092,P0127,Self-Help Book,Books,13.13,4,1,1,2024-10-15
U0092,P0028,Running Shoes - Variant 2,Fashion,21.88,2,3,0,2024-04-06
U0092,P0041,Backpack,Fashion,58.75,3,3,1,2024-12-19
U0092,P0145,Poetry Collection - Variant 3,Books,15.46,4,2,1,2024-06-03
U0092,P0141,Children's Storybook,Books,33.46,5,2,1,2024-03-20
U0092,P0032,Cotton T-Shirt - Variant 2,Fashion,36.35,3,2,1,2024-06-05
U0092,P0148,History Book - Variant 3,Books,20.33,4,1,1,2024-05-10
U0092,P0072,Cutlery Set - Variant 3,Home & Kitchen,83.94,3,2,0,2024-02-02
U0092,P0129,Self-Help Book - Variant 3,Books,37.09,3,2,1,2024-10-22
U0092,P0144,Poetry Collection - Variant 2,Books,23.59,5,1,1,2024-10-19
U0093,P0028,Running Shoes - Variant 2,Fashion,21.88,5,2,1,2024-09-24
U0093,P0059,Non-stick Pan - Variant 2,Home & Kitchen,63.2,3,1,1,2024-07-22
U0093,P0064,Bed Sheets Set,Home & Kitchen,92.94,3,2,1,2024-05-23
U0093,P0030,Denim Jacket - Variant 2,Fashion,74.76,5,1,1,2024-09-03
U0093,P0040,Wrist Watch - Variant 3,Fashion,55.58,4,2,1,2024-09-02
U0093,P0062,Vacuum Cleaner,Home & Kitchen,44.0,2,2,1,2024-05-12
U0093,P0039,Wrist Watch - Variant 2,Fashion,41.73,4,1,1,2024-04-25
U0093,P0049,Sneakers - Variant 3,Fashion,55.64,3,1,1,2024-01-28
U0093,P0072,Cutlery Set - Variant 3,Home & Kitchen,83.94,3,1,1,2024-05-24
U0093,P0064,Bed Sheets Set,Home & Kitchen,92.94,4,3,1,2024-08-29
U0093,P0044,Formal Shirt,Fashion,83.48,4,1,1,2024-08-10
U0093,P0035,Leather Wallet - Variant 3,Fashion,53.93,5,1,1,2024-12-12
U0093,P0038,Wrist Watch,Fashion,65.06,3,1,1,2024-06-11
U0093,P0028,Running Shoes - Variant 2,Fashion,21.88,3,1,1,2024-07-24
U0093,P0072,Cutlery Set - Variant 3,Home & Kitchen,83.94,4,3,1,2024-07-24
U0093,P0052,Winter Coat - Variant 3,Fashion,39.04,5,1,1,2024-12-29
U0093,P0003,Bluetooth Speaker,Electronics,104.25,3,3,0,2024-01-12
U0093,P0090,Face Mask Set,Beauty,19.72,3,2,0,2024-07-25
U0093,P0049,Sneakers - Variant 3,Fashion,55.64,3,3,1,2024-09-05
U0093,P0049,Sneakers - Variant 3,Fashion,55.64,2,2,1,2024-07-30
U0093,P0033,Leather Wallet,Fashion,50.27,4,1,1,2024-12-08
U0093,P0074,Wall Clock - Variant 2,Home & Kitchen,102.86,4,1,1,2024-10-04
U0093,P0044,Formal Shirt,Fashion,83.48,5,2,0,2024-08-05
U0093,P0057,Coffee Maker - Variant 3,Home & Kitchen,95.59,5,1,1,2024-07-22
U0093,P0004,Bluetooth Speaker - Variant 2,Electronics,53.79,2,2,0,2024-04-14
U0093,P0102,Dumbbell Set,Sports,36.13,2,3,0,2024-04-05
U0093,P0045,Formal Shirt - Variant 2,Fashion,80.51,4,1,1,2024-08-16
U0093,P0062,Vacuum Cleaner,Home & Kitchen,44.0,2,2,0,2024-06-01
U0093,P0035,Leather Wallet - Variant 3,Fashion,53.93,4,3,1,2024-03-09
U0094,P0012,USB-C Hub - Variant 2,Electronics,36.09,3,1,1,2024-11-23
U0094,P0038,Wrist Watch,Fashion,65.06,3,1,1,2024-01-29
U0094,P0149,Programming Guide,Books,35.7,4,1,1,2024-07-28
U0094,P0097,Body Lotion,Beauty,42.54,2,3,0,2024-01-04
U0094,P0149,Programming Guide,Books,35.7,3,2,1,2024-05-23
U0094,P0139,Business Strategy Book - Variant 2,Books,18.14,5,3,1,2024-07-09
U0094,P0011,USB-C Hub,Electronics,143.0,4,3,1,2024-01-08
U0094,P0135,Sci-Fi Novel,Books,37.03,4,2,0,2024-12-04
U0094,P0006,Smartwatch,Electronics,88.35,4,1,1,2024-04-15
U0094,P0025,Tablet - Variant 2,Electronics,41.3,4,2,0,2024-05-27
U0094,P0127,Self-Help Book,Books,13.13,3,1,1,2024-12-05
U0094,P0001,Wireless Earbuds,Electronics,126.81,5,1,1,2024-03-08
U0094,P0064,Bed Sheets Set,Home & Kitchen,92.94,3,2,1,2024-04-17
U0094,P0110,Water Bottle - Variant 3,Sports,57.47,4,3,1,2024-03-12
U0094,P0086,Perfume - Variant 2,Beauty,33.4,3,3,0,2024-02-01
U0094,P0009,Laptop Stand - Variant 2,Electronics,38.35,4,1,1,2024-10-01
U0094,P0094,Beard Trimmer,Beauty,35.73,3,2,0,2024-07-20
U0094,P0005,Bluetooth Speaker - Variant 3,Electronics,53.78,3,3,0,2024-02-16
U0095,P0037,Sunglasses - Variant 2,Fashion,47.01,2,2,1,2024-04-17
U0095,P0053,Air Fryer,Home & Kitchen,77.17,4,3,1,2024-09-01
U0095,P0058,Non-stick Pan,Home & Kitchen,28.34,4,2,0,2024-11-21
U0095,P0036,Sunglasses,Fashion,32.53,2,2,1,2024-01-07
U0095,P0034,Leather Wallet - Variant 2,Fashion,29.12,3,2,0,2024-12-27
U0095,P0059,Non-stick Pan - Variant 2,Home & Kitchen,63.2,3,2,1,2024-05-25
U0095,P0132,Cookbook - Variant 3,Books,19.54,5,3,1,2024-05-07
U0095,P0134,Biography - Variant 2,Books,19.48,4,2,1,2024-10-31
U0095,P0140,Business Strategy Book - Variant 3,Books,14.32,4,1,0,2024-05-01
U0095,P0029,Denim Jacket,Fashion,85.21,3,1,0,2024-10-02
U0095,P0135,Sci-Fi Novel,Books,37.03,4,3,1,2024-08-11
U0095,P0056,Coffee Maker - Variant 2,Home & Kitchen,39.05,3,1,0,2024-09-28
U0095,P0054,Air Fryer - Variant 2,Home & Kitchen,109.53,5,2,1,2024-06-03
U0095,P0060,Blender,Home & Kitchen,43.99,3,3,1,2024-02-27
U0095,P0147,History Book - Variant 2,Books,35.8,5,2,1,2024-04-14
U0095,P0059,Non-stick Pan - Variant 2,Home & Kitchen,63.2,4,2,0,2024-07-12
U0095,P0144,Poetry Collection - Variant 2,Books,23.59,4,3,1,2024-08-31
U0095,P0135,Sci-Fi Novel,Books,37.03,4,2,0,2024-01-18
U0095,P0124,Mystery Novel,Books,9.94,4,3,0,2024-10-17
U0095,P0057,Coffee Maker - Variant 3,Home & Kitchen,95.59,4,1,1,2024-10-13
U0095,P0147,History Book - Variant 2,Books,35.8,4,1,1,2024-09-28
U0095,P0072,Cutlery Set - Variant 3,Home & Kitchen,83.94,3,1,1,2024-07-11
U0095,P0060,Blender,Home & Kitchen,43.99,4,1,1,2024-05-14
U0095,P0126,Mystery Novel - Variant 3,Books,27.08,2,3,1,2024-03-12
U0096,P0119,Fitness Tracker - Variant 3,Sports,46.34,3,1,1,2024-03-08
U0096,P0116,Tennis Racket - Variant 3,Sports,21.7,4,3,0,2024-05-01
U0096,P0045,Formal Shirt - Variant 2,Fashion,80.51,3,3,0,2024-02-20
U0096,P0122,Gym Bag,Sports,52.75,3,2,1,2024-03-11
U0096,P0118,Fitness Tracker - Variant 2,Sports,32.35,4,3,1,2024-05-02
U0096,P0135,Sci-Fi Novel,Books,37.03,3,1,1,2024-02-27
U0096,P0146,History Book,Books,11.74,4,2,1,2024-03-15
U0096,P0125,Mystery Novel - Variant 2,Books,18.83,4,2,0,2024-05-06
U0096,P0120,Skipping Rope,Sports,26.44,4,2,1,2024-10-08
U0096,P0131,Cookbook - Variant 2,Books,11.3,3,3,1,2024-01-26
U0096,P0143,Poetry Collection,Books,9.47,5,2,1,2024-11-11
U0096,P0005,Bluetooth Speaker - Variant 3,Electronics,53.78,1,3,0,2024-10-28
U0096,P0134,Biography - Variant 2,Books,19.48,5,2,1,2024-12-04
U0096,P0116,Tennis Racket - Variant 3,Sports,21.7,2,1,1,2024-11-10
U0096,P0109,Water Bottle - Variant 2,Sports,45.64,5,3,1,2024-11-17
U0096,P0051,Winter Coat - Variant 2,Fashion,46.85,2,3,1,2024-03-28
U0096,P0107,Cycling Helmet - Variant 2,Sports,18.4,5,2,1,2024-09-27
U0096,P0148,History Book - Variant 3,Books,20.33,3,2,0,2024-04-11
U0096,P0106,Cycling Helmet,Sports,67.06,2,2,0,2024-03-13
U0096,P0024,Tablet,Electronics,103.54,2,2,0,2024-10-20
U0096,P0109,Water Bottle - Variant 2,Sports,45.64,5,1,1,2024-01-26
U0096,P0133,Biography,Books,29.75,2,1,1,2024-11-23
U0096,P0145,Poetry Collection - Variant 3,Books,15.46,4,3,1,2024-03-14
U0096,P0069,Storage Boxes - Variant 2,Home & Kitchen,55.29,2,3,1,2024-08-23
U0096,P0131,Cookbook - Variant 2,Books,11.3,2,1,1,2024-09-06
U0096,P0110,Water Bottle - Variant 3,Sports,57.47,2,1,1,2024-12-09
U0096,P0129,Self-Help Book - Variant 3,Books,37.09,3,1,0,2024-10-11
U0096,P0139,Business Strategy Book - Variant 2,Books,18.14,5,2,1,2024-01-11
U0096,P0145,Poetry Collection - Variant 3,Books,15.46,2,3,1,2024-03-29
U0096,P0049,Sneakers - Variant 3,Fashion,55.64,1,1,0,2024-08-06
U0096,P0138,Business Strategy Book,Books,32.81,5,1,0,2024-05-26
U0097,P0088,Hair Dryer - Variant 2,Beauty,21.47,4,2,0,2024-01-07
U0097,P0093,Nail Polish Kit - Variant 2,Beauty,18.13,3,3,1,2024-03-11
U0097,P0091,Face Mask Set - Variant 2,Beauty,47.83,3,2,0,2024-10-09
U0097,P0085,Perfume,Beauty,30.06,2,3,0,2024-03-28
U0097,P0102,Dumbbell Set,Sports,36.13,4,2,0,2024-03-21
U0097,P0103,Dumbbell Set - Variant 2,Sports,24.27,4,3,1,2024-02-27
U0097,P0053,Air Fryer,Home & Kitchen,77.17,1,1,1,2024-08-27
U0097,P0053,Air Fryer,Home & Kitchen,77.17,1,1,0,2024-03-18
U0097,P0111,Football,Sports,37.24,4,2,1,2024-11-11
U0097,P0142,Children's Storybook - Variant 2,Books,18.29,3,1,0,2024-12-15
U0097,P0041,Backpack,Fashion,58.75,3,2,1,2024-02-25
U0097,P0124,Mystery Novel,Books,9.94,3,2,0,2024-12-03
U0097,P0092,Nail Polish Kit,Beauty,23.01,2,3,1,2024-04-18
U0097,P0122,Gym Bag,Sports,52.75,5,1,1,2024-09-23
U0097,P0088,Hair Dryer - Variant 2,Beauty,21.47,2,3,0,2024-09-30
U0097,P0093,Nail Polish Kit - Variant 2,Beauty,18.13,5,2,1,2024-06-30
U0097,P0002,Wireless Earbuds - Variant 2,Electronics,56.91,3,2,0,2024-12-01
U0097,P0122,Gym Bag,Sports,52.75,4,1,1,2024-10-18
U0097,P0096,Beard Trimmer - Variant 3,Beauty,16.01,3,2,1,2024-01-16
U0097,P0053,Air Fryer,Home & Kitchen,77.17,3,2,0,2024-09-16
U0097,P0089,Hair Dryer - Variant 3,Beauty,27.59,3,3,1,2024-05-01
U0097,P0121,Skipping Rope - Variant 2,Sports,74.87,3,3,1,2024-11-16
U0097,P0119,Fitness Tracker - Variant 3,Sports,46.34,3,2,1,2024-12-13
U0097,P0122,Gym Bag,Sports,52.75,5,3,1,2024-06-28
U0098,P0091,Face Mask Set - Variant 2,Beauty,47.83,5,2,1,2024-06-16
U0098,P0087,Hair Dryer,Beauty,46.49,4,1,0,2024-11-01
U0098,P0085,Perfume,Beauty,30.06,3,1,1,2024-03-12
U0098,P0081,Shampoo - Variant 2,Beauty,39.01,4,1,0,2024-09-30
U0098,P0087,Hair Dryer,Beauty,46.49,3,1,1,2024-10-11
U0098,P0086,Perfume - Variant 2,Beauty,33.4,3,1,1,2024-02-16
U0098,P0093,Nail Polish Kit - Variant 2,Beauty,18.13,3,3,1,2024-06-13
U0098,P0119,Fitness Tracker - Variant 3,Sports,46.34,4,1,0,2024-02-05
U0098,P0084,Lipstick - Variant 3,Beauty,13.19,4,1,1,2024-01-29
U0098,P0085,Perfume,Beauty,30.06,4,1,1,2024-09-26
U0098,P0083,Lipstick - Variant 2,Beauty,16.1,5,1,1,2024-11-11
U0098,P0019,Mechanical Keyboard,Electronics,69.3,2,3,1,2024-06-27
U0098,P0079,Sunscreen SPF50 - Variant 2,Beauty,41.3,5,1,0,2024-01-20
U0098,P0082,Lipstick,Beauty,12.97,3,2,1,2024-03-28
U0099,P0011,USB-C Hub,Electronics,143.0,1,3,1,2024-10-06
U0099,P0127,Self-Help Book,Books,13.13,3,1,1,2024-03-18
U0099,P0132,Cookbook - Variant 3,Books,19.54,5,2,1,2024-08-26
U0099,P0132,Cookbook - Variant 3,Books,19.54,4,1,1,2024-07-16
U0099,P0125,Mystery Novel - Variant 2,Books,18.83,3,1,0,2024-03-02
U0099,P0150,Programming Guide - Variant 2,Books,12.92,3,2,1,2024-07-09
U0099,P0143,Poetry Collection,Books,9.47,5,1,1,2024-05-30
U0099,P0123,Gym Bag - Variant 2,Sports,46.65,4,3,0,2024-03-14
U0099,P0137,Sci-Fi Novel - Variant 3,Books,32.27,3,2,1,2024-09-18
U0099,P0130,Cookbook,Books,25.89,3,3,1,2024-12-11
U0099,P0129,Self-Help Book - Variant 3,Books,37.09,4,3,0,2024-07-09
U0099,P0146,History Book,Books,11.74,5,1,1,2024-11-28
U0099,P0138,Business Strategy Book,Books,32.81,5,3,1,2024-03-16
U0099,P0150,Programming Guide - Variant 2,Books,12.92,3,2,1,2024-01-13
U0099,P0062,Vacuum Cleaner,Home & Kitchen,44.0,1,3,0,2024-04-06
U0100,P0021,Mechanical Keyboard - Variant 3,Electronics,87.99,3,2,0,2024-10-26
U0100,P0099,Body Lotion - Variant 3,Beauty,45.92,4,3,1,2024-02-10
U0100,P0077,Face Moisturizer - Variant 2,Beauty,44.26,4,2,0,2024-12-04
U0100,P0090,Face Mask Set,Beauty,19.72,4,2,1,2024-05-20
U0100,P0082,Lipstick,Beauty,12.97,5,2,1,2024-09-03
U0100,P0088,Hair Dryer - Variant 2,Beauty,21.47,4,2,1,2024-10-11
U0100,P0145,Poetry Collection - Variant 3,Books,15.46,3,3,0,2024-10-13
U0100,P0095,Beard Trimmer - Variant 2,Beauty,23.23,4,1,1,2024-03-16
U0100,P0098,Body Lotion - Variant 2,Beauty,19.09,5,2,0,2024-02-26
U0100,P0089,Hair Dryer - Variant 3,Beauty,27.59,3,2,1,2024-10-18
U0100,P0085,Perfume,Beauty,30.06,5,2,0,2024-10-12
U0100,P0145,Poetry Collection - Variant 3,Books,15.46,2,3,0,2024-12-06
U0100,P0006,Smartwatch,Electronics,88.35,3,1,0,2024-08-31
U0100,P0127,Self-Help Book,Books,13.13,2,2,0,2024-08-16
U0101,P0037,Sunglasses - Variant 2,Fashion,47.01,2,1,1,2024-02-02
U0101,P0027,Running Shoes,Fashion,50.96,5,3,1,2024-07-03
U0101,P0031,Cotton T-Shirt,Fashion,22.06,4,2,1,2024-06-12
U0101,P0104,Resistance Bands,Sports,54.92,1,1,0,2024-12-02
U0101,P0038,Wrist Watch,Fashion,65.06,4,1,1,2024-10-28
U0101,P0077,Face Moisturizer - Variant 2,Beauty,44.26,2,1,0,2024-11-03
U0101,P0042,Backpack - Variant 2,Fashion,23.08,4,1,1,2024-10-08
U0101,P0030,Denim Jacket - Variant 2,Fashion,74.76,3,1,1,2024-11-29
U0101,P0122,Gym Bag,Sports,52.75,3,3,0,2024-07-22
U0101,P0043,Backpack - Variant 3,Fashion,77.01,5,2,1,2024-11-04
U0101,P0037,Sunglasses - Variant 2,Fashion,47.01,1,3,0,2024-01-01
U0101,P0044,Formal Shirt,Fashion,83.48,2,1,0,2024-11-26
U0101,P0035,Leather Wallet - Variant 3,Fashion,53.93,3,2,1,2024-01-26
U0101,P0086,Perfume - Variant 2,Beauty,33.4,4,1,1,2024-10-14
U0101,P0050,Winter Coat,Fashion,42.63,4,1,1,2024-09-11
U0101,P0051,Winter Coat - Variant 2,Fashion,46.85,3,2,1,2024-12-13
U0101,P0046,Formal Shirt - Variant 3,Fashion,60.76,3,1,1,2024-06-04
U0101,P0046,Formal Shirt - Variant 3,Fashion,60.76,2,2,1,2024-10-24
U0101,P0090,Face Mask Set,Beauty,19.72,4,2,0,2024-04-06
U0101,P0042,Backpack - Variant 2,Fashion,23.08,5,3,1,2024-07-25
U0101,P0032,Cotton T-Shirt - Variant 2,Fashion,36.35,3,3,1,2024-06-04
U0101,P0040,Wrist Watch - Variant 3,Fashion,55.58,5,2,0,2024-01-28
U0101,P0076,Face Moisturizer,Beauty,48.93,3,3,1,2024-06-17
U0101,P0119,Fitness Tracker - Variant 3,Sports,46.34,4,1,1,2024-01-04
U0101,P0099,Body Lotion - Variant 3,Beauty,45.92,5,3,1,2024-03-24
U0101,P0031,Cotton T-Shirt,Fashion,22.06,3,1,1,2024-03-23
U0101,P0048,Sneakers - Variant 2,Fashion,58.93,3,1,1,2024-05-21
U0101,P0036,Sunglasses,Fashion,32.53,3,3,1,2024-01-13
U0101,P0084,Lipstick - Variant 3,Beauty,13.19,2,1,1,2024-09-30
U0101,P0088,Hair Dryer - Variant 2,Beauty,21.47,4,1,0,2024-11-09
U0101,P0132,Cookbook - Variant 3,Books,19.54,4,1,0,2024-04-03
U0102,P0068,Storage Boxes,Home & Kitchen,80.29,4,2,0,2024-08-28
U0102,P0070,Cutlery Set,Home & Kitchen,58.7,3,1,1,2024-11-16
U0102,P0067,Table Lamp - Variant 2,Home & Kitchen,105.23,5,1,1,2024-06-28
U0102,P0074,Wall Clock - Variant 2,Home & Kitchen,102.86,4,1,1,2024-09-02
U0102,P0054,Air Fryer - Variant 2,Home & Kitchen,109.53,2,2,0,2024-03-15
U0102,P0137,Sci-Fi Novel - Variant 3,Books,32.27,3,3,0,2024-11-20
U0102,P0070,Cutlery Set,Home & Kitchen,58.7,5,1,1,2024-11-07
U0102,P0098,Body Lotion - Variant 2,Beauty,19.09,2,3,0,2024-04-14
U0102,P0073,Wall Clock,Home & Kitchen,81.51,3,1,1,2024-07-07
U0102,P0071,Cutlery Set - Variant 2,Home & Kitchen,84.19,2,1,1,2024-03-31
U0102,P0071,Cutlery Set - Variant 2,Home & Kitchen,84.19,2,3,1,2024-03-14
U0102,P0061,Blender - Variant 2,Home & Kitchen,27.47,3,1,1,2024-07-23
U0102,P0146,History Book,Books,11.74,3,2,0,2024-04-05
U0102,P0119,Fitness Tracker - Variant 3,Sports,46.34,3,2,1,2024-11-07
U0102,P0054,Air Fryer - Variant 2,Home & Kitchen,109.53,3,2,1,2024-03-11
U0102,P0064,Bed Sheets Set,Home & Kitchen,92.94,5,1,1,2024-10-09
U0102,P0055,Coffee Maker,Home & Kitchen,73.4,4,3,1,2024-09-10
U0102,P0056,Coffee Maker - Variant 2,Home & Kitchen,39.05,4,3,0,2024-07-07
U0102,P0068,Storage Boxes,Home & Kitchen,80.29,5,2,0,2024-08-27
U0103,P0090,Face Mask Set,Beauty,19.72,5,1,0,2024-10-06
U0103,P0126,Mystery Novel - Variant 3,Books,27.08,4,1,1,2024-02-22
U0103,P0133,Biography,Books,29.75,2,1,1,2024-09-29
U0103,P0087,Hair Dryer,Beauty,46.49,4,1,0,2024-03-18
U0103,P0116,Tennis Racket - Variant 3,Sports,21.7,3,1,1,2024-12-29
U0103,P0136,Sci-Fi Novel - Variant 2,Books,20.37,4,3,1,2024-08-14
U0103,P0046,Formal Shirt - Variant 3,Fashion,60.76,3,2,0,2024-01-09
U0103,P0056,Coffee Maker - Variant 2,Home & Kitchen,39.05,3,3,1,2024-07-05
U0103,P0079,Sunscreen SPF50 - Variant 2,Beauty,41.3,4,2,0,2024-01-10
U0103,P0131,Cookbook - Variant 2,Books,11.3,5,3,0,2024-07-22
U0103,P0142,Children's Storybook - Variant 2,Books,18.29,2,1,1,2024-07-07
U0103,P0042,Backpack - Variant 2,Fashion,23.08,2,1,1,2024-06-06
U0103,P0079,Sunscreen SPF50 - Variant 2,Beauty,41.3,5,3,1,2024-12-07
U0103,P0113,Football - Variant 3,Sports,36.42,2,2,1,2024-10-10
U0103,P0096,Beard Trimmer - Variant 3,Beauty,16.01,4,1,0,2024-08-17
U0103,P0072,Cutlery Set - Variant 3,Home & Kitchen,83.94,4,3,1,2024-06-12
U0103,P0022,Webcam,Electronics,106.5,2,3,0,2024-10-01
U0103,P0149,Programming Guide,Books,35.7,4,2,0,2024-10-22
U0103,P0126,Mystery Novel - Variant 3,Books,27.08,3,3,1,2024-07-22
U0103,P0114,Tennis Racket,Sports,49.81,2,3,0,2024-02-28
U0103,P0094,Beard Trimmer,Beauty,35.73,3,2,0,2024-01-21
U0103,P0092,Nail Polish Kit,Beauty,23.01,5,1,1,2024-05-20
U0103,P0130,Cookbook,Books,25.89,5,3,1,2024-07-20
U0103,P0132,Cookbook - Variant 3,Books,19.54,3,2,1,2024-01-31
U0103,P0137,Sci-Fi Novel - Variant 3,Books,32.27,5,2,1,2024-12-07
U0103,P0097,Body Lotion,Beauty,42.54,3,2,1,2024-10-03
U0103,P0133,Biography,Books,29.75,3,2,0,2024-11-28
U0103,P0091,Face Mask Set - Variant 2,Beauty,47.83,5,2,0,2024-04-23
U0103,P0086,Perfume - Variant 2,Beauty,33.4,2,2,1,2024-10-19
U0103,P0139,Business Strategy Book - Variant 2,Books,18.14,4,1,1,2024-08-17
U0103,P0087,Hair Dryer,Beauty,46.49,3,2,1,2024-08-20
U0103,P0127,Self-Help Book,Books,13.13,2,3,1,2024-05-25
U0103,P0095,Beard Trimmer - Variant 2,Beauty,23.23,3,3,0,2024-12-06
U0103,P0138,Business Strategy Book,Books,32.81,2,2,0,2024-09-09
U0103,P0124,Mystery Novel,Books,9.94,4,1,1,2024-08-26
U0103,P0125,Mystery Novel - Variant 2,Books,18.83,4,2,1,2024-02-04
U0104,P0048,Sneakers - Variant 2,Fashion,58.93,4,3,1,2024-03-26
U0104,P0120,Skipping Rope,Sports,26.44,3,3,1,2024-11-18
U0104,P0050,Winter Coat,Fashion,42.63,3,3,1,2024-05-07
U0104,P0134,Biography - Variant 2,Books,19.48,1,2,1,2024-12-18
U0104,P0120,Skipping Rope,Sports,26.44,4,2,1,2024-09-22
U0104,P0114,Tennis Racket,Sports,49.81,5,2,0,2024-11-12
U0104,P0033,Leather Wallet,Fashion,50.27,3,3,0,2024-03-18
U0104,P0051,Winter Coat - Variant 2,Fashion,46.85,4,1,0,2024-02-28
U0104,P0046,Formal Shirt - Variant 3,Fashion,60.76,5,2,1,2024-10-26
U0104,P0063,Vacuum Cleaner - Variant 2,Home & Kitchen,87.82,3,2,0,2024-03-16
U0104,P0066,Table Lamp,Home & Kitchen,82.67,2,3,1,2024-03-31
U0104,P0118,Fitness Tracker - Variant 2,Sports,32.35,5,2,0,2024-11-23
U0104,P0145,Poetry Collection - Variant 3,Books,15.46,4,2,0,2024-03-18
U0104,P0112,Football - Variant 2,Sports,71.75,4,3,1,2024-01-14
U0104,P0122,Gym Bag,Sports,52.75,2,2,0,2024-10-03
U0104,P0041,Backpack,Fashion,58.75,2,1,1,2024-05-03
U0104,P0012,USB-C Hub - Variant 2,Electronics,36.09,2,1,1,2024-04-02
U0104,P0024,Tablet,Electronics,103.54,1,2,0,2024-04-01
U0104,P0130,Cookbook,Books,25.89,3,3,1,2024-11-25
U0104,P0046,Formal Shirt - Variant 3,Fashion,60.76,3,1,0,2024-10-27
U0104,P0123,Gym Bag - Variant 2,Sports,46.65,5,1,1,2024-03-25
U0104,P0047,Sneakers,Fashion,42.71,5,1,1,2024-11-13
U0104,P0125,Mystery Novel - Variant 2,Books,18.83,3,3,1,2024-09-02
U0104,P0133,Biography,Books,29.75,4,1,0,2024-10-10
U0104,P0113,Football - Variant 3,Sports,36.42,2,3,1,2024-06-03
U0104,P0034,Leather Wallet - Variant 2,Fashion,29.12,4,1,0,2024-02-04
U0104,P0102,Dumbbell Set,Sports,36.13,4,2,1,2024-09-26
U0104,P0048,Sneakers - Variant 2,Fashion,58.93,2,3,1,2024-09-26
U0104,P0050,Winter Coat,Fashion,42.63,5,3,1,2024-12-11
U0104,P0106,Cycling Helmet,Sports,67.06,3,2,0,2024-08-11
U0104,P0071,Cutlery Set - Variant 2,Home & Kitchen,84.19,3,1,1,2024-01-07
U0104,P0045,Formal Shirt - Variant 2,Fashion,80.51,3,1,1,2024-02-25
U0104,P0122,Gym Bag,Sports,52.75,3,3,1,2024-05-05
U0105,P0116,Tennis Racket - Variant 3,Sports,21.7,5,1,1,2024-05-18
U0105,P0049,Sneakers - Variant 3,Fashion,55.64,3,2,0,2024-04-21
U0105,P0074,Wall Clock - Variant 2,Home & Kitchen,102.86,3,2,1,2024-04-17
U0105,P0147,History Book - Variant 2,Books,35.8,2,1,1,2024-04-14
U0105,P0011,USB-C Hub,Electronics,143.0,4,3,0,2024-03-12
U0105,P0069,Storage Boxes - Variant 2,Home & Kitchen,55.29,5,3,0,2024-05-18
U0105,P0119,Fitness Tracker - Variant 3,Sports,46.34,4,2,1,2024-06-29
U0105,P0112,Football - Variant 2,Sports,71.75,5,2,1,2024-07-07
U0105,P0141,Children's Storybook,Books,33.46,2,1,1,2024-06-08
U0105,P0070,Cutlery Set,Home & Kitchen,58.7,2,3,1,2024-12-15
U0105,P0044,Formal Shirt,Fashion,83.48,5,3,0,2024-10-19
U0105,P0102,Dumbbell Set,Sports,36.13,5,1,1,2024-06-05
U0105,P0104,Resistance Bands,Sports,54.92,5,2,0,2024-09-15
U0105,P0110,Water Bottle - Variant 3,Sports,57.47,3,2,1,2024-10-02
U0105,P0072,Cutlery Set - Variant 3,Home & Kitchen,83.94,5,3,0,2024-02-07
U0105,P0100,Yoga Mat,Sports,36.49,4,2,0,2024-07-21
U0105,P0108,Water Bottle,Sports,48.44,4,2,1,2024-11-11
U0105,P0066,Table Lamp,Home & Kitchen,82.67,4,3,1,2024-07-05
U0105,P0068,Storage Boxes,Home & Kitchen,80.29,5,1,1,2024-11-05
U0105,P0111,Football,Sports,37.24,3,1,1,2024-03-23
U0105,P0057,Coffee Maker - Variant 3,Home & Kitchen,95.59,4,1,1,2024-07-16
U0105,P0072,Cutlery Set - Variant 3,Home & Kitchen,83.94,3,3,1,2024-08-31
U0105,P0108,Water Bottle,Sports,48.44,4,1,1,2024-07-02
U0105,P0121,Skipping Rope - Variant 2,Sports,74.87,4,3,1,2024-09-10
U0105,P0058,Non-stick Pan,Home & Kitchen,28.34,1,1,1,2024-10-27
U0105,P0027,Running Shoes,Fashion,50.96,3,3,1,2024-05-20
U0105,P0117,Fitness Tracker,Sports,72.86,5,2,1,2024-02-01
U0105,P0056,Coffee Maker - Variant 2,Home & Kitchen,39.05,3,2,1,2024-02-26
U0105,P0017,Gaming Mouse - Variant 2,Electronics,95.82,2,3,0,2024-06-12
U0105,P0060,Blender,Home & Kitchen,43.99,4,3,1,2024-07-23
U0106,P0006,Smartwatch,Electronics,88.35,4,1,1,2024-03-05
U0106,P0020,Mechanical Keyboard - Variant 2,Electronics,77.77,3,3,0,2024-06-16
U0106,P0009,Laptop Stand - Variant 2,Electronics,38.35,4,1,1,2024-12-03
U0106,P0005,Bluetooth Speaker - Variant 3,Electronics,53.78,4,2,1,2024-10-25
U0106,P0010,Laptop Stand - Variant 3,Electronics,146.57,4,3,1,2024-08-01
U0106,P0016,Gaming Mouse,Electronics,38.63,4,2,1,2024-06-01
U0106,P0006,Smartwatch,Electronics,88.35,1,3,1,2024-05-30
U0106,P0004,Bluetooth Speaker - Variant 2,Electronics,53.79,3,3,1,2024-08-04
U0106,P0025,Tablet - Variant 2,Electronics,41.3,4,3,1,2024-01-03
U0106,P0009,Laptop Stand - Variant 2,Electronics,38.35,2,3,1,2024-06-09
U0106,P0088,Hair Dryer - Variant 2,Beauty,21.47,2,1,0,2024-09-29
U0106,P0024,Tablet,Electronics,103.54,2,1,1,2024-02-28
U0106,P0006,Smartwatch,Electronics,88.35,5,3,1,2024-08-15
U0106,P0009,Laptop Stand - Variant 2,Electronics,38.35,3,1,1,2024-11-22
U0106,P0009,Laptop Stand - Variant 2,Electronics,38.35,3,3,1,2024-07-23
U0106,P0006,Smartwatch,Electronics,88.35,4,2,1,2024-12-03
U0106,P0018,Gaming Mouse - Variant 3,Electronics,81.58,4,2,1,2024-10-06
U0106,P0016,Gaming Mouse,Electronics,38.63,3,3,0,2024-06-09
U0106,P0019,Mechanical Keyboard,Electronics,69.3,4,2,0,2024-03-21
U0106,P0026,Tablet - Variant 3,Electronics,105.26,4,3,1,2024-12-07
U0106,P0024,Tablet,Electronics,103.54,5,3,0,2024-10-15
U0106,P0001,Wireless Earbuds,Electronics,126.81,3,2,1,2024-08-15
U0106,P0077,Face Moisturizer - Variant 2,Beauty,44.26,4,3,0,2024-05-12
U0106,P0026,Tablet - Variant 3,Electronics,105.26,5,3,1,2024-10-11
U0106,P0023,Webcam - Variant 2,Electronics,79.6,4,2,1,2024-07-05
U0106,P0012,USB-C Hub - Variant 2,Electronics,36.09,4,1,1,2024-02-17
U0106,P0011,USB-C Hub,Electronics,143.0,4,1,0,2024-05-16
U0106,P0026,Tablet - Variant 3,Electronics,105.26,2,1,1,2024-02-06
U0106,P0095,Beard Trimmer - Variant 2,Beauty,23.23,2,1,0,2024-12-25
U0106,P0013,USB-C Hub - Variant 3,Electronics,149.11,3,2,1,2024-03-27
U0106,P0004,Bluetooth Speaker - Variant 2,Electronics,53.79,5,2,1,2024-01-08
U0106,P0026,Tablet - Variant 3,Electronics,105.26,4,3,0,2024-11-15
U0106,P0015,Power Bank - Variant 2,Electronics,95.82,4,3,0,2024-10-23
U0106,P0006,Smartwatch,Electronics,88.35,5,2,1,2024-05-08
U0106,P0025,Tablet - Variant 2,Electronics,41.3,5,2,0,2024-12-28
U0106,P0017,Gaming Mouse - Variant 2,Electronics,95.82,4,2,1,2024-03-01
U0106,P0009,Laptop Stand - Variant 2,Electronics,38.35,4,1,0,2024-08-04
U0106,P0023,Webcam - Variant 2,Electronics,79.6,5,3,1,2024-11-18
U0106,P0056,Coffee Maker - Variant 2,Home & Kitchen,39.05,3,2,0,2024-10-30
U0107,P0099,Body Lotion - Variant 3,Beauty,45.92,1,3,0,2024-12-22
U0107,P0114,Tennis Racket,Sports,49.81,3,1,0,2024-10-06
U0107,P0137,Sci-Fi Novel - Variant 3,Books,32.27,5,1,0,2024-11-24
U0107,P0124,Mystery Novel,Books,9.94,4,2,1,2024-06-01
U0107,P0134,Biography - Variant 2,Books,19.48,4,3,0,2024-04-06
U0107,P0088,Hair Dryer - Variant 2,Beauty,21.47,1,2,0,2024-10-02
U0107,P0134,Biography - Variant 2,Books,19.48,3,2,1,2024-05-07
U0107,P0142,Children's Storybook - Variant 2,Books,18.29,4,1,1,2024-01-23
U0107,P0071,Cutlery Set - Variant 2,Home & Kitchen,84.19,3,3,0,2024-03-21
U0107,P0141,Children's Storybook,Books,33.46,4,3,1,2024-11-27
U0107,P0134,Biography - Variant 2,Books,19.48,3,2,1,2024-03-16
U0107,P0139,Business Strategy Book - Variant 2,Books,18.14,4,2,1,2024-01-24
U0107,P0139,Business Strategy Book - Variant 2,Books,18.14,4,1,1,2024-03-06
U0107,P0143,Poetry Collection,Books,9.47,5,3,1,2024-08-30
U0107,P0142,Children's Storybook - Variant 2,Books,18.29,4,2,1,2024-03-12
U0107,P0144,Poetry Collection - Variant 2,Books,23.59,3,2,0,2024-11-03
U0107,P0011,USB-C Hub,Electronics,143.0,3,1,0,2024-04-23
U0107,P0021,Mechanical Keyboard - Variant 3,Electronics,87.99,2,3,0,2024-04-06
U0107,P0125,Mystery Novel - Variant 2,Books,18.83,4,3,1,2024-06-12
U0107,P0144,Poetry Collection - Variant 2,Books,23.59,3,1,0,2024-03-06
U0107,P0141,Children's Storybook,Books,33.46,5,1,1,2024-05-07
U0107,P0138,Business Strategy Book,Books,32.81,4,3,0,2024-04-14
U0107,P0130,Cookbook,Books,25.89,5,2,1,2024-08-17
U0107,P0135,Sci-Fi Novel,Books,37.03,2,3,1,2024-08-18
U0107,P0141,Children's Storybook,Books,33.46,1,3,1,2024-03-13
U0107,P0023,Webcam - Variant 2,Electronics,79.6,2,1,0,2024-01-15
U0107,P0130,Cookbook,Books,25.89,4,3,1,2024-06-30
U0107,P0130,Cookbook,Books,25.89,2,3,1,2024-08-24
U0107,P0060,Blender,Home & Kitchen,43.99,4,3,1,2024-10-06
U0107,P0124,Mystery Novel,Books,9.94,4,1,1,2024-05-07
U0107,P0011,USB-C Hub,Electronics,143.0,2,2,0,2024-08-13
U0107,P0146,History Book,Books,11.74,2,1,1,2024-10-16
U0107,P0150,Programming Guide - Variant 2,Books,12.92,5,3,1,2024-12-14
U0107,P0115,Tennis Racket - Variant 2,Sports,41.02,3,1,0,2024-03-09
U0108,P0085,Perfume,Beauty,30.06,1,3,1,2024-02-25
U0108,P0138,Business Strategy Book,Books,32.81,3,3,1,2024-11-08
U0108,P0132,Cookbook - Variant 3,Books,19.54,4,1,1,2024-01-30
U0108,P0048,Sneakers - Variant 2,Fashion,58.93,2,2,1,2024-12-10
U0108,P0127,Self-Help Book,Books,13.13,3,2,1,2024-11-16
U0108,P0147,History Book - Variant 2,Books,35.8,3,2,1,2024-03-27
U0108,P0136,Sci-Fi Novel - Variant 2,Books,20.37,3,3,1,2024-06-03
U0108,P0134,Biography - Variant 2,Books,19.48,5,3,1,2024-11-04
U0108,P0050,Winter Coat,Fashion,42.63,2,2,1,2024-12-07
U0108,P0145,Poetry Collection - Variant 3,Books,15.46,4,1,1,2024-01-22
U0108,P0050,Winter Coat,Fashion,42.63,5,1,0,2024-12-09
U0109,P0056,Coffee Maker - Variant 2,Home & Kitchen,39.05,3,1,1,2024-05-30
U0109,P0103,Dumbbell Set - Variant 2,Sports,24.27,3,1,1,2024-04-16
U0109,P0065,Bed Sheets Set - Variant 2,Home & Kitchen,33.33,3,1,1,2024-07-26
U0109,P0050,Winter Coat,Fashion,42.63,2,3,1,2024-07-26
U0109,P0054,Air Fryer - Variant 2,Home & Kitchen,109.53,2,1,1,2024-12-24
U0109,P0072,Cutlery Set - Variant 3,Home & Kitchen,83.94,3,1,1,2024-08-26
U0109,P0063,Vacuum Cleaner - Variant 2,Home & Kitchen,87.82,3,1,1,2024-03-20
U0109,P0057,Coffee Maker - Variant 3,Home & Kitchen,95.59,5,3,0,2024-10-31
U0109,P0050,Winter Coat,Fashion,42.63,2,3,0,2024-04-18
U0109,P0068,Storage Boxes,Home & Kitchen,80.29,4,1,1,2024-04-30
U0109,P0061,Blender - Variant 2,Home & Kitchen,27.47,2,3,1,2024-08-18
U0109,P0135,Sci-Fi Novel,Books,37.03,2,3,1,2024-02-18
U0109,P0072,Cutlery Set - Variant 3,Home & Kitchen,83.94,3,3,1,2024-01-24
U0109,P0069,Storage Boxes - Variant 2,Home & Kitchen,55.29,3,1,1,2024-01-08
U0109,P0054,Air Fryer - Variant 2,Home & Kitchen,109.53,5,1,0,2024-02-14
U0109,P0041,Backpack,Fashion,58.75,2,3,1,2024-08-12
U0109,P0064,Bed Sheets Set,Home & Kitchen,92.94,3,1,1,2024-06-29
U0109,P0066,Table Lamp,Home & Kitchen,82.67,3,1,1,2024-06-01
U0109,P0064,Bed Sheets Set,Home & Kitchen,92.94,4,2,1,2024-03-11
U0109,P0075,Wall Clock - Variant 3,Home & Kitchen,67.37,3,3,1,2024-03-01
U0109,P0075,Wall Clock - Variant 3,Home & Kitchen,67.37,4,1,1,2024-11-12
U0109,P0054,Air Fryer - Variant 2,Home & Kitchen,109.53,4,1,0,2024-11-29
U0109,P0074,Wall Clock - Variant 2,Home & Kitchen,102.86,4,2,1,2024-10-12
U0109,P0108,Water Bottle,Sports,48.44,4,1,0,2024-05-04
U0109,P0074,Wall Clock - Variant 2,Home & Kitchen,102.86,3,3,1,2024-11-22
U0109,P0061,Blender - Variant 2,Home & Kitchen,27.47,5,2,1,2024-09-24
U0109,P0074,Wall Clock - Variant 2,Home & Kitchen,102.86,5,2,1,2024-04-27
U0110,P0087,Hair Dryer,Beauty,46.49,4,3,1,2024-12-21
U0110,P0009,Laptop Stand - Variant 2,Electronics,38.35,4,2,1,2024-07-01
U0110,P0018,Gaming Mouse - Variant 3,Electronics,81.58,2,1,1,2024-08-26
U0110,P0009,Laptop Stand - Variant 2,Electronics,38.35,4,3,0,2024-08-04
U0110,P0012,USB-C Hub - Variant 2,Electronics,36.09,3,1,1,2024-09-16
U0110,P0025,Tablet - Variant 2,Electronics,41.3,4,3,0,2024-07-11
U0110,P0004,Bluetooth Speaker - Variant 2,Electronics,53.79,5,3,1,2024-09-25
U0110,P0018,Gaming Mouse - Variant 3,Electronics,81.58,4,3,0,2024-05-22
U0110,P0067,Table Lamp - Variant 2,Home & Kitchen,105.23,4,3,1,2024-05-14
U0110,P0026,Tablet - Variant 3,Electronics,105.26,4,2,1,2024-07-11
U0110,P0016,Gaming Mouse,Electronics,38.63,5,1,0,2024-03-28
U0110,P0020,Mechanical Keyboard - Variant 2,Electronics,77.77,4,2,1,2024-03-09
U0111,P0020,Mechanical Keyboard - Variant 2,Electronics,77.77,4,1,0,2024-05-24
U0111,P0009,Laptop Stand - Variant 2,Electronics,38.35,5,3,0,2024-01-11
U0111,P0007,Smartwatch - Variant 2,Electronics,74.04,3,2,0,2024-05-20
U0111,P0149,Programming Guide,Books,35.7,4,1,1,2024-09-29
U0111,P0095,Beard Trimmer - Variant 2,Beauty,23.23,3,2,1,2024-10-20
U0111,P0072,Cutlery Set - Variant 3,Home & Kitchen,83.94,2,3,0,2024-08-26
U0111,P0009,Laptop Stand - Variant 2,Electronics,38.35,4,2,0,2024-11-07
U0111,P0006,Smartwatch,Electronics,88.35,4,2,0,2024-11-23
U0111,P0010,Laptop Stand - Variant 3,Electronics,146.57,3,3,1,2024-02-27
U0111,P0005,Bluetooth Speaker - Variant 3,Electronics,53.78,4,1,1,2024-08-06
U0111,P0056,Coffee Maker - Variant 2,Home & Kitchen,39.05,2,2,1,2024-02-05
U0111,P0012,USB-C Hub - Variant 2,Electronics,36.09,5,3,1,2024-11-20
U0111,P0125,Mystery Novel - Variant 2,Books,18.83,4,3,1,2024-02-10
U0111,P0112,Football - Variant 2,Sports,71.75,3,2,0,2024-08-18
U0111,P0065,Bed Sheets Set - Variant 2,Home & Kitchen,33.33,2,2,0,2024-02-02
U0111,P0004,Bluetooth Speaker - Variant 2,Electronics,53.79,5,2,1,2024-06-09
U0111,P0138,Business Strategy Book,Books,32.81,4,3,1,2024-07-08
U0111,P0132,Cookbook - Variant 3,Books,19.54,4,1,1,2024-04-22
U0111,P0012,USB-C Hub - Variant 2,Electronics,36.09,3,2,1,2024-03-02
U0111,P0132,Cookbook - Variant 3,Books,19.54,3,1,1,2024-04-13
U0111,P0131,Cookbook - Variant 2,Books,11.3,4,1,1,2024-04-18
U0111,P0024,Tablet,Electronics,103.54,5,1,1,2024-01-21
U0111,P0012,USB-C Hub - Variant 2,Electronics,36.09,1,1,1,2024-12-01
U0111,P0117,Fitness Tracker,Sports,72.86,2,2,1,2024-10-13
U0111,P0014,Power Bank,Electronics,70.68,5,2,1,2024-09-18
U0111,P0001,Wireless Earbuds,Electronics,126.81,2,2,0,2024-12-01
U0111,P0127,Self-Help Book,Books,13.13,4,3,0,2024-11-16
U0111,P0150,Programming Guide - Variant 2,Books,12.92,3,3,1,2024-12-12
U0111,P0022,Webcam,Electronics,106.5,3,3,1,2024-11-06
U0111,P0137,Sci-Fi Novel - Variant 3,Books,32.27,4,1,0,2024-03-19
U0111,P0117,Fitness Tracker,Sports,72.86,2,3,1,2024-09-24
U0111,P0124,Mystery Novel,Books,9.94,3,2,1,2024-03-24
U0111,P0125,Mystery Novel - Variant 2,Books,18.83,5,3,0,2024-03-01
U0111,P0148,History Book - Variant 3,Books,20.33,3,1,0,2024-03-03
U0111,P0128,Self-Help Book - Variant 2,Books,22.95,3,3,1,2024-11-25
U0112,P0049,Sneakers - Variant 3,Fashion,55.64,3,2,1,2024-11-20
U0112,P0106,Cycling Helmet,Sports,67.06,3,3,1,2024-03-25
U0112,P0052,Winter Coat - Variant 3,Fashion,39.04,4,3,1,2024-11-18
U0112,P0103,Dumbbell Set - Variant 2,Sports,24.27,4,2,0,2024-11-10
U0112,P0105,Resistance Bands - Variant 2,Sports,18.03,5,3,1,2024-12-08
U0112,P0030,Denim Jacket - Variant 2,Fashion,74.76,5,2,0,2024-01-19
U0112,P0142,Children's Storybook - Variant 2,Books,18.29,2,3,0,2024-09-25
U0112,P0078,Sunscreen SPF50,Beauty,33.33,4,2,0,2024-07-25
U0112,P0048,Sneakers - Variant 2,Fashion,58.93,5,3,1,2024-03-10
U0112,P0082,Lipstick,Beauty,12.97,3,2,0,2024-11-21
U0112,P0036,Sunglasses,Fashion,32.53,5,3,1,2024-07-31
U0112,P0105,Resistance Bands - Variant 2,Sports,18.03,2,3,1,2024-06-23
U0112,P0102,Dumbbell Set,Sports,36.13,4,1,1,2024-08-27
U0112,P0100,Yoga Mat,Sports,36.49,5,2,1,2024-02-11
U0112,P0052,Winter Coat - Variant 3,Fashion,39.04,5,1,0,2024-11-30
U0112,P0050,Winter Coat,Fashion,42.63,3,1,1,2024-07-23
U0112,P0032,Cotton T-Shirt - Variant 2,Fashion,36.35,5,1,1,2024-11-08
U0112,P0110,Water Bottle - Variant 3,Sports,57.47,3,3,1,2024-10-11
U0112,P0049,Sneakers - Variant 3,Fashion,55.64,4,2,1,2024-03-14
U0112,P0027,Running Shoes,Fashion,50.96,2,3,1,2024-01-15
U0112,P0084,Lipstick - Variant 3,Beauty,13.19,5,2,0,2024-03-26
U0112,P0028,Running Shoes - Variant 2,Fashion,21.88,2,1,1,2024-05-12
U0112,P0027,Running Shoes,Fashion,50.96,3,3,1,2024-07-27
U0113,P0002,Wireless Earbuds - Variant 2,Electronics,56.91,4,1,0,2024-11-23
U0113,P0140,Business Strategy Book - Variant 3,Books,14.32,4,2,0,2024-03-26
U0113,P0132,Cookbook - Variant 3,Books,19.54,2,2,1,2024-06-08
U0113,P0118,Fitness Tracker - Variant 2,Sports,32.35,5,1,1,2024-01-15
U0113,P0142,Children's Storybook - Variant 2,Books,18.29,2,3,1,2024-07-20
U0113,P0129,Self-Help Book - Variant 3,Books,37.09,3,3,1,2024-06-01
U0113,P0095,Beard Trimmer - Variant 2,Beauty,23.23,3,2,0,2024-12-05
U0113,P0146,History Book,Books,11.74,3,3,1,2024-04-17
U0113,P0135,Sci-Fi Novel,Books,37.03,4,2,1,2024-12-01
U0113,P0135,Sci-Fi Novel,Books,37.03,3,1,0,2024-06-25
U0113,P0071,Cutlery Set - Variant 2,Home & Kitchen,84.19,4,3,0,2024-05-09
U0113,P0055,Coffee Maker,Home & Kitchen,73.4,3,2,0,2024-12-18
U0113,P0131,Cookbook - Variant 2,Books,11.3,5,1,1,2024-06-19
U0113,P0111,Football,Sports,37.24,3,2,1,2024-01-03
U0113,P0111,Football,Sports,37.24,4,2,1,2024-07-05
U0113,P0085,Perfume,Beauty,30.06,1,3,0,2024-02-09
U0113,P0137,Sci-Fi Novel - Variant 3,Books,32.27,2,3,1,2024-03-25
U0113,P0103,Dumbbell Set - Variant 2,Sports,24.27,4,1,1,2024-05-07
U0113,P0106,Cycling Helmet,Sports,67.06,4,3,0,2024-02-19
U0113,P0144,Poetry Collection - Variant 2,Books,23.59,4,3,1,2024-03-13
U0113,P0100,Yoga Mat,Sports,36.49,3,1,1,2024-11-08
U0113,P0097,Body Lotion,Beauty,42.54,3,2,0,2024-06-06
U0113,P0144,Poetry Collection - Variant 2,Books,23.59,3,3,1,2024-06-06
U0113,P0132,Cookbook - Variant 3,Books,19.54,3,3,1,2024-11-21
U0113,P0039,Wrist Watch - Variant 2,Fashion,41.73,3,2,1,2024-04-03
U0113,P0079,Sunscreen SPF50 - Variant 2,Beauty,41.3,2,1,1,2024-01-25
U0113,P0066,Table Lamp,Home & Kitchen,82.67,4,3,0,2024-02-19
U0113,P0049,Sneakers - Variant 3,Fashion,55.64,2,1,0,2024-02-25
U0114,P0062,Vacuum Cleaner,Home & Kitchen,44.0,3,3,1,2024-07-19
U0114,P0074,Wall Clock - Variant 2,Home & Kitchen,102.86,3,3,1,2024-06-16
U0114,P0094,Beard Trimmer,Beauty,35.73,4,1,1,2024-11-13
U0114,P0067,Table Lamp - Variant 2,Home & Kitchen,105.23,2,3,0,2024-01-16
U0114,P0046,Formal Shirt - Variant 3,Fashion,60.76,2,2,1,2024-08-02
U0114,P0068,Storage Boxes,Home & Kitchen,80.29,4,2,1,2024-07-24
U0114,P0038,Wrist Watch,Fashion,65.06,3,1,0,2024-10-24
U0114,P0087,Hair Dryer,Beauty,46.49,4,1,0,2024-12-30
U0115,P0071,Cutlery Set - Variant 2,Home & Kitchen,84.19,3,3,1,2024-10-09
U0115,P0098,Body Lotion - Variant 2,Beauty,19.09,2,3,0,2024-03-27
U0115,P0054,Air Fryer - Variant 2,Home & Kitchen,109.53,3,3,1,2024-09-18
U0115,P0143,Poetry Collection,Books,9.47,1,2,1,2024-04-28
U0115,P0093,Nail Polish Kit - Variant 2,Beauty,18.13,3,3,1,2024-06-03
U0115,P0031,Cotton T-Shirt,Fashion,22.06,4,2,0,2024-07-21
U0115,P0124,Mystery Novel,Books,9.94,2,1,0,2024-12-24
U0115,P0087,Hair Dryer,Beauty,46.49,4,2,0,2024-06-04
U0115,P0066,Table Lamp,Home & Kitchen,82.67,5,1,1,2024-02-17
U0115,P0041,Backpack,Fashion,58.75,4,3,1,2024-11-08
U0115,P0147,History Book - Variant 2,Books,35.8,2,1,0,2024-01-30
U0115,P0097,Body Lotion,Beauty,42.54,4,3,1,2024-12-14
U0115,P0059,Non-stick Pan - Variant 2,Home & Kitchen,63.2,5,1,1,2024-11-20
U0115,P0066,Table Lamp,Home & Kitchen,82.67,5,1,1,2024-06-16
U0115,P0132,Cookbook - Variant 3,Books,19.54,2,3,0,2024-08-24
U0115,P0033,Leather Wallet,Fashion,50.27,3,3,1,2024-07-03
U0115,P0089,Hair Dryer - Variant 3,Beauty,27.59,3,1,1,2024-11-09
U0115,P0056,Coffee Maker - Variant 2,Home & Kitchen,39.05,4,3,1,2024-06-08
U0115,P0053,Air Fryer,Home & Kitchen,77.17,3,3,0,2024-09-07
U0115,P0084,Lipstick - Variant 3,Beauty,13.19,4,2,0,2024-04-11
U0115,P0020,Mechanical Keyboard - Variant 2,Electronics,77.77,2,1,1,2024-02-26
U0115,P0010,Laptop Stand - Variant 3,Electronics,146.57,2,3,1,2024-10-21
U0115,P0090,Face Mask Set,Beauty,19.72,5,2,1,2024-07-15
U0115,P0094,Beard Trimmer,Beauty,35.73,3,1,1,2024-10-05
U0115,P0068,Storage Boxes,Home & Kitchen,80.29,2,1,1,2024-01-21
U0116,P0048,Sneakers - Variant 2,Fashion,58.93,4,3,1,2024-11-28
U0116,P0047,Sneakers,Fashion,42.71,2,1,0,2024-10-07
U0116,P0033,Leather Wallet,Fashion,50.27,5,3,1,2024-01-21
U0116,P0051,Winter Coat - Variant 2,Fashion,46.85,5,1,0,2024-01-21
U0116,P0050,Winter Coat,Fashion,42.63,2,1,1,2024-02-28
U0116,P0028,Running Shoes - Variant 2,Fashion,21.88,3,2,1,2024-05-09
U0116,P0049,Sneakers - Variant 3,Fashion,55.64,5,2,0,2024-03-04
U0116,P0029,Denim Jacket,Fashion,85.21,5,3,1,2024-06-17
U0116,P0044,Formal Shirt,Fashion,83.48,2,2,0,2024-12-09
U0116,P0036,Sunglasses,Fashion,32.53,4,2,1,2024-02-06
U0116,P0047,Sneakers,Fashion,42.71,4,3,1,2024-02-06
U0116,P0141,Children's Storybook,Books,33.46,2,3,1,2024-10-07
U0116,P0030,Denim Jacket - Variant 2,Fashion,74.76,2,2,1,2024-01-04
U0116,P0027,Running Shoes,Fashion,50.96,3,1,1,2024-03-27
U0116,P0043,Backpack - Variant 3,Fashion,77.01,5,3,1,2024-06-09
U0116,P0135,Sci-Fi Novel,Books,37.03,3,1,0,2024-01-18
U0116,P0015,Power Bank - Variant 2,Electronics,95.82,2,1,1,2024-09-21
U0116,P0028,Running Shoes - Variant 2,Fashion,21.88,3,3,1,2024-04-27
U0116,P0070,Cutlery Set,Home & Kitchen,58.7,2,2,1,2024-09-03
U0116,P0047,Sneakers,Fashion,42.71,4,2,1,2024-04-28
U0116,P0045,Formal Shirt - Variant 2,Fashion,80.51,5,1,1,2024-07-21
U0116,P0034,Leather Wallet - Variant 2,Fashion,29.12,4,2,1,2024-09-05
U0116,P0041,Backpack,Fashion,58.75,4,2,1,2024-06-17
U0116,P0042,Backpack - Variant 2,Fashion,23.08,2,2,1,2024-01-23
U0116,P0088,Hair Dryer - Variant 2,Beauty,21.47,3,1,1,2024-01-26
U0116,P0045,Formal Shirt - Variant 2,Fashion,80.51,4,2,1,2024-01-17
U0116,P0031,Cotton T-Shirt,Fashion,22.06,4,3,0,2024-04-23
U0116,P0029,Denim Jacket,Fashion,85.21,3,1,1,2024-02-24
U0116,P0048,Sneakers - Variant 2,Fashion,58.93,4,3,1,2024-01-23
U0116,P0074,Wall Clock - Variant 2,Home & Kitchen,102.86,1,1,1,2024-09-01
U0116,P0137,Sci-Fi Novel - Variant 3,Books,32.27,3,2,0,2024-02-17
U0116,P0038,Wrist Watch,Fashion,65.06,3,2,1,2024-12-10
U0116,P0045,Formal Shirt - Variant 2,Fashion,80.51,5,3,1,2024-02-28
U0116,P0040,Wrist Watch - Variant 3,Fashion,55.58,3,3,1,2024-12-18
U0117,P0098,Body Lotion - Variant 2,Beauty,19.09,3,1,1,2024-07-15
U0117,P0095,Beard Trimmer - Variant 2,Beauty,23.23,2,2,1,2024-08-14
U0117,P0079,Sunscreen SPF50 - Variant 2,Beauty,41.3,4,1,0,2024-12-03
U0117,P0097,Body Lotion,Beauty,42.54,2,1,0,2024-11-08
U0117,P0121,Skipping Rope - Variant 2,Sports,74.87,4,3,0,2024-04-08
U0117,P0084,Lipstick - Variant 3,Beauty,13.19,5,2,0,2024-05-30
U0117,P0077,Face Moisturizer - Variant 2,Beauty,44.26,4,1,1,2024-01-01
U0117,P0080,Shampoo,Beauty,13.54,5,3,1,2024-04-12
U0117,P0087,Hair Dryer,Beauty,46.49,3,1,1,2024-07-28
U0117,P0086,Perfume - Variant 2,Beauty,33.4,5,3,0,2024-03-19
U0117,P0082,Lipstick,Beauty,12.97,4,1,1,2024-01-29
U0117,P0092,Nail Polish Kit,Beauty,23.01,3,1,1,2024-11-26
U0117,P0080,Shampoo,Beauty,13.54,4,2,1,2024-01-18
U0117,P0098,Body Lotion - Variant 2,Beauty,19.09,2,2,1,2024-08-08
U0117,P0073,Wall Clock,Home & Kitchen,81.51,3,3,1,2024-12-18
U0117,P0083,Lipstick - Variant 2,Beauty,16.1,1,3,1,2024-02-09
U0117,P0090,Face Mask Set,Beauty,19.72,5,3,0,2024-03-08
U0117,P0098,Body Lotion - Variant 2,Beauty,19.09,3,3,1,2024-11-23
U0118,P0107,Cycling Helmet - Variant 2,Sports,18.4,4,1,0,2024-04-20
U0118,P0105,Resistance Bands - Variant 2,Sports,18.03,4,1,1,2024-08-02
U0118,P0116,Tennis Racket - Variant 3,Sports,21.7,4,2,1,2024-06-13
U0118,P0113,Football - Variant 3,Sports,36.42,2,3,1,2024-01-03
U0118,P0113,Football - Variant 3,Sports,36.42,4,2,1,2024-07-25
U0118,P0108,Water Bottle,Sports,48.44,4,3,1,2024-05-08
U0118,P0105,Resistance Bands - Variant 2,Sports,18.03,5,1,1,2024-10-24
U0118,P0091,Face Mask Set - Variant 2,Beauty,47.83,4,2,1,2024-12-03
U0118,P0091,Face Mask Set - Variant 2,Beauty,47.83,5,3,0,2024-09-19
U0118,P0012,USB-C Hub - Variant 2,Electronics,36.09,3,2,0,2024-03-14
U0118,P0117,Fitness Tracker,Sports,72.86,2,1,0,2024-01-21
U0118,P0108,Water Bottle,Sports,48.44,5,3,1,2024-05-31
U0118,P0079,Sunscreen SPF50 - Variant 2,Beauty,41.3,5,2,1,2024-02-13
U0118,P0078,Sunscreen SPF50,Beauty,33.33,2,3,1,2024-02-11
U0118,P0087,Hair Dryer,Beauty,46.49,4,2,0,2024-01-03
U0118,P0084,Lipstick - Variant 3,Beauty,13.19,2,3,0,2024-09-27
U0118,P0093,Nail Polish Kit - Variant 2,Beauty,18.13,2,2,1,2024-01-21
U0118,P0097,Body Lotion,Beauty,42.54,4,2,1,2024-06-05
U0118,P0097,Body Lotion,Beauty,42.54,2,3,1,2024-06-24
U0118,P0077,Face Moisturizer - Variant 2,Beauty,44.26,4,3,0,2024-09-02
U0118,P0088,Hair Dryer - Variant 2,Beauty,21.47,3,3,1,2024-03-20
U0118,P0106,Cycling Helmet,Sports,67.06,4,2,1,2024-02-10
U0118,P0073,Wall Clock,Home & Kitchen,81.51,3,2,0,2024-03-21
U0119,P0040,Wrist Watch - Variant 3,Fashion,55.58,5,3,0,2024-09-25
U0119,P0123,Gym Bag - Variant 2,Sports,46.65,5,1,0,2024-05-28
U0119,P0029,Denim Jacket,Fashion,85.21,3,2,1,2024-05-15
U0119,P0100,Yoga Mat,Sports,36.49,3,1,0,2024-02-02
U0119,P0123,Gym Bag - Variant 2,Sports,46.65,4,1,1,2024-03-22
U0119,P0038,Wrist Watch,Fashion,65.06,3,3,1,2024-05-25
U0119,P0109,Water Bottle - Variant 2,Sports,45.64,3,2,0,2024-01-13
U0119,P0029,Denim Jacket,Fashion,85.21,4,3,0,2024-01-03
U0119,P0043,Backpack - Variant 3,Fashion,77.01,3,2,1,2024-02-06
U0119,P0113,Football - Variant 3,Sports,36.42,3,3,1,2024-09-25
U0119,P0068,Storage Boxes,Home & Kitchen,80.29,3,2,0,2024-05-17
U0119,P0121,Skipping Rope - Variant 2,Sports,74.87,4,3,1,2024-03-21
U0119,P0134,Biography - Variant 2,Books,19.48,4,2,0,2024-10-13
U0119,P0116,Tennis Racket - Variant 3,Sports,21.7,5,1,0,2024-02-02
U0119,P0037,Sunglasses - Variant 2,Fashion,47.01,5,1,1,2024-09-01
U0119,P0055,Coffee Maker,Home & Kitchen,73.4,1,3,1,2024-09-28
U0119,P0041,Backpack,Fashion,58.75,4,1,1,2024-03-10
U0119,P0117,Fitness Tracker,Sports,72.86,2,2,1,2024-11-18
U0119,P0029,Denim Jacket,Fashion,85.21,5,3,1,2024-12-25
U0119,P0052,Winter Coat - Variant 3,Fashion,39.04,3,1,1,2024-03-15
U0120,P0066,Table Lamp,Home & Kitchen,82.67,4,2,0,2024-05-03
U0120,P0083,Lipstick - Variant 2,Beauty,16.1,5,2,0,2024-11-12
U0120,P0085,Perfume,Beauty,30.06,5,3,1,2024-12-29
U0120,P0088,Hair Dryer - Variant 2,Beauty,21.47,3,3,1,2024-10-19
U0120,P0099,Body Lotion - Variant 3,Beauty,45.92,4,2,1,2024-07-06
U0120,P0087,Hair Dryer,Beauty,46.49,4,3,1,2024-08-18
U0120,P0059,Non-stick Pan - Variant 2,Home & Kitchen,63.2,4,3,1,2024-01-23
U0120,P0026,Tablet - Variant 3,Electronics,105.26,2,1,1,2024-10-13
U0120,P0067,Table Lamp - Variant 2,Home & Kitchen,105.23,5,1,1,2024-04-01
U0120,P0079,Sunscreen SPF50 - Variant 2,Beauty,41.3,3,3,1,2024-05-06
U0120,P0099,Body Lotion - Variant 3,Beauty,45.92,4,2,1,2024-04-12
U0120,P0009,Laptop Stand - Variant 2,Electronics,38.35,3,1,1,2024-08-29
U0120,P0056,Coffee Maker - Variant 2,Home & Kitchen,39.05,5,1,0,2024-03-18
U0120,P0082,Lipstick,Beauty,12.97,4,1,0,2024-11-18
U0120,P0058,Non-stick Pan,Home & Kitchen,28.34,4,2,0,2024-03-19
U0120,P0083,Lipstick - Variant 2,Beauty,16.1,5,2,0,2024-06-19
U0120,P0053,Air Fryer,Home & Kitchen,77.17,3,2,1,2024-12-26
U0120,P0144,Poetry Collection - Variant 2,Books,23.59,3,2,1,2024-09-29
U0120,P0077,Face Moisturizer - Variant 2,Beauty,44.26,4,1,0,2024-05-16
U0120,P0071,Cutlery Set - Variant 2,Home & Kitchen,84.19,5,2,1,2024-06-07
U0120,P0073,Wall Clock,Home & Kitchen,81.51,5,3,1,2024-01-28
U0120,P0068,Storage Boxes,Home & Kitchen,80.29,4,3,0,2024-02-24
U0120,P0092,Nail Polish Kit,Beauty,23.01,5,3,0,2024-01-13
U0120,P0006,Smartwatch,Electronics,88.35,1,1,0,2024-02-17
U0120,P0099,Body Lotion - Variant 3,Beauty,45.92,4,1,1,2024-02-01
U0120,P0134,Biography - Variant 2,Books,19.48,3,2,0,2024-08-19
U0120,P0008,Laptop Stand,Electronics,116.72,2,3,0,2024-09-29
U0121,P0139,Business Strategy Book - Variant 2,Books,18.14,4,3,1,2024-05-02
U0121,P0132,Cookbook - Variant 3,Books,19.54,4,2,0,2024-05-18
U0121,P0127,Self-Help Book,Books,13.13,5,1,1,2024-10-08
U0121,P0051,Winter Coat - Variant 2,Fashion,46.85,4,2,1,2024-01-08
U0121,P0131,Cookbook - Variant 2,Books,11.3,5,2,0,2024-06-08
U0121,P0149,Programming Guide,Books,35.7,3,2,0,2024-04-12
U0121,P0058,Non-stick Pan,Home & Kitchen,28.34,2,2,0,2024-03-25
U0121,P0044,Formal Shirt,Fashion,83.48,4,1,0,2024-12-10
U0121,P0127,Self-Help Book,Books,13.13,4,3,1,2024-11-28
U0121,P0006,Smartwatch,Electronics,88.35,3,3,0,2024-07-20
U0121,P0139,Business Strategy Book - Variant 2,Books,18.14,3,3,1,2024-02-20
U0121,P0128,Self-Help Book - Variant 2,Books,22.95,3,3,0,2024-08-20
U0121,P0131,Cookbook - Variant 2,Books,11.3,3,1,1,2024-07-02
U0121,P0126,Mystery Novel - Variant 3,Books,27.08,4,3,1,2024-11-09
U0121,P0148,History Book - Variant 3,Books,20.33,5,1,1,2024-08-04
U0121,P0141,Children's Storybook,Books,33.46,3,1,0,2024-06-16
U0121,P0131,Cookbook - Variant 2,Books,11.3,5,1,1,2024-10-25
U0122,P0094,Beard Trimmer,Beauty,35.73,4,3,1,2024-12-27
U0122,P0102,Dumbbell Set,Sports,36.13,4,2,0,2024-08-02
U0122,P0122,Gym Bag,Sports,52.75,3,3,0,2024-11-15
U0122,P0122,Gym Bag,Sports,52.75,4,3,0,2024-08-22
U0122,P0067,Table Lamp - Variant 2,Home & Kitchen,105.23,3,3,0,2024-12-23
U0122,P0123,Gym Bag - Variant 2,Sports,46.65,3,2,1,2024-03-05
U0122,P0091,Face Mask Set - Variant 2,Beauty,47.83,5,2,1,2024-11-24
U0122,P0108,Water Bottle,Sports,48.44,3,3,1,2024-10-10
U0122,P0117,Fitness Tracker,Sports,72.86,2,2,1,2024-12-10
U0122,P0081,Shampoo - Variant 2,Beauty,39.01,4,2,1,2024-01-30
U0122,P0147,History Book - Variant 2,Books,35.8,1,1,0,2024-03-11
U0122,P0119,Fitness Tracker - Variant 3,Sports,46.34,4,2,1,2024-09-06
U0122,P0103,Dumbbell Set - Variant 2,Sports,24.27,4,1,0,2024-07-11
U0122,P0105,Resistance Bands - Variant 2,Sports,18.03,3,2,1,2024-01-10
U0122,P0108,Water Bottle,Sports,48.44,2,2,1,2024-04-24
U0122,P0085,Perfume,Beauty,30.06,4,3,1,2024-04-05
U0122,P0083,Lipstick - Variant 2,Beauty,16.1,5,2,1,2024-03-16
U0122,P0023,Webcam - Variant 2,Electronics,79.6,2,2,1,2024-12-14
U0122,P0118,Fitness Tracker - Variant 2,Sports,32.35,4,3,1,2024-01-12
U0122,P0109,Water Bottle - Variant 2,Sports,45.64,3,3,1,2024-02-17
U0122,P0087,Hair Dryer,Beauty,46.49,3,2,1,2024-11-06
U0122,P0095,Beard Trimmer - Variant 2,Beauty,23.23,4,1,1,2024-10-15
U0122,P0098,Body Lotion - Variant 2,Beauty,19.09,5,1,1,2024-08-14
U0122,P0100,Yoga Mat,Sports,36.49,3,2,1,2024-07-28
U0122,P0089,Hair Dryer - Variant 3,Beauty,27.59,4,3,1,2024-08-30
U0122,P0084,Lipstick - Variant 3,Beauty,13.19,5,1,0,2024-05-22
U0122,P0070,Cutlery Set,Home & Kitchen,58.7,2,3,0,2024-07-10
U0122,P0121,Skipping Rope - Variant 2,Sports,74.87,5,3,1,2024-12-29
U0122,P0098,Body Lotion - Variant 2,Beauty,19.09,5,1,1,2024-10-28
U0122,P0117,Fitness Tracker,Sports,72.86,5,3,1,2024-04-13
U0122,P0117,Fitness Tracker,Sports,72.86,4,2,1,2024-04-11
U0122,P0045,Formal Shirt - Variant 2,Fashion,80.51,4,1,0,2024-04-04
U0122,P0119,Fitness Tracker - Variant 3,Sports,46.34,5,2,1,2024-10-13
U0122,P0019,Mechanical Keyboard,Electronics,69.3,4,2,0,2024-10-22
U0123,P0085,Perfume,Beauty,30.06,4,3,1,2024-04-01
U0123,P0092,Nail Polish Kit,Beauty,23.01,4,2,1,2024-10-29
U0123,P0084,Lipstick - Variant 3,Beauty,13.19,3,3,1,2024-03-16
U0123,P0098,Body Lotion - Variant 2,Beauty,19.09,4,2,1,2024-07-15
U0123,P0081,Shampoo - Variant 2,Beauty,39.01,3,1,0,2024-04-04
U0123,P0001,Wireless Earbuds,Electronics,126.81,2,2,0,2024-03-22
U0123,P0102,Dumbbell Set,Sports,36.13,4,3,0,2024-02-21
U0123,P0099,Body Lotion - Variant 3,Beauty,45.92,3,2,1,2024-11-20
U0123,P0096,Beard Trimmer - Variant 3,Beauty,16.01,5,3,1,2024-03-22
U0123,P0102,Dumbbell Set,Sports,36.13,4,1,1,2024-01-29
U0123,P0078,Sunscreen SPF50,Beauty,33.33,4,3,1,2024-06-17
U0123,P0081,Shampoo - Variant 2,Beauty,39.01,4,1,1,2024-08-05
U0123,P0078,Sunscreen SPF50,Beauty,33.33,3,1,1,2024-05-20
U0123,P0144,Poetry Collection - Variant 2,Books,23.59,1,2,0,2024-07-03
U0123,P0092,Nail Polish Kit,Beauty,23.01,4,3,1,2024-06-19
U0123,P0092,Nail Polish Kit,Beauty,23.01,4,2,1,2024-04-20
U0123,P0103,Dumbbell Set - Variant 2,Sports,24.27,4,3,1,2024-07-21
U0123,P0117,Fitness Tracker,Sports,72.86,3,1,1,2024-01-06
U0123,P0088,Hair Dryer - Variant 2,Beauty,21.47,5,2,0,2024-04-02
U0123,P0083,Lipstick - Variant 2,Beauty,16.1,4,3,0,2024-01-28
U0123,P0098,Body Lotion - Variant 2,Beauty,19.09,5,1,1,2024-08-22
U0123,P0027,Running Shoes,Fashion,50.96,2,1,0,2024-08-18
U0123,P0082,Lipstick,Beauty,12.97,5,2,1,2024-10-26
U0123,P0116,Tennis Racket - Variant 3,Sports,21.7,5,3,0,2024-09-08
U0123,P0122,Gym Bag,Sports,52.75,4,1,1,2024-11-28
U0123,P0082,Lipstick,Beauty,12.97,3,3,1,2024-01-08
U0123,P0023,Webcam - Variant 2,Electronics,79.6,3,2,0,2024-10-05
U0123,P0106,Cycling Helmet,Sports,67.06,3,3,0,2024-04-11
U0123,P0091,Face Mask Set - Variant 2,Beauty,47.83,3,1,1,2024-04-07
U0123,P0082,Lipstick,Beauty,12.97,5,1,1,2024-05-28
U0123,P0085,Perfume,Beauty,30.06,3,2,0,2024-04-12
U0123,P0079,Sunscreen SPF50 - Variant 2,Beauty,41.3,4,1,0,2024-01-28
U0123,P0063,Vacuum Cleaner - Variant 2,Home & Kitchen,87.82,5,3,0,2024-12-28
U0123,P0097,Body Lotion,Beauty,42.54,4,3,1,2024-02-05
U0124,P0128,Self-Help Book - Variant 2,Books,22.95,5,1,1,2024-05-30
U0124,P0142,Children's Storybook - Variant 2,Books,18.29,2,1,1,2024-01-19
U0124,P0083,Lipstick - Variant 2,Beauty,16.1,3,2,1,2024-07-20
U0124,P0088,Hair Dryer - Variant 2,Beauty,21.47,3,1,1,2024-11-11
U0124,P0142,Children's Storybook - Variant 2,Books,18.29,4,2,1,2024-01-05
U0124,P0079,Sunscreen SPF50 - Variant 2,Beauty,41.3,4,3,0,2024-02-29
U0124,P0126,Mystery Novel - Variant 3,Books,27.08,4,3,1,2024-11-07
U0124,P0132,Cookbook - Variant 3,Books,19.54,3,3,1,2024-02-04
U0124,P0131,Cookbook - Variant 2,Books,11.3,4,3,1,2024-03-12
U0124,P0091,Face Mask Set - Variant 2,Beauty,47.83,3,2,1,2024-10-16
U0125,P0040,Wrist Watch - Variant 3,Fashion,55.58,3,3,1,2024-03-13
U0125,P0002,Wireless Earbuds - Variant 2,Electronics,56.91,1,1,1,2024-05-16
U0125,P0052,Winter Coat - Variant 3,Fashion,39.04,4,2,1,2024-07-23
U0125,P0040,Wrist Watch - Variant 3,Fashion,55.58,3,1,1,2024-04-25
U0125,P0038,Wrist Watch,Fashion,65.06,3,2,1,2024-02-28
U0125,P0042,Backpack - Variant 2,Fashion,23.08,4,3,0,2024-07-24
U0125,P0002,Wireless Earbuds - Variant 2,Electronics,56.91,3,1,0,2024-03-17
U0125,P0051,Winter Coat - Variant 2,Fashion,46.85,2,1,1,2024-08-26
U0125,P0032,Cotton T-Shirt - Variant 2,Fashion,36.35,3,1,1,2024-08-08
U0125,P0048,Sneakers - Variant 2,Fashion,58.93,4,1,1,2024-12-05
U0125,P0050,Winter Coat,Fashion,42.63,4,3,0,2024-02-10
U0125,P0032,Cotton T-Shirt - Variant 2,Fashion,36.35,3,3,0,2024-10-03
U0125,P0029,Denim Jacket,Fashion,85.21,4,3,1,2024-06-09
U0125,P0032,Cotton T-Shirt - Variant 2,Fashion,36.35,2,2,0,2024-11-21
U0125,P0016,Gaming Mouse,Electronics,38.63,1,2,1,2024-03-07
U0125,P0027,Running Shoes,Fashion,50.96,2,2,1,2024-05-10
U0125,P0038,Wrist Watch,Fashion,65.06,4,3,1,2024-07-04
U0125,P0040,Wrist Watch - Variant 3,Fashion,55.58,3,1,0,2024-05-28
U0125,P0029,Denim Jacket,Fashion,85.21,4,3,1,2024-03-24
U0125,P0031,Cotton T-Shirt,Fashion,22.06,2,1,1,2024-01-25
U0125,P0027,Running Shoes,Fashion,50.96,4,3,0,2024-06-23
U0125,P0041,Backpack,Fashion,58.75,4,1,1,2024-11-28
U0125,P0051,Winter Coat - Variant 2,Fashion,46.85,3,3,1,2024-02-07
U0125,P0029,Denim Jacket,Fashion,85.21,1,3,1,2024-11-27
U0125,P0060,Blender,Home & Kitchen,43.99,4,2,1,2024-02-15
U0125,P0037,Sunglasses - Variant 2,Fashion,47.01,5,1,0,2024-06-10
U0126,P0118,Fitness Tracker - Variant 2,Sports,32.35,2,1,0,2024-07-04
U0126,P0090,Face Mask Set,Beauty,19.72,3,2,1,2024-06-17
U0126,P0011,USB-C Hub,Electronics,143.0,5,3,0,2024-11-18
U0126,P0025,Tablet - Variant 2,Electronics,41.3,3,1,0,2024-02-05
U0126,P0150,Programming Guide - Variant 2,Books,12.92,1,3,0,2024-12-29
U0126,P0012,USB-C Hub - Variant 2,Electronics,36.09,3,3,1,2024-01-24
U0126,P0024,Tablet,Electronics,103.54,2,3,1,2024-02-24
U0126,P0008,Laptop Stand,Electronics,116.72,4,1,1,2024-03-05
U0126,P0004,Bluetooth Speaker - Variant 2,Electronics,53.79,4,2,1,2024-09-19
U0126,P0019,Mechanical Keyboard,Electronics,69.3,5,1,1,2024-07-11
U0126,P0007,Smartwatch - Variant 2,Electronics,74.04,4,3,1,2024-09-28
U0126,P0001,Wireless Earbuds,Electronics,126.81,2,2,1,2024-06-05
U0126,P0026,Tablet - Variant 3,Electronics,105.26,4,2,1,2024-07-04
U0126,P0007,Smartwatch - Variant 2,Electronics,74.04,4,2,1,2024-06-05
U0126,P0120,Skipping Rope,Sports,26.44,1,3,1,2024-07-16
U0126,P0023,Webcam - Variant 2,Electronics,79.6,3,2,1,2024-08-05
U0126,P0004,Bluetooth Speaker - Variant 2,Electronics,53.79,2,3,1,2024-05-03
U0126,P0047,Sneakers,Fashion,42.71,3,1,1,2024-02-12
U0126,P0046,Formal Shirt - Variant 3,Fashion,60.76,3,3,0,2024-01-04
U0126,P0053,Air Fryer,Home & Kitchen,77.17,3,3,0,2024-01-18
U0126,P0020,Mechanical Keyboard - Variant 2,Electronics,77.77,4,1,1,2024-07-04
U0126,P0004,Bluetooth Speaker - Variant 2,Electronics,53.79,4,1,1,2024-09-12
U0126,P0008,Laptop Stand,Electronics,116.72,3,2,1,2024-10-07
U0126,P0022,Webcam,Electronics,106.5,4,3,1,2024-07-15
U0126,P0006,Smartwatch,Electronics,88.35,5,1,1,2024-10-22
U0126,P0016,Gaming Mouse,Electronics,38.63,2,3,1,2024-03-10
U0126,P0022,Webcam,Electronics,106.5,3,3,1,2024-02-03
U0126,P0024,Tablet,Electronics,103.54,2,2,1,2024-07-19
U0126,P0130,Cookbook,Books,25.89,3,3,1,2024-09-29
U0127,P0004,Bluetooth Speaker - Variant 2,Electronics,53.79,4,2,1,2024-07-26
U0127,P0064,Bed Sheets Set,Home & Kitchen,92.94,5,1,1,2024-08-25
U0127,P0028,Running Shoes - Variant 2,Fashion,21.88,2,1,1,2024-10-08
U0127,P0014,Power Bank,Electronics,70.68,4,3,1,2024-01-28
U0127,P0008,Laptop Stand,Electronics,116.72,2,1,1,2024-09-02
U0127,P0124,Mystery Novel,Books,9.94,4,3,0,2024-12-13
U0127,P0138,Business Strategy Book,Books,32.81,1,2,1,2024-05-18
U0127,P0016,Gaming Mouse,Electronics,38.63,4,3,1,2024-08-12
U0127,P0146,History Book,Books,11.74,3,3,0,2024-10-05
U0127,P0049,Sneakers - Variant 3,Fashion,55.64,3,3,0,2024-04-08
U0127,P0013,USB-C Hub - Variant 3,Electronics,149.11,4,1,1,2024-09-21
U0127,P0014,Power Bank,Electronics,70.68,4,2,0,2024-12-01
U0127,P0062,Vacuum Cleaner,Home & Kitchen,44.0,3,3,0,2024-06-10
U0127,P0010,Laptop Stand - Variant 3,Electronics,146.57,4,1,0,2024-10-16
U0127,P0051,Winter Coat - Variant 2,Fashion,46.85,5,2,0,2024-01-07
U0128,P0146,History Book,Books,11.74,2,1,1,2024-10-04
U0128,P0043,Backpack - Variant 3,Fashion,77.01,2,3,1,2024-02-04
U0128,P0004,Bluetooth Speaker - Variant 2,Electronics,53.79,3,2,1,2024-04-12
U0128,P0035,Leather Wallet - Variant 3,Fashion,53.93,3,2,1,2024-11-16
U0128,P0010,Laptop Stand - Variant 3,Electronics,146.57,4,2,0,2024-11-12
U0128,P0111,Football,Sports,37.24,1,2,1,2024-02-12
U0128,P0029,Denim Jacket,Fashion,85.21,4,1,1,2024-01-12
U0128,P0120,Skipping Rope,Sports,26.44,3,1,0,2024-01-11
U0128,P0118,Fitness Tracker - Variant 2,Sports,32.35,3,1,1,2024-10-25
U0128,P0034,Leather Wallet - Variant 2,Fashion,29.12,3,3,1,2024-10-03
U0128,P0109,Water Bottle - Variant 2,Sports,45.64,3,3,1,2024-01-29
U0128,P0046,Formal Shirt - Variant 3,Fashion,60.76,3,2,0,2024-06-16
U0128,P0019,Mechanical Keyboard,Electronics,69.3,3,3,1,2024-03-26
U0128,P0008,Laptop Stand,Electronics,116.72,5,2,0,2024-06-30
U0128,P0018,Gaming Mouse - Variant 3,Electronics,81.58,4,2,1,2024-01-11
U0128,P0022,Webcam,Electronics,106.5,4,3,0,2024-07-03
U0128,P0023,Webcam - Variant 2,Electronics,79.6,4,2,0,2024-02-05
U0128,P0040,Wrist Watch - Variant 3,Fashion,55.58,3,3,1,2024-10-10
U0128,P0026,Tablet - Variant 3,Electronics,105.26,4,1,1,2024-12-25
U0128,P0018,Gaming Mouse - Variant 3,Electronics,81.58,3,1,1,2024-08-13
U0129,P0006,Smartwatch,Electronics,88.35,5,3,1,2024-05-26
U0129,P0014,Power Bank,Electronics,70.68,5,1,1,2024-06-05
U0129,P0027,Running Shoes,Fashion,50.96,2,2,0,2024-07-03
U0129,P0015,Power Bank - Variant 2,Electronics,95.82,2,3,0,2024-07-30
U0129,P0001,Wireless Earbuds,Electronics,126.81,3,1,1,2024-02-19
U0129,P0007,Smartwatch - Variant 2,Electronics,74.04,4,1,1,2024-08-09
U0129,P0020,Mechanical Keyboard - Variant 2,Electronics,77.77,3,1,1,2024-09-07
U0129,P0022,Webcam,Electronics,106.5,3,2,0,2024-04-04
U0129,P0003,Bluetooth Speaker,Electronics,104.25,4,1,1,2024-03-01
U0129,P0010,Laptop Stand - Variant 3,Electronics,146.57,4,2,1,2024-01-29
U0129,P0020,Mechanical Keyboard - Variant 2,Electronics,77.77,4,3,1,2024-05-05
U0129,P0008,Laptop Stand,Electronics,116.72,3,1,0,2024-11-06
U0129,P0086,Perfume - Variant 2,Beauty,33.4,2,2,0,2024-08-04
U0129,P0019,Mechanical Keyboard,Electronics,69.3,4,2,1,2024-04-28
U0129,P0001,Wireless Earbuds,Electronics,126.81,3,2,1,2024-10-18
U0129,P0043,Backpack - Variant 3,Fashion,77.01,2,1,1,2024-01-11
U0129,P0094,Beard Trimmer,Beauty,35.73,3,2,1,2024-08-31
U0129,P0148,History Book - Variant 3,Books,20.33,4,1,1,2024-11-24
U0129,P0012,USB-C Hub - Variant 2,Electronics,36.09,4,3,1,2024-08-11
U0129,P0018,Gaming Mouse - Variant 3,Electronics,81.58,4,2,1,2024-11-21
U0129,P0020,Mechanical Keyboard - Variant 2,Electronics,77.77,3,1,1,2024-02-07
U0129,P0008,Laptop Stand,Electronics,116.72,3,1,0,2024-05-06
U0129,P0006,Smartwatch,Electronics,88.35,4,1,1,2024-06-05
U0130,P0087,Hair Dryer,Beauty,46.49,5,3,1,2024-01-24
U0130,P0099,Body Lotion - Variant 3,Beauty,45.92,4,1,1,2024-05-23
U0130,P0096,Beard Trimmer - Variant 3,Beauty,16.01,5,3,1,2024-06-25
U0130,P0029,Denim Jacket,Fashion,85.21,1,1,0,2024-01-31
U0130,P0085,Perfume,Beauty,30.06,4,3,1,2024-01-01
U0130,P0104,Resistance Bands,Sports,54.92,3,2,0,2024-06-20
U0130,P0097,Body Lotion,Beauty,42.54,4,2,1,2024-09-26
U0130,P0090,Face Mask Set,Beauty,19.72,5,2,1,2024-02-06
U0130,P0084,Lipstick - Variant 3,Beauty,13.19,3,1,1,2024-06-08
U0130,P0084,Lipstick - Variant 3,Beauty,13.19,2,1,1,2024-06-16
U0130,P0077,Face Moisturizer - Variant 2,Beauty,44.26,5,3,0,2024-08-29
U0130,P0090,Face Mask Set,Beauty,19.72,3,1,0,2024-05-29
U0130,P0083,Lipstick - Variant 2,Beauty,16.1,5,3,1,2024-01-16
U0130,P0098,Body Lotion - Variant 2,Beauty,19.09,4,3,1,2024-09-01
U0130,P0096,Beard Trimmer - Variant 3,Beauty,16.01,1,1,0,2024-07-26
U0130,P0084,Lipstick - Variant 3,Beauty,13.19,4,2,1,2024-12-30
U0130,P0077,Face Moisturizer - Variant 2,Beauty,44.26,5,3,1,2024-02-24
U0130,P0106,Cycling Helmet,Sports,67.06,1,3,0,2024-03-04
U0130,P0095,Beard Trimmer - Variant 2,Beauty,23.23,3,2,0,2024-11-07
U0130,P0081,Shampoo - Variant 2,Beauty,39.01,4,1,0,2024-11-27
U0130,P0089,Hair Dryer - Variant 3,Beauty,27.59,4,3,1,2024-09-15
U0130,P0020,Mechanical Keyboard - Variant 2,Electronics,77.77,2,3,0,2024-01-26
U0130,P0083,Lipstick - Variant 2,Beauty,16.1,4,1,1,2024-05-30
U0130,P0075,Wall Clock - Variant 3,Home & Kitchen,67.37,2,1,0,2024-08-07
U0130,P0051,Winter Coat - Variant 2,Fashion,46.85,1,1,0,2024-05-07
U0130,P0080,Shampoo,Beauty,13.54,2,1,1,2024-07-07
U0130,P0085,Perfume,Beauty,30.06,1,1,1,2024-03-19
U0131,P0113,Football - Variant 3,Sports,36.42,5,3,1,2024-11-02
U0131,P0117,Fitness Tracker,Sports,72.86,2,2,1,2024-12-25
U0131,P0062,Vacuum Cleaner,Home & Kitchen,44.0,3,2,0,2024-04-30
U0131,P0119,Fitness Tracker - Variant 3,Sports,46.34,3,1,1,2024-07-19
U0131,P0119,Fitness Tracker - Variant 3,Sports,46.34,3,2,1,2024-10-02
U0131,P0054,Air Fryer - Variant 2,Home & Kitchen,109.53,3,3,1,2024-07-18
U0131,P0113,Football - Variant 3,Sports,36.42,4,1,0,2024-06-20
U0131,P0097,Body Lotion,Beauty,42.54,3,2,1,2024-11-07
U0131,P0082,Lipstick,Beauty,12.97,4,1,1,2024-01-12
U0131,P0108,Water Bottle,Sports,48.44,4,3,0,2024-01-29
U0131,P0114,Tennis Racket,Sports,49.81,3,2,1,2024-04-04
U0131,P0123,Gym Bag - Variant 2,Sports,46.65,4,3,0,2024-07-18
U0131,P0097,Body Lotion,Beauty,42.54,4,2,0,2024-11-23
U0131,P0079,Sunscreen SPF50 - Variant 2,Beauty,41.3,3,3,1,2024-01-27
U0131,P0113,Football - Variant 3,Sports,36.42,3,2,0,2024-09-14
U0131,P0080,Shampoo,Beauty,13.54,3,1,1,2024-10-01
U0131,P0120,Skipping Rope,Sports,26.44,3,2,0,2024-09-05
U0131,P0092,Nail Polish Kit,Beauty,23.01,4,2,1,2024-05-23
U0131,P0082,Lipstick,Beauty,12.97,3,1,0,2024-10-15
U0131,P0117,Fitness Tracker,Sports,72.86,4,2,1,2024-10-02
U0131,P0109,Water Bottle - Variant 2,Sports,45.64,4,1,0,2024-01-21
U0131,P0055,Coffee Maker,Home & Kitchen,73.4,3,2,1,2024-06-23
U0131,P0110,Water Bottle - Variant 3,Sports,57.47,4,3,0,2024-03-19
U0131,P0119,Fitness Tracker - Variant 3,Sports,46.34,5,1,1,2024-02-27
U0131,P0092,Nail Polish Kit,Beauty,23.01,5,2,1,2024-06-09
U0131,P0134,Biography - Variant 2,Books,19.48,3,3,1,2024-12-05
U0131,P0109,Water Bottle - Variant 2,Sports,45.64,5,1,1,2024-06-12
U0131,P0098,Body Lotion - Variant 2,Beauty,19.09,5,1,0,2024-05-24
U0131,P0116,Tennis Racket - Variant 3,Sports,21.7,4,2,1,2024-10-28
U0131,P0121,Skipping Rope - Variant 2,Sports,74.87,3,1,1,2024-11-10
U0131,P0081,Shampoo - Variant 2,Beauty,39.01,4,1,1,2024-07-24
U0131,P0102,Dumbbell Set,Sports,36.13,3,2,1,2024-03-14
U0131,P0117,Fitness Tracker,Sports,72.86,3,1,1,2024-01-10
U0131,P0085,Perfume,Beauty,30.06,3,1,1,2024-05-01
U0131,P0115,Tennis Racket - Variant 2,Sports,41.02,4,3,0,2024-01-19
U0131,P0121,Skipping Rope - Variant 2,Sports,74.87,1,3,0,2024-05-08
U0131,P0093,Nail Polish Kit - Variant 2,Beauty,18.13,5,1,0,2024-09-30
U0131,P0047,Sneakers,Fashion,42.71,2,3,0,2024-11-23
U0131,P0111,Football,Sports,37.24,4,1,0,2024-10-31
U0132,P0069,Storage Boxes - Variant 2,Home & Kitchen,55.29,4,2,1,2024-12-02
U0132,P0036,Sunglasses,Fashion,32.53,4,3,0,2024-09-28
U0132,P0062,Vacuum Cleaner,Home & Kitchen,44.0,2,2,1,2024-03-06
U0132,P0062,Vacuum Cleaner,Home & Kitchen,44.0,3,2,1,2024-08-23
U0132,P0069,Storage Boxes - Variant 2,Home & Kitchen,55.29,4,3,1,2024-02-19
U0132,P0041,Backpack,Fashion,58.75,4,2,1,2024-10-16
U0132,P0063,Vacuum Cleaner - Variant 2,Home & Kitchen,87.82,2,3,1,2024-01-18
U0132,P0043,Backpack - Variant 3,Fashion,77.01,5,1,0,2024-01-06
U0132,P0064,Bed Sheets Set,Home & Kitchen,92.94,4,3,0,2024-11-05
U0132,P0074,Wall Clock - Variant 2,Home & Kitchen,102.86,4,2,1,2024-08-27
U0132,P0070,Cutlery Set,Home & Kitchen,58.7,3,3,1,2024-02-19
U0132,P0027,Running Shoes,Fashion,50.96,4,1,0,2024-10-11
U0132,P0064,Bed Sheets Set,Home & Kitchen,92.94,3,1,1,2024-11-10
U0133,P0105,Resistance Bands - Variant 2,Sports,18.03,4,3,1,2024-01-19
U0133,P0131,Cookbook - Variant 2,Books,11.3,3,3,0,2024-10-14
U0133,P0103,Dumbbell Set - Variant 2,Sports,24.27,2,1,1,2024-10-24
U0133,P0084,Lipstick - Variant 3,Beauty,13.19,2,2,0,2024-11-20
U0133,P0142,Children's Storybook - Variant 2,Books,18.29,3,2,0,2024-10-13
U0133,P0121,Skipping Rope - Variant 2,Sports,74.87,5,2,1,2024-08-07
U0133,P0038,Wrist Watch,Fashion,65.06,2,2,0,2024-03-26
U0133,P0070,Cutlery Set,Home & Kitchen,58.7,2,2,1,2024-03-17
U0133,P0106,Cycling Helmet,Sports,67.06,2,3,1,2024-04-19
U0133,P0107,Cycling Helmet - Variant 2,Sports,18.4,4,1,0,2024-05-07
U0133,P0108,Water Bottle,Sports,48.44,4,2,0,2024-01-08
U0133,P0113,Football - Variant 3,Sports,36.42,4,2,0,2024-12-22
U0133,P0110,Water Bottle - Variant 3,Sports,57.47,3,3,1,2024-04-24
U0133,P0064,Bed Sheets Set,Home & Kitchen,92.94,2,2,0,2024-09-11
U0133,P0121,Skipping Rope - Variant 2,Sports,74.87,4,1,1,2024-08-10
U0134,P0115,Tennis Racket - Variant 2,Sports,41.02,5,1,1,2024-06-23
U0134,P0138,Business Strategy Book,Books,32.81,2,3,1,2024-02-26
U0134,P0124,Mystery Novel,Books,9.94,3,1,1,2024-11-29
U0134,P0104,Resistance Bands,Sports,54.92,4,1,1,2024-03-04
U0134,P0108,Water Bottle,Sports,48.44,3,2,1,2024-05-30
U0134,P0125,Mystery Novel - Variant 2,Books,18.83,5,3,1,2024-01-10
U0134,P0137,Sci-Fi Novel - Variant 3,Books,32.27,5,2,0,2024-11-24
U0134,P0140,Business Strategy Book - Variant 3,Books,14.32,4,3,1,2024-01-18
U0134,P0140,Business Strategy Book - Variant 3,Books,14.32,3,1,1,2024-12-16
U0134,P0150,Programming Guide - Variant 2,Books,12.92,4,1,1,2024-04-15
U0134,P0128,Self-Help Book - Variant 2,Books,22.95,4,2,1,2024-01-13
U0134,P0111,Football,Sports,37.24,5,3,1,2024-05-01
U0134,P0006,Smartwatch,Electronics,88.35,3,3,1,2024-02-14
U0134,P0133,Biography,Books,29.75,4,1,1,2024-09-11
U0134,P0079,Sunscreen SPF50 - Variant 2,Beauty,41.3,3,2,0,2024-04-17
U0134,P0149,Programming Guide,Books,35.7,3,3,1,2024-05-20
U0134,P0104,Resistance Bands,Sports,54.92,5,2,1,2024-12-26
U0134,P0117,Fitness Tracker,Sports,72.86,5,1,1,2024-03-24
U0134,P0011,USB-C Hub,Electronics,143.0,2,1,1,2024-06-03
U0134,P0102,Dumbbell Set,Sports,36.13,4,3,1,2024-09-26
U0134,P0129,Self-Help Book - Variant 3,Books,37.09,5,3,1,2024-12-10
U0134,P0109,Water Bottle - Variant 2,Sports,45.64,3,1,1,2024-07-26
U0134,P0075,Wall Clock - Variant 3,Home & Kitchen,67.37,2,1,1,2024-07-24
U0134,P0145,Poetry Collection - Variant 3,Books,15.46,3,3,0,2024-07-02
U0134,P0113,Football - Variant 3,Sports,36.42,2,3,1,2024-11-12
U0134,P0127,Self-Help Book,Books,13.13,2,1,0,2024-10-16
U0134,P0150,Programming Guide - Variant 2,Books,12.92,3,1,1,2024-06-02
U0134,P0133,Biography,Books,29.75,4,1,1,2024-07-09
U0134,P0146,History Book,Books,11.74,3,2,1,2024-11-12
U0134,P0117,Fitness Tracker,Sports,72.86,5,2,1,2024-11-05
U0134,P0115,Tennis Racket - Variant 2,Sports,41.02,3,2,1,2024-06-11
U0134,P0089,Hair Dryer - Variant 3,Beauty,27.59,1,2,1,2024-05-02
U0134,P0122,Gym Bag,Sports,52.75,4,2,1,2024-09-08
U0134,P0101,Yoga Mat - Variant 2,Sports,24.96,3,1,1,2024-07-17
U0134,P0144,Poetry Collection - Variant 2,Books,23.59,5,2,1,2024-06-24
U0134,P0148,History Book - Variant 3,Books,20.33,4,2,1,2024-04-03
U0134,P0141,Children's Storybook,Books,33.46,3,3,1,2024-08-20
U0134,P0097,Body Lotion,Beauty,42.54,1,2,0,2024-03-24
U0135,P0045,Formal Shirt - Variant 2,Fashion,80.51,3,3,0,2024-09-24
U0135,P0062,Vacuum Cleaner,Home & Kitchen,44.0,2,3,0,2024-03-19
U0135,P0084,Lipstick - Variant 3,Beauty,13.19,2,3,1,2024-02-04
U0135,P0081,Shampoo - Variant 2,Beauty,39.01,2,1,1,2024-08-05
U0135,P0037,Sunglasses - Variant 2,Fashion,47.01,3,1,0,2024-10-20
U0135,P0099,Body Lotion - Variant 3,Beauty,45.92,3,1,1,2024-02-26
U0135,P0091,Face Mask Set - Variant 2,Beauty,47.83,5,1,1,2024-05-18
U0135,P0102,Dumbbell Set,Sports,36.13,4,1,1,2024-12-21
U0136,P0143,Poetry Collection,Books,9.47,3,1,1,2024-05-25
U0136,P0108,Water Bottle,Sports,48.44,3,3,1,2024-11-15
U0136,P0014,Power Bank,Electronics,70.68,4,2,0,2024-11-01
U0136,P0069,Storage Boxes - Variant 2,Home & Kitchen,55.29,1,2,0,2024-12-24
U0136,P0137,Sci-Fi Novel - Variant 3,Books,32.27,4,3,1,2024-07-30
U0136,P0016,Gaming Mouse,Electronics,38.63,5,2,0,2024-06-12
U0136,P0050,Winter Coat,Fashion,42.63,3,2,1,2024-06-04
U0136,P0003,Bluetooth Speaker,Electronics,104.25,2,2,1,2024-03-03
U0136,P0021,Mechanical Keyboard - Variant 3,Electronics,87.99,4,3,1,2024-10-24
U0136,P0022,Webcam,Electronics,106.5,3,1,0,2024-11-05
U0136,P0013,USB-C Hub - Variant 3,Electronics,149.11,4,1,1,2024-04-30
U0136,P0060,Blender,Home & Kitchen,43.99,2,3,0,2024-01-10
U0136,P0085,Perfume,Beauty,30.06,3,1,0,2024-06-27
U0136,P0132,Cookbook - Variant 3,Books,19.54,4,2,0,2024-02-21
U0136,P0133,Biography,Books,29.75,4,1,1,2024-04-02
U0136,P0022,Webcam,Electronics,106.5,2,1,1,2024-05-22
U0137,P0053,Air Fryer,Home & Kitchen,77.17,3,1,1,2024-12-01
U0137,P0091,Face Mask Set - Variant 2,Beauty,47.83,3,2,1,2024-10-08
U0137,P0062,Vacuum Cleaner,Home & Kitchen,44.0,5,3,1,2024-07-27
U0137,P0039,Wrist Watch - Variant 2,Fashion,41.73,2,1,1,2024-09-10
U0137,P0030,Denim Jacket - Variant 2,Fashion,74.76,5,2,1,2024-12-03
U0137,P0037,Sunglasses - Variant 2,Fashion,47.01,4,3,1,2024-11-29
U0137,P0063,Vacuum Cleaner - Variant 2,Home & Kitchen,87.82,3,3,1,2024-04-21
U0137,P0037,Sunglasses - Variant 2,Fashion,47.01,5,3,1,2024-07-01
U0137,P0031,Cotton T-Shirt,Fashion,22.06,4,2,0,2024-06-19
U0137,P0108,Water Bottle,Sports,48.44,4,1,0,2024-02-23
U0137,P0029,Denim Jacket,Fashion,85.21,4,3,1,2024-04-24
U0137,P0080,Shampoo,Beauty,13.54,1,2,1,2024-07-16
U0137,P0072,Cutlery Set - Variant 3,Home & Kitchen,83.94,4,2,1,2024-01-13
U0137,P0075,Wall Clock - Variant 3,Home & Kitchen,67.37,3,1,1,2024-06-18
U0138,P0024,Tablet,Electronics,103.54,3,3,1,2024-09-10
U0138,P0021,Mechanical Keyboard - Variant 3,Electronics,87.99,3,1,1,2024-08-15
U0138,P0018,Gaming Mouse - Variant 3,Electronics,81.58,2,3,1,2024-06-20
U0138,P0024,Tablet,Electronics,103.54,5,2,1,2024-10-06
U0138,P0019,Mechanical Keyboard,Electronics,69.3,3,2,1,2024-04-10
U0138,P0025,Tablet - Variant 2,Electronics,41.3,3,2,1,2024-03-21
U0138,P0016,Gaming Mouse,Electronics,38.63,4,1,1,2024-09-28
U0138,P0141,Children's Storybook,Books,33.46,2,3,0,2024-04-25
U0138,P0026,Tablet - Variant 3,Electronics,105.26,4,1,1,2024-08-17
U0138,P0011,USB-C Hub,Electronics,143.0,2,3,1,2024-07-07
U0138,P0042,Backpack - Variant 2,Fashion,23.08,3,3,0,2024-08-11
U0138,P0150,Programming Guide - Variant 2,Books,12.92,2,2,0,2024-03-23
U0138,P0026,Tablet - Variant 3,Electronics,105.26,2,1,1,2024-02-03
U0138,P0023,Webcam - Variant 2,Electronics,79.6,5,3,1,2024-09-26
U0138,P0009,Laptop Stand - Variant 2,Electronics,38.35,4,2,1,2024-01-22
U0138,P0011,USB-C Hub,Electronics,143.0,4,2,1,2024-10-15
U0138,P0104,Resistance Bands,Sports,54.92,3,1,1,2024-09-05
U0139,P0103,Dumbbell Set - Variant 2,Sports,24.27,5,3,1,2024-05-25
U0139,P0114,Tennis Racket,Sports,49.81,4,3,1,2024-09-24
U0139,P0010,Laptop Stand - Variant 3,Electronics,146.57,3,1,1,2024-05-28
U0139,P0051,Winter Coat - Variant 2,Fashion,46.85,5,1,1,2024-06-10
U0139,P0101,Yoga Mat - Variant 2,Sports,24.96,5,3,1,2024-02-03
U0139,P0025,Tablet - Variant 2,Electronics,41.3,4,3,0,2024-09-08
U0139,P0067,Table Lamp - Variant 2,Home & Kitchen,105.23,2,3,0,2024-01-14
U0139,P0034,Leather Wallet - Variant 2,Fashion,29.12,2,1,1,2024-07-13
U0139,P0104,Resistance Bands,Sports,54.92,4,2,1,2024-10-08
U0139,P0042,Backpack - Variant 2,Fashion,23.08,3,2,1,2024-08-11
U0139,P0118,Fitness Tracker - Variant 2,Sports,32.35,3,2,1,2024-01-30
U0139,P0107,Cycling Helmet - Variant 2,Sports,18.4,3,1,0,2024-09-18
U0139,P0090,Face Mask Set,Beauty,19.72,2,2,0,2024-02-07
U0139,P0051,Winter Coat - Variant 2,Fashion,46.85,3,3,1,2024-06-14
U0139,P0044,Formal Shirt,Fashion,83.48,5,1,1,2024-10-11
U0139,P0116,Tennis Racket - Variant 3,Sports,21.7,2,2,1,2024-06-23
U0139,P0117,Fitness Tracker,Sports,72.86,3,3,0,2024-12-15
U0139,P0030,Denim Jacket - Variant 2,Fashion,74.76,4,2,1,2024-04-19
U0139,P0052,Winter Coat - Variant 3,Fashion,39.04,4,1,1,2024-11-26
U0139,P0047,Sneakers,Fashion,42.71,4,1,1,2024-03-13
U0139,P0031,Cotton T-Shirt,Fashion,22.06,3,3,1,2024-10-28
U0139,P0006,Smartwatch,Electronics,88.35,3,3,0,2024-04-13
U0139,P0102,Dumbbell Set,Sports,36.13,4,1,1,2024-07-06
U0139,P0035,Leather Wallet - Variant 3,Fashion,53.93,3,3,0,2024-09-11
U0139,P0100,Yoga Mat,Sports,36.49,3,2,1,2024-05-14
U0139,P0115,Tennis Racket - Variant 2,Sports,41.02,2,3,0,2024-08-26
U0140,P0006,Smartwatch,Electronics,88.35,3,3,1,2024-04-29
U0140,P0004,Bluetooth Speaker - Variant 2,Electronics,53.79,4,2,0,2024-08-11
U0140,P0007,Smartwatch - Variant 2,Electronics,74.04,3,3,0,2024-11-03
U0140,P0007,Smartwatch - Variant 2,Electronics,74.04,3,2,1,2024-08-20
U0140,P0020,Mechanical Keyboard - Variant 2,Electronics,77.77,3,2,1,2024-09-21
U0140,P0097,Body Lotion,Beauty,42.54,2,3,0,2024-06-30
U0140,P0022,Webcam,Electronics,106.5,4,3,0,2024-05-15
U0140,P0020,Mechanical Keyboard - Variant 2,Electronics,77.77,3,1,1,2024-10-20
U0140,P0023,Webcam - Variant 2,Electronics,79.6,2,2,1,2024-08-06
U0140,P0017,Gaming Mouse - Variant 2,Electronics,95.82,5,3,1,2024-07-19
U0140,P0010,Laptop Stand - Variant 3,Electronics,146.57,3,3,1,2024-06-30
U0140,P0007,Smartwatch - Variant 2,Electronics,74.04,3,3,0,2024-03-21
U0140,P0010,Laptop Stand - Variant 3,Electronics,146.57,3,2,1,2024-10-07
U0140,P0022,Webcam,Electronics,106.5,4,1,1,2024-01-17
U0140,P0015,Power Bank - Variant 2,Electronics,95.82,3,2,1,2024-08-27
U0140,P0010,Laptop Stand - Variant 3,Electronics,146.57,5,3,0,2024-02-18
U0140,P0116,Tennis Racket - Variant 3,Sports,21.7,2,1,1,2024-04-09
U0140,P0091,Face Mask Set - Variant 2,Beauty,47.83,2,1,1,2024-03-22
U0140,P0009,Laptop Stand - Variant 2,Electronics,38.35,5,1,0,2024-06-24
U0140,P0014,Power Bank,Electronics,70.68,5,2,0,2024-12-09
U0140,P0005,Bluetooth Speaker - Variant 3,Electronics,53.78,5,2,1,2024-08-05
U0140,P0008,Laptop Stand,Electronics,116.72,2,1,0,2024-05-12
U0140,P0133,Biography,Books,29.75,1,2,0,2024-11-22
U0140,P0015,Power Bank - Variant 2,Electronics,95.82,4,2,1,2024-10-19
U0140,P0006,Smartwatch,Electronics,88.35,3,2,1,2024-07-30
U0140,P0017,Gaming Mouse - Variant 2,Electronics,95.82,3,2,1,2024-11-13
U0140,P0026,Tablet - Variant 3,Electronics,105.26,5,2,1,2024-08-21
U0140,P0003,Bluetooth Speaker,Electronics,104.25,4,2,0,2024-10-12
U0140,P0001,Wireless Earbuds,Electronics,126.81,5,1,0,2024-05-09
U0140,P0020,Mechanical Keyboard - Variant 2,Electronics,77.77,5,2,1,2024-07-13
U0140,P0025,Tablet - Variant 2,Electronics,41.3,4,2,1,2024-05-21
U0140,P0009,Laptop Stand - Variant 2,Electronics,38.35,3,1,1,2024-09-15
U0140,P0017,Gaming Mouse - Variant 2,Electronics,95.82,5,3,1,2024-07-30
U0141,P0045,Formal Shirt - Variant 2,Fashion,80.51,5,2,1,2024-07-01
U0141,P0003,Bluetooth Speaker,Electronics,104.25,2,3,1,2024-12-18
U0141,P0017,Gaming Mouse - Variant 2,Electronics,95.82,5,2,1,2024-01-25
U0141,P0131,Cookbook - Variant 2,Books,11.3,1,1,0,2024-03-15
U0141,P0006,Smartwatch,Electronics,88.35,3,2,1,2024-09-08
U0141,P0020,Mechanical Keyboard - Variant 2,Electronics,77.77,3,2,1,2024-09-25
U0141,P0032,Cotton T-Shirt - Variant 2,Fashion,36.35,4,3,0,2024-08-19
U0141,P0014,Power Bank,Electronics,70.68,3,2,1,2024-07-21
U0141,P0010,Laptop Stand - Variant 3,Electronics,146.57,4,3,1,2024-07-01
U0141,P0098,Body Lotion - Variant 2,Beauty,19.09,3,3,0,2024-05-01
U0141,P0051,Winter Coat - Variant 2,Fashion,46.85,4,1,1,2024-02-26
U0141,P0048,Sneakers - Variant 2,Fashion,58.93,2,1,1,2024-07-26
U0141,P0043,Backpack - Variant 3,Fashion,77.01,3,3,0,2024-06-06
U0141,P0038,Wrist Watch,Fashion,65.06,5,3,0,2024-12-18
U0141,P0023,Webcam - Variant 2,Electronics,79.6,3,2,1,2024-04-25
U0141,P0043,Backpack - Variant 3,Fashion,77.01,3,3,1,2024-03-13
U0141,P0014,Power Bank,Electronics,70.68,3,1,1,2024-01-16
U0141,P0038,Wrist Watch,Fashion,65.06,3,2,1,2024-03-23
U0141,P0042,Backpack - Variant 2,Fashion,23.08,4,3,1,2024-12-14
U0141,P0014,Power Bank,Electronics,70.68,5,3,1,2024-12-02
U0141,P0049,Sneakers - Variant 3,Fashion,55.64,3,2,1,2024-03-16
U0141,P0074,Wall Clock - Variant 2,Home & Kitchen,102.86,4,3,0,2024-02-18
U0141,P0043,Backpack - Variant 3,Fashion,77.01,3,1,1,2024-04-01
U0141,P0138,Business Strategy Book,Books,32.81,3,2,1,2024-12-18
U0141,P0015,Power Bank - Variant 2,Electronics,95.82,3,3,1,2024-06-02
U0141,P0051,Winter Coat - Variant 2,Fashion,46.85,4,2,1,2024-01-09
U0141,P0004,Bluetooth Speaker - Variant 2,Electronics,53.79,5,2,1,2024-01-03
U0141,P0041,Backpack,Fashion,58.75,3,2,1,2024-06-10
U0141,P0028,Running Shoes - Variant 2,Fashion,21.88,2,3,0,2024-06-08
U0141,P0034,Leather Wallet - Variant 2,Fashion,29.12,5,3,1,2024-08-15
U0141,P0045,Formal Shirt - Variant 2,Fashion,80.51,4,2,1,2024-05-24
U0141,P0035,Leather Wallet - Variant 3,Fashion,53.93,3,1,0,2024-12-01
U0142,P0089,Hair Dryer - Variant 3,Beauty,27.59,5,1,0,2024-02-10
U0142,P0003,Bluetooth Speaker,Electronics,104.25,3,2,1,2024-07-29
U0142,P0099,Body Lotion - Variant 3,Beauty,45.92,3,2,1,2024-03-20
U0142,P0122,Gym Bag,Sports,52.75,4,2,1,2024-07-15
U0142,P0094,Beard Trimmer,Beauty,35.73,3,2,1,2024-11-30
U0142,P0093,Nail Polish Kit - Variant 2,Beauty,18.13,5,3,1,2024-02-29
U0142,P0108,Water Bottle,Sports,48.44,5,1,1,2024-04-11
U0142,P0112,Football - Variant 2,Sports,71.75,4,2,1,2024-08-31
U0142,P0118,Fitness Tracker - Variant 2,Sports,32.35,5,1,0,2024-04-12
U0142,P0119,Fitness Tracker - Variant 3,Sports,46.34,3,3,0,2024-03-05
U0142,P0123,Gym Bag - Variant 2,Sports,46.65,3,1,1,2024-05-01
U0142,P0086,Perfume - Variant 2,Beauty,33.4,4,3,1,2024-01-02
U0142,P0050,Winter Coat,Fashion,42.63,2,3,0,2024-12-18
U0142,P0138,Business Strategy Book,Books,32.81,3,3,0,2024-09-14
U0142,P0045,Formal Shirt - Variant 2,Fashion,80.51,2,2,1,2024-02-22
U0142,P0069,Storage Boxes - Variant 2,Home & Kitchen,55.29,4,1,1,2024-02-25
U0142,P0080,Shampoo,Beauty,13.54,5,1,1,2024-10-10
U0142,P0001,Wireless Earbuds,Electronics,126.81,1,2,0,2024-09-07
U0142,P0092,Nail Polish Kit,Beauty,23.01,4,3,0,2024-09-22
U0142,P0082,Lipstick,Beauty,12.97,5,2,1,2024-04-11
U0142,P0083,Lipstick - Variant 2,Beauty,16.1,5,1,1,2024-01-09
U0142,P0090,Face Mask Set,Beauty,19.72,4,1,1,2024-07-01
U0142,P0117,Fitness Tracker,Sports,72.86,2,2,0,2024-12-12
U0142,P0104,Resistance Bands,Sports,54.92,3,3,1,2024-02-08
U0142,P0004,Bluetooth Speaker - Variant 2,Electronics,53.79,2,1,0,2024-03-04
U0142,P0098,Body Lotion - Variant 2,Beauty,19.09,3,2,1,2024-01-16
U0142,P0114,Tennis Racket,Sports,49.81,5,3,1,2024-10-13
U0142,P0046,Formal Shirt - Variant 3,Fashion,60.76,1,3,1,2024-04-29
U0142,P0097,Body Lotion,Beauty,42.54,5,1,1,2024-10-04
U0143,P0149,Programming Guide,Books,35.7,3,2,0,2024-08-15
U0143,P0093,Nail Polish Kit - Variant 2,Beauty,18.13,4,3,0,2024-11-14
U0143,P0121,Skipping Rope - Variant 2,Sports,74.87,3,3,1,2024-11-04
U0143,P0098,Body Lotion - Variant 2,Beauty,19.09,4,1,1,2024-10-20
U0143,P0098,Body Lotion - Variant 2,Beauty,19.09,5,2,1,2024-04-06
U0143,P0094,Beard Trimmer,Beauty,35.73,5,3,1,2024-03-22
U0143,P0095,Beard Trimmer - Variant 2,Beauty,23.23,4,3,1,2024-02-03
U0143,P0086,Perfume - Variant 2,Beauty,33.4,5,3,0,2024-04-30
U0143,P0095,Beard Trimmer - Variant 2,Beauty,23.23,2,3,0,2024-01-28
U0143,P0147,History Book - Variant 2,Books,35.8,1,1,0,2024-02-13
U0143,P0007,Smartwatch - Variant 2,Electronics,74.04,2,3,0,2024-09-26
U0143,P0078,Sunscreen SPF50,Beauty,33.33,4,2,0,2024-03-25
U0143,P0090,Face Mask Set,Beauty,19.72,5,2,1,2024-04-26
U0143,P0082,Lipstick,Beauty,12.97,3,3,1,2024-05-16
U0143,P0095,Beard Trimmer - Variant 2,Beauty,23.23,4,3,1,2024-10-29
U0143,P0085,Perfume,Beauty,30.06,4,3,1,2024-04-29
U0143,P0086,Perfume - Variant 2,Beauty,33.4,3,3,1,2024-03-18
U0143,P0089,Hair Dryer - Variant 3,Beauty,27.59,3,1,1,2024-10-19
U0143,P0078,Sunscreen SPF50,Beauty,33.33,5,3,1,2024-04-22
U0143,P0129,Self-Help Book - Variant 3,Books,37.09,3,1,1,2024-11-06
U0143,P0076,Face Moisturizer,Beauty,48.93,3,2,1,2024-10-03
U0143,P0092,Nail Polish Kit,Beauty,23.01,3,3,0,2024-03-14
U0143,P0090,Face Mask Set,Beauty,19.72,3,1,1,2024-11-29
U0143,P0084,Lipstick - Variant 3,Beauty,13.19,3,2,1,2024-05-10
U0143,P0088,Hair Dryer - Variant 2,Beauty,21.47,3,2,1,2024-11-17
U0143,P0092,Nail Polish Kit,Beauty,23.01,4,3,1,2024-09-03
U0143,P0082,Lipstick,Beauty,12.97,2,1,0,2024-08-13
U0143,P0095,Beard Trimmer - Variant 2,Beauty,23.23,4,1,1,2024-08-03
U0143,P0093,Nail Polish Kit - Variant 2,Beauty,18.13,4,1,1,2024-02-23
U0143,P0091,Face Mask Set - Variant 2,Beauty,47.83,3,3,1,2024-10-10
U0143,P0081,Shampoo - Variant 2,Beauty,39.01,3,1,0,2024-12-30
U0143,P0094,Beard Trimmer,Beauty,35.73,5,2,0,2024-12-11
U0143,P0083,Lipstick - Variant 2,Beauty,16.1,3,1,1,2024-11-05
U0144,P0015,Power Bank - Variant 2,Electronics,95.82,5,2,1,2024-07-20
U0144,P0010,Laptop Stand - Variant 3,Electronics,146.57,3,2,1,2024-05-01
U0144,P0021,Mechanical Keyboard - Variant 3,Electronics,87.99,3,2,0,2024-06-10
U0144,P0018,Gaming Mouse - Variant 3,Electronics,81.58,4,3,1,2024-03-02
U0144,P0014,Power Bank,Electronics,70.68,5,2,1,2024-09-16
U0144,P0008,Laptop Stand,Electronics,116.72,4,3,0,2024-06-04
U0144,P0019,Mechanical Keyboard,Electronics,69.3,3,1,1,2024-02-21
U0144,P0128,Self-Help Book - Variant 2,Books,22.95,2,1,0,2024-12-20
U0144,P0114,Tennis Racket,Sports,49.81,2,1,0,2024-02-11
U0144,P0015,Power Bank - Variant 2,Electronics,95.82,4,2,0,2024-04-28
U0144,P0017,Gaming Mouse - Variant 2,Electronics,95.82,4,2,0,2024-08-19
U0144,P0070,Cutlery Set,Home & Kitchen,58.7,2,1,0,2024-07-09
U0144,P0012,USB-C Hub - Variant 2,Electronics,36.09,3,3,1,2024-01-12
U0144,P0036,Sunglasses,Fashion,32.53,2,3,1,2024-06-16
U0144,P0009,Laptop Stand - Variant 2,Electronics,38.35,3,3,1,2024-03-26
U0144,P0025,Tablet - Variant 2,Electronics,41.3,3,2,1,2024-04-30
U0144,P0132,Cookbook - Variant 3,Books,19.54,3,2,1,2024-08-01
U0144,P0007,Smartwatch - Variant 2,Electronics,74.04,3,2,1,2024-09-30
U0144,P0075,Wall Clock - Variant 3,Home & Kitchen,67.37,3,1,0,2024-12-16
U0144,P0110,Water Bottle - Variant 3,Sports,57.47,1,1,0,2024-11-17
U0144,P0019,Mechanical Keyboard,Electronics,69.3,4,3,1,2024-07-03
U0144,P0019,Mechanical Keyboard,Electronics,69.3,3,3,0,2024-06-19
U0144,P0002,Wireless Earbuds - Variant 2,Electronics,56.91,3,3,1,2024-05-25
U0144,P0008,Laptop Stand,Electronics,116.72,5,3,0,2024-12-20
U0144,P0026,Tablet - Variant 3,Electronics,105.26,2,2,1,2024-12-09
U0144,P0020,Mechanical Keyboard - Variant 2,Electronics,77.77,4,2,1,2024-04-01
U0144,P0026,Tablet - Variant 3,Electronics,105.26,4,3,1,2024-03-17
U0144,P0012,USB-C Hub - Variant 2,Electronics,36.09,4,3,1,2024-02-01
U0144,P0073,Wall Clock,Home & Kitchen,81.51,2,3,1,2024-11-10
U0144,P0022,Webcam,Electronics,106.5,3,3,1,2024-02-18
U0144,P0015,Power Bank - Variant 2,Electronics,95.82,4,1,0,2024-06-08
U0144,P0016,Gaming Mouse,Electronics,38.63,4,1,0,2024-11-28
U0144,P0023,Webcam - Variant 2,Electronics,79.6,4,3,1,2024-01-03
U0144,P0010,Laptop Stand - Variant 3,Electronics,146.57,3,3,1,2024-05-16
U0145,P0049,Sneakers - Variant 3,Fashion,55.64,4,1,0,2024-03-04
U0145,P0036,Sunglasses,Fashion,32.53,4,3,0,2024-10-18
U0145,P0027,Running Shoes,Fashion,50.96,5,2,1,2024-06-06
U0145,P0042,Backpack - Variant 2,Fashion,23.08,3,1,1,2024-07-03
U0145,P0032,Cotton T-Shirt - Variant 2,Fashion,36.35,5,1,0,2024-04-26
U0145,P0032,Cotton T-Shirt - Variant 2,Fashion,36.35,3,1,1,2024-03-24
U0145,P0046,Formal Shirt - Variant 3,Fashion,60.76,5,3,1,2024-01-16
U0145,P0038,Wrist Watch,Fashion,65.06,3,3,1,2024-04-20
U0145,P0028,Running Shoes - Variant 2,Fashion,21.88,5,1,1,2024-03-11
U0145,P0041,Backpack,Fashion,58.75,3,1,1,2024-03-10
U0145,P0101,Yoga Mat - Variant 2,Sports,24.96,2,1,1,2024-08-06
U0145,P0035,Leather Wallet - Variant 3,Fashion,53.93,5,1,0,2024-01-26
U0145,P0028,Running Shoes - Variant 2,Fashion,21.88,5,2,1,2024-08-29
U0145,P0089,Hair Dryer - Variant 3,Beauty,27.59,4,1,0,2024-02-14
U0145,P0022,Webcam,Electronics,106.5,2,2,0,2024-09-03
U0145,P0041,Backpack,Fashion,58.75,4,3,1,2024-12-14
U0145,P0034,Leather Wallet - Variant 2,Fashion,29.12,3,2,1,2024-10-31
U0145,P0047,Sneakers,Fashion,42.71,5,2,1,2024-06-19
U0145,P0041,Backpack,Fashion,58.75,4,2,1,2024-04-03
U0145,P0030,Denim Jacket - Variant 2,Fashion,74.76,4,3,0,2024-02-20
U0145,P0035,Leather Wallet - Variant 3,Fashion,53.93,4,3,1,2024-05-12
U0145,P0040,Wrist Watch - Variant 3,Fashion,55.58,5,2,1,2024-03-15
U0145,P0050,Winter Coat,Fashion,42.63,3,2,1,2024-04-15
U0145,P0032,Cotton T-Shirt - Variant 2,Fashion,36.35,4,2,1,2024-01-26
U0145,P0032,Cotton T-Shirt - Variant 2,Fashion,36.35,3,1,1,2024-01-20
U0145,P0037,Sunglasses - Variant 2,Fashion,47.01,4,1,0,2024-11-07
U0145,P0042,Backpack - Variant 2,Fashion,23.08,2,2,1,2024-01-27
U0145,P0030,Denim Jacket - Variant 2,Fashion,74.76,4,2,1,2024-01-04
U0146,P0092,Nail Polish Kit,Beauty,23.01,3,2,1,2024-09-11
U0146,P0011,USB-C Hub,Electronics,143.0,4,3,1,2024-05-07
U0146,P0031,Cotton T-Shirt,Fashion,22.06,3,3,1,2024-07-31
U0146,P0081,Shampoo - Variant 2,Beauty,39.01,2,1,1,2024-10-19
U0146,P0084,Lipstick - Variant 3,Beauty,13.19,5,3,0,2024-05-04
U0146,P0101,Yoga Mat - Variant 2,Sports,24.96,1,2,1,2024-04-08
U0146,P0014,Power Bank,Electronics,70.68,4,2,1,2024-11-01
U0146,P0010,Laptop Stand - Variant 3,Electronics,146.57,4,1,1,2024-03-08
U0146,P0099,Body Lotion - Variant 3,Beauty,45.92,5,2,1,2024-12-10
U0146,P0008,Laptop Stand,Electronics,116.72,4,2,1,2024-01-28
U0146,P0101,Yoga Mat - Variant 2,Sports,24.96,3,1,0,2024-12-04
U0146,P0093,Nail Polish Kit - Variant 2,Beauty,18.13,4,3,0,2024-12-01
U0146,P0083,Lipstick - Variant 2,Beauty,16.1,3,2,0,2024-03-31
U0146,P0008,Laptop Stand,Electronics,116.72,3,1,1,2024-07-03
U0146,P0095,Beard Trimmer - Variant 2,Beauty,23.23,2,1,1,2024-11-02
U0146,P0008,Laptop Stand,Electronics,116.72,3,3,1,2024-07-21
U0146,P0136,Sci-Fi Novel - Variant 2,Books,20.37,1,1,1,2024-07-21
U0146,P0018,Gaming Mouse - Variant 3,Electronics,81.58,3,2,1,2024-01-01
U0146,P0024,Tablet,Electronics,103.54,5,3,1,2024-02-14
U0146,P0007,Smartwatch - Variant 2,Electronics,74.04,5,1,1,2024-10-03
U0146,P0022,Webcam,Electronics,106.5,3,1,1,2024-05-07
U0146,P0019,Mechanical Keyboard,Electronics,69.3,3,3,1,2024-12-18
U0146,P0118,Fitness Tracker - Variant 2,Sports,32.35,1,2,1,2024-11-29
U0146,P0139,Business Strategy Book - Variant 2,Books,18.14,4,2,0,2024-05-14
U0146,P0026,Tablet - Variant 3,Electronics,105.26,5,2,1,2024-04-28
U0146,P0006,Smartwatch,Electronics,88.35,4,1,0,2024-04-07
U0146,P0074,Wall Clock - Variant 2,Home & Kitchen,102.86,3,2,0,2024-04-11
U0147,P0091,Face Mask Set - Variant 2,Beauty,47.83,5,1,1,2024-06-11
U0147,P0134,Biography - Variant 2,Books,19.48,4,2,0,2024-09-04
U0147,P0032,Cotton T-Shirt - Variant 2,Fashion,36.35,4,1,1,2024-05-18
U0147,P0033,Leather Wallet,Fashion,50.27,4,2,1,2024-07-02
U0147,P0139,Business Strategy Book - Variant 2,Books,18.14,3,3,0,2024-07-04
U0147,P0046,Formal Shirt - Variant 3,Fashion,60.76,4,1,0,2024-06-02
U0147,P0040,Wrist Watch - Variant 3,Fashion,55.58,3,1,1,2024-11-08
U0147,P0034,Leather Wallet - Variant 2,Fashion,29.12,5,3,1,2024-06-27
U0147,P0107,Cycling Helmet - Variant 2,Sports,18.4,2,1,1,2024-09-21
U0147,P0063,Vacuum Cleaner - Variant 2,Home & Kitchen,87.82,2,2,1,2024-04-10
U0147,P0029,Denim Jacket,Fashion,85.21,4,1,1,2024-11-28
U0147,P0041,Backpack,Fashion,58.75,5,3,1,2024-04-04
U0147,P0094,Beard Trimmer,Beauty,35.73,4,1,1,2024-03-02
U0147,P0051,Winter Coat - Variant 2,Fashion,46.85,4,3,0,2024-05-14
U0147,P0088,Hair Dryer - Variant 2,Beauty,21.47,4,3,1,2024-12-20
U0147,P0035,Leather Wallet - Variant 3,Fashion,53.93,4,1,0,2024-07-05
U0147,P0034,Leather Wallet - Variant 2,Fashion,29.12,3,3,1,2024-06-02
U0147,P0042,Backpack - Variant 2,Fashion,23.08,4,3,1,2024-07-05
U0147,P0045,Formal Shirt - Variant 2,Fashion,80.51,4,1,1,2024-05-26
U0147,P0048,Sneakers - Variant 2,Fashion,58.93,4,2,1,2024-04-25
U0147,P0008,Laptop Stand,Electronics,116.72,3,2,0,2024-10-29
U0147,P0149,Programming Guide,Books,35.7,2,2,0,2024-09-25
U0147,P0039,Wrist Watch - Variant 2,Fashion,41.73,5,3,1,2024-01-14
U0147,P0051,Winter Coat - Variant 2,Fashion,46.85,3,3,1,2024-11-02
U0148,P0016,Gaming Mouse,Electronics,38.63,3,3,1,2024-05-21
U0148,P0015,Power Bank - Variant 2,Electronics,95.82,4,2,0,2024-05-02
U0148,P0040,Wrist Watch - Variant 3,Fashion,55.58,3,3,1,2024-10-02
U0148,P0011,USB-C Hub,Electronics,143.0,4,1,1,2024-07-27
U0148,P0110,Water Bottle - Variant 3,Sports,57.47,3,2,1,2024-07-03
U0148,P0009,Laptop Stand - Variant 2,Electronics,38.35,3,3,1,2024-08-22
U0148,P0087,Hair Dryer,Beauty,46.49,3,1,1,2024-10-29
U0148,P0047,Sneakers,Fashion,42.71,3,1,1,2024-08-25
U0148,P0031,Cotton T-Shirt,Fashion,22.06,1,2,1,2024-09-07
U0148,P0103,Dumbbell Set - Variant 2,Sports,24.27,3,2,0,2024-06-02
U0148,P0019,Mechanical Keyboard,Electronics,69.3,4,2,1,2024-02-16
U0148,P0008,Laptop Stand,Electronics,116.72,4,3,1,2024-05-21
U0148,P0017,Gaming Mouse - Variant 2,Electronics,95.82,3,2,1,2024-01-15
U0148,P0081,Shampoo - Variant 2,Beauty,39.01,5,2,1,2024-03-06
U0148,P0097,Body Lotion,Beauty,42.54,5,1,1,2024-10-16
U0148,P0112,Football - Variant 2,Sports,71.75,4,2,0,2024-02-03
U0148,P0083,Lipstick - Variant 2,Beauty,16.1,2,3,1,2024-04-22
U0149,P0074,Wall Clock - Variant 2,Home & Kitchen,102.86,3,2,0,2024-10-18
U0149,P0056,Coffee Maker - Variant 2,Home & Kitchen,39.05,3,2,1,2024-01-16
U0149,P0070,Cutlery Set,Home & Kitchen,58.7,5,3,1,2024-03-12
U0149,P0074,Wall Clock - Variant 2,Home & Kitchen,102.86,5,1,0,2024-06-06
U0149,P0131,Cookbook - Variant 2,Books,11.3,4,2,1,2024-03-03
U0149,P0150,Programming Guide - Variant 2,Books,12.92,3,2,1,2024-01-14
U0149,P0132,Cookbook - Variant 3,Books,19.54,4,3,1,2024-12-24
U0149,P0148,History Book - Variant 3,Books,20.33,5,1,1,2024-09-25
U0149,P0022,Webcam,Electronics,106.5,2,3,0,2024-07-03
U0149,P0083,Lipstick - Variant 2,Beauty,16.1,3,3,0,2024-12-03
U0149,P0072,Cutlery Set - Variant 3,Home & Kitchen,83.94,5,3,1,2024-11-14
U0149,P0150,Programming Guide - Variant 2,Books,12.92,4,2,1,2024-04-20
U0149,P0060,Blender,Home & Kitchen,43.99,4,2,0,2024-10-24
U0149,P0140,Business Strategy Book - Variant 3,Books,14.32,2,3,1,2024-12-10
U0149,P0062,Vacuum Cleaner,Home & Kitchen,44.0,4,2,1,2024-11-05
U0149,P0075,Wall Clock - Variant 3,Home & Kitchen,67.37,4,2,1,2024-01-31
U0149,P0135,Sci-Fi Novel,Books,37.03,4,2,1,2024-08-24
U0149,P0133,Biography,Books,29.75,3,3,1,2024-03-01
U0149,P0060,Blender,Home & Kitchen,43.99,4,1,1,2024-04-17
U0149,P0071,Cutlery Set - Variant 2,Home & Kitchen,84.19,3,1,1,2024-04-06
U0149,P0073,Wall Clock,Home & Kitchen,81.51,5,3,0,2024-07-19
U0149,P0132,Cookbook - Variant 3,Books,19.54,2,3,1,2024-03-20
U0149,P0126,Mystery Novel - Variant 3,Books,27.08,3,3,1,2024-04-06
U0149,P0139,Business Strategy Book - Variant 2,Books,18.14,5,3,1,2024-11-06
U0149,P0069,Storage Boxes - Variant 2,Home & Kitchen,55.29,4,1,1,2024-06-12
U0149,P0127,Self-Help Book,Books,13.13,4,3,1,2024-11-30
U0149,P0025,Tablet - Variant 2,Electronics,41.3,2,1,0,2024-04-09
U0149,P0054,Air Fryer - Variant 2,Home & Kitchen,109.53,4,3,0,2024-11-05
U0149,P0066,Table Lamp,Home & Kitchen,82.67,4,3,0,2024-03-08
U0149,P0054,Air Fryer - Variant 2,Home & Kitchen,109.53,4,1,1,2024-11-09
U0149,P0133,Biography,Books,29.75,2,2,1,2024-06-13
U0149,P0058,Non-stick Pan,Home & Kitchen,28.34,3,2,0,2024-03-14
U0149,P0061,Blender - Variant 2,Home & Kitchen,27.47,4,2,1,2024-03-01
U0149,P0013,USB-C Hub - Variant 3,Electronics,149.11,3,1,1,2024-09-18
U0149,P0143,Poetry Collection,Books,9.47,4,2,0,2024-12-03
U0149,P0125,Mystery Novel - Variant 2,Books,18.83,4,3,1,2024-09-05
U0149,P0135,Sci-Fi Novel,Books,37.03,4,2,0,2024-06-17
U0149,P0055,Coffee Maker,Home & Kitchen,73.4,4,1,1,2024-12-02
U0149,P0054,Air Fryer - Variant 2,Home & Kitchen,109.53,4,1,0,2024-02-09
U0150,P0052,Winter Coat - Variant 3,Fashion,39.04,4,1,0,2024-08-23
U0150,P0131,Cookbook - Variant 2,Books,11.3,3,2,0,2024-11-10
U0150,P0092,Nail Polish Kit,Beauty,23.01,2,3,0,2024-09-12
U0150,P0032,Cotton T-Shirt - Variant 2,Fashion,36.35,2,1,0,2024-05-09
U0150,P0142,Children's Storybook - Variant 2,Books,18.29,1,2,0,2024-08-04
U0150,P0034,Leather Wallet - Variant 2,Fashion,29.12,3,1,0,2024-08-08
U0150,P0078,Sunscreen SPF50,Beauty,33.33,3,2,0,2024-01-07
U0150,P0050,Winter Coat,Fashion,42.63,5,3,1,2024-04-19
U0150,P0041,Backpack,Fashion,58.75,5,3,1,2024-07-04
U0150,P0040,Wrist Watch - Variant 3,Fashion,55.58,4,2,1,2024-06-03
U0150,P0029,Denim Jacket,Fashion,85.21,3,3,0,2024-03-14
U0150,P0045,Formal Shirt - Variant 2,Fashion,80.51,4,1,1,2024-07-15
U0150,P0078,Sunscreen SPF50,Beauty,33.33,3,1,0,2024-02-12
U0150,P0074,Wall Clock - Variant 2,Home & Kitchen,102.86,3,2,1,2024-07-29
U0150,P0034,Leather Wallet - Variant 2,Fashion,29.12,5,3,0,2024-11-30
U0150,P0044,Formal Shirt,Fashion,83.48,4,3,1,2024-10-28
U0150,P0050,Winter Coat,Fashion,42.63,5,2,1,2024-05-05
U0150,P0042,Backpack - Variant 2,Fashion,23.08,3,1,1,2024-10-06
U0150,P0043,Backpack - Variant 3,Fashion,77.01,3,1,1,2024-04-10
U0150,P0033,Leather Wallet,Fashion,50.27,3,2,0,2024-06-03
U0150,P0031,Cotton T-Shirt,Fashion,22.06,3,2,1,2024-12-25
U0150,P0046,Formal Shirt - Variant 3,Fashion,60.76,5,2,1,2024-12-08
U0150,P0085,Perfume,Beauty,30.06,3,2,0,2024-06-07
U0150,P0029,Denim Jacket,Fashion,85.21,3,2,1,2024-01-20
U0150,P0038,Wrist Watch,Fashion,65.06,4,1,1,2024-06-15
U0150,P0040,Wrist Watch - Variant 3,Fashion,55.58,3,3,1,2024-03-03
U0150,P0030,Denim Jacket - Variant 2,Fashion,74.76,2,2,0,2024-08-27
U0150,P0027,Running Shoes,Fashion,50.96,4,2,0,2024-11-13
U0150,P0049,Sneakers - Variant 3,Fashion,55.64,4,3,1,2024-09-16
U0150,P0089,Hair Dryer - Variant 3,Beauty,27.59,4,1,0,2024-01-18
U0150,P0040,Wrist Watch - Variant 3,Fashion,55.58,5,3,0,2024-03-10
U0150,P0042,Backpack - Variant 2,Fashion,23.08,2,3,1,2024-08-29
U0150,P0052,Winter Coat - Variant 3,Fashion,39.04,4,2,1,2024-01-07
U0150,P0021,Mechanical Keyboard - Variant 3,Electronics,87.99,3,3,1,2024-08-15
U0150,P0049,Sneakers - Variant 3,Fashion,55.64,2,2,1,2024-05-11
U0150,P0147,History Book - Variant 2,Books,35.8,3,1,0,2024-12-17
U0150,P0049,Sneakers - Variant 3,Fashion,55.64,4,1,1,2024-10-31
U0150,P0038,Wrist Watch,Fashion,65.06,1,3,1,2024-07-05
U0151,P0013,USB-C Hub - Variant 3,Electronics,149.11,5,3,0,2024-08-19
U0151,P0076,Face Moisturizer,Beauty,48.93,5,1,1,2024-06-17
U0151,P0016,Gaming Mouse,Electronics,38.63,3,3,1,2024-04-07
U0151,P0009,Laptop Stand - Variant 2,Electronics,38.35,2,1,1,2024-10-18
U0151,P0008,Laptop Stand,Electronics,116.72,4,3,0,2024-12-21
U0151,P0126,Mystery Novel - Variant 3,Books,27.08,3,3,1,2024-10-16
U0151,P0091,Face Mask Set - Variant 2,Beauty,47.83,4,1,1,2024-11-04
U0151,P0094,Beard Trimmer,Beauty,35.73,4,2,1,2024-01-26
U0152,P0008,Laptop Stand,Electronics,116.72,5,2,0,2024-09-03
U0152,P0015,Power Bank - Variant 2,Electronics,95.82,4,1,1,2024-01-28
U0152,P0026,Tablet - Variant 3,Electronics,105.26,4,3,1,2024-04-30
U0152,P0013,USB-C Hub - Variant 3,Electronics,149.11,4,2,1,2024-08-21
U0152,P0107,Cycling Helmet - Variant 2,Sports,18.4,1,1,0,2024-06-26
U0152,P0009,Laptop Stand - Variant 2,Electronics,38.35,3,1,1,2024-01-30
U0152,P0019,Mechanical Keyboard,Electronics,69.3,4,1,1,2024-11-11
U0152,P0001,Wireless Earbuds,Electronics,126.81,5,2,1,2024-03-15
U0152,P0006,Smartwatch,Electronics,88.35,3,1,0,2024-04-18
U0152,P0004,Bluetooth Speaker - Variant 2,Electronics,53.79,2,1,1,2024-07-30
U0152,P0008,Laptop Stand,Electronics,116.72,2,2,1,2024-12-17
U0152,P0007,Smartwatch - Variant 2,Electronics,74.04,5,3,1,2024-02-01
U0152,P0012,USB-C Hub - Variant 2,Electronics,36.09,2,1,1,2024-01-29
U0152,P0018,Gaming Mouse - Variant 3,Electronics,81.58,5,2,0,2024-12-05
U0152,P0007,Smartwatch - Variant 2,Electronics,74.04,3,2,1,2024-04-29
U0152,P0071,Cutlery Set - Variant 2,Home & Kitchen,84.19,2,1,0,2024-10-12
U0152,P0027,Running Shoes,Fashion,50.96,3,1,0,2024-08-21
U0152,P0002,Wireless Earbuds - Variant 2,Electronics,56.91,3,2,1,2024-09-03
U0152,P0009,Laptop Stand - Variant 2,Electronics,38.35,2,2,1,2024-05-18
U0152,P0003,Bluetooth Speaker,Electronics,104.25,5,2,1,2024-12-18
U0152,P0019,Mechanical Keyboard,Electronics,69.3,4,2,1,2024-11-28
U0152,P0013,USB-C Hub - Variant 3,Electronics,149.11,3,1,1,2024-09-20
U0152,P0019,Mechanical Keyboard,Electronics,69.3,4,1,1,2024-02-22
U0152,P0021,Mechanical Keyboard - Variant 3,Electronics,87.99,3,3,1,2024-07-10
U0152,P0016,Gaming Mouse,Electronics,38.63,4,1,1,2024-03-09
U0152,P0022,Webcam,Electronics,106.5,4,3,1,2024-01-26
U0152,P0002,Wireless Earbuds - Variant 2,Electronics,56.91,5,2,1,2024-12-09
U0152,P0019,Mechanical Keyboard,Electronics,69.3,5,2,0,2024-06-12
U0152,P0011,USB-C Hub,Electronics,143.0,4,2,1,2024-08-25
U0152,P0046,Formal Shirt - Variant 3,Fashion,60.76,2,1,1,2024-11-12
U0152,P0005,Bluetooth Speaker - Variant 3,Electronics,53.78,4,2,1,2024-04-12
U0153,P0097,Body Lotion,Beauty,42.54,5,3,0,2024-04-05
U0153,P0097,Body Lotion,Beauty,42.54,2,3,1,2024-02-10
U0153,P0078,Sunscreen SPF50,Beauty,33.33,4,3,0,2024-03-20
U0153,P0087,Hair Dryer,Beauty,46.49,4,3,0,2024-10-29
U0153,P0095,Beard Trimmer - Variant 2,Beauty,23.23,4,2,0,2024-07-01
U0153,P0061,Blender - Variant 2,Home & Kitchen,27.47,2,2,1,2024-08-21
U0153,P0090,Face Mask Set,Beauty,19.72,3,1,1,2024-12-23
U0153,P0086,Perfume - Variant 2,Beauty,33.4,4,1,0,2024-06-10
U0153,P0087,Hair Dryer,Beauty,46.49,3,3,1,2024-11-02
U0153,P0088,Hair Dryer - Variant 2,Beauty,21.47,2,3,1,2024-11-13
U0153,P0083,Lipstick - Variant 2,Beauty,16.1,2,1,1,2024-01-21
U0154,P0085,Perfume,Beauty,30.06,3,1,1,2024-06-01
U0154,P0061,Blender - Variant 2,Home & Kitchen,27.47,5,1,0,2024-08-15
U0154,P0059,Non-stick Pan - Variant 2,Home & Kitchen,63.2,3,2,1,2024-10-09
U0154,P0058,Non-stick Pan,Home & Kitchen,28.34,4,1,1,2024-01-11
U0154,P0119,Fitness Tracker - Variant 3,Sports,46.34,3,3,1,2024-05-31
U0154,P0075,Wall Clock - Variant 3,Home & Kitchen,67.37,5,3,1,2024-05-05
U0154,P0053,Air Fryer,Home & Kitchen,77.17,3,3,1,2024-08-09
U0154,P0039,Wrist Watch - Variant 2,Fashion,41.73,2,2,1,2024-09-19
U0154,P0072,Cutlery Set - Variant 3,Home & Kitchen,83.94,4,2,1,2024-07-20
U0154,P0054,Air Fryer - Variant 2,Home & Kitchen,109.53,4,2,0,2024-09-13
U0154,P0068,Storage Boxes,Home & Kitchen,80.29,5,1,0,2024-09-04
U0154,P0059,Non-stick Pan - Variant 2,Home & Kitchen,63.2,3,3,1,2024-09-22
U0154,P0126,Mystery Novel - Variant 3,Books,27.08,2,3,0,2024-08-09
U0154,P0053,Air Fryer,Home & Kitchen,77.17,3,2,1,2024-05-25
U0154,P0110,Water Bottle - Variant 3,Sports,57.47,3,3,1,2024-07-16
U0155,P0063,Vacuum Cleaner - Variant 2,Home & Kitchen,87.82,2,3,1,2024-06-12
U0155,P0057,Coffee Maker - Variant 3,Home & Kitchen,95.59,3,1,1,2024-01-03
U0155,P0131,Cookbook - Variant 2,Books,11.3,2,1,0,2024-03-13
U0155,P0071,Cutlery Set - Variant 2,Home & Kitchen,84.19,5,1,1,2024-12-25
U0155,P0104,Resistance Bands,Sports,54.92,2,2,0,2024-11-14
U0155,P0069,Storage Boxes - Variant 2,Home & Kitchen,55.29,3,1,1,2024-04-30
U0155,P0073,Wall Clock,Home & Kitchen,81.51,5,3,1,2024-03-13
U0155,P0072,Cutlery Set - Variant 3,Home & Kitchen,83.94,4,2,1,2024-09-24
U0155,P0134,Biography - Variant 2,Books,19.48,3,3,0,2024-09-17
U0155,P0069,Storage Boxes - Variant 2,Home & Kitchen,55.29,5,2,1,2024-07-13
U0155,P0058,Non-stick Pan,Home & Kitchen,28.34,5,1,1,2024-12-13
U0155,P0061,Blender - Variant 2,Home & Kitchen,27.47,5,2,1,2024-02-16
U0155,P0006,Smartwatch,Electronics,88.35,2,2,0,2024-11-01
U0155,P0056,Coffee Maker - Variant 2,Home & Kitchen,39.05,3,2,1,2024-08-16
U0155,P0059,Non-stick Pan - Variant 2,Home & Kitchen,63.2,4,1,1,2024-06-22
U0155,P0063,Vacuum Cleaner - Variant 2,Home & Kitchen,87.82,2,3,1,2024-06-03
U0155,P0113,Football - Variant 3,Sports,36.42,1,2,1,2024-05-03
U0155,P0073,Wall Clock,Home & Kitchen,81.51,3,1,1,2024-02-11
U0155,P0067,Table Lamp - Variant 2,Home & Kitchen,105.23,2,1,1,2024-08-07
U0155,P0147,History Book - Variant 2,Books,35.8,1,1,0,2024-12-03
U0155,P0070,Cutlery Set,Home & Kitchen,58.7,5,2,1,2024-12-08
U0155,P0072,Cutlery Set - Variant 3,Home & Kitchen,83.94,3,2,1,2024-09-16
U0155,P0075,Wall Clock - Variant 3,Home & Kitchen,67.37,4,3,0,2024-07-04
U0155,P0066,Table Lamp,Home & Kitchen,82.67,4,3,1,2024-08-02
U0155,P0055,Coffee Maker,Home & Kitchen,73.4,2,1,1,2024-09-04
U0155,P0061,Blender - Variant 2,Home & Kitchen,27.47,4,3,1,2024-02-13
U0156,P0001,Wireless Earbuds,Electronics,126.81,4,2,1,2024-10-12
U0156,P0009,Laptop Stand - Variant 2,Electronics,38.35,3,2,0,2024-12-20
U0156,P0010,Laptop Stand - Variant 3,Electronics,146.57,3,3,1,2024-09-12
U0156,P0018,Gaming Mouse - Variant 3,Electronics,81.58,2,3,0,2024-03-05
U0156,P0010,Laptop Stand - Variant 3,Electronics,146.57,4,3,0,2024-07-28
U0156,P0013,USB-C Hub - Variant 3,Electronics,149.11,3,2,1,2024-03-22
U0156,P0022,Webcam,Electronics,106.5,3,2,1,2024-07-11
U0156,P0021,Mechanical Keyboard - Variant 3,Electronics,87.99,4,2,1,2024-06-23
U0156,P0010,Laptop Stand - Variant 3,Electronics,146.57,4,1,1,2024-07-13
U0156,P0098,Body Lotion - Variant 2,Beauty,19.09,2,2,0,2024-11-17
U0156,P0023,Webcam - Variant 2,Electronics,79.6,5,1,1,2024-10-27
U0156,P0003,Bluetooth Speaker,Electronics,104.25,4,1,0,2024-05-08
U0156,P0015,Power Bank - Variant 2,Electronics,95.82,5,1,1,2024-05-01
U0156,P0019,Mechanical Keyboard,Electronics,69.3,4,1,1,2024-05-11
U0156,P0025,Tablet - Variant 2,Electronics,41.3,4,1,0,2024-03-11
U0156,P0082,Lipstick,Beauty,12.97,2,3,0,2024-03-07
U0156,P0013,USB-C Hub - Variant 3,Electronics,149.11,4,2,1,2024-12-19
U0156,P0002,Wireless Earbuds - Variant 2,Electronics,56.91,4,2,1,2024-02-15
U0156,P0026,Tablet - Variant 3,Electronics,105.26,4,1,1,2024-01-30
U0156,P0012,USB-C Hub - Variant 2,Electronics,36.09,4,2,1,2024-01-21
U0156,P0051,Winter Coat - Variant 2,Fashion,46.85,2,2,0,2024-03-05
U0156,P0018,Gaming Mouse - Variant 3,Electronics,81.58,2,3,0,2024-01-13
U0156,P0023,Webcam - Variant 2,Electronics,79.6,4,3,0,2024-10-22
U0156,P0019,Mechanical Keyboard,Electronics,69.3,3,2,1,2024-06-25
U0156,P0007,Smartwatch - Variant 2,Electronics,74.04,3,3,1,2024-09-06
U0156,P0005,Bluetooth Speaker - Variant 3,Electronics,53.78,4,3,1,2024-10-12
U0156,P0007,Smartwatch - Variant 2,Electronics,74.04,2,3,1,2024-08-04
U0156,P0013,USB-C Hub - Variant 3,Electronics,149.11,5,3,0,2024-02-01
U0156,P0021,Mechanical Keyboard - Variant 3,Electronics,87.99,3,3,1,2024-06-09
U0156,P0021,Mechanical Keyboard - Variant 3,Electronics,87.99,3,2,0,2024-03-12
U0157,P0058,Non-stick Pan,Home & Kitchen,28.34,4,3,1,2024-05-08
U0157,P0069,Storage Boxes - Variant 2,Home & Kitchen,55.29,3,1,1,2024-11-21
U0157,P0113,Football - Variant 3,Sports,36.42,4,2,1,2024-04-22
U0157,P0062,Vacuum Cleaner,Home & Kitchen,44.0,4,2,1,2024-09-08
U0157,P0059,Non-stick Pan - Variant 2,Home & Kitchen,63.2,4,2,0,2024-04-13
U0157,P0056,Coffee Maker - Variant 2,Home & Kitchen,39.05,3,3,0,2024-01-21
U0157,P0038,Wrist Watch,Fashion,65.06,3,2,1,2024-06-29
U0157,P0074,Wall Clock - Variant 2,Home & Kitchen,102.86,2,1,0,2024-05-22
U0157,P0123,Gym Bag - Variant 2,Sports,46.65,5,1,1,2024-12-20
U0157,P0075,Wall Clock - Variant 3,Home & Kitchen,67.37,3,2,1,2024-07-29
U0157,P0039,Wrist Watch - Variant 2,Fashion,41.73,4,2,1,2024-10-08
U0157,P0109,Water Bottle - Variant 2,Sports,45.64,1,1,1,2024-08-02
U0157,P0047,Sneakers,Fashion,42.71,4,1,1,2024-11-24
U0157,P0050,Winter Coat,Fashion,42.63,4,3,1,2024-06-24
U0157,P0027,Running Shoes,Fashion,50.96,4,2,1,2024-03-25
U0157,P0078,Sunscreen SPF50,Beauty,33.33,1,3,0,2024-06-03
U0157,P0067,Table Lamp - Variant 2,Home & Kitchen,105.23,5,2,0,2024-12-24
U0157,P0043,Backpack - Variant 3,Fashion,77.01,4,1,1,2024-02-07
U0157,P0030,Denim Jacket - Variant 2,Fashion,74.76,5,3,1,2024-06-05
U0157,P0032,Cotton T-Shirt - Variant 2,Fashion,36.35,5,1,1,2024-11-03
U0157,P0054,Air Fryer - Variant 2,Home & Kitchen,109.53,2,1,1,2024-02-06
U0157,P0055,Coffee Maker,Home & Kitchen,73.4,4,1,1,2024-08-27
U0158,P0031,Cotton T-Shirt,Fashion,22.06,4,3,0,2024-04-11
U0158,P0113,Football - Variant 3,Sports,36.42,3,3,1,2024-07-01
U0158,P0150,Programming Guide - Variant 2,Books,12.92,4,1,0,2024-12-13
U0158,P0147,History Book - Variant 2,Books,35.8,3,3,0,2024-12-22
U0158,P0043,Backpack - Variant 3,Fashion,77.01,4,2,1,2024-02-05
U0158,P0030,Denim Jacket - Variant 2,Fashion,74.76,2,2,1,2024-12-28
U0158,P0110,Water Bottle - Variant 3,Sports,57.47,3,3,1,2024-11-23
U0158,P0115,Tennis Racket - Variant 2,Sports,41.02,2,3,0,2024-02-24
U0158,P0102,Dumbbell Set,Sports,36.13,3,2,0,2024-06-18
U0158,P0104,Resistance Bands,Sports,54.92,4,2,0,2024-12-06
U0158,P0012,USB-C Hub - Variant 2,Electronics,36.09,1,2,1,2024-04-06
U0158,P0109,Water Bottle - Variant 2,Sports,45.64,4,3,1,2024-05-05
U0158,P0121,Skipping Rope - Variant 2,Sports,74.87,4,3,0,2024-07-21
U0158,P0078,Sunscreen SPF50,Beauty,33.33,3,2,0,2024-07-19
U0158,P0110,Water Bottle - Variant 3,Sports,57.47,3,3,1,2024-02-14
U0158,P0109,Water Bottle - Variant 2,Sports,45.64,5,1,1,2024-08-29
U0158,P0116,Tennis Racket - Variant 3,Sports,21.7,5,2,0,2024-07-18
U0158,P0102,Dumbbell Set,Sports,36.13,2,3,1,2024-08-03
U0158,P0107,Cycling Helmet - Variant 2,Sports,18.4,3,3,1,2024-07-04
U0158,P0139,Business Strategy Book - Variant 2,Books,18.14,2,2,1,2024-12-24
U0158,P0048,Sneakers - Variant 2,Fashion,58.93,1,2,1,2024-10-11
U0158,P0118,Fitness Tracker - Variant 2,Sports,32.35,3,2,1,2024-01-28
U0158,P0077,Face Moisturizer - Variant 2,Beauty,44.26,3,1,0,2024-05-14
U0158,P0037,Sunglasses - Variant 2,Fashion,47.01,2,3,0,2024-10-05
U0158,P0102,Dumbbell Set,Sports,36.13,4,3,1,2024-01-07
U0158,P0123,Gym Bag - Variant 2,Sports,46.65,5,1,1,2024-03-21
U0159,P0100,Yoga Mat,Sports,36.49,2,1,1,2024-07-14
U0159,P0046,Formal Shirt - Variant 3,Fashion,60.76,4,3,1,2024-04-04
U0159,P0144,Poetry Collection - Variant 2,Books,23.59,3,2,1,2024-02-05
U0159,P0045,Formal Shirt - Variant 2,Fashion,80.51,5,3,1,2024-07-26
U0159,P0050,Winter Coat,Fashion,42.63,1,1,1,2024-10-29
U0159,P0034,Leather Wallet - Variant 2,Fashion,29.12,3,2,1,2024-07-31
U0159,P0140,Business Strategy Book - Variant 3,Books,14.32,4,3,1,2024-06-15
U0159,P0045,Formal Shirt - Variant 2,Fashion,80.51,5,3,1,2024-12-02
U0159,P0148,History Book - Variant 3,Books,20.33,2,2,0,2024-12-07
U0159,P0031,Cotton T-Shirt,Fashion,22.06,3,2,0,2024-04-22
U0159,P0105,Resistance Bands - Variant 2,Sports,18.03,2,1,0,2024-05-08
U0159,P0035,Leather Wallet - Variant 3,Fashion,53.93,3,1,1,2024-03-31
U0159,P0115,Tennis Racket - Variant 2,Sports,41.02,4,3,0,2024-01-22
U0159,P0133,Biography,Books,29.75,3,1,0,2024-06-05
U0159,P0032,Cotton T-Shirt - Variant 2,Fashion,36.35,4,1,0,2024-04-18
U0159,P0036,Sunglasses,Fashion,32.53,4,1,1,2024-09-28
U0159,P0047,Sneakers,Fashion,42.71,3,2,0,2024-10-18
U0159,P0036,Sunglasses,Fashion,32.53,5,1,1,2024-08-16
U0159,P0038,Wrist Watch,Fashion,65.06,5,2,0,2024-11-05
U0159,P0052,Winter Coat - Variant 3,Fashion,39.04,4,1,1,2024-12-23
U0159,P0040,Wrist Watch - Variant 3,Fashion,55.58,5,1,1,2024-09-04
U0159,P0002,Wireless Earbuds - Variant 2,Electronics,56.91,1,3,0,2024-11-03
U0159,P0043,Backpack - Variant 3,Fashion,77.01,4,1,0,2024-02-11
U0159,P0090,Face Mask Set,Beauty,19.72,3,1,0,2024-02-29
U0159,P0029,Denim Jacket,Fashion,85.21,4,3,1,2024-03-04
U0159,P0133,Biography,Books,29.75,3,3,1,2024-01-18
U0159,P0047,Sneakers,Fashion,42.71,3,2,1,2024-07-10
U0160,P0150,Programming Guide - Variant 2,Books,12.92,4,3,0,2024-09-29
U0160,P0139,Business Strategy Book - Variant 2,Books,18.14,2,3,1,2024-01-28
U0160,P0047,Sneakers,Fashion,42.71,4,3,0,2024-07-27
U0160,P0055,Coffee Maker,Home & Kitchen,73.4,4,2,1,2024-11-17
U0160,P0133,Biography,Books,29.75,5,2,1,2024-10-21
U0160,P0055,Coffee Maker,Home & Kitchen,73.4,3,2,0,2024-11-04
U0160,P0009,Laptop Stand - Variant 2,Electronics,38.35,3,3,1,2024-01-03
U0160,P0126,Mystery Novel - Variant 3,Books,27.08,3,1,0,2024-07-22
U0160,P0038,Wrist Watch,Fashion,65.06,3,1,0,2024-03-26
U0160,P0135,Sci-Fi Novel,Books,37.03,5,3,1,2024-05-28
U0160,P0137,Sci-Fi Novel - Variant 3,Books,32.27,4,3,1,2024-11-04
U0160,P0127,Self-Help Book,Books,13.13,3,2,0,2024-01-14
U0161,P0015,Power Bank - Variant 2,Electronics,95.82,3,3,1,2024-10-07
U0161,P0025,Tablet - Variant 2,Electronics,41.3,4,3,1,2024-10-20
U0161,P0011,USB-C Hub,Electronics,143.0,3,1,0,2024-01-03
U0161,P0026,Tablet - Variant 3,Electronics,105.26,3,3,1,2024-10-05
U0161,P0007,Smartwatch - Variant 2,Electronics,74.04,3,1,0,2024-04-25
U0161,P0003,Bluetooth Speaker,Electronics,104.25,3,1,1,2024-01-29
U0161,P0114,Tennis Racket,Sports,49.81,3,1,0,2024-10-04
U0161,P0092,Nail Polish Kit,Beauty,23.01,4,2,1,2024-10-27
U0161,P0120,Skipping Rope,Sports,26.44,2,1,0,2024-06-24
U0161,P0016,Gaming Mouse,Electronics,38.63,4,1,1,2024-12-26
U0161,P0011,USB-C Hub,Electronics,143.0,2,1,1,2024-05-26
U0161,P0148,History Book - Variant 3,Books,20.33,1,2,1,2024-05-31
U0161,P0013,USB-C Hub - Variant 3,Electronics,149.11,2,2,0,2024-08-22
U0161,P0020,Mechanical Keyboard - Variant 2,Electronics,77.77,4,1,1,2024-06-26
U0161,P0022,Webcam,Electronics,106.5,5,2,0,2024-10-24
U0161,P0002,Wireless Earbuds - Variant 2,Electronics,56.91,3,3,1,2024-12-02
U0161,P0002,Wireless Earbuds - Variant 2,Electronics,56.91,4,2,0,2024-07-17
U0161,P0016,Gaming Mouse,Electronics,38.63,2,1,0,2024-08-24
U0161,P0093,Nail Polish Kit - Variant 2,Beauty,18.13,2,2,1,2024-11-09
U0161,P0003,Bluetooth Speaker,Electronics,104.25,3,1,1,2024-02-15
U0161,P0110,Water Bottle - Variant 3,Sports,57.47,3,3,0,2024-08-10
U0161,P0049,Sneakers - Variant 3,Fashion,55.64,3,3,0,2024-06-27
U0161,P0010,Laptop Stand - Variant 3,Electronics,146.57,4,1,1,2024-09-25
U0161,P0001,Wireless Earbuds,Electronics,126.81,3,3,1,2024-06-10
U0161,P0042,Backpack - Variant 2,Fashion,23.08,4,1,1,2024-02-05
U0161,P0004,Bluetooth Speaker - Variant 2,Electronics,53.79,3,3,1,2024-07-04
U0161,P0039,Wrist Watch - Variant 2,Fashion,41.73,3,2,0,2024-09-28
U0161,P0017,Gaming Mouse - Variant 2,Electronics,95.82,3,1,1,2024-03-01
U0161,P0012,USB-C Hub - Variant 2,Electronics,36.09,5,3,1,2024-02-01
U0161,P0021,Mechanical Keyboard - Variant 3,Electronics,87.99,5,2,1,2024-02-08
U0161,P0001,Wireless Earbuds,Electronics,126.81,3,1,1,2024-01-20
U0161,P0029,Denim Jacket,Fashion,85.21,2,3,0,2024-02-06
U0161,P0060,Blender,Home & Kitchen,43.99,4,2,1,2024-11-22
U0161,P0010,Laptop Stand - Variant 3,Electronics,146.57,4,2,0,2024-06-08
U0161,P0001,Wireless Earbuds,Electronics,126.81,4,1,0,2024-10-25
U0161,P0020,Mechanical Keyboard - Variant 2,Electronics,77.77,4,2,1,2024-02-10
U0161,P0067,Table Lamp - Variant 2,Home & Kitchen,105.23,3,3,0,2024-10-02
U0161,P0023,Webcam - Variant 2,Electronics,79.6,4,2,0,2024-07-11
U0161,P0005,Bluetooth Speaker - Variant 3,Electronics,53.78,2,3,0,2024-10-23
U0162,P0136,Sci-Fi Novel - Variant 2,Books,20.37,5,1,1,2024-01-01
U0162,P0069,Storage Boxes - Variant 2,Home & Kitchen,55.29,3,1,0,2024-07-13
U0162,P0132,Cookbook - Variant 3,Books,19.54,5,2,1,2024-08-29
U0162,P0047,Sneakers,Fashion,42.71,4,3,0,2024-10-25
U0162,P0066,Table Lamp,Home & Kitchen,82.67,3,2,1,2024-05-05
U0162,P0141,Children's Storybook,Books,33.46,5,2,1,2024-04-27
U0162,P0124,Mystery Novel,Books,9.94,3,1,1,2024-05-02
U0162,P0055,Coffee Maker,Home & Kitchen,73.4,3,1,1,2024-03-24
U0162,P0138,Business Strategy Book,Books,32.81,3,1,0,2024-08-12
U0162,P0078,Sunscreen SPF50,Beauty,33.33,2,1,0,2024-12-27
U0162,P0074,Wall Clock - Variant 2,Home & Kitchen,102.86,4,2,0,2024-11-15
U0162,P0149,Programming Guide,Books,35.7,5,3,1,2024-03-15
U0162,P0134,Biography - Variant 2,Books,19.48,4,2,1,2024-02-16
U0162,P0138,Business Strategy Book,Books,32.81,3,3,1,2024-04-19
U0162,P0128,Self-Help Book - Variant 2,Books,22.95,5,3,1,2024-11-29
U0162,P0068,Storage Boxes,Home & Kitchen,80.29,3,2,1,2024-07-02
U0162,P0136,Sci-Fi Novel - Variant 2,Books,20.37,5,2,1,2024-10-13
U0162,P0141,Children's Storybook,Books,33.46,5,1,1,2024-12-14
U0162,P0053,Air Fryer,Home & Kitchen,77.17,4,2,1,2024-06-06
U0162,P0131,Cookbook - Variant 2,Books,11.3,4,1,1,2024-02-05
U0162,P0148,History Book - Variant 3,Books,20.33,3,2,1,2024-08-10
U0162,P0002,Wireless Earbuds - Variant 2,Electronics,56.91,3,1,1,2024-06-23
U0162,P0017,Gaming Mouse - Variant 2,Electronics,95.82,3,2,1,2024-12-30
U0162,P0079,Sunscreen SPF50 - Variant 2,Beauty,41.3,3,2,0,2024-06-03
U0163,P0102,Dumbbell Set,Sports,36.13,1,1,1,2024-12-18
U0163,P0142,Children's Storybook - Variant 2,Books,18.29,4,1,1,2024-09-09
U0163,P0146,History Book,Books,11.74,3,1,1,2024-05-09
U0163,P0125,Mystery Novel - Variant 2,Books,18.83,2,3,1,2024-10-03
U0163,P0070,Cutlery Set,Home & Kitchen,58.7,2,1,0,2024-11-02
U0163,P0143,Poetry Collection,Books,9.47,3,2,0,2024-07-23
U0163,P0090,Face Mask Set,Beauty,19.72,4,1,0,2024-12-26
U0163,P0135,Sci-Fi Novel,Books,37.03,3,3,1,2024-05-10
U0163,P0149,Programming Guide,Books,35.7,2,3,1,2024-03-11
U0163,P0144,Poetry Collection - Variant 2,Books,23.59,3,3,1,2024-04-05
U0163,P0147,History Book - Variant 2,Books,35.8,4,2,0,2024-12-11
U0163,P0145,Poetry Collection - Variant 3,Books,15.46,4,1,0,2024-08-02
U0163,P0144,Poetry Collection - Variant 2,Books,23.59,5,3,0,2024-03-29
U0163,P0021,Mechanical Keyboard - Variant 3,Electronics,87.99,2,1,1,2024-05-06
U0163,P0079,Sunscreen SPF50 - Variant 2,Beauty,41.3,4,3,0,2024-08-02
U0163,P0126,Mystery Novel - Variant 3,Books,27.08,4,1,1,2024-09-24
U0163,P0074,Wall Clock - Variant 2,Home & Kitchen,102.86,3,3,0,2024-04-08
U0163,P0134,Biography - Variant 2,Books,19.48,4,3,1,2024-08-21
U0163,P0034,Leather Wallet - Variant 2,Fashion,29.12,1,3,0,2024-08-02
U0163,P0143,Poetry Collection,Books,9.47,4,1,1,2024-02-08
U0163,P0066,Table Lamp,Home & Kitchen,82.67,2,1,0,2024-09-15
U0163,P0060,Blender,Home & Kitchen,43.99,2,3,1,2024-11-18
U0163,P0142,Children's Storybook - Variant 2,Books,18.29,4,1,1,2024-10-23
U0163,P0068,Storage Boxes,Home & Kitchen,80.29,4,2,0,2024-04-15
U0163,P0141,Children's Storybook,Books,33.46,5,1,1,2024-01-23
U0163,P0130,Cookbook,Books,25.89,3,1,1,2024-08-02
U0163,P0142,Children's Storybook - Variant 2,Books,18.29,4,1,1,2024-05-11
U0163,P0126,Mystery Novel - Variant 3,Books,27.08,4,2,1,2024-01-22
U0163,P0033,Leather Wallet,Fashion,50.27,2,2,0,2024-09-16
U0163,P0129,Self-Help Book - Variant 3,Books,37.09,4,2,1,2024-02-12
U0163,P0142,Children's Storybook - Variant 2,Books,18.29,3,3,1,2024-04-03
U0163,P0139,Business Strategy Book - Variant 2,Books,18.14,4,1,1,2024-03-19
U0163,P0129,Self-Help Book - Variant 3,Books,37.09,4,1,0,2024-08-31
U0163,P0144,Poetry Collection - Variant 2,Books,23.59,4,2,0,2024-07-23
U0163,P0046,Formal Shirt - Variant 3,Fashion,60.76,3,3,1,2024-12-09
U0163,P0081,Shampoo - Variant 2,Beauty,39.01,1,1,0,2024-10-09
U0163,P0095,Beard Trimmer - Variant 2,Beauty,23.23,2,2,1,2024-08-17
U0163,P0128,Self-Help Book - Variant 2,Books,22.95,3,1,1,2024-10-31
U0164,P0077,Face Moisturizer - Variant 2,Beauty,44.26,4,1,0,2024-08-07
U0164,P0095,Beard Trimmer - Variant 2,Beauty,23.23,5,3,1,2024-08-03
U0164,P0093,Nail Polish Kit - Variant 2,Beauty,18.13,5,1,1,2024-03-03
U0164,P0084,Lipstick - Variant 3,Beauty,13.19,5,2,0,2024-02-23
U0164,P0089,Hair Dryer - Variant 3,Beauty,27.59,3,3,0,2024-09-18
U0164,P0146,History Book,Books,11.74,3,1,0,2024-06-28
U0164,P0092,Nail Polish Kit,Beauty,23.01,5,1,1,2024-12-19
U0164,P0079,Sunscreen SPF50 - Variant 2,Beauty,41.3,4,3,0,2024-03-09
U0164,P0090,Face Mask Set,Beauty,19.72,5,1,1,2024-04-10
U0164,P0094,Beard Trimmer,Beauty,35.73,4,3,1,2024-09-21
U0165,P0086,Perfume - Variant 2,Beauty,33.4,3,2,1,2024-08-31
U0165,P0056,Coffee Maker - Variant 2,Home & Kitchen,39.05,3,1,1,2024-08-02
U0165,P0048,Sneakers - Variant 2,Fashion,58.93,2,1,0,2024-07-06
U0165,P0076,Face Moisturizer,Beauty,48.93,3,1,1,2024-04-11
U0165,P0084,Lipstick - Variant 3,Beauty,13.19,3,1,1,2024-06-07
U0165,P0114,Tennis Racket,Sports,49.81,2,2,1,2024-11-22
U0165,P0127,Self-Help Book,Books,13.13,3,2,0,2024-04-29
U0165,P0081,Shampoo - Variant 2,Beauty,39.01,5,2,1,2024-01-16
U0165,P0079,Sunscreen SPF50 - Variant 2,Beauty,41.3,4,3,0,2024-09-30
U0165,P0091,Face Mask Set - Variant 2,Beauty,47.83,4,1,1,2024-12-16
U0165,P0070,Cutlery Set,Home & Kitchen,58.7,4,2,1,2024-05-14
U0165,P0110,Water Bottle - Variant 3,Sports,57.47,3,2,1,2024-07-14
U0165,P0053,Air Fryer,Home & Kitchen,77.17,5,3,1,2024-12-27
U0165,P0073,Wall Clock,Home & Kitchen,81.51,5,3,1,2024-08-16
U0165,P0071,Cutlery Set - Variant 2,Home & Kitchen,84.19,3,1,1,2024-10-16
U0165,P0107,Cycling Helmet - Variant 2,Sports,18.4,3,1,1,2024-07-29
U0165,P0057,Coffee Maker - Variant 3,Home & Kitchen,95.59,5,2,1,2024-04-29
U0165,P0087,Hair Dryer,Beauty,46.49,3,1,1,2024-01-29
U0165,P0066,Table Lamp,Home & Kitchen,82.67,4,3,1,2024-07-08
U0165,P0058,Non-stick Pan,Home & Kitchen,28.34,3,2,1,2024-05-26
U0165,P0023,Webcam - Variant 2,Electronics,79.6,2,2,0,2024-05-17
U0165,P0055,Coffee Maker,Home & Kitchen,73.4,4,3,0,2024-04-03
U0166,P0033,Leather Wallet,Fashion,50.27,4,3,1,2024-10-06
U0166,P0141,Children's Storybook,Books,33.46,4,2,1,2024-02-17
U0166,P0005,Bluetooth Speaker - Variant 3,Electronics,53.78,2,2,1,2024-04-02
U0166,P0035,Leather Wallet - Variant 3,Fashion,53.93,4,1,0,2024-06-07
U0166,P0038,Wrist Watch,Fashion,65.06,2,3,0,2024-06-17
U0166,P0043,Backpack - Variant 3,Fashion,77.01,2,1,1,2024-04-13
U0166,P0040,Wrist Watch - Variant 3,Fashion,55.58,4,1,1,2024-03-27
U0166,P0140,Business Strategy Book - Variant 3,Books,14.32,3,1,1,2024-02-13
U0166,P0124,Mystery Novel,Books,9.94,4,1,0,2024-09-22
U0166,P0068,Storage Boxes,Home & Kitchen,80.29,3,3,0,2024-12-20
U0166,P0027,Running Shoes,Fashion,50.96,2,2,1,2024-10-10
U0166,P0127,Self-Help Book,Books,13.13,2,1,1,2024-04-20
U0166,P0150,Programming Guide - Variant 2,Books,12.92,3,3,0,2024-12-24
U0166,P0140,Business Strategy Book - Variant 3,Books,14.32,5,1,1,2024-02-17
U0167,P0039,Wrist Watch - Variant 2,Fashion,41.73,4,1,1,2024-06-12
U0167,P0039,Wrist Watch - Variant 2,Fashion,41.73,4,3,1,2024-04-28
U0167,P0043,Backpack - Variant 3,Fashion,77.01,4,3,1,2024-07-22
U0167,P0032,Cotton T-Shirt - Variant 2,Fashion,36.35,4,2,0,2024-06-10
U0167,P0038,Wrist Watch,Fashion,65.06,5,1,1,2024-09-14
U0167,P0090,Face Mask Set,Beauty,19.72,2,3,1,2024-01-25
U0167,P0035,Leather Wallet - Variant 3,Fashion,53.93,3,3,0,2024-11-16
U0167,P0027,Running Shoes,Fashion,50.96,4,2,1,2024-08-31
U0167,P0046,Formal Shirt - Variant 3,Fashion,60.76,2,3,1,2024-10-26
U0167,P0041,Backpack,Fashion,58.75,4,1,0,2024-08-19
U0168,P0075,Wall Clock - Variant 3,Home & Kitchen,67.37,4,1,1,2024-05-29
U0168,P0139,Business Strategy Book - Variant 2,Books,18.14,2,3,0,2024-04-09
U0168,P0143,Poetry Collection,Books,9.47,2,2,0,2024-08-15
U0168,P0142,Children's Storybook - Variant 2,Books,18.29,3,3,0,2024-05-22
U0168,P0149,Programming Guide,Books,35.7,2,3,0,2024-07-01
U0168,P0139,Business Strategy Book - Variant 2,Books,18.14,2,1,0,2024-11-14
U0168,P0035,Leather Wallet - Variant 3,Fashion,53.93,3,1,1,2024-07-30
U0168,P0088,Hair Dryer - Variant 2,Beauty,21.47,3,1,0,2024-01-07
U0168,P0060,Blender,Home & Kitchen,43.99,4,1,1,2024-02-18
U0169,P0119,Fitness Tracker - Variant 3,Sports,46.34,3,3,1,2024-09-27
U0169,P0108,Water Bottle,Sports,48.44,3,2,0,2024-08-19
U0169,P0004,Bluetooth Speaker - Variant 2,Electronics,53.79,2,1,0,2024-11-28
U0169,P0122,Gym Bag,Sports,52.75,4,3,1,2024-09-08
U0169,P0108,Water Bottle,Sports,48.44,2,1,1,2024-06-13
U0169,P0113,Football - Variant 3,Sports,36.42,1,1,1,2024-03-13
U0169,P0116,Tennis Racket - Variant 3,Sports,21.7,5,2,1,2024-07-11
U0169,P0091,Face Mask Set - Variant 2,Beauty,47.83,4,3,0,2024-08-30
U0169,P0113,Football - Variant 3,Sports,36.42,3,3,1,2024-08-05
U0169,P0119,Fitness Tracker - Variant 3,Sports,46.34,5,2,1,2024-12-02
U0169,P0112,Football - Variant 2,Sports,71.75,3,1,1,2024-07-08
U0169,P0106,Cycling Helmet,Sports,67.06,4,2,1,2024-06-19
U0169,P0108,Water Bottle,Sports,48.44,3,3,1,2024-02-07
U0169,P0106,Cycling Helmet,Sports,67.06,4,3,1,2024-06-12
U0169,P0044,Formal Shirt,Fashion,83.48,3,2,0,2024-05-13
U0169,P0116,Tennis Racket - Variant 3,Sports,21.7,4,2,0,2024-06-04
U0170,P0010,Laptop Stand - Variant 3,Electronics,146.57,2,1,1,2024-06-13
U0170,P0102,Dumbbell Set,Sports,36.13,2,3,0,2024-09-24
U0170,P0006,Smartwatch,Electronics,88.35,4,2,1,2024-11-26
U0170,P0057,Coffee Maker - Variant 3,Home & Kitchen,95.59,2,1,0,2024-11-30
U0170,P0017,Gaming Mouse - Variant 2,Electronics,95.82,3,1,0,2024-06-29
U0170,P0064,Bed Sheets Set,Home & Kitchen,92.94,2,2,1,2024-08-23
U0170,P0127,Self-Help Book,Books,13.13,1,3,0,2024-08-05
U0170,P0030,Denim Jacket - Variant 2,Fashion,74.76,3,1,1,2024-07-07
U0170,P0018,Gaming Mouse - Variant 3,Electronics,81.58,3,1,1,2024-12-27
U0170,P0002,Wireless Earbuds - Variant 2,Electronics,56.91,3,2,1,2024-03-25
U0170,P0015,Power Bank - Variant 2,Electronics,95.82,4,3,1,2024-04-09
U0170,P0015,Power Bank - Variant 2,Electronics,95.82,5,1,0,2024-02-29
U0170,P0026,Tablet - Variant 3,Electronics,105.26,5,3,1,2024-11-09
U0170,P0007,Smartwatch - Variant 2,Electronics,74.04,4,2,1,2024-12-17
U0170,P0006,Smartwatch,Electronics,88.35,4,1,1,2024-08-30
U0170,P0056,Coffee Maker - Variant 2,Home & Kitchen,39.05,1,1,0,2024-10-01
U0170,P0026,Tablet - Variant 3,Electronics,105.26,3,1,1,2024-09-15
U0170,P0005,Bluetooth Speaker - Variant 3,Electronics,53.78,3,2,1,2024-12-16
U0170,P0138,Business Strategy Book,Books,32.81,3,1,0,2024-11-23
U0170,P0021,Mechanical Keyboard - Variant 3,Electronics,87.99,4,1,1,2024-01-31
U0170,P0021,Mechanical Keyboard - Variant 3,Electronics,87.99,3,2,1,2024-03-21
U0170,P0022,Webcam,Electronics,106.5,4,2,1,2024-09-01
U0170,P0022,Webcam,Electronics,106.5,4,3,1,2024-10-04
U0170,P0016,Gaming Mouse,Electronics,38.63,4,3,1,2024-02-15
U0170,P0004,Bluetooth Speaker - Variant 2,Electronics,53.79,3,3,0,2024-06-10
U0170,P0021,Mechanical Keyboard - Variant 3,Electronics,87.99,2,3,1,2024-03-30
U0170,P0017,Gaming Mouse - Variant 2,Electronics,95.82,5,3,1,2024-04-30
U0170,P0006,Smartwatch,Electronics,88.35,4,3,1,2024-08-10
U0170,P0002,Wireless Earbuds - Variant 2,Electronics,56.91,2,1,1,2024-06-27
U0170,P0016,Gaming Mouse,Electronics,38.63,5,3,1,2024-05-09
U0170,P0022,Webcam,Electronics,106.5,4,2,1,2024-09-03
U0170,P0002,Wireless Earbuds - Variant 2,Electronics,56.91,4,1,1,2024-01-14
U0171,P0047,Sneakers,Fashion,42.71,3,3,0,2024-02-04
U0171,P0080,Shampoo,Beauty,13.54,2,3,1,2024-12-21
U0171,P0005,Bluetooth Speaker - Variant 3,Electronics,53.78,2,2,1,2024-10-04
U0171,P0051,Winter Coat - Variant 2,Fashion,46.85,2,2,0,2024-07-28
U0171,P0095,Beard Trimmer - Variant 2,Beauty,23.23,5,3,1,2024-08-18
U0171,P0099,Body Lotion - Variant 3,Beauty,45.92,5,1,1,2024-06-14
U0171,P0082,Lipstick,Beauty,12.97,4,1,1,2024-04-30
U0171,P0091,Face Mask Set - Variant 2,Beauty,47.83,3,3,1,2024-10-04
U0171,P0008,Laptop Stand,Electronics,116.72,3,2,0,2024-10-09
U0171,P0091,Face Mask Set - Variant 2,Beauty,47.83,4,2,1,2024-05-22
U0171,P0078,Sunscreen SPF50,Beauty,33.33,3,1,1,2024-09-17
U0171,P0002,Wireless Earbuds - Variant 2,Electronics,56.91,4,3,0,2024-12-18
U0171,P0010,Laptop Stand - Variant 3,Electronics,146.57,4,3,1,2024-08-03
U0171,P0084,Lipstick - Variant 3,Beauty,13.19,4,2,0,2024-05-15
U0171,P0089,Hair Dryer - Variant 3,Beauty,27.59,3,2,1,2024-04-14
U0171,P0105,Resistance Bands - Variant 2,Sports,18.03,4,3,0,2024-04-09
U0171,P0086,Perfume - Variant 2,Beauty,33.4,4,3,1,2024-02-25
U0171,P0013,USB-C Hub - Variant 3,Electronics,149.11,5,1,0,2024-08-31
U0171,P0094,Beard Trimmer,Beauty,35.73,4,3,1,2024-05-12
U0171,P0015,Power Bank - Variant 2,Electronics,95.82,4,3,0,2024-12-03
U0171,P0096,Beard Trimmer - Variant 3,Beauty,16.01,5,2,1,2024-04-21
U0171,P0026,Tablet - Variant 3,Electronics,105.26,4,1,1,2024-08-15
U0171,P0021,Mechanical Keyboard - Variant 3,Electronics,87.99,3,2,1,2024-08-02
U0171,P0068,Storage Boxes,Home & Kitchen,80.29,2,3,0,2024-07-13
U0171,P0044,Formal Shirt,Fashion,83.48,4,1,0,2024-10-19
U0171,P0094,Beard Trimmer,Beauty,35.73,4,1,0,2024-07-29
U0171,P0090,Face Mask Set,Beauty,19.72,3,2,1,2024-12-20
U0171,P0003,Bluetooth Speaker,Electronics,104.25,3,1,1,2024-07-10
U0171,P0091,Face Mask Set - Variant 2,Beauty,47.83,4,3,1,2024-02-23
U0171,P0035,Leather Wallet - Variant 3,Fashion,53.93,2,2,1,2024-02-09
U0171,P0015,Power Bank - Variant 2,Electronics,95.82,5,2,1,2024-03-03
U0171,P0010,Laptop Stand - Variant 3,Electronics,146.57,3,2,1,2024-08-30
U0171,P0022,Webcam,Electronics,106.5,4,2,0,2024-10-02
U0172,P0090,Face Mask Set,Beauty,19.72,3,3,0,2024-11-28
U0172,P0013,USB-C Hub - Variant 3,Electronics,149.11,3,1,0,2024-12-05
U0172,P0091,Face Mask Set - Variant 2,Beauty,47.83,2,1,0,2024-05-28
U0172,P0055,Coffee Maker,Home & Kitchen,73.4,3,1,1,2024-09-28
U0172,P0130,Cookbook,Books,25.89,3,2,0,2024-10-05
U0172,P0068,Storage Boxes,Home & Kitchen,80.29,5,1,1,2024-10-23
U0172,P0077,Face Moisturizer - Variant 2,Beauty,44.26,3,3,1,2024-05-12
U0172,P0143,Poetry Collection,Books,9.47,5,2,0,2024-04-24
U0172,P0144,Poetry Collection - Variant 2,Books,23.59,5,3,1,2024-06-16
U0172,P0085,Perfume,Beauty,30.06,1,2,1,2024-11-27
U0172,P0133,Biography,Books,29.75,5,2,0,2024-09-05
U0172,P0017,Gaming Mouse - Variant 2,Electronics,95.82,2,2,1,2024-05-08
U0172,P0067,Table Lamp - Variant 2,Home & Kitchen,105.23,3,3,1,2024-08-12
U0172,P0130,Cookbook,Books,25.89,5,1,1,2024-12-29
U0172,P0058,Non-stick Pan,Home & Kitchen,28.34,2,2,1,2024-05-31
U0172,P0074,Wall Clock - Variant 2,Home & Kitchen,102.86,1,3,1,2024-12-15
U0172,P0140,Business Strategy Book - Variant 3,Books,14.32,4,2,1,2024-02-24
U0172,P0055,Coffee Maker,Home & Kitchen,73.4,4,2,1,2024-11-08
U0172,P0137,Sci-Fi Novel - Variant 3,Books,32.27,4,1,1,2024-10-12
U0172,P0143,Poetry Collection,Books,9.47,4,2,1,2024-12-17
U0172,P0144,Poetry Collection - Variant 2,Books,23.59,4,2,1,2024-06-14
U0172,P0135,Sci-Fi Novel,Books,37.03,3,2,1,2024-12-06
U0172,P0008,Laptop Stand,Electronics,116.72,1,1,0,2024-03-30
U0172,P0146,History Book,Books,11.74,5,1,1,2024-09-23
U0172,P0054,Air Fryer - Variant 2,Home & Kitchen,109.53,3,1,1,2024-11-06
U0172,P0079,Sunscreen SPF50 - Variant 2,Beauty,41.3,3,3,1,2024-01-07
U0173,P0120,Skipping Rope,Sports,26.44,4,1,1,2024-10-04
U0173,P0141,Children's Storybook,Books,33.46,2,1,0,2024-04-29
U0173,P0120,Skipping Rope,Sports,26.44,5,1,1,2024-10-24
U0173,P0119,Fitness Tracker - Variant 3,Sports,46.34,4,1,1,2024-09-09
U0173,P0143,Poetry Collection,Books,9.47,2,1,0,2024-02-07
U0173,P0115,Tennis Racket - Variant 2,Sports,41.02,3,1,1,2024-11-18
U0173,P0040,Wrist Watch - Variant 3,Fashion,55.58,2,3,1,2024-01-05
U0173,P0106,Cycling Helmet,Sports,67.06,4,3,0,2024-03-05
U0173,P0101,Yoga Mat - Variant 2,Sports,24.96,1,3,1,2024-03-17
U0173,P0104,Resistance Bands,Sports,54.92,3,2,1,2024-08-29
U0173,P0033,Leather Wallet,Fashion,50.27,4,2,1,2024-10-13
U0173,P0079,Sunscreen SPF50 - Variant 2,Beauty,41.3,3,3,0,2024-03-15
U0174,P0122,Gym Bag,Sports,52.75,5,3,1,2024-06-19
U0174,P0108,Water Bottle,Sports,48.44,2,3,1,2024-06-20
U0174,P0118,Fitness Tracker - Variant 2,Sports,32.35,5,3,0,2024-02-25
U0174,P0106,Cycling Helmet,Sports,67.06,4,2,1,2024-07-27
U0174,P0112,Football - Variant 2,Sports,71.75,5,3,1,2024-11-12
U0174,P0110,Water Bottle - Variant 3,Sports,57.47,2,2,0,2024-01-22
U0174,P0106,Cycling Helmet,Sports,67.06,4,3,0,2024-10-30
U0174,P0102,Dumbbell Set,Sports,36.13,3,2,1,2024-08-19
U0174,P0112,Football - Variant 2,Sports,71.75,5,2,1,2024-08-22
U0174,P0054,Air Fryer - Variant 2,Home & Kitchen,109.53,3,1,0,2024-11-24
U0174,P0122,Gym Bag,Sports,52.75,4,2,0,2024-02-13
U0174,P0111,Football,Sports,37.24,2,2,0,2024-04-18
U0174,P0110,Water Bottle - Variant 3,Sports,57.47,5,2,1,2024-07-02
U0174,P0112,Football - Variant 2,Sports,71.75,4,2,1,2024-12-12
U0175,P0081,Shampoo - Variant 2,Beauty,39.01,4,1,1,2024-05-16
U0175,P0082,Lipstick,Beauty,12.97,4,2,1,2024-04-09
U0175,P0098,Body Lotion - Variant 2,Beauty,19.09,5,2,1,2024-03-18
U0175,P0079,Sunscreen SPF50 - Variant 2,Beauty,41.3,4,2,1,2024-03-17
U0175,P0078,Sunscreen SPF50,Beauty,33.33,4,2,1,2024-08-12
U0175,P0078,Sunscreen SPF50,Beauty,33.33,5,2,1,2024-05-06
U0175,P0098,Body Lotion - Variant 2,Beauty,19.09,2,3,1,2024-06-30
U0175,P0076,Face Moisturizer,Beauty,48.93,4,2,1,2024-04-17
U0175,P0088,Hair Dryer - Variant 2,Beauty,21.47,5,3,1,2024-07-20
U0176,P0080,Shampoo,Beauty,13.54,4,3,1,2024-01-08
U0176,P0083,Lipstick - Variant 2,Beauty,16.1,5,2,1,2024-12-24
U0176,P0091,Face Mask Set - Variant 2,Beauty,47.83,4,1,0,2024-05-12
U0176,P0080,Shampoo,Beauty,13.54,5,1,0,2024-10-15
U0176,P0054,Air Fryer - Variant 2,Home & Kitchen,109.53,2,1,0,2024-12-25
U0176,P0077,Face Moisturizer - Variant 2,Beauty,44.26,3,3,1,2024-05-14
U0176,P0090,Face Mask Set,Beauty,19.72,4,3,1,2024-05-25
U0176,P0081,Shampoo - Variant 2,Beauty,39.01,4,1,1,2024-03-18
U0176,P0082,Lipstick,Beauty,12.97,5,1,1,2024-05-16
U0176,P0091,Face Mask Set - Variant 2,Beauty,47.83,2,3,0,2024-07-26
U0176,P0086,Perfume - Variant 2,Beauty,33.4,4,1,0,2024-11-23
U0176,P0076,Face Moisturizer,Beauty,48.93,4,2,1,2024-09-27
U0176,P0085,Perfume,Beauty,30.06,4,2,1,2024-09-03
U0176,P0051,Winter Coat - Variant 2,Fashion,46.85,2,1,0,2024-07-05
U0176,P0097,Body Lotion,Beauty,42.54,3,2,1,2024-08-09
U0176,P0084,Lipstick - Variant 3,Beauty,13.19,4,3,0,2024-08-22
U0176,P0092,Nail Polish Kit,Beauty,23.01,5,3,0,2024-07-31
U0176,P0045,Formal Shirt - Variant 2,Fashion,80.51,2,1,0,2024-04-29
U0176,P0076,Face Moisturizer,Beauty,48.93,3,2,1,2024-08-28
U0176,P0091,Face Mask Set - Variant 2,Beauty,47.83,5,3,1,2024-10-13
U0176,P0034,Leather Wallet - Variant 2,Fashion,29.12,2,2,1,2024-04-04
U0176,P0082,Lipstick,Beauty,12.97,5,1,1,2024-03-20
U0176,P0005,Bluetooth Speaker - Variant 3,Electronics,53.78,2,3,0,2024-12-17
U0176,P0087,Hair Dryer,Beauty,46.49,4,2,1,2024-01-06
U0176,P0097,Body Lotion,Beauty,42.54,5,3,1,2024-10-08
U0176,P0087,Hair Dryer,Beauty,46.49,3,3,1,2024-11-17
U0176,P0099,Body Lotion - Variant 3,Beauty,45.92,4,3,1,2024-07-18
U0176,P0082,Lipstick,Beauty,12.97,3,1,1,2024-04-30
U0176,P0140,Business Strategy Book - Variant 3,Books,14.32,3,3,0,2024-02-28
U0176,P0092,Nail Polish Kit,Beauty,23.01,3,3,1,2024-10-28
U0176,P0099,Body Lotion - Variant 3,Beauty,45.92,5,1,1,2024-09-23
U0176,P0076,Face Moisturizer,Beauty,48.93,3,3,1,2024-11-13
U0176,P0099,Body Lotion - Variant 3,Beauty,45.92,4,2,1,2024-02-06
U0177,P0124,Mystery Novel,Books,9.94,1,3,0,2024-05-02
U0177,P0115,Tennis Racket - Variant 2,Sports,41.02,2,1,0,2024-11-18
U0177,P0068,Storage Boxes,Home & Kitchen,80.29,4,2,1,2024-09-23
U0177,P0069,Storage Boxes - Variant 2,Home & Kitchen,55.29,3,1,0,2024-01-08
U0177,P0053,Air Fryer,Home & Kitchen,77.17,5,1,1,2024-10-02
U0177,P0067,Table Lamp - Variant 2,Home & Kitchen,105.23,4,2,1,2024-04-26
U0177,P0106,Cycling Helmet,Sports,67.06,3,1,0,2024-04-12
U0177,P0142,Children's Storybook - Variant 2,Books,18.29,1,2,1,2024-10-18
U0177,P0065,Bed Sheets Set - Variant 2,Home & Kitchen,33.33,2,2,1,2024-03-22
U0177,P0062,Vacuum Cleaner,Home & Kitchen,44.0,4,1,1,2024-06-18
U0177,P0066,Table Lamp,Home & Kitchen,82.67,4,1,0,2024-12-18
U0177,P0071,Cutlery Set - Variant 2,Home & Kitchen,84.19,5,3,0,2024-08-03
U0177,P0072,Cutlery Set - Variant 3,Home & Kitchen,83.94,2,1,1,2024-05-14
U0177,P0067,Table Lamp - Variant 2,Home & Kitchen,105.23,3,2,0,2024-05-22
U0177,P0053,Air Fryer,Home & Kitchen,77.17,3,2,1,2024-10-07
U0177,P0009,Laptop Stand - Variant 2,Electronics,38.35,4,3,0,2024-02-16
U0177,P0056,Coffee Maker - Variant 2,Home & Kitchen,39.05,4,2,1,2024-11-08
U0178,P0029,Denim Jacket,Fashion,85.21,4,2,1,2024-06-14
U0178,P0033,Leather Wallet,Fashion,50.27,3,3,0,2024-07-22
U0178,P0035,Leather Wallet - Variant 3,Fashion,53.93,3,1,0,2024-10-07
U0178,P0047,Sneakers,Fashion,42.71,4,1,0,2024-12-24
U0178,P0030,Denim Jacket - Variant 2,Fashion,74.76,3,2,0,2024-06-10
U0178,P0045,Formal Shirt - Variant 2,Fashion,80.51,2,1,0,2024-01-20
U0178,P0018,Gaming Mouse - Variant 3,Electronics,81.58,1,3,0,2024-05-19
U0178,P0039,Wrist Watch - Variant 2,Fashion,41.73,2,1,1,2024-11-19
U0178,P0027,Running Shoes,Fashion,50.96,3,3,0,2024-11-06
U0178,P0050,Winter Coat,Fashion,42.63,3,3,1,2024-08-06
U0178,P0144,Poetry Collection - Variant 2,Books,23.59,2,1,1,2024-09-30
U0178,P0036,Sunglasses,Fashion,32.53,4,3,1,2024-01-18
U0178,P0048,Sneakers - Variant 2,Fashion,58.93,4,3,1,2024-01-26
U0178,P0039,Wrist Watch - Variant 2,Fashion,41.73,5,1,0,2024-05-21
U0178,P0048,Sneakers - Variant 2,Fashion,58.93,4,3,0,2024-04-04
U0178,P0034,Leather Wallet - Variant 2,Fashion,29.12,4,3,1,2024-02-21
U0178,P0032,Cotton T-Shirt - Variant 2,Fashion,36.35,3,3,1,2024-11-26
U0178,P0048,Sneakers - Variant 2,Fashion,58.93,4,2,1,2024-09-19
U0178,P0048,Sneakers - Variant 2,Fashion,58.93,2,1,1,2024-05-28
U0179,P0085,Perfume,Beauty,30.06,3,1,1,2024-05-26
U0179,P0044,Formal Shirt,Fashion,83.48,4,1,0,2024-08-11
U0179,P0085,Perfume,Beauty,30.06,3,1,1,2024-05-21
U0179,P0147,History Book - Variant 2,Books,35.8,4,3,0,2024-11-20
U0179,P0090,Face Mask Set,Beauty,19.72,4,2,1,2024-07-26
U0179,P0076,Face Moisturizer,Beauty,48.93,2,2,1,2024-02-28
U0179,P0090,Face Mask Set,Beauty,19.72,5,1,1,2024-07-10
U0179,P0079,Sunscreen SPF50 - Variant 2,Beauty,41.3,3,3,0,2024-05-30
U0179,P0079,Sunscreen SPF50 - Variant 2,Beauty,41.3,4,3,0,2024-05-04
U0179,P0098,Body Lotion - Variant 2,Beauty,19.09,2,1,1,2024-03-03
U0179,P0078,Sunscreen SPF50,Beauty,33.33,2,3,1,2024-10-27
U0179,P0079,Sunscreen SPF50 - Variant 2,Beauty,41.3,3,2,1,2024-10-15
U0179,P0092,Nail Polish Kit,Beauty,23.01,5,2,1,2024-01-16
U0179,P0089,Hair Dryer - Variant 3,Beauty,27.59,3,3,1,2024-03-27
U0179,P0090,Face Mask Set,Beauty,19.72,3,2,1,2024-05-31
U0179,P0083,Lipstick - Variant 2,Beauty,16.1,4,2,1,2024-09-18
U0179,P0078,Sunscreen SPF50,Beauty,33.33,5,1,0,2024-10-28
U0179,P0135,Sci-Fi Novel,Books,37.03,3,3,0,2024-08-21
U0179,P0011,USB-C Hub,Electronics,143.0,3,1,1,2024-06-26
U0179,P0085,Perfume,Beauty,30.06,5,1,1,2024-08-29
U0179,P0094,Beard Trimmer,Beauty,35.73,4,1,0,2024-04-11
U0179,P0084,Lipstick - Variant 3,Beauty,13.19,5,2,1,2024-02-08
U0179,P0087,Hair Dryer,Beauty,46.49,4,1,1,2024-05-13
U0180,P0137,Sci-Fi Novel - Variant 3,Books,32.27,3,3,1,2024-01-10
U0180,P0138,Business Strategy Book,Books,32.81,3,1,1,2024-02-03
U0180,P0142,Children's Storybook - Variant 2,Books,18.29,3,3,1,2024-08-23
U0180,P0140,Business Strategy Book - Variant 3,Books,14.32,3,1,1,2024-04-21
U0180,P0138,Business Strategy Book,Books,32.81,3,2,1,2024-06-12
U0180,P0148,History Book - Variant 3,Books,20.33,4,1,0,2024-04-16
U0180,P0129,Self-Help Book - Variant 3,Books,37.09,4,2,1,2024-08-01
U0180,P0062,Vacuum Cleaner,Home & Kitchen,44.0,3,3,0,2024-10-11
U0180,P0147,History Book - Variant 2,Books,35.8,3,3,1,2024-08-15
U0180,P0142,Children's Storybook - Variant 2,Books,18.29,4,3,1,2024-12-30
U0180,P0145,Poetry Collection - Variant 3,Books,15.46,3,1,0,2024-05-27
U0180,P0137,Sci-Fi Novel - Variant 3,Books,32.27,5,3,1,2024-06-21
U0180,P0137,Sci-Fi Novel - Variant 3,Books,32.27,2,1,1,2024-08-31
U0180,P0134,Biography - Variant 2,Books,19.48,4,3,1,2024-08-19
U0180,P0146,History Book,Books,11.74,3,3,1,2024-10-09
U0180,P0148,History Book - Variant 3,Books,20.33,5,3,1,2024-08-13
U0180,P0143,Poetry Collection,Books,9.47,3,1,1,2024-04-10
U0180,P0146,History Book,Books,11.74,5,1,1,2024-12-13
U0180,P0135,Sci-Fi Novel,Books,37.03,4,1,1,2024-07-08
U0180,P0140,Business Strategy Book - Variant 3,Books,14.32,5,3,1,2024-10-16
U0180,P0081,Shampoo - Variant 2,Beauty,39.01,2,1,0,2024-08-01
U0180,P0135,Sci-Fi Novel,Books,37.03,5,1,1,2024-09-12
U0180,P0127,Self-Help Book,Books,13.13,3,3,1,2024-01-05
U0180,P0058,Non-stick Pan,Home & Kitchen,28.34,4,2,0,2024-07-08
U0180,P0146,History Book,Books,11.74,3,1,1,2024-01-20
U0180,P0148,History Book - Variant 3,Books,20.33,2,2,1,2024-03-15
U0181,P0096,Beard Trimmer - Variant 3,Beauty,16.01,4,1,0,2024-09-28
U0181,P0076,Face Moisturizer,Beauty,48.93,5,2,1,2024-12-18
U0181,P0086,Perfume - Variant 2,Beauty,33.4,5,1,0,2024-11-06
U0181,P0128,Self-Help Book - Variant 2,Books,22.95,3,1,1,2024-04-21
U0181,P0081,Shampoo - Variant 2,Beauty,39.01,4,1,1,2024-02-28
U0181,P0147,History Book - Variant 2,Books,35.8,3,2,1,2024-05-27
U0181,P0083,Lipstick - Variant 2,Beauty,16.1,4,1,1,2024-03-08
U0181,P0024,Tablet,Electronics,103.54,3,3,0,2024-05-28
U0181,P0081,Shampoo - Variant 2,Beauty,39.01,4,1,1,2024-03-24
U0181,P0125,Mystery Novel - Variant 2,Books,18.83,3,1,0,2024-11-25
U0181,P0081,Shampoo - Variant 2,Beauty,39.01,3,3,0,2024-07-21
U0181,P0018,Gaming Mouse - Variant 3,Electronics,81.58,3,3,1,2024-11-25
U0181,P0126,Mystery Novel - Variant 3,Books,27.08,4,1,0,2024-03-05
U0181,P0127,Self-Help Book,Books,13.13,3,3,1,2024-07-01
U0181,P0085,Perfume,Beauty,30.06,3,3,1,2024-06-07
U0181,P0077,Face Moisturizer - Variant 2,Beauty,44.26,2,3,1,2024-09-07
U0181,P0129,Self-Help Book - Variant 3,Books,37.09,1,3,1,2024-08-31
U0181,P0131,Cookbook - Variant 2,Books,11.3,3,3,0,2024-07-22
U0181,P0094,Beard Trimmer,Beauty,35.73,4,2,1,2024-09-08
U0181,P0128,Self-Help Book - Variant 2,Books,22.95,4,3,0,2024-09-06
U0181,P0125,Mystery Novel - Variant 2,Books,18.83,4,2,1,2024-06-16
U0181,P0083,Lipstick - Variant 2,Beauty,16.1,4,2,1,2024-08-06
U0181,P0131,Cookbook - Variant 2,Books,11.3,4,3,1,2024-01-02
U0181,P0085,Perfume,Beauty,30.06,2,3,1,2024-10-24
U0181,P0146,History Book,Books,11.74,2,2,1,2024-10-03
U0181,P0089,Hair Dryer - Variant 3,Beauty,27.59,4,2,1,2024-12-14
U0181,P0080,Shampoo,Beauty,13.54,5,3,1,2024-05-01
U0181,P0098,Body Lotion - Variant 2,Beauty,19.09,3,2,1,2024-03-17
U0182,P0098,Body Lotion - Variant 2,Beauty,19.09,5,1,1,2024-04-25
U0182,P0096,Beard Trimmer - Variant 3,Beauty,16.01,2,3,1,2024-01-11
U0182,P0083,Lipstick - Variant 2,Beauty,16.1,4,1,1,2024-04-09
U0182,P0085,Perfume,Beauty,30.06,5,2,0,2024-06-04
U0182,P0089,Hair Dryer - Variant 3,Beauty,27.59,2,3,1,2024-04-19
U0182,P0082,Lipstick,Beauty,12.97,4,3,1,2024-11-04
U0182,P0077,Face Moisturizer - Variant 2,Beauty,44.26,3,1,1,2024-02-06
U0182,P0085,Perfume,Beauty,30.06,5,1,1,2024-10-01
U0183,P0059,Non-stick Pan - Variant 2,Home & Kitchen,63.2,1,3,1,2024-07-28
U0183,P0002,Wireless Earbuds - Variant 2,Electronics,56.91,5,1,0,2024-12-20
U0183,P0056,Coffee Maker - Variant 2,Home & Kitchen,39.05,3,2,0,2024-06-04
U0183,P0131,Cookbook - Variant 2,Books,11.3,4,1,1,2024-03-11
U0183,P0033,Leather Wallet,Fashion,50.27,5,2,1,2024-07-14
U0183,P0031,Cotton T-Shirt,Fashion,22.06,5,2,0,2024-05-31
U0183,P0015,Power Bank - Variant 2,Electronics,95.82,3,2,0,2024-09-21
U0183,P0024,Tablet,Electronics,103.54,2,1,0,2024-04-09
U0183,P0131,Cookbook - Variant 2,Books,11.3,2,3,1,2024-09-20
U0183,P0043,Backpack - Variant 3,Fashion,77.01,3,2,1,2024-07-20
U0184,P0085,Perfume,Beauty,30.06,2,1,1,2024-10-22
U0184,P0110,Water Bottle - Variant 3,Sports,57.47,2,3,1,2024-11-30
U0184,P0071,Cutlery Set - Variant 2,Home & Kitchen,84.19,4,1,0,2024-07-29
U0184,P0053,Air Fryer,Home & Kitchen,77.17,3,1,1,2024-02-15
U0184,P0055,Coffee Maker,Home & Kitchen,73.4,4,2,1,2024-01-16
U0184,P0119,Fitness Tracker - Variant 3,Sports,46.34,5,3,1,2024-06-21
U0184,P0112,Football - Variant 2,Sports,71.75,3,2,0,2024-05-03
U0184,P0126,Mystery Novel - Variant 3,Books,27.08,4,2,0,2024-11-27
U0184,P0113,Football - Variant 3,Sports,36.42,3,1,1,2024-09-09
U0184,P0119,Fitness Tracker - Variant 3,Sports,46.34,1,1,1,2024-03-28
U0184,P0067,Table Lamp - Variant 2,Home & Kitchen,105.23,3,1,1,2024-04-24
U0185,P0131,Cookbook - Variant 2,Books,11.3,3,3,1,2024-06-22
U0185,P0143,Poetry Collection,Books,9.47,4,3,1,2024-09-06
U0185,P0136,Sci-Fi Novel - Variant 2,Books,20.37,4,3,1,2024-07-01
U0185,P0132,Cookbook - Variant 3,Books,19.54,2,2,1,2024-03-09
U0185,P0143,Poetry Collection,Books,9.47,5,2,0,2024-09-17
U0185,P0126,Mystery Novel - Variant 3,Books,27.08,3,3,1,2024-04-30
U0185,P0131,Cookbook - Variant 2,Books,11.3,4,1,1,2024-03-04
U0185,P0124,Mystery Novel,Books,9.94,3,1,1,2024-02-26
U0185,P0139,Business Strategy Book - Variant 2,Books,18.14,4,1,1,2024-07-19
U0186,P0100,Yoga Mat,Sports,36.49,5,1,1,2024-07-04
U0186,P0110,Water Bottle - Variant 3,Sports,57.47,5,3,0,2024-03-29
U0186,P0115,Tennis Racket - Variant 2,Sports,41.02,4,2,1,2024-11-17
U0186,P0120,Skipping Rope,Sports,26.44,4,2,1,2024-09-04
U0186,P0071,Cutlery Set - Variant 2,Home & Kitchen,84.19,4,2,0,2024-06-17
U0186,P0062,Vacuum Cleaner,Home & Kitchen,44.0,4,1,0,2024-12-17
U0186,P0046,Formal Shirt - Variant 3,Fashion,60.76,2,1,0,2024-06-11
U0186,P0056,Coffee Maker - Variant 2,Home & Kitchen,39.05,2,3,1,2024-08-27
U0186,P0103,Dumbbell Set - Variant 2,Sports,24.27,3,2,0,2024-10-02
U0186,P0030,Denim Jacket - Variant 2,Fashion,74.76,1,3,0,2024-09-13
U0186,P0117,Fitness Tracker,Sports,72.86,3,1,1,2024-06-26
U0186,P0111,Football,Sports,37.24,4,1,1,2024-12-20
U0186,P0067,Table Lamp - Variant 2,Home & Kitchen,105.23,3,3,1,2024-06-01
U0186,P0121,Skipping Rope - Variant 2,Sports,74.87,3,1,1,2024-04-09
U0186,P0054,Air Fryer - Variant 2,Home & Kitchen,109.53,2,1,1,2024-09-11
U0186,P0123,Gym Bag - Variant 2,Sports,46.65,4,2,1,2024-12-16
U0186,P0120,Skipping Rope,Sports,26.44,5,1,1,2024-08-22
U0186,P0066,Table Lamp,Home & Kitchen,82.67,4,3,0,2024-06-06
U0186,P0107,Cycling Helmet - Variant 2,Sports,18.4,2,3,1,2024-06-17
U0186,P0107,Cycling Helmet - Variant 2,Sports,18.4,3,1,1,2024-08-11
U0187,P0135,Sci-Fi Novel,Books,37.03,3,3,1,2024-01-11
U0187,P0099,Body Lotion - Variant 3,Beauty,45.92,2,1,0,2024-12-22
U0187,P0148,History Book - Variant 3,Books,20.33,5,2,1,2024-12-29
U0187,P0144,Poetry Collection - Variant 2,Books,23.59,2,1,1,2024-06-15
U0187,P0114,Tennis Racket,Sports,49.81,2,2,0,2024-12-22
U0187,P0146,History Book,Books,11.74,3,3,1,2024-01-05
U0187,P0126,Mystery Novel - Variant 3,Books,27.08,2,3,1,2024-06-21
U0187,P0109,Water Bottle - Variant 2,Sports,45.64,4,2,0,2024-06-15
U0187,P0087,Hair Dryer,Beauty,46.49,2,3,0,2024-10-02
U0187,P0150,Programming Guide - Variant 2,Books,12.92,5,3,0,2024-03-07
U0187,P0127,Self-Help Book,Books,13.13,3,3,1,2024-09-19
U0187,P0133,Biography,Books,29.75,2,1,1,2024-10-06
U0188,P0031,Cotton T-Shirt,Fashion,22.06,3,3,1,2024-08-05
U0188,P0051,Winter Coat - Variant 2,Fashion,46.85,5,1,1,2024-02-26
U0188,P0085,Perfume,Beauty,30.06,3,2,1,2024-05-22
U0188,P0097,Body Lotion,Beauty,42.54,5,2,0,2024-11-04
U0188,P0032,Cotton T-Shirt - Variant 2,Fashion,36.35,4,2,1,2024-07-06
U0188,P0098,Body Lotion - Variant 2,Beauty,19.09,3,2,1,2024-04-15
U0188,P0088,Hair Dryer - Variant 2,Beauty,21.47,3,1,0,2024-02-25
U0188,P0043,Backpack - Variant 3,Fashion,77.01,4,3,1,2024-01-11
U0188,P0039,Wrist Watch - Variant 2,Fashion,41.73,4,2,1,2024-06-26
U0188,P0076,Face Moisturizer,Beauty,48.93,4,2,1,2024-01-19
U0188,P0036,Sunglasses,Fashion,32.53,3,1,0,2024-05-30
U0188,P0072,Cutlery Set - Variant 3,Home & Kitchen,83.94,2,2,1,2024-07-30
U0188,P0086,Perfume - Variant 2,Beauty,33.4,4,1,1,2024-04-07
U0188,P0083,Lipstick - Variant 2,Beauty,16.1,2,2,0,2024-07-12
U0188,P0085,Perfume,Beauty,30.06,5,3,1,2024-10-11
U0188,P0029,Denim Jacket,Fashion,85.21,3,1,0,2024-06-04
U0188,P0077,Face Moisturizer - Variant 2,Beauty,44.26,3,2,1,2024-01-23
U0188,P0096,Beard Trimmer - Variant 3,Beauty,16.01,4,1,1,2024-06-05
U0188,P0076,Face Moisturizer,Beauty,48.93,3,2,1,2024-03-03
U0188,P0084,Lipstick - Variant 3,Beauty,13.19,3,3,0,2024-08-08
U0188,P0028,Running Shoes - Variant 2,Fashion,21.88,5,1,0,2024-01-12
U0188,P0028,Running Shoes - Variant 2,Fashion,21.88,2,2,0,2024-01-27
U0189,P0037,Sunglasses - Variant 2,Fashion,47.01,2,3,0,2024-12-08
U0189,P0010,Laptop Stand - Variant 3,Electronics,146.57,5,3,1,2024-04-22
U0189,P0021,Mechanical Keyboard - Variant 3,Electronics,87.99,4,3,0,2024-05-18
U0189,P0006,Smartwatch,Electronics,88.35,3,3,0,2024-11-20
U0189,P0021,Mechanical Keyboard - Variant 3,Electronics,87.99,4,3,1,2024-02-25
U0189,P0005,Bluetooth Speaker - Variant 3,Electronics,53.78,5,3,1,2024-09-15
U0189,P0009,Laptop Stand - Variant 2,Electronics,38.35,5,2,1,2024-12-01
U0189,P0056,Coffee Maker - Variant 2,Home & Kitchen,39.05,3,3,0,2024-01-07
U0189,P0026,Tablet - Variant 3,Electronics,105.26,5,2,1,2024-12-04
U0189,P0008,Laptop Stand,Electronics,116.72,4,3,1,2024-10-20
U0189,P0002,Wireless Earbuds - Variant 2,Electronics,56.91,4,3,1,2024-03-30
U0190,P0108,Water Bottle,Sports,48.44,2,3,0,2024-06-25
U0190,P0062,Vacuum Cleaner,Home & Kitchen,44.0,4,1,1,2024-07-22
U0190,P0043,Backpack - Variant 3,Fashion,77.01,5,1,1,2024-07-21
U0190,P0046,Formal Shirt - Variant 3,Fashion,60.76,3,1,1,2024-04-03
U0190,P0049,Sneakers - Variant 3,Fashion,55.64,4,2,1,2024-05-01
U0190,P0126,Mystery Novel - Variant 3,Books,27.08,1,2,0,2024-03-22
U0190,P0068,Storage Boxes,Home & Kitchen,80.29,4,1,1,2024-10-22
U0190,P0032,Cotton T-Shirt - Variant 2,Fashion,36.35,2,2,1,2024-04-19
U0190,P0057,Coffee Maker - Variant 3,Home & Kitchen,95.59,5,3,1,2024-04-08
U0191,P0124,Mystery Novel,Books,9.94,4,3,1,2024-02-09
U0191,P0135,Sci-Fi Novel,Books,37.03,4,2,1,2024-07-10
U0191,P0139,Business Strategy Book - Variant 2,Books,18.14,4,2,0,2024-01-09
U0191,P0078,Sunscreen SPF50,Beauty,33.33,2,2,0,2024-11-22
U0191,P0046,Formal Shirt - Variant 3,Fashion,60.76,4,1,0,2024-10-30
U0191,P0083,Lipstick - Variant 2,Beauty,16.1,5,1,1,2024-09-10
U0191,P0134,Biography - Variant 2,Books,19.48,5,3,1,2024-10-30
U0191,P0126,Mystery Novel - Variant 3,Books,27.08,4,1,1,2024-07-04
U0191,P0135,Sci-Fi Novel,Books,37.03,4,1,1,2024-05-28
U0191,P0098,Body Lotion - Variant 2,Beauty,19.09,4,1,1,2024-08-08
U0191,P0113,Football - Variant 3,Sports,36.42,2,2,0,2024-02-24
U0191,P0131,Cookbook - Variant 2,Books,11.3,5,1,1,2024-09-30
U0191,P0142,Children's Storybook - Variant 2,Books,18.29,5,1,0,2024-03-04
U0191,P0028,Running Shoes - Variant 2,Fashion,21.88,2,1,0,2024-07-21
U0191,P0013,USB-C Hub - Variant 3,Electronics,149.11,3,3,0,2024-08-26
U0191,P0094,Beard Trimmer,Beauty,35.73,5,3,1,2024-12-27
U0191,P0087,Hair Dryer,Beauty,46.49,3,1,1,2024-06-06
U0191,P0150,Programming Guide - Variant 2,Books,12.92,4,2,1,2024-03-26
U0191,P0134,Biography - Variant 2,Books,19.48,4,2,0,2024-03-20
U0191,P0106,Cycling Helmet,Sports,67.06,3,2,0,2024-01-25
U0191,P0144,Poetry Collection - Variant 2,Books,23.59,3,2,1,2024-04-23
U0191,P0077,Face Moisturizer - Variant 2,Beauty,44.26,4,3,1,2024-09-19
U0191,P0131,Cookbook - Variant 2,Books,11.3,4,2,0,2024-07-18
U0191,P0078,Sunscreen SPF50,Beauty,33.33,5,1,1,2024-10-09
U0191,P0138,Business Strategy Book,Books,32.81,3,1,0,2024-07-30
U0191,P0078,Sunscreen SPF50,Beauty,33.33,5,2,0,2024-12-04
U0191,P0140,Business Strategy Book - Variant 3,Books,14.32,5,3,0,2024-06-22
U0191,P0085,Perfume,Beauty,30.06,5,3,1,2024-04-29
U0191,P0099,Body Lotion - Variant 3,Beauty,45.92,4,3,1,2024-05-12
U0191,P0082,Lipstick,Beauty,12.97,5,1,0,2024-11-03
U0191,P0097,Body Lotion,Beauty,42.54,4,2,0,2024-05-30
U0191,P0138,Business Strategy Book,Books,32.81,4,2,1,2024-03-23
U0191,P0111,Football,Sports,37.24,4,3,1,2024-11-19
U0191,P0137,Sci-Fi Novel - Variant 3,Books,32.27,3,1,1,2024-09-17
U0191,P0131,Cookbook - Variant 2,Books,11.3,4,1,1,2024-12-27
U0191,P0097,Body Lotion,Beauty,42.54,4,1,1,2024-08-16
U0191,P0140,Business Strategy Book - Variant 3,Books,14.32,4,2,1,2024-06-04
U0191,P0149,Programming Guide,Books,35.7,4,1,1,2024-04-08
U0191,P0089,Hair Dryer - Variant 3,Beauty,27.59,4,2,1,2024-09-23
U0192,P0075,Wall Clock - Variant 3,Home & Kitchen,67.37,3,1,1,2024-09-27
U0192,P0019,Mechanical Keyboard,Electronics,69.3,1,3,0,2024-04-07
U0192,P0069,Storage Boxes - Variant 2,Home & Kitchen,55.29,5,1,1,2024-08-28
U0192,P0065,Bed Sheets Set - Variant 2,Home & Kitchen,33.33,4,3,0,2024-12-26
U0192,P0017,Gaming Mouse - Variant 2,Electronics,95.82,1,1,1,2024-12-13
U0192,P0068,Storage Boxes,Home & Kitchen,80.29,3,1,0,2024-05-03
U0192,P0078,Sunscreen SPF50,Beauty,33.33,2,2,1,2024-07-10
U0192,P0046,Formal Shirt - Variant 3,Fashion,60.76,1,1,1,2024-03-27
U0192,P0044,Formal Shirt,Fashion,83.48,1,1,0,2024-05-11
U0192,P0072,Cutlery Set - Variant 3,Home & Kitchen,83.94,4,3,0,2024-04-25
U0192,P0079,Sunscreen SPF50 - Variant 2,Beauty,41.3,4,2,1,2024-10-17
U0192,P0043,Backpack - Variant 3,Fashion,77.01,3,2,0,2024-01-28
U0192,P0065,Bed Sheets Set - Variant 2,Home & Kitchen,33.33,3,3,1,2024-07-02
U0192,P0062,Vacuum Cleaner,Home & Kitchen,44.0,3,2,1,2024-11-19
U0192,P0070,Cutlery Set,Home & Kitchen,58.7,5,3,1,2024-01-09
U0192,P0055,Coffee Maker,Home & Kitchen,73.4,4,2,1,2024-05-04
U0192,P0058,Non-stick Pan,Home & Kitchen,28.34,3,1,1,2024-04-06
U0193,P0011,USB-C Hub,Electronics,143.0,3,1,0,2024-12-11
U0193,P0041,Backpack,Fashion,58.75,4,2,1,2024-02-09
U0193,P0037,Sunglasses - Variant 2,Fashion,47.01,5,1,1,2024-02-19
U0193,P0039,Wrist Watch - Variant 2,Fashion,41.73,5,2,1,2024-10-05
U0193,P0077,Face Moisturizer - Variant 2,Beauty,44.26,5,3,0,2024-03-21
U0193,P0048,Sneakers - Variant 2,Fashion,58.93,2,1,0,2024-07-07
U0193,P0083,Lipstick - Variant 2,Beauty,16.1,4,3,1,2024-10-03
U0193,P0090,Face Mask Set,Beauty,19.72,4,3,1,2024-02-15
U0193,P0099,Body Lotion - Variant 3,Beauty,45.92,5,1,0,2024-03-18
U0193,P0023,Webcam - Variant 2,Electronics,79.6,3,3,0,2024-10-01
U0193,P0050,Winter Coat,Fashion,42.63,3,3,1,2024-08-12
U0193,P0038,Wrist Watch,Fashion,65.06,3,2,1,2024-08-26
U0193,P0090,Face Mask Set,Beauty,19.72,3,2,1,2024-12-06
U0193,P0089,Hair Dryer - Variant 3,Beauty,27.59,4,1,1,2024-04-09
U0193,P0040,Wrist Watch - Variant 3,Fashion,55.58,4,1,1,2024-04-22
U0193,P0093,Nail Polish Kit - Variant 2,Beauty,18.13,4,3,1,2024-03-18
U0193,P0036,Sunglasses,Fashion,32.53,3,3,1,2024-07-24
U0193,P0105,Resistance Bands - Variant 2,Sports,18.03,3,1,0,2024-12-24
U0193,P0064,Bed Sheets Set,Home & Kitchen,92.94,2,1,0,2024-07-31
U0193,P0098,Body Lotion - Variant 2,Beauty,19.09,4,1,1,2024-09-06
U0193,P0051,Winter Coat - Variant 2,Fashion,46.85,3,3,1,2024-07-23
U0193,P0135,Sci-Fi Novel,Books,37.03,4,1,1,2024-05-16
U0193,P0087,Hair Dryer,Beauty,46.49,4,3,1,2024-04-05
U0193,P0092,Nail Polish Kit,Beauty,23.01,2,1,1,2024-09-19
U0193,P0042,Backpack - Variant 2,Fashion,23.08,4,1,1,2024-02-11
U0193,P0078,Sunscreen SPF50,Beauty,33.33,5,1,0,2024-02-11
U0193,P0078,Sunscreen SPF50,Beauty,33.33,4,2,1,2024-08-18
U0193,P0086,Perfume - Variant 2,Beauty,33.4,4,3,0,2024-10-31
U0193,P0099,Body Lotion - Variant 3,Beauty,45.92,5,1,1,2024-12-11
U0193,P0083,Lipstick - Variant 2,Beauty,16.1,3,1,1,2024-08-12
U0193,P0077,Face Moisturizer - Variant 2,Beauty,44.26,2,3,0,2024-12-01
U0193,P0028,Running Shoes - Variant 2,Fashion,21.88,4,1,1,2024-05-30
U0193,P0036,Sunglasses,Fashion,32.53,3,3,1,2024-10-07
U0193,P0089,Hair Dryer - Variant 3,Beauty,27.59,4,2,0,2024-03-23
U0193,P0100,Yoga Mat,Sports,36.49,1,3,1,2024-11-30
U0193,P0044,Formal Shirt,Fashion,83.48,4,2,1,2024-10-29
U0193,P0090,Face Mask Set,Beauty,19.72,2,1,1,2024-09-11
U0194,P0129,Self-Help Book - Variant 3,Books,37.09,3,2,0,2024-10-25
U0194,P0133,Biography,Books,29.75,3,2,0,2024-04-28
U0194,P0025,Tablet - Variant 2,Electronics,41.3,3,2,1,2024-05-18
U0194,P0013,USB-C Hub - Variant 3,Electronics,149.11,2,2,1,2024-10-23
U0194,P0019,Mechanical Keyboard,Electronics,69.3,3,1,1,2024-02-11
U0194,P0019,Mechanical Keyboard,Electronics,69.3,4,3,1,2024-11-15
U0194,P0074,Wall Clock - Variant 2,Home & Kitchen,102.86,2,1,0,2024-12-18
U0194,P0023,Webcam - Variant 2,Electronics,79.6,3,1,1,2024-11-25
U0194,P0006,Smartwatch,Electronics,88.35,3,2,1,2024-05-03
U0194,P0006,Smartwatch,Electronics,88.35,2,2,1,2024-03-31
U0194,P0062,Vacuum Cleaner,Home & Kitchen,44.0,4,3,0,2024-04-20
U0194,P0018,Gaming Mouse - Variant 3,Electronics,81.58,4,2,1,2024-04-26
U0194,P0063,Vacuum Cleaner - Variant 2,Home & Kitchen,87.82,1,1,1,2024-12-23
U0195,P0044,Formal Shirt,Fashion,83.48,3,2,0,2024-05-11
U0195,P0016,Gaming Mouse,Electronics,38.63,2,1,0,2024-04-29
U0195,P0106,Cycling Helmet,Sports,67.06,2,1,0,2024-11-14
U0195,P0083,Lipstick - Variant 2,Beauty,16.1,4,3,0,2024-05-03
U0195,P0117,Fitness Tracker,Sports,72.86,4,3,1,2024-05-22
U0195,P0039,Wrist Watch - Variant 2,Fashion,41.73,3,2,0,2024-06-17
U0195,P0105,Resistance Bands - Variant 2,Sports,18.03,3,1,1,2024-06-04
U0195,P0119,Fitness Tracker - Variant 3,Sports,46.34,4,1,0,2024-05-01
U0195,P0028,Running Shoes - Variant 2,Fashion,21.88,5,2,1,2024-03-01
U0195,P0027,Running Shoes,Fashion,50.96,3,2,1,2024-11-02
U0195,P0034,Leather Wallet - Variant 2,Fashion,29.12,2,3,0,2024-12-02
U0195,P0113,Football - Variant 3,Sports,36.42,5,2,1,2024-09-06
U0195,P0047,Sneakers,Fashion,42.71,3,3,1,2024-05-12
U0195,P0012,USB-C Hub - Variant 2,Electronics,36.09,3,1,1,2024-02-12
U0195,P0034,Leather Wallet - Variant 2,Fashion,29.12,4,1,0,2024-05-25
U0195,P0056,Coffee Maker - Variant 2,Home & Kitchen,39.05,3,1,1,2024-07-05
U0195,P0037,Sunglasses - Variant 2,Fashion,47.01,3,2,1,2024-04-28
U0195,P0048,Sneakers - Variant 2,Fashion,58.93,5,3,1,2024-12-03
U0195,P0057,Coffee Maker - Variant 3,Home & Kitchen,95.59,1,2,0,2024-07-05
U0195,P0108,Water Bottle,Sports,48.44,4,1,1,2024-08-19
U0195,P0105,Resistance Bands - Variant 2,Sports,18.03,4,3,0,2024-07-14
U0195,P0101,Yoga Mat - Variant 2,Sports,24.96,4,1,1,2024-04-04
U0195,P0046,Formal Shirt - Variant 3,Fashion,60.76,4,3,1,2024-01-24
U0195,P0049,Sneakers - Variant 3,Fashion,55.64,5,1,1,2024-03-29
U0195,P0008,Laptop Stand,Electronics,116.72,2,3,0,2024-08-22
U0195,P0101,Yoga Mat - Variant 2,Sports,24.96,5,3,1,2024-06-12
U0195,P0143,Poetry Collection,Books,9.47,3,1,0,2024-08-11
U0195,P0117,Fitness Tracker,Sports,72.86,4,2,0,2024-03-04
U0195,P0144,Poetry Collection - Variant 2,Books,23.59,5,1,0,2024-02-08
U0195,P0121,Skipping Rope - Variant 2,Sports,74.87,4,2,1,2024-01-26
U0195,P0123,Gym Bag - Variant 2,Sports,46.65,2,3,0,2024-02-01
U0195,P0029,Denim Jacket,Fashion,85.21,4,1,0,2024-08-12
U0195,P0083,Lipstick - Variant 2,Beauty,16.1,3,3,1,2024-12-12
U0195,P0011,USB-C Hub,Electronics,143.0,2,1,0,2024-10-24
U0196,P0126,Mystery Novel - Variant 3,Books,27.08,2,3,1,2024-12-09
U0196,P0070,Cutlery Set,Home & Kitchen,58.7,3,2,0,2024-06-03
U0196,P0012,USB-C Hub - Variant 2,Electronics,36.09,3,3,1,2024-03-02
U0196,P0062,Vacuum Cleaner,Home & Kitchen,44.0,3,3,0,2024-06-26
U0196,P0128,Self-Help Book - Variant 2,Books,22.95,4,3,1,2024-12-08
U0196,P0149,Programming Guide,Books,35.7,3,3,0,2024-08-30
U0196,P0125,Mystery Novel - Variant 2,Books,18.83,5,1,1,2024-06-15
U0196,P0146,History Book,Books,11.74,3,3,1,2024-10-30
U0196,P0139,Business Strategy Book - Variant 2,Books,18.14,2,1,1,2024-09-06
U0196,P0055,Coffee Maker,Home & Kitchen,73.4,3,2,1,2024-02-06
U0196,P0037,Sunglasses - Variant 2,Fashion,47.01,1,3,0,2024-08-07
U0196,P0062,Vacuum Cleaner,Home & Kitchen,44.0,5,3,0,2024-08-11
U0196,P0056,Coffee Maker - Variant 2,Home & Kitchen,39.05,3,3,1,2024-10-20
U0196,P0125,Mystery Novel - Variant 2,Books,18.83,3,1,1,2024-11-01
U0196,P0058,Non-stick Pan,Home & Kitchen,28.34,4,1,1,2024-06-09
U0196,P0055,Coffee Maker,Home & Kitchen,73.4,5,2,1,2024-08-12
U0196,P0148,History Book - Variant 3,Books,20.33,3,2,1,2024-09-12
U0196,P0068,Storage Boxes,Home & Kitchen,80.29,3,3,1,2024-05-01
U0196,P0109,Water Bottle - Variant 2,Sports,45.64,5,3,1,2024-04-27
U0196,P0135,Sci-Fi Novel,Books,37.03,4,1,1,2024-10-22
U0196,P0069,Storage Boxes - Variant 2,Home & Kitchen,55.29,5,1,0,2024-01-30
U0196,P0054,Air Fryer - Variant 2,Home & Kitchen,109.53,5,1,1,2024-01-13
U0196,P0135,Sci-Fi Novel,Books,37.03,4,1,1,2024-08-24
U0196,P0075,Wall Clock - Variant 3,Home & Kitchen,67.37,4,3,1,2024-08-07
U0196,P0141,Children's Storybook,Books,33.46,3,2,0,2024-06-01
U0196,P0127,Self-Help Book,Books,13.13,5,1,1,2024-03-24
U0196,P0004,Bluetooth Speaker - Variant 2,Electronics,53.79,3,2,0,2024-01-30
U0196,P0072,Cutlery Set - Variant 3,Home & Kitchen,83.94,3,1,1,2024-12-13
U0196,P0139,Business Strategy Book - Variant 2,Books,18.14,5,3,1,2024-10-26
U0196,P0073,Wall Clock,Home & Kitchen,81.51,4,1,1,2024-12-20
U0196,P0134,Biography - Variant 2,Books,19.48,2,1,1,2024-09-02
U0196,P0056,Coffee Maker - Variant 2,Home & Kitchen,39.05,5,3,1,2024-09-30
U0196,P0148,History Book - Variant 3,Books,20.33,5,3,1,2024-03-10
U0196,P0140,Business Strategy Book - Variant 3,Books,14.32,4,3,1,2024-08-02
U0196,P0056,Coffee Maker - Variant 2,Home & Kitchen,39.05,3,3,1,2024-01-24
U0197,P0099,Body Lotion - Variant 3,Beauty,45.92,4,2,1,2024-05-29
U0197,P0091,Face Mask Set - Variant 2,Beauty,47.83,4,3,1,2024-06-01
U0197,P0025,Tablet - Variant 2,Electronics,41.3,1,1,1,2024-03-28
U0197,P0062,Vacuum Cleaner,Home & Kitchen,44.0,3,2,1,2024-04-06
U0197,P0115,Tennis Racket - Variant 2,Sports,41.02,4,3,0,2024-08-23
U0197,P0069,Storage Boxes - Variant 2,Home & Kitchen,55.29,3,3,0,2024-04-05
U0197,P0091,Face Mask Set - Variant 2,Beauty,47.83,4,1,0,2024-08-08
U0197,P0029,Denim Jacket,Fashion,85.21,4,1,0,2024-12-27
U0197,P0092,Nail Polish Kit,Beauty,23.01,3,1,1,2024-02-07
U0197,P0098,Body Lotion - Variant 2,Beauty,19.09,3,3,1,2024-05-07
U0197,P0087,Hair Dryer,Beauty,46.49,3,2,0,2024-09-02
U0197,P0091,Face Mask Set - Variant 2,Beauty,47.83,3,3,1,2024-11-17
U0197,P0086,Perfume - Variant 2,Beauty,33.4,5,1,1,2024-06-20
U0197,P0091,Face Mask Set - Variant 2,Beauty,47.83,3,1,1,2024-08-26
U0197,P0099,Body Lotion - Variant 3,Beauty,45.92,5,2,1,2024-03-04
U0197,P0096,Beard Trimmer - Variant 3,Beauty,16.01,4,3,1,2024-06-04
U0197,P0091,Face Mask Set - Variant 2,Beauty,47.83,3,1,1,2024-04-01
U0197,P0063,Vacuum Cleaner - Variant 2,Home & Kitchen,87.82,1,3,0,2024-10-25
U0197,P0053,Air Fryer,Home & Kitchen,77.17,1,3,0,2024-01-01
U0197,P0032,Cotton T-Shirt - Variant 2,Fashion,36.35,3,1,1,2024-12-20
U0197,P0084,Lipstick - Variant 3,Beauty,13.19,4,1,1,2024-06-21
U0197,P0087,Hair Dryer,Beauty,46.49,3,3,0,2024-10-10
U0198,P0032,Cotton T-Shirt - Variant 2,Fashion,36.35,5,1,1,2024-11-27
U0198,P0140,Business Strategy Book - Variant 3,Books,14.32,5,1,1,2024-03-07
U0198,P0124,Mystery Novel,Books,9.94,5,3,1,2024-07-13
U0198,P0144,Poetry Collection - Variant 2,Books,23.59,3,3,1,2024-11-01
U0198,P0148,History Book - Variant 3,Books,20.33,3,3,1,2024-10-02
U0198,P0009,Laptop Stand - Variant 2,Electronics,38.35,3,2,0,2024-12-01
U0198,P0015,Power Bank - Variant 2,Electronics,95.82,3,1,0,2024-01-12
U0198,P0051,Winter Coat - Variant 2,Fashion,46.85,3,2,0,2024-10-15
U0198,P0052,Winter Coat - Variant 3,Fashion,39.04,3,3,1,2024-03-20
U0198,P0032,Cotton T-Shirt - Variant 2,Fashion,36.35,4,2,1,2024-12-26
U0198,P0029,Denim Jacket,Fashion,85.21,4,1,1,2024-08-10
U0198,P0018,Gaming Mouse - Variant 3,Electronics,81.58,2,1,0,2024-06-06
U0198,P0096,Beard Trimmer - Variant 3,Beauty,16.01,1,1,1,2024-11-07
U0198,P0142,Children's Storybook - Variant 2,Books,18.29,3,3,0,2024-04-20
U0198,P0010,Laptop Stand - Variant 3,Electronics,146.57,3,3,1,2024-06-12
U0198,P0045,Formal Shirt - Variant 2,Fashion,80.51,4,3,1,2024-11-29
U0198,P0124,Mystery Novel,Books,9.94,3,3,1,2024-11-22
U0198,P0028,Running Shoes - Variant 2,Fashion,21.88,3,2,1,2024-02-04
U0198,P0007,Smartwatch - Variant 2,Electronics,74.04,3,2,1,2024-03-28
U0198,P0087,Hair Dryer,Beauty,46.49,3,3,0,2024-06-26
U0198,P0133,Biography,Books,29.75,4,1,1,2024-03-17
U0198,P0041,Backpack,Fashion,58.75,3,3,0,2024-12-27
U0198,P0120,Skipping Rope,Sports,26.44,2,2,0,2024-12-04
U0198,P0047,Sneakers,Fashion,42.71,3,1,1,2024-07-12
U0199,P0107,Cycling Helmet - Variant 2,Sports,18.4,3,3,1,2024-12-20
U0199,P0113,Football - Variant 3,Sports,36.42,5,3,1,2024-01-06
U0199,P0006,Smartwatch,Electronics,88.35,4,2,0,2024-03-23
U0199,P0042,Backpack - Variant 2,Fashion,23.08,4,3,1,2024-07-08
U0199,P0005,Bluetooth Speaker - Variant 3,Electronics,53.78,4,2,1,2024-12-20
U0199,P0022,Webcam,Electronics,106.5,4,3,1,2024-05-14
U0199,P0009,Laptop Stand - Variant 2,Electronics,38.35,1,3,1,2024-02-03
U0199,P0001,Wireless Earbuds,Electronics,126.81,3,2,1,2024-11-05
U0199,P0123,Gym Bag - Variant 2,Sports,46.65,5,2,0,2024-09-16
U0199,P0104,Resistance Bands,Sports,54.92,1,1,0,2024-03-04
U0200,P0146,History Book,Books,11.74,3,1,1,2024-11-19
U0200,P0113,Football - Variant 3,Sports,36.42,3,2,1,2024-01-01
U0200,P0119,Fitness Tracker - Variant 3,Sports,46.34,4,1,0,2024-03-14
U0200,P0110,Water Bottle - Variant 3,Sports,57.47,1,1,0,2024-10-15
U0200,P0012,USB-C Hub - Variant 2,Electronics,36.09,2,1,0,2024-09-26
U0200,P0029,Denim Jacket,Fashion,85.21,5,2,1,2024-02-21
U0200,P0107,Cycling Helmet - Variant 2,Sports,18.4,2,2,1,2024-08-27
U0200,P0114,Tennis Racket,Sports,49.81,5,3,0,2024-06-19
U0200,P0041,Backpack,Fashion,58.75,5,1,1,2024-06-17
U0200,P0122,Gym Bag,Sports,52.75,3,1,1,2024-08-06
U0201,P0097,Body Lotion,Beauty,42.54,5,2,1,2024-02-20
U0201,P0096,Beard Trimmer - Variant 3,Beauty,16.01,5,1,1,2024-10-04
U0201,P0135,Sci-Fi Novel,Books,37.03,2,2,0,2024-01-09
U0201,P0095,Beard Trimmer - Variant 2,Beauty,23.23,3,2,0,2024-01-09
U0201,P0090,Face Mask Set,Beauty,19.72,4,1,1,2024-10-04
U0201,P0090,Face Mask Set,Beauty,19.72,5,3,0,2024-12-10
U0201,P0096,Beard Trimmer - Variant 3,Beauty,16.01,3,1,1,2024-12-17
U0201,P0098,Body Lotion - Variant 2,Beauty,19.09,2,1,0,2024-12-12
U0201,P0053,Air Fryer,Home & Kitchen,77.17,4,2,0,2024-02-23
U0201,P0083,Lipstick - Variant 2,Beauty,16.1,4,3,0,2024-04-28
U0201,P0089,Hair Dryer - Variant 3,Beauty,27.59,4,1,1,2024-09-13
U0201,P0082,Lipstick,Beauty,12.97,4,3,0,2024-01-22
U0202,P0041,Backpack,Fashion,58.75,3,2,1,2024-08-15
U0202,P0038,Wrist Watch,Fashion,65.06,2,1,1,2024-04-15
U0202,P0046,Formal Shirt - Variant 3,Fashion,60.76,4,3,0,2024-02-21
U0202,P0031,Cotton T-Shirt,Fashion,22.06,4,2,0,2024-03-24
U0202,P0111,Football,Sports,37.24,1,1,0,2024-06-23
U0202,P0045,Formal Shirt - Variant 2,Fashion,80.51,5,1,1,2024-09-11
U0202,P0030,Denim Jacket - Variant 2,Fashion,74.76,3,1,0,2024-11-18
U0202,P0016,Gaming Mouse,Electronics,38.63,3,2,0,2024-05-28
U0202,P0126,Mystery Novel - Variant 3,Books,27.08,2,2,0,2024-10-26
U0202,P0037,Sunglasses - Variant 2,Fashion,47.01,3,2,1,2024-05-29
U0202,P0051,Winter Coat - Variant 2,Fashion,46.85,2,3,1,2024-09-09
U0202,P0080,Shampoo,Beauty,13.54,3,3,1,2024-11-08
U0202,P0051,Winter Coat - Variant 2,Fashion,46.85,4,1,1,2024-09-06
U0202,P0127,Self-Help Book,Books,13.13,4,1,0,2024-02-11
U0202,P0046,Formal Shirt - Variant 3,Fashion,60.76,3,2,1,2024-08-09
U0202,P0035,Leather Wallet - Variant 3,Fashion,53.93,5,1,1,2024-11-04
U0202,P0043,Backpack - Variant 3,Fashion,77.01,4,1,1,2024-06-22
U0202,P0031,Cotton T-Shirt,Fashion,22.06,3,3,0,2024-02-24
U0202,P0092,Nail Polish Kit,Beauty,23.01,2,1,0,2024-07-23
U0202,P0032,Cotton T-Shirt - Variant 2,Fashion,36.35,4,2,1,2024-11-07
U0202,P0052,Winter Coat - Variant 3,Fashion,39.04,5,3,0,2024-01-18
U0202,P0040,Wrist Watch - Variant 3,Fashion,55.58,2,1,0,2024-01-04
U0202,P0085,Perfume,Beauty,30.06,1,2,1,2024-01-17
U0202,P0046,Formal Shirt - Variant 3,Fashion,60.76,3,1,1,2024-04-07
U0202,P0034,Leather Wallet - Variant 2,Fashion,29.12,4,2,1,2024-06-10
U0202,P0030,Denim Jacket - Variant 2,Fashion,74.76,3,1,1,2024-09-26
U0202,P0071,Cutlery Set - Variant 2,Home & Kitchen,84.19,4,1,0,2024-07-19
U0202,P0034,Leather Wallet - Variant 2,Fashion,29.12,3,2,1,2024-01-12
U0202,P0041,Backpack,Fashion,58.75,3,3,1,2024-08-07
U0202,P0070,Cutlery Set,Home & Kitchen,58.7,1,2,0,2024-03-27
U0202,P0041,Backpack,Fashion,58.75,4,3,1,2024-06-26
U0202,P0038,Wrist Watch,Fashion,65.06,5,2,1,2024-05-09
U0202,P0048,Sneakers - Variant 2,Fashion,58.93,3,1,1,2024-02-19
U0202,P0009,Laptop Stand - Variant 2,Electronics,38.35,1,3,0,2024-11-10
U0202,P0045,Formal Shirt - Variant 2,Fashion,80.51,5,3,0,2024-07-21
U0202,P0134,Biography - Variant 2,Books,19.48,1,3,0,2024-11-22
U0203,P0124,Mystery Novel,Books,9.94,4,1,0,2024-05-16
U0203,P0062,Vacuum Cleaner,Home & Kitchen,44.0,2,2,1,2024-05-22
U0203,P0062,Vacuum Cleaner,Home & Kitchen,44.0,3,2,0,2024-03-28
U0203,P0123,Gym Bag - Variant 2,Sports,46.65,2,1,0,2024-12-11
U0203,P0126,Mystery Novel - Variant 3,Books,27.08,2,2,0,2024-11-26
U0203,P0098,Body Lotion - Variant 2,Beauty,19.09,2,2,1,2024-05-05
U0203,P0070,Cutlery Set,Home & Kitchen,58.7,3,3,1,2024-11-10
U0203,P0014,Power Bank,Electronics,70.68,2,1,0,2024-09-08
U0203,P0072,Cutlery Set - Variant 3,Home & Kitchen,83.94,3,2,1,2024-05-26
U0203,P0007,Smartwatch - Variant 2,Electronics,74.04,5,2,1,2024-01-18
U0203,P0054,Air Fryer - Variant 2,Home & Kitchen,109.53,3,2,0,2024-06-28
U0203,P0056,Coffee Maker - Variant 2,Home & Kitchen,39.05,5,2,1,2024-03-08
U0203,P0059,Non-stick Pan - Variant 2,Home & Kitchen,63.2,5,2,1,2024-08-31
U0203,P0079,Sunscreen SPF50 - Variant 2,Beauty,41.3,3,3,1,2024-12-14
U0203,P0010,Laptop Stand - Variant 3,Electronics,146.57,4,2,1,2024-10-31
U0203,P0022,Webcam,Electronics,106.5,5,1,1,2024-04-14
U0203,P0062,Vacuum Cleaner,Home & Kitchen,44.0,3,1,0,2024-08-12
U0203,P0136,Sci-Fi Novel - Variant 2,Books,20.37,3,1,1,2024-12-04
U0203,P0006,Smartwatch,Electronics,88.35,3,2,1,2024-01-02
U0203,P0019,Mechanical Keyboard,Electronics,69.3,5,2,1,2024-11-29
U0203,P0047,Sneakers,Fashion,42.71,4,1,0,2024-02-24
U0203,P0020,Mechanical Keyboard - Variant 2,Electronics,77.77,5,1,1,2024-06-28
U0203,P0062,Vacuum Cleaner,Home & Kitchen,44.0,4,1,1,2024-01-05
U0203,P0017,Gaming Mouse - Variant 2,Electronics,95.82,4,3,1,2024-03-01
U0203,P0022,Webcam,Electronics,106.5,5,3,1,2024-09-04
U0204,P0102,Dumbbell Set,Sports,36.13,4,1,0,2024-08-09
U0204,P0148,History Book - Variant 3,Books,20.33,2,3,0,2024-08-26
U0204,P0144,Poetry Collection - Variant 2,Books,23.59,4,2,1,2024-11-05
U0204,P0130,Cookbook,Books,25.89,3,1,1,2024-08-06
U0204,P0126,Mystery Novel - Variant 3,Books,27.08,3,3,1,2024-11-13
U0204,P0138,Business Strategy Book,Books,32.81,4,2,1,2024-04-29
U0204,P0134,Biography - Variant 2,Books,19.48,4,2,1,2024-06-26
U0204,P0040,Wrist Watch - Variant 3,Fashion,55.58,2,2,0,2024-04-25
U0204,P0142,Children's Storybook - Variant 2,Books,18.29,3,2,1,2024-11-18
U0204,P0022,Webcam,Electronics,106.5,3,3,0,2024-02-11
U0204,P0129,Self-Help Book - Variant 3,Books,37.09,3,1,1,2024-08-26
U0204,P0126,Mystery Novel - Variant 3,Books,27.08,3,1,1,2024-04-03
U0204,P0135,Sci-Fi Novel,Books,37.03,2,3,1,2024-07-13
U0204,P0092,Nail Polish Kit,Beauty,23.01,2,3,0,2024-01-09
U0204,P0148,History Book - Variant 3,Books,20.33,4,1,1,2024-05-11
U0204,P0133,Biography,Books,29.75,5,2,1,2024-03-22
U0205,P0129,Self-Help Book - Variant 3,Books,37.09,2,2,1,2024-09-28
U0205,P0141,Children's Storybook,Books,33.46,3,1,0,2024-12-22
U0205,P0051,Winter Coat - Variant 2,Fashion,46.85,5,3,1,2024-10-16
U0205,P0129,Self-Help Book - Variant 3,Books,37.09,4,1,0,2024-08-27
U0205,P0134,Biography - Variant 2,Books,19.48,3,3,1,2024-10-29
U0205,P0130,Cookbook,Books,25.89,4,2,1,2024-05-18
U0205,P0041,Backpack,Fashion,58.75,2,1,1,2024-11-19
U0205,P0123,Gym Bag - Variant 2,Sports,46.65,4,3,1,2024-03-10
U0205,P0052,Winter Coat - Variant 3,Fashion,39.04,2,2,0,2024-05-08
U0205,P0048,Sneakers - Variant 2,Fashion,58.93,5,2,1,2024-03-07
U0205,P0052,Winter Coat - Variant 3,Fashion,39.04,3,3,1,2024-02-28
U0205,P0139,Business Strategy Book - Variant 2,Books,18.14,5,2,1,2024-10-21
U0205,P0133,Biography,Books,29.75,4,2,0,2024-01-13
U0205,P0056,Coffee Maker - Variant 2,Home & Kitchen,39.05,3,3,0,2024-01-04
U0205,P0070,Cutlery Set,Home & Kitchen,58.7,1,1,0,2024-08-27
U0205,P0150,Programming Guide - Variant 2,Books,12.92,3,1,1,2024-08-27
U0205,P0002,Wireless Earbuds - Variant 2,Electronics,56.91,1,1,0,2024-08-18
U0205,P0040,Wrist Watch - Variant 3,Fashion,55.58,3,3,0,2024-04-10
U0205,P0128,Self-Help Book - Variant 2,Books,22.95,4,3,1,2024-10-11
U0205,P0149,Programming Guide,Books,35.7,3,1,1,2024-09-18
U0205,P0137,Sci-Fi Novel - Variant 3,Books,32.27,2,2,0,2024-09-26
U0205,P0044,Formal Shirt,Fashion,83.48,5,3,1,2024-05-28
U0205,P0045,Formal Shirt - Variant 2,Fashion,80.51,4,3,1,2024-12-02
U0205,P0027,Running Shoes,Fashion,50.96,5,2,0,2024-09-15
U0205,P0109,Water Bottle - Variant 2,Sports,45.64,3,3,0,2024-02-05
U0205,P0133,Biography,Books,29.75,4,2,1,2024-08-15
U0205,P0027,Running Shoes,Fashion,50.96,2,3,1,2024-11-03
U0205,P0043,Backpack - Variant 3,Fashion,77.01,2,1,0,2024-06-22
U0205,P0012,USB-C Hub - Variant 2,Electronics,36.09,2,3,0,2024-12-10
U0205,P0103,Dumbbell Set - Variant 2,Sports,24.27,4,1,0,2024-12-01
U0205,P0123,Gym Bag - Variant 2,Sports,46.65,4,1,0,2024-11-03
U0205,P0031,Cotton T-Shirt,Fashion,22.06,4,1,0,2024-01-20
U0205,P0049,Sneakers - Variant 3,Fashion,55.64,4,1,0,2024-06-19
U0205,P0038,Wrist Watch,Fashion,65.06,3,1,1,2024-02-09
U0205,P0048,Sneakers - Variant 2,Fashion,58.93,4,2,1,2024-05-13
U0205,P0043,Backpack - Variant 3,Fashion,77.01,3,2,1,2024-08-15
U0205,P0033,Leather Wallet,Fashion,50.27,4,3,1,2024-05-03
U0205,P0050,Winter Coat,Fashion,42.63,4,3,0,2024-09-15
U0206,P0088,Hair Dryer - Variant 2,Beauty,21.47,4,2,1,2024-12-14
U0206,P0082,Lipstick,Beauty,12.97,4,1,1,2024-06-04
U0206,P0063,Vacuum Cleaner - Variant 2,Home & Kitchen,87.82,4,1,1,2024-09-23
U0206,P0138,Business Strategy Book,Books,32.81,2,2,1,2024-05-16
U0206,P0099,Body Lotion - Variant 3,Beauty,45.92,2,1,1,2024-03-22
U0206,P0092,Nail Polish Kit,Beauty,23.01,5,1,1,2024-09-18
U0206,P0065,Bed Sheets Set - Variant 2,Home & Kitchen,33.33,4,1,1,2024-02-07
U0206,P0028,Running Shoes - Variant 2,Fashion,21.88,4,2,1,2024-06-26
U0206,P0073,Wall Clock,Home & Kitchen,81.51,3,1,1,2024-03-04
U0206,P0093,Nail Polish Kit - Variant 2,Beauty,18.13,4,3,0,2024-11-24
U0206,P0061,Blender - Variant 2,Home & Kitchen,27.47,3,2,1,2024-02-25
U0206,P0075,Wall Clock - Variant 3,Home & Kitchen,67.37,5,3,1,2024-08-16
U0206,P0100,Yoga Mat,Sports,36.49,3,3,0,2024-06-17
U0206,P0067,Table Lamp - Variant 2,Home & Kitchen,105.23,4,2,1,2024-12-16
U0206,P0091,Face Mask Set - Variant 2,Beauty,47.83,4,2,1,2024-08-04
U0206,P0071,Cutlery Set - Variant 2,Home & Kitchen,84.19,4,3,1,2024-08-15
U0206,P0073,Wall Clock,Home & Kitchen,81.51,4,1,0,2024-05-25
U0206,P0088,Hair Dryer - Variant 2,Beauty,21.47,5,2,1,2024-07-08
U0206,P0145,Poetry Collection - Variant 3,Books,15.46,1,2,0,2024-03-03
U0206,P0076,Face Moisturizer,Beauty,48.93,5,1,1,2024-01-27
U0206,P0080,Shampoo,Beauty,13.54,4,1,1,2024-06-02
U0206,P0071,Cutlery Set - Variant 2,Home & Kitchen,84.19,3,1,1,2024-05-03
U0206,P0059,Non-stick Pan - Variant 2,Home & Kitchen,63.2,5,2,1,2024-05-18
U0206,P0053,Air Fryer,Home & Kitchen,77.17,5,2,1,2024-07-27
U0206,P0077,Face Moisturizer - Variant 2,Beauty,44.26,5,2,1,2024-02-29
U0206,P0082,Lipstick,Beauty,12.97,3,1,0,2024-08-02
U0206,P0074,Wall Clock - Variant 2,Home & Kitchen,102.86,4,1,0,2024-08-25
U0206,P0147,History Book - Variant 2,Books,35.8,2,1,0,2024-04-24
U0206,P0097,Body Lotion,Beauty,42.54,5,2,1,2024-08-16
U0206,P0053,Air Fryer,Home & Kitchen,77.17,4,3,0,2024-11-19
U0206,P0133,Biography,Books,29.75,3,2,0,2024-09-24
U0206,P0076,Face Moisturizer,Beauty,48.93,3,2,1,2024-03-30
U0206,P0012,USB-C Hub - Variant 2,Electronics,36.09,2,3,0,2024-01-22
U0206,P0064,Bed Sheets Set,Home & Kitchen,92.94,4,2,1,2024-07-14
U0207,P0068,Storage Boxes,Home & Kitchen,80.29,3,3,0,2024-10-19
U0207,P0071,Cutlery Set - Variant 2,Home & Kitchen,84.19,4,2,1,2024-04-12
U0207,P0063,Vacuum Cleaner - Variant 2,Home & Kitchen,87.82,2,2,1,2024-10-24
U0207,P0072,Cutlery Set - Variant 3,Home & Kitchen,83.94,3,2,1,2024-04-04
U0207,P0064,Bed Sheets Set,Home & Kitchen,92.94,3,1,1,2024-09-08
U0207,P0069,Storage Boxes - Variant 2,Home & Kitchen,55.29,3,3,0,2024-05-06
U0207,P0099,Body Lotion - Variant 3,Beauty,45.92,4,1,0,2024-10-19
U0207,P0073,Wall Clock,Home & Kitchen,81.51,3,3,1,2024-01-16
U0207,P0040,Wrist Watch - Variant 3,Fashion,55.58,3,3,1,2024-07-07
U0207,P0076,Face Moisturizer,Beauty,48.93,2,2,0,2024-07-09
U0207,P0059,Non-stick Pan - Variant 2,Home & Kitchen,63.2,4,1,1,2024-10-10
U0207,P0064,Bed Sheets Set,Home & Kitchen,92.94,5,3,1,2024-02-01
U0207,P0069,Storage Boxes - Variant 2,Home & Kitchen,55.29,4,3,0,2024-09-15
U0207,P0072,Cutlery Set - Variant 3,Home & Kitchen,83.94,3,3,1,2024-09-07
U0207,P0073,Wall Clock,Home & Kitchen,81.51,5,2,1,2024-02-05
U0207,P0065,Bed Sheets Set - Variant 2,Home & Kitchen,33.33,5,2,1,2024-04-14
U0207,P0057,Coffee Maker - Variant 3,Home & Kitchen,95.59,5,3,1,2024-08-16
U0207,P0057,Coffee Maker - Variant 3,Home & Kitchen,95.59,3,2,1,2024-08-24
U0207,P0072,Cutlery Set - Variant 3,Home & Kitchen,83.94,2,1,0,2024-10-02
U0207,P0070,Cutlery Set,Home & Kitchen,58.7,5,3,1,2024-08-07
U0207,P0069,Storage Boxes - Variant 2,Home & Kitchen,55.29,5,3,1,2024-07-13
U0207,P0056,Coffee Maker - Variant 2,Home & Kitchen,39.05,5,1,0,2024-05-21
U0207,P0070,Cutlery Set,Home & Kitchen,58.7,4,2,1,2024-02-19
U0207,P0150,Programming Guide - Variant 2,Books,12.92,3,1,0,2024-06-30
U0207,P0119,Fitness Tracker - Variant 3,Sports,46.34,4,3,0,2024-05-20
U0207,P0068,Storage Boxes,Home & Kitchen,80.29,3,2,1,2024-11-22
U0207,P0054,Air Fryer - Variant 2,Home & Kitchen,109.53,3,3,1,2024-10-05
U0207,P0066,Table Lamp,Home & Kitchen,82.67,4,2,1,2024-06-16
U0207,P0071,Cutlery Set - Variant 2,Home & Kitchen,84.19,5,3,1,2024-06-25
U0207,P0068,Storage Boxes,Home & Kitchen,80.29,5,1,1,2024-06-18
U0207,P0065,Bed Sheets Set - Variant 2,Home & Kitchen,33.33,4,2,0,2024-09-08
U0207,P0074,Wall Clock - Variant 2,Home & Kitchen,102.86,4,3,1,2024-12-29
U0207,P0060,Blender,Home & Kitchen,43.99,3,1,1,2024-01-10
U0207,P0076,Face Moisturizer,Beauty,48.93,3,2,0,2024-02-10
U0207,P0075,Wall Clock - Variant 3,Home & Kitchen,67.37,4,1,1,2024-10-29
U0208,P0118,Fitness Tracker - Variant 2,Sports,32.35,5,1,1,2024-07-25
U0208,P0092,Nail Polish Kit,Beauty,23.01,3,2,1,2024-03-01
U0208,P0114,Tennis Racket,Sports,49.81,4,2,1,2024-01-08
U0208,P0099,Body Lotion - Variant 3,Beauty,45.92,3,3,0,2024-07-15
U0208,P0102,Dumbbell Set,Sports,36.13,3,3,1,2024-10-02
U0208,P0025,Tablet - Variant 2,Electronics,41.3,2,3,0,2024-06-21
U0208,P0099,Body Lotion - Variant 3,Beauty,45.92,4,2,1,2024-10-05
U0208,P0079,Sunscreen SPF50 - Variant 2,Beauty,41.3,3,1,1,2024-06-30
U0208,P0091,Face Mask Set - Variant 2,Beauty,47.83,3,1,1,2024-07-01
U0208,P0085,Perfume,Beauty,30.06,4,2,1,2024-11-07
U0208,P0055,Coffee Maker,Home & Kitchen,73.4,1,2,0,2024-05-01
U0208,P0104,Resistance Bands,Sports,54.92,5,2,1,2024-01-27
U0208,P0079,Sunscreen SPF50 - Variant 2,Beauty,41.3,4,1,1,2024-09-09
U0208,P0077,Face Moisturizer - Variant 2,Beauty,44.26,3,1,1,2024-08-28
U0208,P0130,Cookbook,Books,25.89,2,2,1,2024-11-22
U0208,P0141,Children's Storybook,Books,33.46,3,3,0,2024-06-06
U0208,P0072,Cutlery Set - Variant 3,Home & Kitchen,83.94,3,2,0,2024-08-14
U0208,P0116,Tennis Racket - Variant 3,Sports,21.7,3,2,0,2024-04-05
U0208,P0093,Nail Polish Kit - Variant 2,Beauty,18.13,5,2,1,2024-05-16
U0208,P0109,Water Bottle - Variant 2,Sports,45.64,4,3,0,2024-06-22
U0208,P0096,Beard Trimmer - Variant 3,Beauty,16.01,4,1,1,2024-05-06
U0208,P0122,Gym Bag,Sports,52.75,4,3,1,2024-02-11
U0208,P0079,Sunscreen SPF50 - Variant 2,Beauty,41.3,3,2,1,2024-05-17
U0208,P0093,Nail Polish Kit - Variant 2,Beauty,18.13,4,2,0,2024-12-11
U0209,P0062,Vacuum Cleaner,Home & Kitchen,44.0,2,3,1,2024-12-23
U0209,P0070,Cutlery Set,Home & Kitchen,58.7,3,1,1,2024-04-15
U0209,P0056,Coffee Maker - Variant 2,Home & Kitchen,39.05,2,3,1,2024-08-29
U0209,P0053,Air Fryer,Home & Kitchen,77.17,4,1,1,2024-04-23
U0209,P0064,Bed Sheets Set,Home & Kitchen,92.94,3,3,1,2024-08-15
U0209,P0111,Football,Sports,37.24,3,3,1,2024-08-31
U0209,P0122,Gym Bag,Sports,52.75,5,2,1,2024-11-27
U0209,P0040,Wrist Watch - Variant 3,Fashion,55.58,3,3,0,2024-09-28
U0209,P0121,Skipping Rope - Variant 2,Sports,74.87,3,1,1,2024-03-19
U0209,P0059,Non-stick Pan - Variant 2,Home & Kitchen,63.2,4,3,1,2024-02-02
U0209,P0087,Hair Dryer,Beauty,46.49,4,1,0,2024-04-14
U0209,P0115,Tennis Racket - Variant 2,Sports,41.02,3,1,0,2024-11-03
U0209,P0107,Cycling Helmet - Variant 2,Sports,18.4,5,2,1,2024-03-13
U0209,P0117,Fitness Tracker,Sports,72.86,4,2,0,2024-10-02
U0209,P0057,Coffee Maker - Variant 3,Home & Kitchen,95.59,4,1,1,2024-03-27
U0209,P0117,Fitness Tracker,Sports,72.86,3,3,0,2024-10-17
U0209,P0070,Cutlery Set,Home & Kitchen,58.7,5,1,0,2024-01-18
U0209,P0074,Wall Clock - Variant 2,Home & Kitchen,102.86,3,3,1,2024-09-13
U0209,P0060,Blender,Home & Kitchen,43.99,4,2,1,2024-08-23
U0209,P0065,Bed Sheets Set - Variant 2,Home & Kitchen,33.33,5,1,1,2024-03-30
U0209,P0072,Cutlery Set - Variant 3,Home & Kitchen,83.94,3,2,1,2024-04-27
U0209,P0057,Coffee Maker - Variant 3,Home & Kitchen,95.59,2,1,1,2024-03-02
U0209,P0058,Non-stick Pan,Home & Kitchen,28.34,4,3,0,2024-01-26
U0209,P0053,Air Fryer,Home & Kitchen,77.17,3,3,1,2024-09-01
U0209,P0118,Fitness Tracker - Variant 2,Sports,32.35,4,1,0,2024-04-27
U0210,P0035,Leather Wallet - Variant 3,Fashion,53.93,4,2,0,2024-08-12
U0210,P0018,Gaming Mouse - Variant 3,Electronics,81.58,3,3,0,2024-07-15
U0210,P0014,Power Bank,Electronics,70.68,3,3,1,2024-06-10
U0210,P0018,Gaming Mouse - Variant 3,Electronics,81.58,5,2,0,2024-09-12
U0210,P0010,Laptop Stand - Variant 3,Electronics,146.57,4,3,1,2024-04-01
U0210,P0022,Webcam,Electronics,106.5,4,2,0,2024-12-10
U0210,P0012,USB-C Hub - Variant 2,Electronics,36.09,4,3,0,2024-12-18
U0210,P0143,Poetry Collection,Books,9.47,1,1,0,2024-07-11
U0210,P0076,Face Moisturizer,Beauty,48.93,2,1,0,2024-11-27
U0210,P0021,Mechanical Keyboard - Variant 3,Electronics,87.99,4,2,1,2024-07-10
U0210,P0010,Laptop Stand - Variant 3,Electronics,146.57,5,3,1,2024-01-21
U0210,P0002,Wireless Earbuds - Variant 2,Electronics,56.91,5,2,1,2024-03-15
U0210,P0010,Laptop Stand - Variant 3,Electronics,146.57,3,2,1,2024-02-17
U0210,P0014,Power Bank,Electronics,70.68,4,2,1,2024-07-07
U0210,P0023,Webcam - Variant 2,Electronics,79.6,5,3,0,2024-04-23
U0210,P0006,Smartwatch,Electronics,88.35,5,1,0,2024-04-01
U0210,P0010,Laptop Stand - Variant 3,Electronics,146.57,4,2,1,2024-10-22
U0210,P0024,Tablet,Electronics,103.54,4,2,0,2024-08-02
U0210,P0010,Laptop Stand - Variant 3,Electronics,146.57,1,1,1,2024-07-27
U0210,P0007,Smartwatch - Variant 2,Electronics,74.04,3,2,1,2024-10-28
U0210,P0008,Laptop Stand,Electronics,116.72,4,1,0,2024-04-02
U0210,P0014,Power Bank,Electronics,70.68,4,3,1,2024-11-01
U0210,P0017,Gaming Mouse - Variant 2,Electronics,95.82,3,1,0,2024-10-26
U0210,P0019,Mechanical Keyboard,Electronics,69.3,3,1,0,2024-11-28
U0210,P0008,Laptop Stand,Electronics,116.72,2,3,1,2024-04-08
U0210,P0150,Programming Guide - Variant 2,Books,12.92,3,2,1,2024-11-26
U0210,P0004,Bluetooth Speaker - Variant 2,Electronics,53.79,3,3,1,2024-06-19
U0210,P0003,Bluetooth Speaker,Electronics,104.25,3,1,0,2024-11-03
U0210,P0024,Tablet,Electronics,103.54,3,2,0,2024-09-07
U0211,P0125,Mystery Novel - Variant 2,Books,18.83,3,2,1,2024-02-15
U0211,P0127,Self-Help Book,Books,13.13,4,2,1,2024-11-18
U0211,P0021,Mechanical Keyboard - Variant 3,Electronics,87.99,3,1,1,2024-06-12
U0211,P0017,Gaming Mouse - Variant 2,Electronics,95.82,3,2,1,2024-10-12
U0211,P0139,Business Strategy Book - Variant 2,Books,18.14,3,2,1,2024-10-07
U0211,P0006,Smartwatch,Electronics,88.35,2,1,0,2024-01-31
U0211,P0013,USB-C Hub - Variant 3,Electronics,149.11,1,3,0,2024-06-29
U0211,P0135,Sci-Fi Novel,Books,37.03,2,2,1,2024-06-30
U0211,P0133,Biography,Books,29.75,4,1,1,2024-05-01
U0211,P0124,Mystery Novel,Books,9.94,3,1,1,2024-08-26
U0211,P0149,Programming Guide,Books,35.7,5,3,1,2024-12-18
U0211,P0124,Mystery Novel,Books,9.94,2,2,1,2024-07-27
U0211,P0132,Cookbook - Variant 3,Books,19.54,3,1,1,2024-10-12
U0211,P0140,Business Strategy Book - Variant 3,Books,14.32,2,2,1,2024-12-15
U0211,P0026,Tablet - Variant 3,Electronics,105.26,4,1,1,2024-09-25
U0211,P0146,History Book,Books,11.74,4,2,1,2024-02-28
U0211,P0125,Mystery Novel - Variant 2,Books,18.83,4,3,1,2024-05-18
U0211,P0150,Programming Guide - Variant 2,Books,12.92,3,2,1,2024-07-12
U0211,P0054,Air Fryer - Variant 2,Home & Kitchen,109.53,4,1,1,2024-05-23
U0211,P0146,History Book,Books,11.74,5,3,1,2024-05-29
U0211,P0149,Programming Guide,Books,35.7,4,1,1,2024-08-30
U0211,P0145,Poetry Collection - Variant 3,Books,15.46,5,2,0,2024-12-18
U0211,P0138,Business Strategy Book,Books,32.81,4,1,1,2024-01-27
U0211,P0141,Children's Storybook,Books,33.46,3,3,0,2024-09-02
U0211,P0129,Self-Help Book - Variant 3,Books,37.09,2,3,1,2024-02-07
U0211,P0138,Business Strategy Book,Books,32.81,5,2,0,2024-03-06
U0211,P0131,Cookbook - Variant 2,Books,11.3,3,3,0,2024-05-01
U0211,P0150,Programming Guide - Variant 2,Books,12.92,4,1,1,2024-05-27
U0211,P0011,USB-C Hub,Electronics,143.0,4,3,0,2024-10-15
U0212,P0070,Cutlery Set,Home & Kitchen,58.7,3,1,1,2024-08-04
U0212,P0070,Cutlery Set,Home & Kitchen,58.7,3,3,1,2024-04-04
U0212,P0059,Non-stick Pan - Variant 2,Home & Kitchen,63.2,4,1,0,2024-02-18
U0212,P0066,Table Lamp,Home & Kitchen,82.67,2,3,0,2024-02-20
U0212,P0098,Body Lotion - Variant 2,Beauty,19.09,5,2,1,2024-06-13
U0212,P0143,Poetry Collection,Books,9.47,3,3,1,2024-09-26
U0212,P0069,Storage Boxes - Variant 2,Home & Kitchen,55.29,5,1,1,2024-10-09
U0212,P0072,Cutlery Set - Variant 3,Home & Kitchen,83.94,2,3,1,2024-10-08
U0212,P0058,Non-stick Pan,Home & Kitchen,28.34,2,1,1,2024-12-04
U0212,P0072,Cutlery Set - Variant 3,Home & Kitchen,83.94,4,2,0,2024-10-03
U0212,P0099,Body Lotion - Variant 3,Beauty,45.92,4,1,1,2024-01-12
U0212,P0073,Wall Clock,Home & Kitchen,81.51,3,2,1,2024-03-05
U0212,P0094,Beard Trimmer,Beauty,35.73,4,1,1,2024-12-11
U0212,P0043,Backpack - Variant 3,Fashion,77.01,3,3,0,2024-03-10
U0212,P0077,Face Moisturizer - Variant 2,Beauty,44.26,4,2,1,2024-08-23
U0212,P0085,Perfume,Beauty,30.06,5,3,1,2024-07-03
U0212,P0089,Hair Dryer - Variant 3,Beauty,27.59,3,1,1,2024-11-23
U0212,P0062,Vacuum Cleaner,Home & Kitchen,44.0,3,2,0,2024-11-30
U0212,P0073,Wall Clock,Home & Kitchen,81.51,4,2,1,2024-06-18
U0212,P0083,Lipstick - Variant 2,Beauty,16.1,1,2,1,2024-11-17
U0212,P0093,Nail Polish Kit - Variant 2,Beauty,18.13,3,1,1,2024-08-22
U0212,P0068,Storage Boxes,Home & Kitchen,80.29,4,1,0,2024-07-01
U0212,P0108,Water Bottle,Sports,48.44,3,1,1,2024-05-20
U0212,P0078,Sunscreen SPF50,Beauty,33.33,4,1,1,2024-06-26
U0212,P0071,Cutlery Set - Variant 2,Home & Kitchen,84.19,5,2,1,2024-05-31
U0212,P0074,Wall Clock - Variant 2,Home & Kitchen,102.86,3,2,1,2024-08-23
U0212,P0084,Lipstick - Variant 3,Beauty,13.19,5,1,1,2024-12-04
U0212,P0073,Wall Clock,Home & Kitchen,81.51,5,1,1,2024-07-03
U0212,P0065,Bed Sheets Set - Variant 2,Home & Kitchen,33.33,5,3,0,2024-02-02
U0212,P0098,Body Lotion - Variant 2,Beauty,19.09,4,3,0,2024-08-18
U0212,P0130,Cookbook,Books,25.89,2,2,0,2024-12-30
U0212,P0064,Bed Sheets Set,Home & Kitchen,92.94,2,3,1,2024-05-18
U0212,P0073,Wall Clock,Home & Kitchen,81.51,4,1,1,2024-09-20
U0212,P0082,Lipstick,Beauty,12.97,4,1,1,2024-11-12
U0212,P0093,Nail Polish Kit - Variant 2,Beauty,18.13,3,2,1,2024-06-28
U0212,P0075,Wall Clock - Variant 3,Home & Kitchen,67.37,4,2,1,2024-07-07
U0213,P0082,Lipstick,Beauty,12.97,4,1,0,2024-09-27
U0213,P0093,Nail Polish Kit - Variant 2,Beauty,18.13,4,3,1,2024-01-24
U0213,P0089,Hair Dryer - Variant 3,Beauty,27.59,3,2,1,2024-08-27
U0213,P0070,Cutlery Set,Home & Kitchen,58.7,4,3,0,2024-10-12
U0213,P0087,Hair Dryer,Beauty,46.49,4,1,0,2024-10-23
U0213,P0070,Cutlery Set,Home & Kitchen,58.7,4,3,1,2024-02-26
U0213,P0075,Wall Clock - Variant 3,Home & Kitchen,67.37,4,2,1,2024-11-22
U0213,P0053,Air Fryer,Home & Kitchen,77.17,3,3,0,2024-01-19
U0213,P0094,Beard Trimmer,Beauty,35.73,5,2,0,2024-09-16
U0213,P0078,Sunscreen SPF50,Beauty,33.33,4,3,1,2024-01-17
U0213,P0086,Perfume - Variant 2,Beauty,33.4,5,3,0,2024-11-27
U0213,P0039,Wrist Watch - Variant 2,Fashion,41.73,3,3,1,2024-02-21
U0213,P0057,Coffee Maker - Variant 3,Home & Kitchen,95.59,3,2,1,2024-05-27
U0213,P0064,Bed Sheets Set,Home & Kitchen,92.94,5,3,0,2024-03-12
U0213,P0064,Bed Sheets Set,Home & Kitchen,92.94,5,1,1,2024-08-26
U0213,P0001,Wireless Earbuds,Electronics,126.81,2,1,0,2024-09-08
U0213,P0033,Leather Wallet,Fashion,50.27,2,2,1,2024-10-30
U0214,P0085,Perfume,Beauty,30.06,4,2,1,2024-02-03
U0214,P0058,Non-stick Pan,Home & Kitchen,28.34,4,1,1,2024-01-15
U0214,P0010,Laptop Stand - Variant 3,Electronics,146.57,1,2,1,2024-06-15
U0214,P0068,Storage Boxes,Home & Kitchen,80.29,3,3,1,2024-09-20
U0214,P0061,Blender - Variant 2,Home & Kitchen,27.47,5,3,1,2024-09-07
U0214,P0042,Backpack - Variant 2,Fashion,23.08,4,2,1,2024-03-31
U0214,P0074,Wall Clock - Variant 2,Home & Kitchen,102.86,5,2,1,2024-05-13
U0214,P0059,Non-stick Pan - Variant 2,Home & Kitchen,63.2,4,3,1,2024-02-22
U0214,P0070,Cutlery Set,Home & Kitchen,58.7,3,2,1,2024-06-06
U0215,P0022,Webcam,Electronics,106.5,3,3,0,2024-01-28
U0215,P0007,Smartwatch - Variant 2,Electronics,74.04,1,2,0,2024-03-08
U0215,P0083,Lipstick - Variant 2,Beauty,16.1,4,2,0,2024-03-07
U0215,P0065,Bed Sheets Set - Variant 2,Home & Kitchen,33.33,1,2,0,2024-07-07
U0215,P0095,Beard Trimmer - Variant 2,Beauty,23.23,2,1,0,2024-07-06
U0215,P0017,Gaming Mouse - Variant 2,Electronics,95.82,5,2,1,2024-06-29
U0215,P0006,Smartwatch,Electronics,88.35,5,3,1,2024-04-20
U0215,P0026,Tablet - Variant 3,Electronics,105.26,4,3,0,2024-02-21
U0215,P0020,Mechanical Keyboard - Variant 2,Electronics,77.77,3,1,0,2024-06-24
U0215,P0025,Tablet - Variant 2,Electronics,41.3,4,1,0,2024-06-30
U0215,P0011,USB-C Hub,Electronics,143.0,4,2,0,2024-02-21
U0215,P0005,Bluetooth Speaker - Variant 3,Electronics,53.78,4,1,0,2024-05-21
U0215,P0007,Smartwatch - Variant 2,Electronics,74.04,5,2,0,2024-09-23
U0215,P0018,Gaming Mouse - Variant 3,Electronics,81.58,2,1,0,2024-05-18
U0215,P0020,Mechanical Keyboard - Variant 2,Electronics,77.77,4,2,1,2024-04-21
U0215,P0138,Business Strategy Book,Books,32.81,3,3,0,2024-03-04
U0215,P0133,Biography,Books,29.75,3,1,0,2024-02-08
U0215,P0020,Mechanical Keyboard - Variant 2,Electronics,77.77,5,2,1,2024-08-07
U0215,P0013,USB-C Hub - Variant 3,Electronics,149.11,3,1,0,2024-07-21
U0215,P0023,Webcam - Variant 2,Electronics,79.6,3,3,0,2024-01-13
U0215,P0007,Smartwatch - Variant 2,Electronics,74.04,2,2,1,2024-05-27
U0215,P0009,Laptop Stand - Variant 2,Electronics,38.35,4,1,0,2024-03-02
U0215,P0014,Power Bank,Electronics,70.68,3,3,1,2024-05-08
U0215,P0003,Bluetooth Speaker,Electronics,104.25,2,3,0,2024-05-17
U0215,P0009,Laptop Stand - Variant 2,Electronics,38.35,5,1,0,2024-05-06
U0215,P0004,Bluetooth Speaker - Variant 2,Electronics,53.79,5,1,1,2024-06-06
U0215,P0030,Denim Jacket - Variant 2,Fashion,74.76,2,3,0,2024-12-25
U0215,P0003,Bluetooth Speaker,Electronics,104.25,4,1,1,2024-07-03
U0216,P0078,Sunscreen SPF50,Beauty,33.33,3,2,1,2024-11-20
U0216,P0031,Cotton T-Shirt,Fashion,22.06,3,3,1,2024-01-17
U0216,P0088,Hair Dryer - Variant 2,Beauty,21.47,5,2,1,2024-02-06
U0216,P0098,Body Lotion - Variant 2,Beauty,19.09,4,2,1,2024-08-10
U0216,P0083,Lipstick - Variant 2,Beauty,16.1,4,3,1,2024-09-27
U0216,P0082,Lipstick,Beauty,12.97,3,3,1,2024-05-26
U0216,P0093,Nail Polish Kit - Variant 2,Beauty,18.13,3,1,1,2024-09-24
U0216,P0087,Hair Dryer,Beauty,46.49,5,1,1,2024-02-05
U0216,P0077,Face Moisturizer - Variant 2,Beauty,44.26,5,3,1,2024-09-15
U0216,P0076,Face Moisturizer,Beauty,48.93,3,3,1,2024-12-17
U0216,P0091,Face Mask Set - Variant 2,Beauty,47.83,3,3,1,2024-06-10
U0216,P0082,Lipstick,Beauty,12.97,4,2,0,2024-04-04
U0217,P0007,Smartwatch - Variant 2,Electronics,74.04,3,2,1,2024-12-13
U0217,P0007,Smartwatch - Variant 2,Electronics,74.04,5,1,1,2024-11-30
U0217,P0008,Laptop Stand,Electronics,116.72,4,1,1,2024-04-04
U0217,P0009,Laptop Stand - Variant 2,Electronics,38.35,3,3,1,2024-02-19
U0217,P0004,Bluetooth Speaker - Variant 2,Electronics,53.79,2,3,0,2024-03-07
U0217,P0011,USB-C Hub,Electronics,143.0,5,3,1,2024-07-27
U0217,P0010,Laptop Stand - Variant 3,Electronics,146.57,2,2,0,2024-10-10
U0217,P0022,Webcam,Electronics,106.5,1,3,1,2024-04-07
U0217,P0016,Gaming Mouse,Electronics,38.63,4,1,1,2024-02-03
U0217,P0023,Webcam - Variant 2,Electronics,79.6,4,2,1,2024-05-28
U0217,P0009,Laptop Stand - Variant 2,Electronics,38.35,3,3,1,2024-02-04
U0217,P0019,Mechanical Keyboard,Electronics,69.3,3,1,0,2024-09-16
U0218,P0133,Biography,Books,29.75,4,1,0,2024-05-02
U0218,P0025,Tablet - Variant 2,Electronics,41.3,4,2,1,2024-10-02
U0218,P0118,Fitness Tracker - Variant 2,Sports,32.35,4,1,1,2024-06-10
U0218,P0008,Laptop Stand,Electronics,116.72,3,2,1,2024-12-21
U0218,P0033,Leather Wallet,Fashion,50.27,2,3,0,2024-12-09
U0218,P0086,Perfume - Variant 2,Beauty,33.4,3,3,0,2024-01-27
U0218,P0123,Gym Bag - Variant 2,Sports,46.65,2,2,1,2024-09-15
U0218,P0103,Dumbbell Set - Variant 2,Sports,24.27,4,3,1,2024-02-14
U0218,P0102,Dumbbell Set,Sports,36.13,4,3,1,2024-11-09
U0218,P0008,Laptop Stand,Electronics,116.72,4,3,1,2024-01-21
U0218,P0012,USB-C Hub - Variant 2,Electronics,36.09,1,2,0,2024-01-26
U0218,P0122,Gym Bag,Sports,52.75,4,1,1,2024-02-10
U0218,P0135,Sci-Fi Novel,Books,37.03,3,1,0,2024-04-18
U0218,P0106,Cycling Helmet,Sports,67.06,3,3,0,2024-02-20
U0218,P0118,Fitness Tracker - Variant 2,Sports,32.35,3,3,1,2024-05-08
U0218,P0103,Dumbbell Set - Variant 2,Sports,24.27,4,1,1,2024-11-30
U0218,P0142,Children's Storybook - Variant 2,Books,18.29,3,1,1,2024-11-28
U0218,P0002,Wireless Earbuds - Variant 2,Electronics,56.91,5,1,1,2024-02-01
U0218,P0002,Wireless Earbuds - Variant 2,Electronics,56.91,4,2,1,2024-08-19
U0218,P0038,Wrist Watch,Fashion,65.06,2,2,1,2024-03-04
U0218,P0101,Yoga Mat - Variant 2,Sports,24.96,3,3,1,2024-01-22
U0218,P0117,Fitness Tracker,Sports,72.86,4,1,1,2024-03-18
U0218,P0065,Bed Sheets Set - Variant 2,Home & Kitchen,33.33,2,3,0,2024-04-05
U0218,P0106,Cycling Helmet,Sports,67.06,3,2,1,2024-11-18
U0218,P0001,Wireless Earbuds,Electronics,126.81,5,2,1,2024-11-05
U0218,P0011,USB-C Hub,Electronics,143.0,4,2,0,2024-12-04
U0218,P0024,Tablet,Electronics,103.54,3,1,0,2024-07-23
U0218,P0023,Webcam - Variant 2,Electronics,79.6,5,1,0,2024-01-29
U0219,P0127,Self-Help Book,Books,13.13,5,1,0,2024-06-05
U0219,P0144,Poetry Collection - Variant 2,Books,23.59,3,2,1,2024-02-24
U0219,P0062,Vacuum Cleaner,Home & Kitchen,44.0,4,3,1,2024-01-11
U0219,P0095,Beard Trimmer - Variant 2,Beauty,23.23,2,1,0,2024-12-29
U0219,P0139,Business Strategy Book - Variant 2,Books,18.14,2,3,1,2024-10-10
U0219,P0147,History Book - Variant 2,Books,35.8,5,2,1,2024-07-04
U0219,P0141,Children's Storybook,Books,33.46,5,1,1,2024-05-06
U0219,P0130,Cookbook,Books,25.89,4,2,1,2024-03-07
U0219,P0093,Nail Polish Kit - Variant 2,Beauty,18.13,2,2,0,2024-05-25
U0219,P0136,Sci-Fi Novel - Variant 2,Books,20.37,5,3,0,2024-09-21
U0219,P0065,Bed Sheets Set - Variant 2,Home & Kitchen,33.33,3,2,0,2024-01-01
U0219,P0134,Biography - Variant 2,Books,19.48,2,3,0,2024-01-20
U0219,P0146,History Book,Books,11.74,5,1,1,2024-07-17
U0219,P0130,Cookbook,Books,25.89,4,2,1,2024-05-01
U0219,P0132,Cookbook - Variant 3,Books,19.54,3,3,0,2024-04-25
U0219,P0129,Self-Help Book - Variant 3,Books,37.09,2,2,1,2024-02-20
U0219,P0125,Mystery Novel - Variant 2,Books,18.83,4,1,1,2024-02-14
U0219,P0150,Programming Guide - Variant 2,Books,12.92,4,2,1,2024-12-08
U0219,P0131,Cookbook - Variant 2,Books,11.3,4,2,1,2024-08-27
U0220,P0042,Backpack - Variant 2,Fashion,23.08,4,2,1,2024-06-14
U0220,P0035,Leather Wallet - Variant 3,Fashion,53.93,3,2,1,2024-04-06
U0220,P0036,Sunglasses,Fashion,32.53,4,3,0,2024-04-17
U0220,P0044,Formal Shirt,Fashion,83.48,5,1,1,2024-04-10
U0220,P0021,Mechanical Keyboard - Variant 3,Electronics,87.99,5,2,1,2024-01-10
U0220,P0050,Winter Coat,Fashion,42.63,2,3,1,2024-04-10
U0220,P0036,Sunglasses,Fashion,32.53,4,2,1,2024-07-05
U0220,P0052,Winter Coat - Variant 3,Fashion,39.04,4,3,0,2024-01-16
U0220,P0027,Running Shoes,Fashion,50.96,3,2,1,2024-07-30
U0220,P0028,Running Shoes - Variant 2,Fashion,21.88,4,2,0,2024-08-04
U0220,P0035,Leather Wallet - Variant 3,Fashion,53.93,3,1,0,2024-10-29
U0220,P0139,Business Strategy Book - Variant 2,Books,18.14,1,3,0,2024-09-28
U0220,P0027,Running Shoes,Fashion,50.96,4,1,1,2024-12-11
U0220,P0041,Backpack,Fashion,58.75,2,2,1,2024-10-15
U0220,P0076,Face Moisturizer,Beauty,48.93,3,3,0,2024-08-19
U0220,P0035,Leather Wallet - Variant 3,Fashion,53.93,2,3,1,2024-01-25
U0220,P0027,Running Shoes,Fashion,50.96,3,3,1,2024-09-22
U0220,P0029,Denim Jacket,Fashion,85.21,4,2,1,2024-11-04
U0220,P0048,Sneakers - Variant 2,Fashion,58.93,5,2,0,2024-05-29
U0220,P0045,Formal Shirt - Variant 2,Fashion,80.51,5,3,1,2024-04-12
U0220,P0030,Denim Jacket - Variant 2,Fashion,74.76,5,3,1,2024-10-05
U0220,P0033,Leather Wallet,Fashion,50.27,3,2,0,2024-03-14
U0220,P0102,Dumbbell Set,Sports,36.13,3,2,1,2024-01-05
U0221,P0025,Tablet - Variant 2,Electronics,41.3,4,3,1,2024-02-27
U0221,P0012,USB-C Hub - Variant 2,Electronics,36.09,4,3,0,2024-03-19
U0221,P0022,Webcam,Electronics,106.5,3,3,0,2024-01-17
U0221,P0019,Mechanical Keyboard,Electronics,69.3,4,3,1,2024-03-28
U0221,P0021,Mechanical Keyboard - Variant 3,Electronics,87.99,2,3,0,2024-03-18
U0221,P0019,Mechanical Keyboard,Electronics,69.3,4,1,1,2024-05-20
U0221,P0044,Formal Shirt,Fashion,83.48,2,1,0,2024-05-24
U0221,P0009,Laptop Stand - Variant 2,Electronics,38.35,2,1,1,2024-08-01
U0221,P0008,Laptop Stand,Electronics,116.72,4,3,1,2024-10-22
U0221,P0007,Smartwatch - Variant 2,Electronics,74.04,3,1,1,2024-04-26
U0221,P0118,Fitness Tracker - Variant 2,Sports,32.35,1,1,0,2024-04-20
U0221,P0023,Webcam - Variant 2,Electronics,79.6,3,3,1,2024-03-28
U0221,P0007,Smartwatch - Variant 2,Electronics,74.04,1,3,1,2024-08-08
U0221,P0143,Poetry Collection,Books,9.47,3,3,1,2024-04-07
U0221,P0013,USB-C Hub - Variant 3,Electronics,149.11,3,3,0,2024-12-05
U0221,P0011,USB-C Hub,Electronics,143.0,5,3,1,2024-08-21
U0221,P0018,Gaming Mouse - Variant 3,Electronics,81.58,3,2,1,2024-04-04
U0221,P0016,Gaming Mouse,Electronics,38.63,4,1,1,2024-04-10
U0221,P0133,Biography,Books,29.75,3,1,0,2024-03-29
U0221,P0073,Wall Clock,Home & Kitchen,81.51,3,3,0,2024-03-02
U0221,P0003,Bluetooth Speaker,Electronics,104.25,3,3,1,2024-04-08
U0221,P0014,Power Bank,Electronics,70.68,3,3,1,2024-02-26
U0221,P0005,Bluetooth Speaker - Variant 3,Electronics,53.78,2,1,1,2024-06-07
U0221,P0145,Poetry Collection - Variant 3,Books,15.46,5,3,1,2024-04-18
U0221,P0023,Webcam - Variant 2,Electronics,79.6,4,3,1,2024-03-29
U0221,P0018,Gaming Mouse - Variant 3,Electronics,81.58,2,1,1,2024-04-25
U0221,P0024,Tablet,Electronics,103.54,5,2,1,2024-09-23
U0221,P0015,Power Bank - Variant 2,Electronics,95.82,4,3,1,2024-09-22
U0221,P0112,Football - Variant 2,Sports,71.75,3,2,1,2024-09-08
U0221,P0013,USB-C Hub - Variant 3,Electronics,149.11,4,3,1,2024-08-03
U0221,P0001,Wireless Earbuds,Electronics,126.81,4,3,1,2024-07-28
U0222,P0063,Vacuum Cleaner - Variant 2,Home & Kitchen,87.82,5,2,1,2024-11-29
U0222,P0069,Storage Boxes - Variant 2,Home & Kitchen,55.29,3,1,1,2024-01-16
U0222,P0040,Wrist Watch - Variant 3,Fashion,55.58,5,2,1,2024-06-17
U0222,P0047,Sneakers,Fashion,42.71,4,1,1,2024-03-10
U0222,P0073,Wall Clock,Home & Kitchen,81.51,5,1,1,2024-11-23
U0222,P0034,Leather Wallet - Variant 2,Fashion,29.12,2,3,0,2024-10-14
U0222,P0074,Wall Clock - Variant 2,Home & Kitchen,102.86,4,3,1,2024-03-20
U0222,P0044,Formal Shirt,Fashion,83.48,2,3,1,2024-03-12
U0222,P0098,Body Lotion - Variant 2,Beauty,19.09,3,3,1,2024-12-24
U0222,P0049,Sneakers - Variant 3,Fashion,55.64,4,2,0,2024-08-16
U0222,P0054,Air Fryer - Variant 2,Home & Kitchen,109.53,4,3,1,2024-06-28
U0222,P0029,Denim Jacket,Fashion,85.21,4,3,1,2024-06-18
U0222,P0050,Winter Coat,Fashion,42.63,4,3,1,2024-04-20
U0222,P0054,Air Fryer - Variant 2,Home & Kitchen,109.53,3,3,0,2024-03-11
U0222,P0066,Table Lamp,Home & Kitchen,82.67,3,1,1,2024-04-19
U0222,P0110,Water Bottle - Variant 3,Sports,57.47,2,3,0,2024-01-18
U0222,P0055,Coffee Maker,Home & Kitchen,73.4,3,2,1,2024-03-11
U0222,P0055,Coffee Maker,Home & Kitchen,73.4,3,1,1,2024-12-09
U0222,P0034,Leather Wallet - Variant 2,Fashion,29.12,4,2,1,2024-04-08
U0222,P0032,Cotton T-Shirt - Variant 2,Fashion,36.35,3,2,1,2024-11-10
U0222,P0054,Air Fryer - Variant 2,Home & Kitchen,109.53,2,2,1,2024-09-03
U0223,P0017,Gaming Mouse - Variant 2,Electronics,95.82,3,3,1,2024-07-07
U0223,P0108,Water Bottle,Sports,48.44,1,2,1,2024-12-27
U0223,P0021,Mechanical Keyboard - Variant 3,Electronics,87.99,4,2,0,2024-11-26
U0223,P0005,Bluetooth Speaker - Variant 3,Electronics,53.78,4,2,1,2024-12-28
U0223,P0032,Cotton T-Shirt - Variant 2,Fashion,36.35,4,3,1,2024-08-01
U0223,P0060,Blender,Home & Kitchen,43.99,2,3,0,2024-12-12
U0223,P0012,USB-C Hub - Variant 2,Electronics,36.09,5,1,1,2024-08-19
U0223,P0081,Shampoo - Variant 2,Beauty,39.01,3,3,1,2024-06-23
U0223,P0015,Power Bank - Variant 2,Electronics,95.82,4,2,1,2024-04-09
U0223,P0033,Leather Wallet,Fashion,50.27,3,3,1,2024-01-08
U0223,P0017,Gaming Mouse - Variant 2,Electronics,95.82,4,2,1,2024-11-22
U0223,P0021,Mechanical Keyboard - Variant 3,Electronics,87.99,2,3,1,2024-06-30
U0223,P0142,Children's Storybook - Variant 2,Books,18.29,1,2,0,2024-10-18
U0223,P0018,Gaming Mouse - Variant 3,Electronics,81.58,4,2,1,2024-04-11
U0223,P0035,Leather Wallet - Variant 3,Fashion,53.93,4,2,1,2024-10-15
U0223,P0040,Wrist Watch - Variant 3,Fashion,55.58,4,2,0,2024-07-14
U0223,P0045,Formal Shirt - Variant 2,Fashion,80.51,3,1,0,2024-06-01
U0223,P0052,Winter Coat - Variant 3,Fashion,39.04,4,2,1,2024-12-19
U0224,P0017,Gaming Mouse - Variant 2,Electronics,95.82,4,2,1,2024-05-01
U0224,P0127,Self-Help Book,Books,13.13,4,1,0,2024-06-30
U0224,P0092,Nail Polish Kit,Beauty,23.01,4,2,1,2024-09-22
U0224,P0013,USB-C Hub - Variant 3,Electronics,149.11,4,1,1,2024-07-04
U0224,P0004,Bluetooth Speaker - Variant 2,Electronics,53.79,5,2,0,2024-04-18
U0224,P0081,Shampoo - Variant 2,Beauty,39.01,4,2,1,2024-03-17
U0224,P0016,Gaming Mouse,Electronics,38.63,3,1,1,2024-06-04
U0224,P0013,USB-C Hub - Variant 3,Electronics,149.11,3,2,0,2024-10-15
U0224,P0099,Body Lotion - Variant 3,Beauty,45.92,4,2,1,2024-06-15
U0224,P0097,Body Lotion,Beauty,42.54,4,2,1,2024-02-18
U0224,P0057,Coffee Maker - Variant 3,Home & Kitchen,95.59,2,2,0,2024-05-28
U0224,P0095,Beard Trimmer - Variant 2,Beauty,23.23,2,3,1,2024-12-30
U0224,P0008,Laptop Stand,Electronics,116.72,2,3,0,2024-04-05
U0224,P0006,Smartwatch,Electronics,88.35,5,3,1,2024-10-19
U0224,P0079,Sunscreen SPF50 - Variant 2,Beauty,41.3,3,2,1,2024-12-24
U0224,P0146,History Book,Books,11.74,2,3,1,2024-08-03
U0225,P0064,Bed Sheets Set,Home & Kitchen,92.94,4,3,1,2024-01-02
U0225,P0149,Programming Guide,Books,35.7,3,1,1,2024-08-05
U0225,P0143,Poetry Collection,Books,9.47,4,2,1,2024-12-28
U0225,P0137,Sci-Fi Novel - Variant 3,Books,32.27,4,3,1,2024-12-08
U0225,P0064,Bed Sheets Set,Home & Kitchen,92.94,4,3,1,2024-09-23
U0225,P0144,Poetry Collection - Variant 2,Books,23.59,2,2,1,2024-01-21
U0225,P0072,Cutlery Set - Variant 3,Home & Kitchen,83.94,5,1,1,2024-05-14
U0225,P0130,Cookbook,Books,25.89,4,3,1,2024-03-01
U0225,P0131,Cookbook - Variant 2,Books,11.3,4,3,0,2024-05-13
U0225,P0061,Blender - Variant 2,Home & Kitchen,27.47,5,3,0,2024-08-19
U0225,P0140,Business Strategy Book - Variant 3,Books,14.32,5,3,1,2024-09-09
U0225,P0028,Running Shoes - Variant 2,Fashion,21.88,1,1,0,2024-02-24
U0225,P0127,Self-Help Book,Books,13.13,3,2,0,2024-10-15
U0225,P0137,Sci-Fi Novel - Variant 3,Books,32.27,3,3,0,2024-12-07
U0225,P0028,Running Shoes - Variant 2,Fashion,21.88,2,2,1,2024-02-14
U0225,P0074,Wall Clock - Variant 2,Home & Kitchen,102.86,4,2,1,2024-12-10
U0225,P0080,Shampoo,Beauty,13.54,2,3,0,2024-03-31
U0225,P0140,Business Strategy Book - Variant 3,Books,14.32,5,3,1,2024-05-30
U0225,P0149,Programming Guide,Books,35.7,4,3,1,2024-01-14
U0225,P0146,History Book,Books,11.74,4,3,1,2024-11-28
U0225,P0145,Poetry Collection - Variant 3,Books,15.46,3,3,1,2024-11-29
U0225,P0065,Bed Sheets Set - Variant 2,Home & Kitchen,33.33,3,2,1,2024-11-07
U0226,P0099,Body Lotion - Variant 3,Beauty,45.92,2,1,1,2024-12-25
U0226,P0115,Tennis Racket - Variant 2,Sports,41.02,5,3,1,2024-02-03
U0226,P0078,Sunscreen SPF50,Beauty,33.33,4,3,0,2024-12-16
U0226,P0085,Perfume,Beauty,30.06,3,1,1,2024-07-28
U0226,P0131,Cookbook - Variant 2,Books,11.3,3,3,0,2024-08-30
U0226,P0082,Lipstick,Beauty,12.97,5,2,0,2024-08-03
U0226,P0098,Body Lotion - Variant 2,Beauty,19.09,4,3,0,2024-12-20
U0226,P0088,Hair Dryer - Variant 2,Beauty,21.47,4,1,1,2024-09-02
U0226,P0024,Tablet,Electronics,103.54,4,2,0,2024-11-26
U0226,P0111,Football,Sports,37.24,2,1,0,2024-10-31
U0226,P0036,Sunglasses,Fashion,32.53,1,1,1,2024-03-17
U0226,P0092,Nail Polish Kit,Beauty,23.01,4,2,1,2024-07-18
U0227,P0141,Children's Storybook,Books,33.46,2,1,1,2024-01-30
U0227,P0080,Shampoo,Beauty,13.54,3,3,0,2024-03-29
U0227,P0149,Programming Guide,Books,35.7,3,1,1,2024-06-27
U0227,P0031,Cotton T-Shirt,Fashion,22.06,3,2,1,2024-09-21
U0227,P0017,Gaming Mouse - Variant 2,Electronics,95.82,3,1,0,2024-07-23
U0227,P0139,Business Strategy Book - Variant 2,Books,18.14,5,1,1,2024-03-17
U0227,P0059,Non-stick Pan - Variant 2,Home & Kitchen,63.2,3,3,0,2024-03-17
U0227,P0078,Sunscreen SPF50,Beauty,33.33,3,3,0,2024-04-20
U0227,P0142,Children's Storybook - Variant 2,Books,18.29,3,1,1,2024-12-09
U0227,P0078,Sunscreen SPF50,Beauty,33.33,1,2,1,2024-02-10
U0227,P0078,Sunscreen SPF50,Beauty,33.33,4,2,1,2024-03-22
U0227,P0085,Perfume,Beauty,30.06,5,3,0,2024-08-31
U0227,P0024,Tablet,Electronics,103.54,2,2,0,2024-12-12
U0227,P0141,Children's Storybook,Books,33.46,3,3,1,2024-02-12
U0227,P0079,Sunscreen SPF50 - Variant 2,Beauty,41.3,4,3,1,2024-07-07
U0228,P0015,Power Bank - Variant 2,Electronics,95.82,3,1,0,2024-03-30
U0228,P0101,Yoga Mat - Variant 2,Sports,24.96,3,1,1,2024-11-10
U0228,P0013,USB-C Hub - Variant 3,Electronics,149.11,5,2,1,2024-12-05
U0228,P0001,Wireless Earbuds,Electronics,126.81,3,1,1,2024-01-08
U0228,P0121,Skipping Rope - Variant 2,Sports,74.87,3,3,0,2024-08-19
U0228,P0130,Cookbook,Books,25.89,3,3,1,2024-11-04
U0228,P0144,Poetry Collection - Variant 2,Books,23.59,1,1,0,2024-04-04
U0228,P0025,Tablet - Variant 2,Electronics,41.3,5,2,1,2024-07-09
U0228,P0005,Bluetooth Speaker - Variant 3,Electronics,53.78,3,3,1,2024-07-09
U0228,P0002,Wireless Earbuds - Variant 2,Electronics,56.91,3,2,1,2024-02-17
U0228,P0118,Fitness Tracker - Variant 2,Sports,32.35,4,3,1,2024-06-11
U0229,P0081,Shampoo - Variant 2,Beauty,39.01,3,1,1,2024-04-03
U0229,P0140,Business Strategy Book - Variant 3,Books,14.32,1,2,0,2024-04-11
U0229,P0049,Sneakers - Variant 3,Fashion,55.64,3,2,1,2024-01-19
U0229,P0022,Webcam,Electronics,106.5,2,2,1,2024-04-05
U0229,P0024,Tablet,Electronics,103.54,4,2,0,2024-08-12
U0229,P0015,Power Bank - Variant 2,Electronics,95.82,4,2,0,2024-01-03
U0229,P0022,Webcam,Electronics,106.5,3,1,1,2024-02-24
U0229,P0004,Bluetooth Speaker - Variant 2,Electronics,53.79,5,2,0,2024-07-28
U0229,P0050,Winter Coat,Fashion,42.63,4,3,1,2024-01-31
U0229,P0025,Tablet - Variant 2,Electronics,41.3,3,2,1,2024-09-25
U0229,P0004,Bluetooth Speaker - Variant 2,Electronics,53.79,3,2,1,2024-01-05
U0229,P0036,Sunglasses,Fashion,32.53,3,2,0,2024-09-04
U0229,P0052,Winter Coat - Variant 3,Fashion,39.04,3,1,1,2024-06-07
U0229,P0037,Sunglasses - Variant 2,Fashion,47.01,3,1,1,2024-05-31
U0229,P0022,Webcam,Electronics,106.5,4,2,1,2024-06-18
U0229,P0050,Winter Coat,Fashion,42.63,4,2,0,2024-01-10
U0229,P0120,Skipping Rope,Sports,26.44,2,3,0,2024-10-14
U0229,P0004,Bluetooth Speaker - Variant 2,Electronics,53.79,2,3,1,2024-07-01
U0229,P0017,Gaming Mouse - Variant 2,Electronics,95.82,5,1,0,2024-04-27
U0229,P0048,Sneakers - Variant 2,Fashion,58.93,4,1,1,2024-07-01
U0229,P0018,Gaming Mouse - Variant 3,Electronics,81.58,4,1,1,2024-01-05
U0229,P0050,Winter Coat,Fashion,42.63,5,1,0,2024-05-05
U0229,P0040,Wrist Watch - Variant 3,Fashion,55.58,4,2,1,2024-05-03
U0229,P0046,Formal Shirt - Variant 3,Fashion,60.76,5,1,0,2024-10-26
U0229,P0059,Non-stick Pan - Variant 2,Home & Kitchen,63.2,3,1,0,2024-04-18
U0229,P0071,Cutlery Set - Variant 2,Home & Kitchen,84.19,2,1,0,2024-08-16
U0229,P0020,Mechanical Keyboard - Variant 2,Electronics,77.77,2,2,1,2024-08-31
U0230,P0093,Nail Polish Kit - Variant 2,Beauty,18.13,4,1,1,2024-07-11
U0230,P0090,Face Mask Set,Beauty,19.72,5,2,0,2024-06-23
U0230,P0081,Shampoo - Variant 2,Beauty,39.01,2,3,1,2024-08-14
U0230,P0039,Wrist Watch - Variant 2,Fashion,41.73,3,3,1,2024-06-21
U0230,P0074,Wall Clock - Variant 2,Home & Kitchen,102.86,4,1,0,2024-11-13
U0230,P0098,Body Lotion - Variant 2,Beauty,19.09,4,1,1,2024-03-14
U0230,P0088,Hair Dryer - Variant 2,Beauty,21.47,3,1,1,2024-06-22
U0230,P0095,Beard Trimmer - Variant 2,Beauty,23.23,3,2,1,2024-04-14
U0230,P0095,Beard Trimmer - Variant 2,Beauty,23.23,2,3,0,2024-07-30
U0230,P0048,Sneakers - Variant 2,Fashion,58.93,1,3,1,2024-09-21
U0230,P0082,Lipstick,Beauty,12.97,4,1,1,2024-02-21
U0230,P0088,Hair Dryer - Variant 2,Beauty,21.47,3,2,0,2024-08-19
U0230,P0096,Beard Trimmer - Variant 3,Beauty,16.01,2,2,1,2024-11-25
U0230,P0099,Body Lotion - Variant 3,Beauty,45.92,3,2,1,2024-07-30
U0230,P0095,Beard Trimmer - Variant 2,Beauty,23.23,4,3,1,2024-07-13
U0230,P0078,Sunscreen SPF50,Beauty,33.33,3,3,1,2024-06-21
U0230,P0133,Biography,Books,29.75,1,1,0,2024-01-30
U0230,P0079,Sunscreen SPF50 - Variant 2,Beauty,41.3,3,3,1,2024-11-25
U0230,P0082,Lipstick,Beauty,12.97,4,2,1,2024-02-29
U0230,P0078,Sunscreen SPF50,Beauty,33.33,3,1,1,2024-08-16
U0230,P0079,Sunscreen SPF50 - Variant 2,Beauty,41.3,4,2,1,2024-01-08
U0230,P0088,Hair Dryer - Variant 2,Beauty,21.47,4,1,1,2024-02-12
U0230,P0124,Mystery Novel,Books,9.94,3,3,0,2024-03-22
U0231,P0028,Running Shoes - Variant 2,Fashion,21.88,5,2,1,2024-02-16
U0231,P0052,Winter Coat - Variant 3,Fashion,39.04,5,1,0,2024-07-04
U0231,P0041,Backpack,Fashion,58.75,5,1,1,2024-04-07
U0231,P0047,Sneakers,Fashion,42.71,4,1,1,2024-02-15
U0231,P0044,Formal Shirt,Fashion,83.48,3,1,1,2024-12-18
U0231,P0039,Wrist Watch - Variant 2,Fashion,41.73,4,2,1,2024-10-14
U0231,P0032,Cotton T-Shirt - Variant 2,Fashion,36.35,4,3,0,2024-07-06
U0231,P0039,Wrist Watch - Variant 2,Fashion,41.73,3,1,1,2024-05-15
U0231,P0052,Winter Coat - Variant 3,Fashion,39.04,4,1,0,2024-09-28
U0231,P0041,Backpack,Fashion,58.75,2,1,1,2024-09-18
U0231,P0037,Sunglasses - Variant 2,Fashion,47.01,4,3,1,2024-01-01
U0231,P0044,Formal Shirt,Fashion,83.48,4,1,1,2024-04-19
U0231,P0052,Winter Coat - Variant 3,Fashion,39.04,3,3,0,2024-04-20
U0231,P0044,Formal Shirt,Fashion,83.48,5,2,1,2024-10-25
U0231,P0028,Running Shoes - Variant 2,Fashion,21.88,3,1,1,2024-04-23
U0231,P0030,Denim Jacket - Variant 2,Fashion,74.76,4,1,0,2024-01-13
U0231,P0028,Running Shoes - Variant 2,Fashion,21.88,3,2,1,2024-11-09
U0231,P0066,Table Lamp,Home & Kitchen,82.67,3,2,0,2024-03-06
U0232,P0067,Table Lamp - Variant 2,Home & Kitchen,105.23,4,2,1,2024-08-20
U0232,P0056,Coffee Maker - Variant 2,Home & Kitchen,39.05,5,3,0,2024-02-25
U0232,P0062,Vacuum Cleaner,Home & Kitchen,44.0,3,2,0,2024-02-16
U0232,P0105,Resistance Bands - Variant 2,Sports,18.03,4,2,1,2024-09-17
U0232,P0075,Wall Clock - Variant 3,Home & Kitchen,67.37,5,2,1,2024-10-07
U0232,P0069,Storage Boxes - Variant 2,Home & Kitchen,55.29,4,1,1,2024-11-27
U0232,P0058,Non-stick Pan,Home & Kitchen,28.34,4,1,1,2024-08-01
U0232,P0090,Face Mask Set,Beauty,19.72,3,2,0,2024-06-05
U0232,P0054,Air Fryer - Variant 2,Home & Kitchen,109.53,4,1,1,2024-11-15
U0232,P0068,Storage Boxes,Home & Kitchen,80.29,3,1,1,2024-11-15
U0232,P0060,Blender,Home & Kitchen,43.99,4,3,1,2024-03-12
U0232,P0072,Cutlery Set - Variant 3,Home & Kitchen,83.94,3,1,0,2024-12-27
U0233,P0132,Cookbook - Variant 3,Books,19.54,3,2,1,2024-10-26
U0233,P0144,Poetry Collection - Variant 2,Books,23.59,4,3,1,2024-04-09
U0233,P0128,Self-Help Book - Variant 2,Books,22.95,4,1,1,2024-10-12
U0233,P0139,Business Strategy Book - Variant 2,Books,18.14,5,3,1,2024-05-22
U0233,P0121,Skipping Rope - Variant 2,Sports,74.87,1,3,0,2024-12-28
U0233,P0135,Sci-Fi Novel,Books,37.03,3,1,1,2024-12-12
U0233,P0141,Children's Storybook,Books,33.46,5,3,0,2024-04-05
U0233,P0146,History Book,Books,11.74,3,3,1,2024-05-12
U0233,P0145,Poetry Collection - Variant 3,Books,15.46,4,2,1,2024-11-16
U0233,P0072,Cutlery Set - Variant 3,Home & Kitchen,83.94,2,3,0,2024-06-07
U0233,P0146,History Book,Books,11.74,2,1,0,2024-06-04
U0233,P0131,Cookbook - Variant 2,Books,11.3,4,1,1,2024-01-31
U0233,P0138,Business Strategy Book,Books,32.81,5,1,1,2024-09-15
U0233,P0140,Business Strategy Book - Variant 3,Books,14.32,2,1,1,2024-12-24
U0233,P0133,Biography,Books,29.75,3,3,0,2024-06-24
U0234,P0112,Football - Variant 2,Sports,71.75,3,2,0,2024-12-10
U0234,P0089,Hair Dryer - Variant 3,Beauty,27.59,4,1,0,2024-06-28
U0234,P0106,Cycling Helmet,Sports,67.06,4,3,0,2024-04-23
U0234,P0076,Face Moisturizer,Beauty,48.93,5,3,0,2024-04-28
U0234,P0096,Beard Trimmer - Variant 3,Beauty,16.01,3,3,1,2024-07-05
U0234,P0145,Poetry Collection - Variant 3,Books,15.46,1,1,0,2024-04-08
U0234,P0098,Body Lotion - Variant 2,Beauty,19.09,3,3,0,2024-01-10
U0234,P0077,Face Moisturizer - Variant 2,Beauty,44.26,3,3,1,2024-05-07
U0234,P0093,Nail Polish Kit - Variant 2,Beauty,18.13,3,2,0,2024-03-24
U0234,P0093,Nail Polish Kit - Variant 2,Beauty,18.13,3,3,1,2024-09-03
U0234,P0089,Hair Dryer - Variant 3,Beauty,27.59,4,2,1,2024-08-06
U0234,P0099,Body Lotion - Variant 3,Beauty,45.92,4,1,1,2024-07-09
U0234,P0099,Body Lotion - Variant 3,Beauty,45.92,3,3,0,2024-10-27
U0234,P0106,Cycling Helmet,Sports,67.06,2,3,0,2024-08-17
U0234,P0097,Body Lotion,Beauty,42.54,4,1,1,2024-03-21
U0234,P0079,Sunscreen SPF50 - Variant 2,Beauty,41.3,3,1,1,2024-02-18
U0234,P0053,Air Fryer,Home & Kitchen,77.17,4,2,0,2024-06-28
U0234,P0098,Body Lotion - Variant 2,Beauty,19.09,3,2,1,2024-11-29
U0234,P0087,Hair Dryer,Beauty,46.49,2,1,1,2024-06-18
U0234,P0095,Beard Trimmer - Variant 2,Beauty,23.23,5,1,1,2024-04-13
U0234,P0086,Perfume - Variant 2,Beauty,33.4,4,2,1,2024-04-17
U0234,P0087,Hair Dryer,Beauty,46.49,2,2,0,2024-07-02
U0234,P0076,Face Moisturizer,Beauty,48.93,3,2,1,2024-11-02
U0234,P0093,Nail Polish Kit - Variant 2,Beauty,18.13,5,2,1,2024-09-27
U0234,P0115,Tennis Racket - Variant 2,Sports,41.02,2,2,0,2024-04-17
U0234,P0077,Face Moisturizer - Variant 2,Beauty,44.26,5,3,1,2024-09-06
U0234,P0097,Body Lotion,Beauty,42.54,4,2,1,2024-06-21
U0234,P0077,Face Moisturizer - Variant 2,Beauty,44.26,3,1,1,2024-12-08
U0235,P0098,Body Lotion - Variant 2,Beauty,19.09,4,1,1,2024-04-18
U0235,P0145,Poetry Collection - Variant 3,Books,15.46,3,3,1,2024-12-13
U0235,P0148,History Book - Variant 3,Books,20.33,3,2,1,2024-08-27
U0235,P0077,Face Moisturizer - Variant 2,Beauty,44.26,3,1,1,2024-01-17
U0235,P0136,Sci-Fi Novel - Variant 2,Books,20.37,2,1,1,2024-06-21
U0235,P0150,Programming Guide - Variant 2,Books,12.92,3,1,1,2024-05-21
U0235,P0002,Wireless Earbuds - Variant 2,Electronics,56.91,2,2,1,2024-03-19
U0235,P0011,USB-C Hub,Electronics,143.0,1,2,0,2024-05-05
U0235,P0054,Air Fryer - Variant 2,Home & Kitchen,109.53,3,2,0,2024-12-05
U0235,P0053,Air Fryer,Home & Kitchen,77.17,2,1,1,2024-09-26
U0235,P0044,Formal Shirt,Fashion,83.48,3,3,1,2024-05-06
U0235,P0091,Face Mask Set - Variant 2,Beauty,47.83,2,1,1,2024-10-25
U0235,P0144,Poetry Collection - Variant 2,Books,23.59,3,2,1,2024-12-26
U0235,P0084,Lipstick - Variant 3,Beauty,13.19,2,1,0,2024-11-23
U0235,P0141,Children's Storybook,Books,33.46,3,3,0,2024-08-29
U0235,P0132,Cookbook - Variant 3,Books,19.54,5,3,1,2024-02-12
U0235,P0076,Face Moisturizer,Beauty,48.93,4,3,1,2024-01-21
U0235,P0139,Business Strategy Book - Variant 2,Books,18.14,3,2,0,2024-05-12
U0235,P0135,Sci-Fi Novel,Books,37.03,3,3,1,2024-11-10
U0235,P0128,Self-Help Book - Variant 2,Books,22.95,4,2,0,2024-02-07
U0235,P0141,Children's Storybook,Books,33.46,5,2,1,2024-11-03
U0235,P0115,Tennis Racket - Variant 2,Sports,41.02,2,2,1,2024-08-09
U0235,P0129,Self-Help Book - Variant 3,Books,37.09,5,1,1,2024-06-03
U0235,P0145,Poetry Collection - Variant 3,Books,15.46,3,1,1,2024-05-31
U0235,P0138,Business Strategy Book,Books,32.81,3,1,1,2024-09-06
U0235,P0081,Shampoo - Variant 2,Beauty,39.01,5,2,1,2024-03-28
U0235,P0058,Non-stick Pan,Home & Kitchen,28.34,4,3,0,2024-08-28
U0235,P0086,Perfume - Variant 2,Beauty,33.4,4,3,0,2024-06-16
U0236,P0139,Business Strategy Book - Variant 2,Books,18.14,4,3,1,2024-12-10
U0236,P0108,Water Bottle,Sports,48.44,3,1,0,2024-12-03
U0236,P0077,Face Moisturizer - Variant 2,Beauty,44.26,3,3,0,2024-12-08
U0236,P0057,Coffee Maker - Variant 3,Home & Kitchen,95.59,4,1,1,2024-03-02
U0236,P0082,Lipstick,Beauty,12.97,5,2,0,2024-11-23
U0236,P0098,Body Lotion - Variant 2,Beauty,19.09,4,2,1,2024-11-27
U0236,P0093,Nail Polish Kit - Variant 2,Beauty,18.13,4,3,0,2024-08-07
U0236,P0138,Business Strategy Book,Books,32.81,5,2,1,2024-08-02
U0236,P0083,Lipstick - Variant 2,Beauty,16.1,4,2,1,2024-07-08
U0236,P0080,Shampoo,Beauty,13.54,5,1,1,2024-12-04
U0236,P0092,Nail Polish Kit,Beauty,23.01,4,3,1,2024-05-18
U0236,P0089,Hair Dryer - Variant 3,Beauty,27.59,4,2,0,2024-08-22
U0236,P0131,Cookbook - Variant 2,Books,11.3,4,3,1,2024-03-01
U0236,P0078,Sunscreen SPF50,Beauty,33.33,3,1,1,2024-04-16
U0236,P0089,Hair Dryer - Variant 3,Beauty,27.59,5,2,1,2024-09-20
U0236,P0083,Lipstick - Variant 2,Beauty,16.1,5,3,1,2024-03-08
U0236,P0081,Shampoo - Variant 2,Beauty,39.01,3,3,1,2024-12-10
U0236,P0139,Business Strategy Book - Variant 2,Books,18.14,5,3,1,2024-04-20
U0236,P0096,Beard Trimmer - Variant 3,Beauty,16.01,4,3,1,2024-02-15
U0236,P0145,Poetry Collection - Variant 3,Books,15.46,4,1,1,2024-10-11
U0236,P0122,Gym Bag,Sports,52.75,3,1,0,2024-08-07
U0237,P0003,Bluetooth Speaker,Electronics,104.25,3,2,1,2024-08-28
U0237,P0026,Tablet - Variant 3,Electronics,105.26,5,1,1,2024-09-26
U0237,P0025,Tablet - Variant 2,Electronics,41.3,4,2,1,2024-02-10
U0237,P0020,Mechanical Keyboard - Variant 2,Electronics,77.77,1,2,1,2024-10-27
U0237,P0004,Bluetooth Speaker - Variant 2,Electronics,53.79,4,1,0,2024-04-18
U0237,P0001,Wireless Earbuds,Electronics,126.81,3,3,0,2024-08-05
U0237,P0002,Wireless Earbuds - Variant 2,Electronics,56.91,4,2,1,2024-07-06
U0237,P0018,Gaming Mouse - Variant 3,Electronics,81.58,3,2,1,2024-09-05
U0237,P0002,Wireless Earbuds - Variant 2,Electronics,56.91,4,1,1,2024-10-17
U0237,P0001,Wireless Earbuds,Electronics,126.81,4,3,0,2024-12-28
U0237,P0002,Wireless Earbuds - Variant 2,Electronics,56.91,3,1,1,2024-03-28
U0237,P0100,Yoga Mat,Sports,36.49,3,3,0,2024-12-15
U0237,P0023,Webcam - Variant 2,Electronics,79.6,4,3,0,2024-06-18
U0237,P0119,Fitness Tracker - Variant 3,Sports,46.34,2,3,0,2024-02-20
U0237,P0013,USB-C Hub - Variant 3,Electronics,149.11,4,2,1,2024-10-30
U0237,P0005,Bluetooth Speaker - Variant 3,Electronics,53.78,3,1,0,2024-01-28
U0237,P0026,Tablet - Variant 3,Electronics,105.26,3,2,1,2024-06-08
U0237,P0053,Air Fryer,Home & Kitchen,77.17,2,1,1,2024-04-12
U0237,P0014,Power Bank,Electronics,70.68,3,1,0,2024-06-17
U0238,P0095,Beard Trimmer - Variant 2,Beauty,23.23,3,3,1,2024-07-11
U0238,P0150,Programming Guide - Variant 2,Books,12.92,4,2,0,2024-11-14
U0238,P0121,Skipping Rope - Variant 2,Sports,74.87,4,3,0,2024-08-19
U0238,P0108,Water Bottle,Sports,48.44,3,3,1,2024-02-24
U0238,P0111,Football,Sports,37.24,4,3,1,2024-11-08
U0238,P0101,Yoga Mat - Variant 2,Sports,24.96,3,1,1,2024-08-05
U0238,P0103,Dumbbell Set - Variant 2,Sports,24.27,5,2,1,2024-08-23
U0238,P0103,Dumbbell Set - Variant 2,Sports,24.27,4,3,1,2024-11-10
U0238,P0111,Football,Sports,37.24,5,3,0,2024-11-15
U0238,P0100,Yoga Mat,Sports,36.49,3,2,1,2024-03-22
U0238,P0102,Dumbbell Set,Sports,36.13,3,1,1,2024-09-16
U0238,P0103,Dumbbell Set - Variant 2,Sports,24.27,4,1,1,2024-05-29
U0238,P0121,Skipping Rope - Variant 2,Sports,74.87,3,3,1,2024-11-12
U0238,P0113,Football - Variant 3,Sports,36.42,5,3,1,2024-12-01
U0238,P0128,Self-Help Book - Variant 2,Books,22.95,2,1,0,2024-02-14
U0238,P0111,Football,Sports,37.24,4,2,1,2024-06-08
U0238,P0087,Hair Dryer,Beauty,46.49,3,1,0,2024-10-19
U0238,P0110,Water Bottle - Variant 3,Sports,57.47,4,1,1,2024-03-02
U0238,P0105,Resistance Bands - Variant 2,Sports,18.03,3,2,1,2024-12-26
U0238,P0109,Water Bottle - Variant 2,Sports,45.64,5,1,1,2024-12-10
U0238,P0113,Football - Variant 3,Sports,36.42,4,3,1,2024-05-18
U0238,P0119,Fitness Tracker - Variant 3,Sports,46.34,4,2,1,2024-11-28
U0238,P0002,Wireless Earbuds - Variant 2,Electronics,56.91,3,1,0,2024-06-05
U0238,P0120,Skipping Rope,Sports,26.44,3,3,0,2024-02-21
U0238,P0123,Gym Bag - Variant 2,Sports,46.65,1,2,0,2024-11-16
U0238,P0115,Tennis Racket - Variant 2,Sports,41.02,5,2,1,2024-11-12
U0238,P0121,Skipping Rope - Variant 2,Sports,74.87,4,1,1,2024-12-22
U0238,P0114,Tennis Racket,Sports,49.81,4,1,0,2024-09-29
U0238,P0121,Skipping Rope - Variant 2,Sports,74.87,4,2,1,2024-07-14
U0238,P0101,Yoga Mat - Variant 2,Sports,24.96,3,2,1,2024-04-14
U0238,P0105,Resistance Bands - Variant 2,Sports,18.03,5,1,1,2024-03-10
U0238,P0112,Football - Variant 2,Sports,71.75,3,3,1,2024-10-20
U0238,P0020,Mechanical Keyboard - Variant 2,Electronics,77.77,4,3,0,2024-01-12
U0239,P0055,Coffee Maker,Home & Kitchen,73.4,4,3,1,2024-12-07
U0239,P0061,Blender - Variant 2,Home & Kitchen,27.47,4,3,1,2024-10-14
U0239,P0065,Bed Sheets Set - Variant 2,Home & Kitchen,33.33,3,1,1,2024-05-24
U0239,P0096,Beard Trimmer - Variant 3,Beauty,16.01,3,1,1,2024-05-06
U0239,P0012,USB-C Hub - Variant 2,Electronics,36.09,3,1,0,2024-04-06
U0239,P0058,Non-stick Pan,Home & Kitchen,28.34,3,3,1,2024-03-20
U0239,P0053,Air Fryer,Home & Kitchen,77.17,4,1,1,2024-05-02
U0239,P0118,Fitness Tracker - Variant 2,Sports,32.35,3,1,1,2024-10-24
U0239,P0060,Blender,Home & Kitchen,43.99,3,2,1,2024-11-17
U0239,P0067,Table Lamp - Variant 2,Home & Kitchen,105.23,4,3,0,2024-12-11
U0239,P0072,Cutlery Set - Variant 3,Home & Kitchen,83.94,4,3,0,2024-04-17
U0240,P0020,Mechanical Keyboard - Variant 2,Electronics,77.77,3,2,1,2024-07-14
U0240,P0010,Laptop Stand - Variant 3,Electronics,146.57,4,3,1,2024-02-21
U0240,P0018,Gaming Mouse - Variant 3,Electronics,81.58,4,2,1,2024-05-17
U0240,P0023,Webcam - Variant 2,Electronics,79.6,5,3,1,2024-03-16
U0240,P0014,Power Bank,Electronics,70.68,3,1,1,2024-07-12
U0240,P0052,Winter Coat - Variant 3,Fashion,39.04,2,1,1,2024-01-20
U0240,P0074,Wall Clock - Variant 2,Home & Kitchen,102.86,3,2,1,2024-02-19
U0240,P0021,Mechanical Keyboard - Variant 3,Electronics,87.99,4,3,1,2024-02-29
U0241,P0036,Sunglasses,Fashion,32.53,2,2,1,2024-09-10
U0241,P0071,Cutlery Set - Variant 2,Home & Kitchen,84.19,3,1,1,2024-08-31
U0241,P0066,Table Lamp,Home & Kitchen,82.67,4,3,0,2024-06-12
U0241,P0065,Bed Sheets Set - Variant 2,Home & Kitchen,33.33,5,2,1,2024-11-02
U0241,P0062,Vacuum Cleaner,Home & Kitchen,44.0,3,3,0,2024-09-24
U0241,P0146,History Book,Books,11.74,2,2,1,2024-07-06
U0241,P0058,Non-stick Pan,Home & Kitchen,28.34,3,2,1,2024-08-28
U0241,P0034,Leather Wallet - Variant 2,Fashion,29.12,3,3,0,2024-02-02
U0241,P0059,Non-stick Pan - Variant 2,Home & Kitchen,63.2,3,3,1,2024-12-03
U0241,P0059,Non-stick Pan - Variant 2,Home & Kitchen,63.2,3,3,1,2024-05-09
U0241,P0068,Storage Boxes,Home & Kitchen,80.29,4,3,1,2024-12-19
U0241,P0008,Laptop Stand,Electronics,116.72,4,1,0,2024-12-02
U0241,P0061,Blender - Variant 2,Home & Kitchen,27.47,4,2,0,2024-02-09
U0241,P0061,Blender - Variant 2,Home & Kitchen,27.47,4,3,1,2024-10-22
U0241,P0140,Business Strategy Book - Variant 3,Books,14.32,2,2,0,2024-04-13
U0241,P0051,Winter Coat - Variant 2,Fashion,46.85,2,1,0,2024-10-24
U0241,P0070,Cutlery Set,Home & Kitchen,58.7,4,2,1,2024-09-23
U0241,P0142,Children's Storybook - Variant 2,Books,18.29,3,1,0,2024-07-12
U0241,P0063,Vacuum Cleaner - Variant 2,Home & Kitchen,87.82,4,2,0,2024-05-06
U0241,P0053,Air Fryer,Home & Kitchen,77.17,4,1,0,2024-11-03
U0242,P0088,Hair Dryer - Variant 2,Beauty,21.47,3,1,0,2024-07-31
U0242,P0069,Storage Boxes - Variant 2,Home & Kitchen,55.29,4,2,1,2024-06-08
U0242,P0055,Coffee Maker,Home & Kitchen,73.4,5,1,0,2024-06-09
U0242,P0009,Laptop Stand - Variant 2,Electronics,38.35,2,1,0,2024-03-10
U0242,P0062,Vacuum Cleaner,Home & Kitchen,44.0,3,1,1,2024-07-10
U0242,P0066,Table Lamp,Home & Kitchen,82.67,4,1,1,2024-10-25
U0242,P0070,Cutlery Set,Home & Kitchen,58.7,3,3,1,2024-04-02
U0242,P0061,Blender - Variant 2,Home & Kitchen,27.47,4,1,1,2024-10-14
U0242,P0063,Vacuum Cleaner - Variant 2,Home & Kitchen,87.82,5,2,1,2024-02-27
U0242,P0057,Coffee Maker - Variant 3,Home & Kitchen,95.59,2,2,1,2024-11-01
U0242,P0058,Non-stick Pan,Home & Kitchen,28.34,4,2,0,2024-03-07
U0242,P0061,Blender - Variant 2,Home & Kitchen,27.47,4,1,1,2024-12-14
U0242,P0052,Winter Coat - Variant 3,Fashion,39.04,4,3,0,2024-06-21
U0242,P0073,Wall Clock,Home & Kitchen,81.51,3,3,0,2024-05-31
U0242,P0046,Formal Shirt - Variant 3,Fashion,60.76,1,3,0,2024-12-08
U0242,P0057,Coffee Maker - Variant 3,Home & Kitchen,95.59,4,2,1,2024-10-04
U0242,P0066,Table Lamp,Home & Kitchen,82.67,5,1,1,2024-02-23
U0242,P0057,Coffee Maker - Variant 3,Home & Kitchen,95.59,2,1,0,2024-12-16
U0242,P0070,Cutlery Set,Home & Kitchen,58.7,4,2,0,2024-03-10
U0242,P0063,Vacuum Cleaner - Variant 2,Home & Kitchen,87.82,4,1,0,2024-04-15
U0242,P0059,Non-stick Pan - Variant 2,Home & Kitchen,63.2,2,3,1,2024-04-27
U0242,P0062,Vacuum Cleaner,Home & Kitchen,44.0,4,2,0,2024-01-08
U0242,P0071,Cutlery Set - Variant 2,Home & Kitchen,84.19,5,3,1,2024-01-14
U0242,P0053,Air Fryer,Home & Kitchen,77.17,4,3,1,2024-07-16
U0242,P0135,Sci-Fi Novel,Books,37.03,2,1,0,2024-10-18
U0242,P0127,Self-Help Book,Books,13.13,3,3,0,2024-11-02
U0242,P0062,Vacuum Cleaner,Home & Kitchen,44.0,3,2,1,2024-12-11
U0242,P0054,Air Fryer - Variant 2,Home & Kitchen,109.53,3,2,1,2024-09-06
U0242,P0074,Wall Clock - Variant 2,Home & Kitchen,102.86,4,2,1,2024-10-22
U0242,P0061,Blender - Variant 2,Home & Kitchen,27.47,3,1,0,2024-11-04
U0242,P0068,Storage Boxes,Home & Kitchen,80.29,2,2,1,2024-10-03
U0243,P0009,Laptop Stand - Variant 2,Electronics,38.35,3,3,1,2024-04-10
U0243,P0101,Yoga Mat - Variant 2,Sports,24.96,5,1,0,2024-08-11
U0243,P0033,Leather Wallet,Fashion,50.27,3,3,1,2024-04-26
U0243,P0003,Bluetooth Speaker,Electronics,104.25,5,3,0,2024-02-04
U0243,P0021,Mechanical Keyboard - Variant 3,Electronics,87.99,4,2,1,2024-05-28
U0243,P0034,Leather Wallet - Variant 2,Fashion,29.12,4,3,0,2024-11-17
U0243,P0051,Winter Coat - Variant 2,Fashion,46.85,3,1,0,2024-03-05
U0243,P0011,USB-C Hub,Electronics,143.0,3,3,0,2024-04-10
U0243,P0103,Dumbbell Set - Variant 2,Sports,24.27,5,2,0,2024-11-12
U0243,P0016,Gaming Mouse,Electronics,38.63,4,1,0,2024-11-14
U0243,P0018,Gaming Mouse - Variant 3,Electronics,81.58,4,2,0,2024-12-23
U0243,P0114,Tennis Racket,Sports,49.81,5,1,0,2024-08-01
U0243,P0010,Laptop Stand - Variant 3,Electronics,146.57,4,3,1,2024-12-27
U0243,P0018,Gaming Mouse - Variant 3,Electronics,81.58,2,1,0,2024-11-12
U0243,P0108,Water Bottle,Sports,48.44,4,1,1,2024-12-11
U0243,P0109,Water Bottle - Variant 2,Sports,45.64,5,3,1,2024-01-14
U0244,P0032,Cotton T-Shirt - Variant 2,Fashion,36.35,5,1,1,2024-11-25
U0244,P0034,Leather Wallet - Variant 2,Fashion,29.12,4,3,0,2024-01-23
U0244,P0079,Sunscreen SPF50 - Variant 2,Beauty,41.3,3,2,1,2024-01-28
U0244,P0097,Body Lotion,Beauty,42.54,5,1,1,2024-09-21
U0244,P0037,Sunglasses - Variant 2,Fashion,47.01,3,3,1,2024-03-18
U0244,P0078,Sunscreen SPF50,Beauty,33.33,4,2,0,2024-02-04
U0244,P0028,Running Shoes - Variant 2,Fashion,21.88,3,1,1,2024-05-21
U0244,P0088,Hair Dryer - Variant 2,Beauty,21.47,5,3,1,2024-07-24
U0244,P0037,Sunglasses - Variant 2,Fashion,47.01,3,3,0,2024-09-11
U0244,P0110,Water Bottle - Variant 3,Sports,57.47,4,2,0,2024-06-08
U0244,P0116,Tennis Racket - Variant 3,Sports,21.7,3,1,0,2024-03-18
U0244,P0033,Leather Wallet,Fashion,50.27,3,1,1,2024-04-27
U0244,P0051,Winter Coat - Variant 2,Fashion,46.85,5,3,1,2024-12-22
U0244,P0117,Fitness Tracker,Sports,72.86,3,1,1,2024-09-16
U0244,P0048,Sneakers - Variant 2,Fashion,58.93,4,3,1,2024-02-12
U0244,P0094,Beard Trimmer,Beauty,35.73,3,1,1,2024-05-08
U0244,P0106,Cycling Helmet,Sports,67.06,3,2,0,2024-06-05
U0244,P0082,Lipstick,Beauty,12.97,4,3,1,2024-12-16
U0244,P0085,Perfume,Beauty,30.06,4,1,1,2024-09-22
U0244,P0006,Smartwatch,Electronics,88.35,3,1,1,2024-05-03
U0244,P0030,Denim Jacket - Variant 2,Fashion,74.76,4,1,1,2024-12-10
U0244,P0115,Tennis Racket - Variant 2,Sports,41.02,3,3,0,2024-12-13
U0244,P0086,Perfume - Variant 2,Beauty,33.4,4,3,1,2024-10-27
U0244,P0038,Wrist Watch,Fashion,65.06,4,2,1,2024-03-11
U0244,P0053,Air Fryer,Home & Kitchen,77.17,4,2,0,2024-08-19
U0245,P0007,Smartwatch - Variant 2,Electronics,74.04,3,1,1,2024-11-25
U0245,P0148,History Book - Variant 3,Books,20.33,5,2,0,2024-08-14
U0245,P0015,Power Bank - Variant 2,Electronics,95.82,4,1,1,2024-07-17
U0245,P0034,Leather Wallet - Variant 2,Fashion,29.12,3,1,1,2024-09-04
U0245,P0030,Denim Jacket - Variant 2,Fashion,74.76,2,2,1,2024-10-14
U0245,P0089,Hair Dryer - Variant 3,Beauty,27.59,4,2,1,2024-12-18
U0245,P0091,Face Mask Set - Variant 2,Beauty,47.83,2,3,1,2024-03-14
U0245,P0114,Tennis Racket,Sports,49.81,1,2,0,2024-01-22
U0245,P0002,Wireless Earbuds - Variant 2,Electronics,56.91,4,3,0,2024-07-16
U0245,P0108,Water Bottle,Sports,48.44,3,3,0,2024-03-16
U0245,P0058,Non-stick Pan,Home & Kitchen,28.34,1,3,0,2024-03-05
U0245,P0014,Power Bank,Electronics,70.68,5,1,1,2024-07-23
U0245,P0006,Smartwatch,Electronics,88.35,5,1,1,2024-04-06
U0245,P0095,Beard Trimmer - Variant 2,Beauty,23.23,3,2,0,2024-09-09
U0245,P0062,Vacuum Cleaner,Home & Kitchen,44.0,4,3,0,2024-03-26
U0245,P0115,Tennis Racket - Variant 2,Sports,41.02,3,2,0,2024-04-26
U0245,P0091,Face Mask Set - Variant 2,Beauty,47.83,3,2,1,2024-03-10
U0245,P0071,Cutlery Set - Variant 2,Home & Kitchen,84.19,2,3,0,2024-05-01
U0245,P0080,Shampoo,Beauty,13.54,4,3,0,2024-04-15
U0245,P0074,Wall Clock - Variant 2,Home & Kitchen,102.86,1,1,0,2024-04-20
U0245,P0090,Face Mask Set,Beauty,19.72,4,3,0,2024-10-14
U0245,P0135,Sci-Fi Novel,Books,37.03,1,1,1,2024-09-17
U0245,P0083,Lipstick - Variant 2,Beauty,16.1,1,2,0,2024-03-03
U0245,P0113,Football - Variant 3,Sports,36.42,4,2,1,2024-02-21
U0245,P0097,Body Lotion,Beauty,42.54,2,1,0,2024-05-28
U0245,P0053,Air Fryer,Home & Kitchen,77.17,2,2,0,2024-05-21
U0245,P0087,Hair Dryer,Beauty,46.49,2,3,1,2024-08-06
U0245,P0008,Laptop Stand,Electronics,116.72,4,3,0,2024-02-04
U0245,P0084,Lipstick - Variant 3,Beauty,13.19,4,2,1,2024-11-03
U0245,P0076,Face Moisturizer,Beauty,48.93,3,2,0,2024-02-12
U0245,P0010,Laptop Stand - Variant 3,Electronics,146.57,3,1,1,2024-04-03
U0245,P0016,Gaming Mouse,Electronics,38.63,2,1,1,2024-02-29
U0245,P0021,Mechanical Keyboard - Variant 3,Electronics,87.99,3,1,0,2024-12-05
U0245,P0078,Sunscreen SPF50,Beauty,33.33,3,3,0,2024-04-22
U0245,P0088,Hair Dryer - Variant 2,Beauty,21.47,4,2,0,2024-09-27
U0245,P0112,Football - Variant 2,Sports,71.75,1,1,0,2024-05-10
U0246,P0065,Bed Sheets Set - Variant 2,Home & Kitchen,33.33,5,3,0,2024-10-30
U0246,P0008,Laptop Stand,Electronics,116.72,2,2,1,2024-01-28
U0246,P0069,Storage Boxes - Variant 2,Home & Kitchen,55.29,4,3,1,2024-01-25
U0246,P0053,Air Fryer,Home & Kitchen,77.17,5,2,1,2024-07-14
U0246,P0055,Coffee Maker,Home & Kitchen,73.4,3,2,1,2024-09-22
U0246,P0118,Fitness Tracker - Variant 2,Sports,32.35,2,3,0,2024-06-06
U0246,P0053,Air Fryer,Home & Kitchen,77.17,5,1,1,2024-11-16
U0246,P0060,Blender,Home & Kitchen,43.99,2,1,1,2024-02-05
U0246,P0073,Wall Clock,Home & Kitchen,81.51,5,2,1,2024-10-26
U0246,P0055,Coffee Maker,Home & Kitchen,73.4,3,1,1,2024-10-25
U0246,P0057,Coffee Maker - Variant 3,Home & Kitchen,95.59,4,3,1,2024-01-29
U0246,P0058,Non-stick Pan,Home & Kitchen,28.34,4,2,0,2024-03-09
U0246,P0056,Coffee Maker - Variant 2,Home & Kitchen,39.05,3,2,1,2024-12-19
U0246,P0054,Air Fryer - Variant 2,Home & Kitchen,109.53,4,3,1,2024-06-20
U0246,P0075,Wall Clock - Variant 3,Home & Kitchen,67.37,1,2,1,2024-08-08
U0246,P0073,Wall Clock,Home & Kitchen,81.51,4,1,1,2024-11-26
U0246,P0072,Cutlery Set - Variant 3,Home & Kitchen,83.94,3,3,1,2024-05-08
U0246,P0055,Coffee Maker,Home & Kitchen,73.4,2,2,1,2024-11-07
U0246,P0054,Air Fryer - Variant 2,Home & Kitchen,109.53,4,1,1,2024-01-19
U0246,P0070,Cutlery Set,Home & Kitchen,58.7,4,2,1,2024-06-13
U0246,P0054,Air Fryer - Variant 2,Home & Kitchen,109.53,3,1,1,2024-07-19
U0246,P0056,Coffee Maker - Variant 2,Home & Kitchen,39.05,4,1,1,2024-01-01
U0246,P0071,Cutlery Set - Variant 2,Home & Kitchen,84.19,4,3,0,2024-09-06
U0246,P0061,Blender - Variant 2,Home & Kitchen,27.47,4,2,1,2024-10-05
U0246,P0053,Air Fryer,Home & Kitchen,77.17,2,3,1,2024-01-25
U0246,P0060,Blender,Home & Kitchen,43.99,5,1,1,2024-09-10
U0246,P0054,Air Fryer - Variant 2,Home & Kitchen,109.53,3,3,1,2024-02-27
U0246,P0061,Blender - Variant 2,Home & Kitchen,27.47,3,1,1,2024-01-13
U0246,P0069,Storage Boxes - Variant 2,Home & Kitchen,55.29,4,1,0,2024-04-13
U0246,P0064,Bed Sheets Set,Home & Kitchen,92.94,4,3,1,2024-04-14
U0246,P0065,Bed Sheets Set - Variant 2,Home & Kitchen,33.33,2,2,1,2024-12-18
U0246,P0070,Cutlery Set,Home & Kitchen,58.7,3,1,1,2024-02-19
U0247,P0104,Resistance Bands,Sports,54.92,4,1,1,2024-01-07
U0247,P0113,Football - Variant 3,Sports,36.42,2,2,1,2024-08-04
U0247,P0075,Wall Clock - Variant 3,Home & Kitchen,67.37,1,2,1,2024-01-16
U0247,P0121,Skipping Rope - Variant 2,Sports,74.87,3,3,1,2024-12-01
U0247,P0118,Fitness Tracker - Variant 2,Sports,32.35,3,1,1,2024-11-08
U0247,P0042,Backpack - Variant 2,Fashion,23.08,2,2,1,2024-07-25
U0247,P0010,Laptop Stand - Variant 3,Electronics,146.57,3,2,0,2024-01-09
U0247,P0110,Water Bottle - Variant 3,Sports,57.47,3,1,0,2024-02-16
U0247,P0123,Gym Bag - Variant 2,Sports,46.65,4,2,1,2024-07-28
U0247,P0039,Wrist Watch - Variant 2,Fashion,41.73,5,2,1,2024-09-04
U0247,P0043,Backpack - Variant 3,Fashion,77.01,5,1,0,2024-08-12
U0247,P0041,Backpack,Fashion,58.75,2,3,1,2024-10-22
U0247,P0114,Tennis Racket,Sports,49.81,3,2,1,2024-01-07
U0247,P0017,Gaming Mouse - Variant 2,Electronics,95.82,1,3,0,2024-12-02
U0247,P0036,Sunglasses,Fashion,32.53,5,2,0,2024-09-18
U0247,P0100,Yoga Mat,Sports,36.49,4,3,1,2024-04-05
U0247,P0036,Sunglasses,Fashion,32.53,4,2,1,2024-06-19
U0247,P0109,Water Bottle - Variant 2,Sports,45.64,4,3,0,2024-02-20
U0247,P0121,Skipping Rope - Variant 2,Sports,74.87,3,3,1,2024-04-20
U0247,P0061,Blender - Variant 2,Home & Kitchen,27.47,3,2,0,2024-02-15
U0247,P0112,Football - Variant 2,Sports,71.75,4,2,1,2024-11-06
U0247,P0035,Leather Wallet - Variant 3,Fashion,53.93,5,2,1,2024-03-21
U0247,P0103,Dumbbell Set - Variant 2,Sports,24.27,3,1,1,2024-10-02
U0247,P0038,Wrist Watch,Fashion,65.06,3,2,1,2024-05-12
U0247,P0034,Leather Wallet - Variant 2,Fashion,29.12,5,1,1,2024-10-19
U0247,P0033,Leather Wallet,Fashion,50.27,4,1,1,2024-06-18
U0247,P0047,Sneakers,Fashion,42.71,5,1,1,2024-11-05
U0247,P0028,Running Shoes - Variant 2,Fashion,21.88,1,2,1,2024-09-01
U0247,P0067,Table Lamp - Variant 2,Home & Kitchen,105.23,2,3,1,2024-11-25
U0247,P0114,Tennis Racket,Sports,49.81,5,2,1,2024-04-23
U0247,P0051,Winter Coat - Variant 2,Fashion,46.85,3,3,1,2024-01-04
U0247,P0139,Business Strategy Book - Variant 2,Books,18.14,3,2,1,2024-09-05
U0247,P0110,Water Bottle - Variant 3,Sports,57.47,5,3,1,2024-06-26
U0247,P0120,Skipping Rope,Sports,26.44,5,1,1,2024-09-19
U0247,P0101,Yoga Mat - Variant 2,Sports,24.96,3,2,1,2024-07-23
U0247,P0110,Water Bottle - Variant 3,Sports,57.47,4,3,1,2024-11-06
U0247,P0115,Tennis Racket - Variant 2,Sports,41.02,4,2,0,2024-06-25
U0247,P0106,Cycling Helmet,Sports,67.06,4,1,1,2024-10-21
U0248,P0007,Smartwatch - Variant 2,Electronics,74.04,3,2,0,2024-12-26
U0248,P0017,Gaming Mouse - Variant 2,Electronics,95.82,3,3,0,2024-10-04
U0248,P0059,Non-stick Pan - Variant 2,Home & Kitchen,63.2,3,2,0,2024-09-11
U0248,P0054,Air Fryer - Variant 2,Home & Kitchen,109.53,3,2,1,2024-02-15
U0248,P0035,Leather Wallet - Variant 3,Fashion,53.93,4,3,0,2024-03-29
U0248,P0061,Blender - Variant 2,Home & Kitchen,27.47,4,3,0,2024-08-13
U0248,P0070,Cutlery Set,Home & Kitchen,58.7,3,1,1,2024-07-12
U0248,P0060,Blender,Home & Kitchen,43.99,2,1,0,2024-07-17
U0248,P0058,Non-stick Pan,Home & Kitchen,28.34,3,3,1,2024-09-30
U0248,P0068,Storage Boxes,Home & Kitchen,80.29,4,2,1,2024-05-11
U0248,P0099,Body Lotion - Variant 3,Beauty,45.92,4,1,0,2024-09-25
U0248,P0063,Vacuum Cleaner - Variant 2,Home & Kitchen,87.82,3,2,1,2024-10-17
U0248,P0147,History Book - Variant 2,Books,35.8,2,3,1,2024-12-05
U0248,P0072,Cutlery Set - Variant 3,Home & Kitchen,83.94,3,3,0,2024-02-16
U0248,P0038,Wrist Watch,Fashion,65.06,3,2,1,2024-08-12
U0248,P0034,Leather Wallet - Variant 2,Fashion,29.12,4,1,1,2024-07-31
U0248,P0003,Bluetooth Speaker,Electronics,104.25,3,3,0,2024-08-11
U0248,P0074,Wall Clock - Variant 2,Home & Kitchen,102.86,4,1,1,2024-01-28
U0248,P0030,Denim Jacket - Variant 2,Fashion,74.76,4,1,0,2024-07-25
U0248,P0039,Wrist Watch - Variant 2,Fashion,41.73,2,1,1,2024-05-10
U0248,P0061,Blender - Variant 2,Home & Kitchen,27.47,3,3,0,2024-09-02
U0248,P0129,Self-Help Book - Variant 3,Books,37.09,5,3,1,2024-09-28
U0248,P0050,Winter Coat,Fashion,42.63,3,1,1,2024-08-20
U0248,P0071,Cutlery Set - Variant 2,Home & Kitchen,84.19,4,2,1,2024-11-18
U0249,P0035,Leather Wallet - Variant 3,Fashion,53.93,3,3,0,2024-07-17
U0249,P0092,Nail Polish Kit,Beauty,23.01,3,3,1,2024-08-26
U0249,P0001,Wireless Earbuds,Electronics,126.81,5,2,1,2024-02-14
U0249,P0010,Laptop Stand - Variant 3,Electronics,146.57,3,2,1,2024-07-28
U0249,P0015,Power Bank - Variant 2,Electronics,95.82,4,1,0,2024-02-21
U0249,P0025,Tablet - Variant 2,Electronics,41.3,5,3,1,2024-07-30
U0249,P0010,Laptop Stand - Variant 3,Electronics,146.57,4,1,1,2024-11-23
U0249,P0105,Resistance Bands - Variant 2,Sports,18.03,2,2,0,2024-08-06
U0249,P0020,Mechanical Keyboard - Variant 2,Electronics,77.77,3,1,1,2024-07-11
U0249,P0021,Mechanical Keyboard - Variant 3,Electronics,87.99,3,1,1,2024-01-16
U0249,P0012,USB-C Hub - Variant 2,Electronics,36.09,3,3,0,2024-10-03
U0249,P0017,Gaming Mouse - Variant 2,Electronics,95.82,5,1,1,2024-12-07
U0249,P0001,Wireless Earbuds,Electronics,126.81,2,3,0,2024-03-14
U0249,P0036,Sunglasses,Fashion,32.53,2,2,0,2024-11-14
U0249,P0001,Wireless Earbuds,Electronics,126.81,3,1,1,2024-06-03
U0249,P0021,Mechanical Keyboard - Variant 3,Electronics,87.99,1,2,0,2024-07-07
U0249,P0024,Tablet,Electronics,103.54,4,1,1,2024-01-09
U0249,P0006,Smartwatch,Electronics,88.35,2,3,0,2024-11-01
U0249,P0025,Tablet - Variant 2,Electronics,41.3,5,3,1,2024-05-28
U0249,P0024,Tablet,Electronics,103.54,3,2,1,2024-04-24
U0249,P0017,Gaming Mouse - Variant 2,Electronics,95.82,4,1,1,2024-06-22
U0249,P0003,Bluetooth Speaker,Electronics,104.25,5,3,0,2024-11-30
U0250,P0071,Cutlery Set - Variant 2,Home & Kitchen,84.19,3,1,1,2024-05-07
U0250,P0145,Poetry Collection - Variant 3,Books,15.46,3,1,1,2024-05-01
U0250,P0132,Cookbook - Variant 3,Books,19.54,4,2,0,2024-05-21
U0250,P0056,Coffee Maker - Variant 2,Home & Kitchen,39.05,2,2,1,2024-07-16
U0250,P0131,Cookbook - Variant 2,Books,11.3,4,1,1,2024-03-24
U0250,P0143,Poetry Collection,Books,9.47,5,1,0,2024-11-22
U0250,P0067,Table Lamp - Variant 2,Home & Kitchen,105.23,4,2,1,2024-07-14
U0250,P0064,Bed Sheets Set,Home & Kitchen,92.94,5,3,1,2024-03-17
U0250,P0072,Cutlery Set - Variant 3,Home & Kitchen,83.94,2,1,1,2024-11-19
U0250,P0053,Air Fryer,Home & Kitchen,77.17,3,2,0,2024-06-23
U0250,P0110,Water Bottle - Variant 3,Sports,57.47,2,1,0,2024-03-11
U0250,P0007,Smartwatch - Variant 2,Electronics,74.04,2,3,1,2024-02-10
U0250,P0105,Resistance Bands - Variant 2,Sports,18.03,2,2,1,2024-09-30
U0250,P0147,History Book - Variant 2,Books,35.8,4,1,1,2024-06-29
U0250,P0056,Coffee Maker - Variant 2,Home & Kitchen,39.05,3,2,1,2024-09-22
U0251,P0095,Beard Trimmer - Variant 2,Beauty,23.23,4,1,1,2024-07-16
U0251,P0032,Cotton T-Shirt - Variant 2,Fashion,36.35,5,2,1,2024-05-08
U0251,P0085,Perfume,Beauty,30.06,4,2,1,2024-09-04
U0251,P0040,Wrist Watch - Variant 3,Fashion,55.58,5,2,1,2024-02-05
U0251,P0052,Winter Coat - Variant 3,Fashion,39.04,4,1,1,2024-09-28
U0251,P0030,Denim Jacket - Variant 2,Fashion,74.76,4,1,1,2024-05-30
U0251,P0098,Body Lotion - Variant 2,Beauty,19.09,4,3,1,2024-05-25
U0251,P0052,Winter Coat - Variant 3,Fashion,39.04,5,2,1,2024-05-16
U0251,P0043,Backpack - Variant 3,Fashion,77.01,4,2,1,2024-11-25
U0251,P0099,Body Lotion - Variant 3,Beauty,45.92,4,2,1,2024-06-30
U0251,P0032,Cotton T-Shirt - Variant 2,Fashion,36.35,4,2,0,2024-02-24
U0251,P0034,Leather Wallet - Variant 2,Fashion,29.12,4,3,1,2024-11-29
U0251,P0033,Leather Wallet,Fashion,50.27,5,3,0,2024-10-01
U0251,P0052,Winter Coat - Variant 3,Fashion,39.04,4,1,1,2024-07-30
U0251,P0036,Sunglasses,Fashion,32.53,3,3,1,2024-12-13
U0251,P0078,Sunscreen SPF50,Beauty,33.33,3,3,1,2024-09-14
U0251,P0034,Leather Wallet - Variant 2,Fashion,29.12,4,1,1,2024-12-29
U0251,P0080,Shampoo,Beauty,13.54,3,1,1,2024-10-14
U0251,P0076,Face Moisturizer,Beauty,48.93,3,2,0,2024-10-25
U0251,P0059,Non-stick Pan - Variant 2,Home & Kitchen,63.2,3,2,1,2024-08-22
U0251,P0039,Wrist Watch - Variant 2,Fashion,41.73,3,2,1,2024-03-06
U0251,P0047,Sneakers,Fashion,42.71,4,3,1,2024-01-03
U0251,P0031,Cotton T-Shirt,Fashion,22.06,4,1,1,2024-10-14
U0251,P0035,Leather Wallet - Variant 3,Fashion,53.93,2,3,1,2024-10-14
U0251,P0097,Body Lotion,Beauty,42.54,4,2,1,2024-08-24
U0251,P0071,Cutlery Set - Variant 2,Home & Kitchen,84.19,3,3,0,2024-10-02
U0251,P0027,Running Shoes,Fashion,50.96,4,3,1,2024-01-01
U0251,P0052,Winter Coat - Variant 3,Fashion,39.04,5,2,0,2024-02-17
U0251,P0101,Yoga Mat - Variant 2,Sports,24.96,2,2,0,2024-08-26
U0251,P0043,Backpack - Variant 3,Fashion,77.01,3,1,1,2024-06-03
U0251,P0093,Nail Polish Kit - Variant 2,Beauty,18.13,3,1,1,2024-06-21
U0251,P0042,Backpack - Variant 2,Fashion,23.08,4,3,0,2024-09-12
U0251,P0104,Resistance Bands,Sports,54.92,1,2,1,2024-09-07
U0251,P0045,Formal Shirt - Variant 2,Fashion,80.51,1,3,1,2024-04-15
U0252,P0087,Hair Dryer,Beauty,46.49,3,3,1,2024-03-14
U0252,P0011,USB-C Hub,Electronics,143.0,2,3,0,2024-05-19
U0252,P0079,Sunscreen SPF50 - Variant 2,Beauty,41.3,4,3,1,2024-12-27
U0252,P0076,Face Moisturizer,Beauty,48.93,5,1,1,2024-07-19
U0252,P0054,Air Fryer - Variant 2,Home & Kitchen,109.53,1,3,0,2024-05-10
U0252,P0081,Shampoo - Variant 2,Beauty,39.01,4,1,1,2024-01-24
U0252,P0051,Winter Coat - Variant 2,Fashion,46.85,3,1,0,2024-03-21
U0252,P0078,Sunscreen SPF50,Beauty,33.33,3,2,1,2024-09-27
U0252,P0077,Face Moisturizer - Variant 2,Beauty,44.26,3,1,0,2024-12-25
U0252,P0135,Sci-Fi Novel,Books,37.03,4,1,0,2024-07-24
U0252,P0078,Sunscreen SPF50,Beauty,33.33,4,1,1,2024-09-20
U0252,P0090,Face Mask Set,Beauty,19.72,2,3,0,2024-07-25
U0252,P0059,Non-stick Pan - Variant 2,Home & Kitchen,63.2,4,3,0,2024-10-14
U0252,P0082,Lipstick,Beauty,12.97,5,1,1,2024-10-31
U0252,P0091,Face Mask Set - Variant 2,Beauty,47.83,2,2,1,2024-01-10
U0252,P0095,Beard Trimmer - Variant 2,Beauty,23.23,3,3,0,2024-05-10
U0252,P0130,Cookbook,Books,25.89,3,2,1,2024-03-23
U0252,P0078,Sunscreen SPF50,Beauty,33.33,4,2,0,2024-03-01
U0252,P0110,Water Bottle - Variant 3,Sports,57.47,2,3,0,2024-09-22
U0252,P0123,Gym Bag - Variant 2,Sports,46.65,2,3,1,2024-12-11
U0252,P0094,Beard Trimmer,Beauty,35.73,4,1,1,2024-04-27
U0252,P0080,Shampoo,Beauty,13.54,3,1,0,2024-11-02
U0252,P0093,Nail Polish Kit - Variant 2,Beauty,18.13,4,1,1,2024-04-28
U0252,P0092,Nail Polish Kit,Beauty,23.01,4,2,1,2024-11-02
U0252,P0130,Cookbook,Books,25.89,4,1,0,2024-03-16
U0253,P0116,Tennis Racket - Variant 3,Sports,21.7,4,1,1,2024-12-24
U0253,P0104,Resistance Bands,Sports,54.92,2,3,1,2024-09-21
U0253,P0137,Sci-Fi Novel - Variant 3,Books,32.27,3,3,0,2024-04-25
U0253,P0111,Football,Sports,37.24,4,2,1,2024-04-28
U0253,P0103,Dumbbell Set - Variant 2,Sports,24.27,4,3,1,2024-12-26
U0253,P0090,Face Mask Set,Beauty,19.72,3,2,1,2024-06-20
U0253,P0094,Beard Trimmer,Beauty,35.73,3,1,1,2024-04-12
U0253,P0102,Dumbbell Set,Sports,36.13,4,2,1,2024-04-08
U0253,P0149,Programming Guide,Books,35.7,2,3,0,2024-03-06
U0253,P0105,Resistance Bands - Variant 2,Sports,18.03,4,3,0,2024-03-05
U0253,P0104,Resistance Bands,Sports,54.92,5,3,0,2024-07-02
U0253,P0119,Fitness Tracker - Variant 3,Sports,46.34,3,3,1,2024-01-27
U0253,P0114,Tennis Racket,Sports,49.81,5,2,1,2024-03-02
U0253,P0042,Backpack - Variant 2,Fashion,23.08,1,1,0,2024-03-26
U0253,P0021,Mechanical Keyboard - Variant 3,Electronics,87.99,2,1,1,2024-08-01
U0253,P0090,Face Mask Set,Beauty,19.72,4,2,1,2024-11-05
U0253,P0094,Beard Trimmer,Beauty,35.73,3,1,0,2024-04-08
U0253,P0113,Football - Variant 3,Sports,36.42,5,3,1,2024-06-21
U0253,P0012,USB-C Hub - Variant 2,Electronics,36.09,3,2,0,2024-12-13
U0253,P0105,Resistance Bands - Variant 2,Sports,18.03,2,2,1,2024-07-09
U0253,P0122,Gym Bag,Sports,52.75,3,2,0,2024-01-10
U0253,P0101,Yoga Mat - Variant 2,Sports,24.96,5,2,1,2024-03-06
U0253,P0085,Perfume,Beauty,30.06,4,2,0,2024-02-20
U0253,P0026,Tablet - Variant 3,Electronics,105.26,4,3,1,2024-10-20
U0253,P0133,Biography,Books,29.75,4,3,1,2024-07-31
U0254,P0052,Winter Coat - Variant 3,Fashion,39.04,3,1,1,2024-03-22
U0254,P0040,Wrist Watch - Variant 3,Fashion,55.58,2,1,1,2024-09-27
U0254,P0031,Cotton T-Shirt,Fashion,22.06,5,2,1,2024-09-24
U0254,P0038,Wrist Watch,Fashion,65.06,3,3,0,2024-03-14
U0254,P0032,Cotton T-Shirt - Variant 2,Fashion,36.35,3,2,1,2024-09-13
U0254,P0042,Backpack - Variant 2,Fashion,23.08,4,3,1,2024-07-10
U0254,P0092,Nail Polish Kit,Beauty,23.01,1,2,1,2024-02-29
U0254,P0038,Wrist Watch,Fashion,65.06,4,1,0,2024-08-27
U0254,P0050,Winter Coat,Fashion,42.63,4,1,1,2024-09-04
U0254,P0037,Sunglasses - Variant 2,Fashion,47.01,5,1,1,2024-08-26
U0254,P0049,Sneakers - Variant 3,Fashion,55.64,3,2,1,2024-11-13
U0254,P0043,Backpack - Variant 3,Fashion,77.01,4,1,0,2024-02-10
U0254,P0031,Cotton T-Shirt,Fashion,22.06,4,3,1,2024-05-18
U0254,P0048,Sneakers - Variant 2,Fashion,58.93,5,2,1,2024-08-07
U0254,P0027,Running Shoes,Fashion,50.96,3,2,0,2024-01-30
U0254,P0029,Denim Jacket,Fashion,85.21,5,2,0,2024-09-21
U0254,P0087,Hair Dryer,Beauty,46.49,2,1,0,2024-01-23
U0254,P0128,Self-Help Book - Variant 2,Books,22.95,2,3,0,2024-07-14
U0254,P0049,Sneakers - Variant 3,Fashion,55.64,4,1,0,2024-03-29
U0254,P0119,Fitness Tracker - Variant 3,Sports,46.34,4,2,0,2024-01-03
U0254,P0038,Wrist Watch,Fashion,65.06,2,3,0,2024-08-16
U0254,P0034,Leather Wallet - Variant 2,Fashion,29.12,5,2,1,2024-08-23
U0254,P0111,Football,Sports,37.24,3,3,0,2024-07-28
U0254,P0043,Backpack - Variant 3,Fashion,77.01,4,3,1,2024-12-22
U0254,P0106,Cycling Helmet,Sports,67.06,2,2,0,2024-12-23
U0255,P0081,Shampoo - Variant 2,Beauty,39.01,3,1,1,2024-08-11
U0255,P0063,Vacuum Cleaner - Variant 2,Home & Kitchen,87.82,2,1,0,2024-04-12
U0255,P0032,Cotton T-Shirt - Variant 2,Fashion,36.35,3,3,1,2024-04-23
U0255,P0082,Lipstick,Beauty,12.97,4,3,0,2024-03-28
U0255,P0147,History Book - Variant 2,Books,35.8,4,3,0,2024-02-22
U0255,P0093,Nail Polish Kit - Variant 2,Beauty,18.13,5,2,1,2024-07-23
U0255,P0143,Poetry Collection,Books,9.47,4,3,0,2024-05-31
U0255,P0081,Shampoo - Variant 2,Beauty,39.01,4,2,1,2024-01-14
U0255,P0039,Wrist Watch - Variant 2,Fashion,41.73,1,3,1,2024-08-29
U0255,P0079,Sunscreen SPF50 - Variant 2,Beauty,41.3,4,1,1,2024-04-29
U0255,P0060,Blender,Home & Kitchen,43.99,2,2,0,2024-11-17
U0255,P0121,Skipping Rope - Variant 2,Sports,74.87,3,2,1,2024-12-08
U0255,P0079,Sunscreen SPF50 - Variant 2,Beauty,41.3,4,1,1,2024-01-31
U0255,P0089,Hair Dryer - Variant 3,Beauty,27.59,5,1,1,2024-01-02
U0255,P0137,Sci-Fi Novel - Variant 3,Books,32.27,4,3,1,2024-04-22
U0256,P0083,Lipstick - Variant 2,Beauty,16.1,4,3,1,2024-06-03
U0256,P0039,Wrist Watch - Variant 2,Fashion,41.73,4,3,0,2024-02-14
U0256,P0081,Shampoo - Variant 2,Beauty,39.01,3,1,1,2024-03-06
U0256,P0135,Sci-Fi Novel,Books,37.03,3,2,1,2024-01-09
U0256,P0097,Body Lotion,Beauty,42.54,3,3,0,2024-11-25
U0256,P0096,Beard Trimmer - Variant 3,Beauty,16.01,4,1,0,2024-03-27
U0256,P0138,Business Strategy Book,Books,32.81,1,2,0,2024-12-14
U0256,P0085,Perfume,Beauty,30.06,1,1,1,2024-01-09
U0256,P0079,Sunscreen SPF50 - Variant 2,Beauty,41.3,4,1,0,2024-05-31
U0256,P0076,Face Moisturizer,Beauty,48.93,3,2,1,2024-02-13
U0256,P0118,Fitness Tracker - Variant 2,Sports,32.35,3,3,0,2024-04-13
U0256,P0087,Hair Dryer,Beauty,46.49,5,1,1,2024-12-13
U0256,P0074,Wall Clock - Variant 2,Home & Kitchen,102.86,3,3,1,2024-04-08
U0256,P0092,Nail Polish Kit,Beauty,23.01,5,2,1,2024-11-03
U0257,P0088,Hair Dryer - Variant 2,Beauty,21.47,5,2,1,2024-02-09
U0257,P0095,Beard Trimmer - Variant 2,Beauty,23.23,4,1,1,2024-04-29
U0257,P0090,Face Mask Set,Beauty,19.72,5,3,1,2024-01-21
U0257,P0087,Hair Dryer,Beauty,46.49,4,3,0,2024-12-26
U0257,P0091,Face Mask Set - Variant 2,Beauty,47.83,4,1,0,2024-04-30
U0257,P0137,Sci-Fi Novel - Variant 3,Books,32.27,4,1,1,2024-01-12
U0257,P0144,Poetry Collection - Variant 2,Books,23.59,2,1,1,2024-07-12
U0257,P0139,Business Strategy Book - Variant 2,Books,18.14,2,3,1,2024-10-02
U0257,P0142,Children's Storybook - Variant 2,Books,18.29,5,1,1,2024-04-23
U0257,P0083,Lipstick - Variant 2,Beauty,16.1,4,1,1,2024-08-20
U0257,P0091,Face Mask Set - Variant 2,Beauty,47.83,3,2,1,2024-12-21
U0257,P0144,Poetry Collection - Variant 2,Books,23.59,4,2,1,2024-03-01
U0257,P0048,Sneakers - Variant 2,Fashion,58.93,2,2,1,2024-01-23
U0257,P0144,Poetry Collection - Variant 2,Books,23.59,2,2,1,2024-07-08
U0257,P0074,Wall Clock - Variant 2,Home & Kitchen,102.86,2,2,1,2024-05-12
U0258,P0087,Hair Dryer,Beauty,46.49,3,1,0,2024-04-06
U0258,P0086,Perfume - Variant 2,Beauty,33.4,5,1,1,2024-07-01
U0258,P0095,Beard Trimmer - Variant 2,Beauty,23.23,2,3,1,2024-12-25
U0258,P0081,Shampoo - Variant 2,Beauty,39.01,4,1,1,2024-04-12
U0258,P0098,Body Lotion - Variant 2,Beauty,19.09,5,2,0,2024-12-29
U0258,P0091,Face Mask Set - Variant 2,Beauty,47.83,3,1,1,2024-12-14
U0258,P0078,Sunscreen SPF50,Beauty,33.33,4,3,0,2024-08-03
U0258,P0098,Body Lotion - Variant 2,Beauty,19.09,4,2,0,2024-06-02
U0258,P0144,Poetry Collection - Variant 2,Books,23.59,3,3,1,2024-03-04
U0258,P0090,Face Mask Set,Beauty,19.72,3,2,0,2024-02-20
U0259,P0021,Mechanical Keyboard - Variant 3,Electronics,87.99,3,2,1,2024-06-03
U0259,P0016,Gaming Mouse,Electronics,38.63,4,2,1,2024-12-14
U0259,P0011,USB-C Hub,Electronics,143.0,3,2,0,2024-06-02
U0259,P0012,USB-C Hub - Variant 2,Electronics,36.09,2,1,1,2024-09-04
U0259,P0044,Formal Shirt,Fashion,83.48,2,2,0,2024-12-19
U0259,P0001,Wireless Earbuds,Electronics,126.81,4,3,1,2024-02-25
U0259,P0014,Power Bank,Electronics,70.68,2,3,0,2024-10-02
U0259,P0003,Bluetooth Speaker,Electronics,104.25,3,2,1,2024-03-20
U0260,P0131,Cookbook - Variant 2,Books,11.3,5,3,1,2024-12-15
U0260,P0118,Fitness Tracker - Variant 2,Sports,32.35,3,2,0,2024-06-03
U0260,P0110,Water Bottle - Variant 3,Sports,57.47,2,1,1,2024-05-15
U0260,P0125,Mystery Novel - Variant 2,Books,18.83,4,2,0,2024-09-19
U0260,P0137,Sci-Fi Novel - Variant 3,Books,32.27,4,2,1,2024-02-22
U0260,P0001,Wireless Earbuds,Electronics,126.81,1,1,0,2024-06-12
U0260,P0020,Mechanical Keyboard - Variant 2,Electronics,77.77,1,3,1,2024-08-13
U0260,P0125,Mystery Novel - Variant 2,Books,18.83,4,1,0,2024-06-20
U0260,P0127,Self-Help Book,Books,13.13,2,3,0,2024-06-30
U0260,P0127,Self-Help Book,Books,13.13,2,3,1,2024-05-19
U0260,P0029,Denim Jacket,Fashion,85.21,4,2,1,2024-09-01
U0260,P0069,Storage Boxes - Variant 2,Home & Kitchen,55.29,3,3,0,2024-05-18
U0260,P0131,Cookbook - Variant 2,Books,11.3,4,3,0,2024-12-10
U0260,P0034,Leather Wallet - Variant 2,Fashion,29.12,4,3,1,2024-03-25
U0260,P0134,Biography - Variant 2,Books,19.48,4,2,1,2024-08-08
U0260,P0054,Air Fryer - Variant 2,Home & Kitchen,109.53,1,2,1,2024-04-24
U0260,P0027,Running Shoes,Fashion,50.96,4,2,0,2024-12-12
U0260,P0089,Hair Dryer - Variant 3,Beauty,27.59,3,2,0,2024-04-25
U0261,P0068,Storage Boxes,Home & Kitchen,80.29,3,3,1,2024-06-10
U0261,P0063,Vacuum Cleaner - Variant 2,Home & Kitchen,87.82,5,2,0,2024-03-29
U0261,P0061,Blender - Variant 2,Home & Kitchen,27.47,5,1,0,2024-02-06
U0261,P0067,Table Lamp - Variant 2,Home & Kitchen,105.23,2,2,0,2024-07-11
U0261,P0038,Wrist Watch,Fashion,65.06,2,3,0,2024-03-11
U0261,P0072,Cutlery Set - Variant 3,Home & Kitchen,83.94,2,2,1,2024-08-25
U0261,P0071,Cutlery Set - Variant 2,Home & Kitchen,84.19,2,3,1,2024-04-08
U0261,P0044,Formal Shirt,Fashion,83.48,4,2,0,2024-07-08
U0261,P0055,Coffee Maker,Home & Kitchen,73.4,4,2,0,2024-01-08
U0261,P0065,Bed Sheets Set - Variant 2,Home & Kitchen,33.33,3,2,1,2024-04-19
U0261,P0063,Vacuum Cleaner - Variant 2,Home & Kitchen,87.82,3,1,1,2024-09-11
U0261,P0068,Storage Boxes,Home & Kitchen,80.29,3,3,0,2024-09-03
U0261,P0104,Resistance Bands,Sports,54.92,3,2,0,2024-06-01
U0262,P0039,Wrist Watch - Variant 2,Fashion,41.73,2,3,1,2024-08-22
U0262,P0131,Cookbook - Variant 2,Books,11.3,3,2,0,2024-05-05
U0262,P0038,Wrist Watch,Fashion,65.06,5,3,0,2024-08-11
U0262,P0131,Cookbook - Variant 2,Books,11.3,2,3,1,2024-01-31
U0262,P0004,Bluetooth Speaker - Variant 2,Electronics,53.79,3,1,0,2024-07-30
U0262,P0044,Formal Shirt,Fashion,83.48,4,3,1,2024-12-22
U0262,P0033,Leather Wallet,Fashion,50.27,2,2,0,2024-08-13
U0262,P0120,Skipping Rope,Sports,26.44,4,2,0,2024-05-27
U0262,P0034,Leather Wallet - Variant 2,Fashion,29.12,3,2,0,2024-10-20
U0262,P0036,Sunglasses,Fashion,32.53,4,2,0,2024-06-05
U0262,P0106,Cycling Helmet,Sports,67.06,5,1,1,2024-06-30
U0262,P0107,Cycling Helmet - Variant 2,Sports,18.4,4,1,1,2024-06-15
U0262,P0043,Backpack - Variant 3,Fashion,77.01,4,1,1,2024-09-21
U0263,P0107,Cycling Helmet - Variant 2,Sports,18.4,3,1,0,2024-04-18
U0263,P0037,Sunglasses - Variant 2,Fashion,47.01,2,2,1,2024-09-11
U0263,P0095,Beard Trimmer - Variant 2,Beauty,23.23,4,1,1,2024-03-21
U0263,P0083,Lipstick - Variant 2,Beauty,16.1,2,1,1,2024-08-17
U0263,P0081,Shampoo - Variant 2,Beauty,39.01,4,3,1,2024-02-10
U0263,P0086,Perfume - Variant 2,Beauty,33.4,5,1,1,2024-04-13
U0263,P0047,Sneakers,Fashion,42.71,5,2,1,2024-12-13
U0263,P0028,Running Shoes - Variant 2,Fashion,21.88,4,3,0,2024-02-07
U0263,P0092,Nail Polish Kit,Beauty,23.01,3,2,0,2024-01-27
U0263,P0052,Winter Coat - Variant 3,Fashion,39.04,4,1,1,2024-04-04
U0263,P0093,Nail Polish Kit - Variant 2,Beauty,18.13,2,1,1,2024-12-10
U0263,P0081,Shampoo - Variant 2,Beauty,39.01,3,1,1,2024-01-24
U0263,P0033,Leather Wallet,Fashion,50.27,5,1,1,2024-11-05
U0263,P0036,Sunglasses,Fashion,32.53,3,3,0,2024-03-25
U0263,P0083,Lipstick - Variant 2,Beauty,16.1,4,2,1,2024-11-13
U0263,P0085,Perfume,Beauty,30.06,4,2,0,2024-03-02
U0263,P0032,Cotton T-Shirt - Variant 2,Fashion,36.35,2,1,1,2024-09-02
U0263,P0013,USB-C Hub - Variant 3,Electronics,149.11,4,3,0,2024-09-03
U0263,P0081,Shampoo - Variant 2,Beauty,39.01,3,1,1,2024-01-20
U0263,P0091,Face Mask Set - Variant 2,Beauty,47.83,4,3,1,2024-06-22
U0263,P0085,Perfume,Beauty,30.06,2,2,1,2024-07-05
U0263,P0078,Sunscreen SPF50,Beauty,33.33,4,2,1,2024-09-14
U0263,P0033,Leather Wallet,Fashion,50.27,3,3,1,2024-08-28
U0263,P0080,Shampoo,Beauty,13.54,4,2,1,2024-12-30
U0263,P0030,Denim Jacket - Variant 2,Fashion,74.76,2,3,1,2024-10-13
U0263,P0097,Body Lotion,Beauty,42.54,2,2,0,2024-01-14
U0263,P0043,Backpack - Variant 3,Fashion,77.01,3,1,1,2024-03-11
U0263,P0027,Running Shoes,Fashion,50.96,4,3,1,2024-03-25
U0263,P0015,Power Bank - Variant 2,Electronics,95.82,3,3,1,2024-12-13
U0263,P0072,Cutlery Set - Variant 3,Home & Kitchen,83.94,3,1,1,2024-03-20
U0263,P0084,Lipstick - Variant 3,Beauty,13.19,4,3,1,2024-04-18
U0263,P0043,Backpack - Variant 3,Fashion,77.01,4,1,1,2024-01-07
U0263,P0083,Lipstick - Variant 2,Beauty,16.1,3,1,1,2024-01-22
U0263,P0041,Backpack,Fashion,58.75,3,3,1,2024-01-11
U0264,P0144,Poetry Collection - Variant 2,Books,23.59,4,3,1,2024-09-01
U0264,P0077,Face Moisturizer - Variant 2,Beauty,44.26,4,2,1,2024-07-04
U0264,P0097,Body Lotion,Beauty,42.54,4,1,1,2024-08-21
U0264,P0148,History Book - Variant 3,Books,20.33,4,2,0,2024-11-19
U0264,P0096,Beard Trimmer - Variant 3,Beauty,16.01,5,3,1,2024-02-11
U0264,P0085,Perfume,Beauty,30.06,4,1,1,2024-08-09
U0264,P0013,USB-C Hub - Variant 3,Electronics,149.11,4,3,0,2024-10-29
U0264,P0086,Perfume - Variant 2,Beauty,33.4,2,3,1,2024-11-06
U0264,P0059,Non-stick Pan - Variant 2,Home & Kitchen,63.2,2,1,0,2024-04-19
U0264,P0099,Body Lotion - Variant 3,Beauty,45.92,3,3,1,2024-06-20
U0264,P0148,History Book - Variant 3,Books,20.33,3,2,1,2024-05-24
U0264,P0088,Hair Dryer - Variant 2,Beauty,21.47,2,2,1,2024-09-14
U0264,P0082,Lipstick,Beauty,12.97,5,2,1,2024-07-30
U0265,P0003,Bluetooth Speaker,Electronics,104.25,2,3,0,2024-04-21
U0265,P0006,Smartwatch,Electronics,88.35,4,3,1,2024-02-09
U0265,P0007,Smartwatch - Variant 2,Electronics,74.04,4,1,1,2024-05-02
U0265,P0124,Mystery Novel,Books,9.94,2,3,0,2024-11-28
U0265,P0081,Shampoo - Variant 2,Beauty,39.01,3,2,1,2024-08-16
U0265,P0006,Smartwatch,Electronics,88.35,3,2,1,2024-01-02
U0265,P0013,USB-C Hub - Variant 3,Electronics,149.11,3,1,0,2024-04-06
U0265,P0001,Wireless Earbuds,Electronics,126.81,3,1,1,2024-10-04
U0265,P0004,Bluetooth Speaker - Variant 2,Electronics,53.79,2,1,1,2024-11-02
U0265,P0019,Mechanical Keyboard,Electronics,69.3,5,1,1,2024-11-04
U0265,P0069,Storage Boxes - Variant 2,Home & Kitchen,55.29,1,3,0,2024-09-18
U0265,P0006,Smartwatch,Electronics,88.35,4,2,1,2024-03-02
U0265,P0028,Running Shoes - Variant 2,Fashion,21.88,4,3,1,2024-02-18
U0265,P0058,Non-stick Pan,Home & Kitchen,28.34,3,1,0,2024-05-08
U0265,P0007,Smartwatch - Variant 2,Electronics,74.04,4,3,1,2024-12-17
U0265,P0001,Wireless Earbuds,Electronics,126.81,5,2,1,2024-01-17
U0265,P0015,Power Bank - Variant 2,Electronics,95.82,4,2,1,2024-01-02
U0265,P0015,Power Bank - Variant 2,Electronics,95.82,3,3,1,2024-09-07
U0265,P0007,Smartwatch - Variant 2,Electronics,74.04,4,1,1,2024-06-04
U0266,P0012,USB-C Hub - Variant 2,Electronics,36.09,4,1,1,2024-11-29
U0266,P0018,Gaming Mouse - Variant 3,Electronics,81.58,3,3,1,2024-10-21
U0266,P0130,Cookbook,Books,25.89,4,2,1,2024-07-09
U0266,P0019,Mechanical Keyboard,Electronics,69.3,3,1,1,2024-04-09
U0266,P0107,Cycling Helmet - Variant 2,Sports,18.4,2,2,0,2024-01-19
U0266,P0111,Football,Sports,37.24,3,2,1,2024-12-30
U0266,P0029,Denim Jacket,Fashion,85.21,3,2,0,2024-07-09
U0266,P0005,Bluetooth Speaker - Variant 3,Electronics,53.78,2,3,1,2024-10-19
U0266,P0024,Tablet,Electronics,103.54,3,3,1,2024-09-07
U0266,P0095,Beard Trimmer - Variant 2,Beauty,23.23,4,3,0,2024-03-29
U0266,P0132,Cookbook - Variant 3,Books,19.54,3,3,1,2024-01-08
U0266,P0021,Mechanical Keyboard - Variant 3,Electronics,87.99,5,1,0,2024-07-01
U0266,P0111,Football,Sports,37.24,3,1,1,2024-03-17
U0266,P0114,Tennis Racket,Sports,49.81,2,3,0,2024-09-12
U0266,P0148,History Book - Variant 3,Books,20.33,2,3,1,2024-09-28
U0266,P0031,Cotton T-Shirt,Fashion,22.06,2,3,1,2024-10-16
U0266,P0140,Business Strategy Book - Variant 3,Books,14.32,5,2,1,2024-02-19
U0266,P0095,Beard Trimmer - Variant 2,Beauty,23.23,1,2,0,2024-04-10
U0266,P0003,Bluetooth Speaker,Electronics,104.25,4,3,1,2024-08-25
U0266,P0014,Power Bank,Electronics,70.68,5,3,1,2024-03-04
U0266,P0122,Gym Bag,Sports,52.75,1,1,1,2024-04-25
U0266,P0134,Biography - Variant 2,Books,19.48,3,2,1,2024-03-18
U0266,P0143,Poetry Collection,Books,9.47,5,2,1,2024-11-23
U0266,P0132,Cookbook - Variant 3,Books,19.54,3,2,1,2024-04-07
U0266,P0007,Smartwatch - Variant 2,Electronics,74.04,5,3,1,2024-08-19
U0266,P0144,Poetry Collection - Variant 2,Books,23.59,4,3,1,2024-07-14
U0266,P0002,Wireless Earbuds - Variant 2,Electronics,56.91,5,1,1,2024-09-17
U0266,P0020,Mechanical Keyboard - Variant 2,Electronics,77.77,4,1,1,2024-06-15
U0266,P0011,USB-C Hub,Electronics,143.0,4,3,1,2024-09-02
U0266,P0008,Laptop Stand,Electronics,116.72,4,2,1,2024-04-25
U0266,P0023,Webcam - Variant 2,Electronics,79.6,2,1,0,2024-11-28
U0266,P0014,Power Bank,Electronics,70.68,2,1,1,2024-09-26
U0266,P0145,Poetry Collection - Variant 3,Books,15.46,5,3,1,2024-12-06
U0267,P0065,Bed Sheets Set - Variant 2,Home & Kitchen,33.33,4,1,1,2024-03-23
U0267,P0028,Running Shoes - Variant 2,Fashion,21.88,3,2,0,2024-08-22
U0267,P0146,History Book,Books,11.74,3,3,0,2024-01-11
U0267,P0107,Cycling Helmet - Variant 2,Sports,18.4,3,1,0,2024-03-29
U0267,P0040,Wrist Watch - Variant 3,Fashion,55.58,4,3,1,2024-08-10
U0267,P0032,Cotton T-Shirt - Variant 2,Fashion,36.35,4,3,1,2024-02-18
U0267,P0037,Sunglasses - Variant 2,Fashion,47.01,3,2,1,2024-10-22
U0267,P0069,Storage Boxes - Variant 2,Home & Kitchen,55.29,5,2,0,2024-08-10
U0267,P0071,Cutlery Set - Variant 2,Home & Kitchen,84.19,5,1,1,2024-03-07
U0267,P0066,Table Lamp,Home & Kitchen,82.67,4,1,1,2024-03-05
U0267,P0051,Winter Coat - Variant 2,Fashion,46.85,5,1,0,2024-12-14
U0267,P0046,Formal Shirt - Variant 3,Fashion,60.76,2,2,1,2024-07-03
U0267,P0031,Cotton T-Shirt,Fashion,22.06,4,1,1,2024-12-26
U0267,P0054,Air Fryer - Variant 2,Home & Kitchen,109.53,3,1,0,2024-08-22
U0267,P0057,Coffee Maker - Variant 3,Home & Kitchen,95.59,3,1,1,2024-06-25
U0267,P0066,Table Lamp,Home & Kitchen,82.67,3,1,1,2024-11-03
U0267,P0129,Self-Help Book - Variant 3,Books,37.09,1,1,1,2024-11-23
U0267,P0044,Formal Shirt,Fashion,83.48,3,2,1,2024-02-11
U0268,P0068,Storage Boxes,Home & Kitchen,80.29,5,2,1,2024-11-21
U0268,P0071,Cutlery Set - Variant 2,Home & Kitchen,84.19,4,1,1,2024-01-13
U0268,P0070,Cutlery Set,Home & Kitchen,58.7,3,3,0,2024-07-06
U0268,P0127,Self-Help Book,Books,13.13,4,3,1,2024-02-05
U0268,P0115,Tennis Racket - Variant 2,Sports,41.02,2,3,0,2024-01-04
U0268,P0073,Wall Clock,Home & Kitchen,81.51,5,1,1,2024-05-06
U0268,P0033,Leather Wallet,Fashion,50.27,3,2,1,2024-10-30
U0268,P0044,Formal Shirt,Fashion,83.48,2,1,0,2024-08-06
U0268,P0004,Bluetooth Speaker - Variant 2,Electronics,53.79,1,1,1,2024-03-12
U0268,P0064,Bed Sheets Set,Home & Kitchen,92.94,4,1,1,2024-03-29
U0268,P0038,Wrist Watch,Fashion,65.06,3,2,1,2024-05-27
U0268,P0064,Bed Sheets Set,Home & Kitchen,92.94,4,3,0,2024-06-14
U0268,P0041,Backpack,Fashion,58.75,2,3,1,2024-02-25
U0268,P0055,Coffee Maker,Home & Kitchen,73.4,5,3,0,2024-03-17
U0268,P0064,Bed Sheets Set,Home & Kitchen,92.94,4,2,1,2024-02-24
U0268,P0060,Blender,Home & Kitchen,43.99,4,1,0,2024-02-13
U0268,P0070,Cutlery Set,Home & Kitchen,58.7,5,2,1,2024-04-13
U0268,P0063,Vacuum Cleaner - Variant 2,Home & Kitchen,87.82,4,2,1,2024-08-14
U0268,P0066,Table Lamp,Home & Kitchen,82.67,3,3,1,2024-04-01
U0268,P0070,Cutlery Set,Home & Kitchen,58.7,3,3,1,2024-05-16
U0268,P0069,Storage Boxes - Variant 2,Home & Kitchen,55.29,5,2,1,2024-08-04
U0268,P0070,Cutlery Set,Home & Kitchen,58.7,4,1,0,2024-04-26
U0268,P0088,Hair Dryer - Variant 2,Beauty,21.47,3,1,0,2024-07-28
U0268,P0071,Cutlery Set - Variant 2,Home & Kitchen,84.19,3,1,1,2024-03-23
U0268,P0063,Vacuum Cleaner - Variant 2,Home & Kitchen,87.82,5,2,1,2024-10-10
U0269,P0073,Wall Clock,Home & Kitchen,81.51,1,3,0,2024-11-02
U0269,P0095,Beard Trimmer - Variant 2,Beauty,23.23,4,1,1,2024-09-13
U0269,P0077,Face Moisturizer - Variant 2,Beauty,44.26,2,3,1,2024-11-20
U0269,P0087,Hair Dryer,Beauty,46.49,5,2,1,2024-03-19
U0269,P0080,Shampoo,Beauty,13.54,3,3,1,2024-04-20
U0269,P0095,Beard Trimmer - Variant 2,Beauty,23.23,3,3,1,2024-11-23
U0269,P0094,Beard Trimmer,Beauty,35.73,1,2,1,2024-01-14
U0269,P0062,Vacuum Cleaner,Home & Kitchen,44.0,3,2,1,2024-03-20
U0269,P0078,Sunscreen SPF50,Beauty,33.33,4,3,1,2024-10-11
U0269,P0076,Face Moisturizer,Beauty,48.93,4,1,1,2024-05-15
U0269,P0094,Beard Trimmer,Beauty,35.73,5,1,1,2024-11-22
U0269,P0105,Resistance Bands - Variant 2,Sports,18.03,3,3,0,2024-01-21
U0269,P0085,Perfume,Beauty,30.06,3,3,0,2024-05-28
U0269,P0080,Shampoo,Beauty,13.54,2,3,1,2024-06-20
U0269,P0089,Hair Dryer - Variant 3,Beauty,27.59,5,3,1,2024-01-10
U0269,P0087,Hair Dryer,Beauty,46.49,5,1,0,2024-04-26
U0270,P0122,Gym Bag,Sports,52.75,4,1,1,2024-07-08
U0270,P0110,Water Bottle - Variant 3,Sports,57.47,3,1,1,2024-09-24
U0270,P0116,Tennis Racket - Variant 3,Sports,21.7,4,3,0,2024-05-16
U0270,P0044,Formal Shirt,Fashion,83.48,2,1,1,2024-10-22
U0270,P0127,Self-Help Book,Books,13.13,4,1,1,2024-12-30
U0270,P0067,Table Lamp - Variant 2,Home & Kitchen,105.23,4,1,1,2024-12-27
U0270,P0106,Cycling Helmet,Sports,67.06,3,3,1,2024-07-02
U0270,P0144,Poetry Collection - Variant 2,Books,23.59,1,2,1,2024-07-22
U0270,P0058,Non-stick Pan,Home & Kitchen,28.34,2,1,0,2024-07-25
U0270,P0106,Cycling Helmet,Sports,67.06,3,2,1,2024-09-07
U0270,P0098,Body Lotion - Variant 2,Beauty,19.09,3,2,0,2024-11-29
U0270,P0134,Biography - Variant 2,Books,19.48,4,1,1,2024-10-22
U0270,P0140,Business Strategy Book - Variant 3,Books,14.32,2,3,0,2024-06-06
U0270,P0121,Skipping Rope - Variant 2,Sports,74.87,4,2,1,2024-02-08
U0270,P0116,Tennis Racket - Variant 3,Sports,21.7,5,1,0,2024-09-07
U0270,P0130,Cookbook,Books,25.89,4,2,1,2024-12-20
U0270,P0033,Leather Wallet,Fashion,50.27,4,2,0,2024-07-13
U0270,P0109,Water Bottle - Variant 2,Sports,45.64,2,3,1,2024-06-03
U0270,P0081,Shampoo - Variant 2,Beauty,39.01,3,2,0,2024-06-02
U0270,P0116,Tennis Racket - Variant 3,Sports,21.7,3,3,1,2024-11-28
U0271,P0111,Football,Sports,37.24,3,1,1,2024-04-30
U0271,P0139,Business Strategy Book - Variant 2,Books,18.14,3,1,1,2024-11-05
U0271,P0119,Fitness Tracker - Variant 3,Sports,46.34,4,2,1,2024-09-02
U0271,P0043,Backpack - Variant 3,Fashion,77.01,3,3,0,2024-04-08
U0271,P0050,Winter Coat,Fashion,42.63,3,1,0,2024-12-04
U0271,P0101,Yoga Mat - Variant 2,Sports,24.96,4,1,1,2024-02-29
U0271,P0044,Formal Shirt,Fashion,83.48,5,3,1,2024-04-02
U0271,P0111,Football,Sports,37.24,5,2,1,2024-11-18
U0271,P0035,Leather Wallet - Variant 3,Fashion,53.93,4,3,0,2024-06-03
U0271,P0015,Power Bank - Variant 2,Electronics,95.82,3,1,1,2024-02-26
U0271,P0116,Tennis Racket - Variant 3,Sports,21.7,5,3,1,2024-10-03
U0271,P0104,Resistance Bands,Sports,54.92,5,2,1,2024-10-25
U0271,P0101,Yoga Mat - Variant 2,Sports,24.96,3,3,1,2024-12-20
U0272,P0075,Wall Clock - Variant 3,Home & Kitchen,67.37,1,2,1,2024-07-10
U0272,P0076,Face Moisturizer,Beauty,48.93,3,2,1,2024-08-30
U0272,P0097,Body Lotion,Beauty,42.54,3,1,1,2024-05-13
U0272,P0029,Denim Jacket,Fashion,85.21,5,3,0,2024-12-23
U0272,P0085,Perfume,Beauty,30.06,3,1,1,2024-10-01
U0272,P0036,Sunglasses,Fashion,32.53,5,3,0,2024-04-02
U0272,P0106,Cycling Helmet,Sports,67.06,3,3,0,2024-11-23
U0272,P0091,Face Mask Set - Variant 2,Beauty,47.83,4,2,0,2024-08-11
U0272,P0031,Cotton T-Shirt,Fashion,22.06,4,2,1,2024-01-19
U0272,P0050,Winter Coat,Fashion,42.63,2,1,0,2024-01-05
U0272,P0006,Smartwatch,Electronics,88.35,4,2,0,2024-10-04
U0272,P0036,Sunglasses,Fashion,32.53,4,1,1,2024-12-14
U0272,P0076,Face Moisturizer,Beauty,48.93,5,1,1,2024-02-03
U0273,P0023,Webcam - Variant 2,Electronics,79.6,4,2,1,2024-04-02
U0273,P0014,Power Bank,Electronics,70.68,3,3,0,2024-03-10
U0273,P0022,Webcam,Electronics,106.5,3,1,1,2024-06-18
U0273,P0018,Gaming Mouse - Variant 3,Electronics,81.58,5,3,1,2024-05-16
U0273,P0003,Bluetooth Speaker,Electronics,104.25,5,1,0,2024-04-25
U0273,P0009,Laptop Stand - Variant 2,Electronics,38.35,3,1,1,2024-01-19
U0273,P0021,Mechanical Keyboard - Variant 3,Electronics,87.99,5,2,1,2024-08-02
U0273,P0016,Gaming Mouse,Electronics,38.63,5,2,0,2024-04-14
U0273,P0004,Bluetooth Speaker - Variant 2,Electronics,53.79,3,3,0,2024-05-20
U0273,P0025,Tablet - Variant 2,Electronics,41.3,2,2,1,2024-05-25
U0273,P0012,USB-C Hub - Variant 2,Electronics,36.09,4,1,1,2024-01-26
U0273,P0009,Laptop Stand - Variant 2,Electronics,38.35,5,2,1,2024-02-17
U0273,P0017,Gaming Mouse - Variant 2,Electronics,95.82,2,3,1,2024-10-27
U0273,P0012,USB-C Hub - Variant 2,Electronics,36.09,2,1,1,2024-12-14
U0273,P0004,Bluetooth Speaker - Variant 2,Electronics,53.79,3,1,1,2024-05-28
U0273,P0007,Smartwatch - Variant 2,Electronics,74.04,4,3,1,2024-12-23
U0274,P0099,Body Lotion - Variant 3,Beauty,45.92,3,1,0,2024-03-30
U0274,P0126,Mystery Novel - Variant 3,Books,27.08,5,3,0,2024-01-12
U0274,P0083,Lipstick - Variant 2,Beauty,16.1,4,1,0,2024-12-29
U0274,P0084,Lipstick - Variant 3,Beauty,13.19,3,3,0,2024-02-12
U0274,P0129,Self-Help Book - Variant 3,Books,37.09,3,3,0,2024-03-23
U0274,P0149,Programming Guide,Books,35.7,4,1,1,2024-12-28
U0274,P0148,History Book - Variant 3,Books,20.33,4,1,1,2024-08-21
U0274,P0043,Backpack - Variant 3,Fashion,77.01,2,2,0,2024-05-02
U0274,P0079,Sunscreen SPF50 - Variant 2,Beauty,41.3,3,3,1,2024-04-07
U0274,P0126,Mystery Novel - Variant 3,Books,27.08,4,1,0,2024-09-02
U0274,P0091,Face Mask Set - Variant 2,Beauty,47.83,2,3,0,2024-07-06
U0274,P0091,Face Mask Set - Variant 2,Beauty,47.83,5,3,1,2024-12-24
U0274,P0133,Biography,Books,29.75,4,2,1,2024-06-09
U0274,P0084,Lipstick - Variant 3,Beauty,13.19,2,3,0,2024-06-17
U0274,P0149,Programming Guide,Books,35.7,4,1,1,2024-04-07
U0274,P0144,Poetry Collection - Variant 2,Books,23.59,4,3,0,2024-08-05
U0274,P0132,Cookbook - Variant 3,Books,19.54,2,3,1,2024-02-08
U0274,P0130,Cookbook,Books,25.89,5,2,1,2024-09-03
U0274,P0062,Vacuum Cleaner,Home & Kitchen,44.0,4,3,0,2024-12-14
U0274,P0136,Sci-Fi Novel - Variant 2,Books,20.37,4,2,0,2024-05-29
U0274,P0088,Hair Dryer - Variant 2,Beauty,21.47,3,1,1,2024-06-23
U0274,P0123,Gym Bag - Variant 2,Sports,46.65,3,3,0,2024-12-10
U0274,P0069,Storage Boxes - Variant 2,Home & Kitchen,55.29,2,3,1,2024-05-22
U0274,P0089,Hair Dryer - Variant 3,Beauty,27.59,3,2,1,2024-02-03
U0274,P0086,Perfume - Variant 2,Beauty,33.4,3,1,1,2024-08-28
U0274,P0100,Yoga Mat,Sports,36.49,2,1,0,2024-11-16
U0274,P0029,Denim Jacket,Fashion,85.21,3,3,1,2024-03-21
U0274,P0139,Business Strategy Book - Variant 2,Books,18.14,5,1,0,2024-07-05
U0275,P0112,Football - Variant 2,Sports,71.75,4,2,1,2024-10-05
U0275,P0084,Lipstick - Variant 3,Beauty,13.19,2,2,0,2024-10-26
U0275,P0113,Football - Variant 3,Sports,36.42,2,2,1,2024-01-08
U0275,P0107,Cycling Helmet - Variant 2,Sports,18.4,5,2,1,2024-10-28
U0275,P0119,Fitness Tracker - Variant 3,Sports,46.34,5,2,1,2024-01-19
U0275,P0115,Tennis Racket - Variant 2,Sports,41.02,3,1,1,2024-10-13
U0275,P0064,Bed Sheets Set,Home & Kitchen,92.94,3,1,0,2024-01-28
U0275,P0123,Gym Bag - Variant 2,Sports,46.65,3,2,1,2024-11-06
U0275,P0102,Dumbbell Set,Sports,36.13,3,3,1,2024-09-05
U0275,P0105,Resistance Bands - Variant 2,Sports,18.03,2,2,1,2024-10-24
U0275,P0127,Self-Help Book,Books,13.13,3,2,0,2024-11-14
U0275,P0111,Football,Sports,37.24,4,3,1,2024-12-25
U0275,P0107,Cycling Helmet - Variant 2,Sports,18.4,4,1,0,2024-07-09
U0275,P0122,Gym Bag,Sports,52.75,3,2,0,2024-05-14
U0275,P0105,Resistance Bands - Variant 2,Sports,18.03,3,1,1,2024-06-13
U0275,P0122,Gym Bag,Sports,52.75,4,3,0,2024-05-11
U0275,P0117,Fitness Tracker,Sports,72.86,5,3,0,2024-12-01
U0275,P0119,Fitness Tracker - Variant 3,Sports,46.34,2,3,0,2024-05-16
U0275,P0119,Fitness Tracker - Variant 3,Sports,46.34,2,1,0,2024-06-23
U0275,P0112,Football - Variant 2,Sports,71.75,4,1,0,2024-03-22
U0275,P0111,Football,Sports,37.24,1,3,0,2024-03-09
U0276,P0006,Smartwatch,Electronics,88.35,3,3,1,2024-11-17
U0276,P0058,Non-stick Pan,Home & Kitchen,28.34,4,3,0,2024-01-16
U0276,P0055,Coffee Maker,Home & Kitchen,73.4,5,1,0,2024-08-12
U0276,P0011,USB-C Hub,Electronics,143.0,5,2,0,2024-04-11
U0276,P0022,Webcam,Electronics,106.5,4,1,1,2024-09-19
U0276,P0008,Laptop Stand,Electronics,116.72,5,3,1,2024-12-25
U0276,P0109,Water Bottle - Variant 2,Sports,45.64,1,1,0,2024-02-16
U0276,P0025,Tablet - Variant 2,Electronics,41.3,4,3,1,2024-02-04
U0276,P0074,Wall Clock - Variant 2,Home & Kitchen,102.86,3,3,1,2024-10-22
U0276,P0048,Sneakers - Variant 2,Fashion,58.93,3,2,1,2024-09-28
U0276,P0097,Body Lotion,Beauty,42.54,1,3,0,2024-09-25
U0276,P0013,USB-C Hub - Variant 3,Electronics,149.11,2,2,1,2024-01-02
U0276,P0054,Air Fryer - Variant 2,Home & Kitchen,109.53,3,3,1,2024-12-15
U0276,P0054,Air Fryer - Variant 2,Home & Kitchen,109.53,4,3,1,2024-01-29
U0276,P0012,USB-C Hub - Variant 2,Electronics,36.09,5,2,1,2024-06-22
U0276,P0075,Wall Clock - Variant 3,Home & Kitchen,67.37,1,3,1,2024-06-23
U0276,P0067,Table Lamp - Variant 2,Home & Kitchen,105.23,4,2,1,2024-12-13
U0276,P0015,Power Bank - Variant 2,Electronics,95.82,4,3,1,2024-05-19
U0276,P0068,Storage Boxes,Home & Kitchen,80.29,4,1,1,2024-08-05
U0276,P0021,Mechanical Keyboard - Variant 3,Electronics,87.99,5,1,1,2024-08-30
U0276,P0010,Laptop Stand - Variant 3,Electronics,146.57,3,2,1,2024-01-29
U0276,P0062,Vacuum Cleaner,Home & Kitchen,44.0,2,1,1,2024-11-11
U0276,P0026,Tablet - Variant 3,Electronics,105.26,5,2,1,2024-10-02
U0276,P0071,Cutlery Set - Variant 2,Home & Kitchen,84.19,4,3,1,2024-09-20
U0276,P0058,Non-stick Pan,Home & Kitchen,28.34,4,2,1,2024-07-31
U0276,P0045,Formal Shirt - Variant 2,Fashion,80.51,1,2,0,2024-11-08
U0276,P0129,Self-Help Book - Variant 3,Books,37.09,4,2,0,2024-06-15
U0276,P0081,Shampoo - Variant 2,Beauty,39.01,2,2,1,2024-10-16
U0276,P0022,Webcam,Electronics,106.5,3,1,1,2024-08-09
U0276,P0001,Wireless Earbuds,Electronics,126.81,5,2,1,2024-01-31
U0276,P0060,Blender,Home & Kitchen,43.99,5,1,0,2024-01-15
U0276,P0084,Lipstick - Variant 3,Beauty,13.19,3,1,0,2024-07-04
U0276,P0037,Sunglasses - Variant 2,Fashion,47.01,2,2,0,2024-02-10
U0276,P0055,Coffee Maker,Home & Kitchen,73.4,3,1,1,2024-09-28
U0276,P0071,Cutlery Set - Variant 2,Home & Kitchen,84.19,2,3,1,2024-01-21
U0277,P0069,Storage Boxes - Variant 2,Home & Kitchen,55.29,2,1,1,2024-09-06
U0277,P0056,Coffee Maker - Variant 2,Home & Kitchen,39.05,4,3,0,2024-01-23
U0277,P0075,Wall Clock - Variant 3,Home & Kitchen,67.37,2,3,0,2024-05-02
U0277,P0095,Beard Trimmer - Variant 2,Beauty,23.23,4,3,1,2024-01-01
U0277,P0066,Table Lamp,Home & Kitchen,82.67,5,1,1,2024-09-06
U0277,P0072,Cutlery Set - Variant 3,Home & Kitchen,83.94,3,3,1,2024-12-17
U0277,P0062,Vacuum Cleaner,Home & Kitchen,44.0,1,1,1,2024-12-09
U0277,P0064,Bed Sheets Set,Home & Kitchen,92.94,4,3,0,2024-01-01
U0278,P0083,Lipstick - Variant 2,Beauty,16.1,4,2,1,2024-07-15
U0278,P0016,Gaming Mouse,Electronics,38.63,3,3,0,2024-10-10
U0278,P0088,Hair Dryer - Variant 2,Beauty,21.47,4,1,1,2024-09-23
U0278,P0089,Hair Dryer - Variant 3,Beauty,27.59,3,2,0,2024-09-19
U0278,P0091,Face Mask Set - Variant 2,Beauty,47.83,3,2,0,2024-09-14
U0278,P0091,Face Mask Set - Variant 2,Beauty,47.83,2,1,0,2024-12-10
U0278,P0093,Nail Polish Kit - Variant 2,Beauty,18.13,5,1,1,2024-04-15
U0278,P0109,Water Bottle - Variant 2,Sports,45.64,5,3,0,2024-05-18
U0278,P0094,Beard Trimmer,Beauty,35.73,3,1,1,2024-10-01
U0278,P0090,Face Mask Set,Beauty,19.72,2,1,1,2024-01-25
U0278,P0093,Nail Polish Kit - Variant 2,Beauty,18.13,2,1,0,2024-07-26
U0278,P0094,Beard Trimmer,Beauty,35.73,4,2,1,2024-09-29
U0278,P0052,Winter Coat - Variant 3,Fashion,39.04,2,3,0,2024-08-21
U0278,P0077,Face Moisturizer - Variant 2,Beauty,44.26,4,2,1,2024-04-01
U0278,P0094,Beard Trimmer,Beauty,35.73,5,3,1,2024-01-01
U0278,P0081,Shampoo - Variant 2,Beauty,39.01,4,1,1,2024-06-03
U0278,P0080,Shampoo,Beauty,13.54,5,2,1,2024-04-05
U0278,P0096,Beard Trimmer - Variant 3,Beauty,16.01,2,1,1,2024-07-26
U0278,P0080,Shampoo,Beauty,13.54,4,1,1,2024-11-03
U0278,P0094,Beard Trimmer,Beauty,35.73,5,1,1,2024-02-23
U0278,P0095,Beard Trimmer - Variant 2,Beauty,23.23,5,2,1,2024-11-03
U0278,P0135,Sci-Fi Novel,Books,37.03,2,2,1,2024-03-14
U0278,P0080,Shampoo,Beauty,13.54,3,3,1,2024-10-01
U0278,P0078,Sunscreen SPF50,Beauty,33.33,5,3,1,2024-10-06
U0278,P0078,Sunscreen SPF50,Beauty,33.33,3,2,1,2024-05-21
U0278,P0087,Hair Dryer,Beauty,46.49,5,2,1,2024-04-02
U0278,P0089,Hair Dryer - Variant 3,Beauty,27.59,4,2,1,2024-08-28
U0278,P0051,Winter Coat - Variant 2,Fashion,46.85,3,3,1,2024-01-18
U0278,P0085,Perfume,Beauty,30.06,4,1,1,2024-10-17
U0278,P0080,Shampoo,Beauty,13.54,4,3,1,2024-05-06
U0278,P0025,Tablet - Variant 2,Electronics,41.3,3,1,1,2024-06-02
U0278,P0052,Winter Coat - Variant 3,Fashion,39.04,2,2,0,2024-03-21
U0278,P0033,Leather Wallet,Fashion,50.27,1,2,0,2024-09-26
U0278,P0095,Beard Trimmer - Variant 2,Beauty,23.23,2,2,1,2024-01-25
U0278,P0091,Face Mask Set - Variant 2,Beauty,47.83,4,3,0,2024-06-20
U0278,P0098,Body Lotion - Variant 2,Beauty,19.09,5,3,0,2024-05-09
U0278,P0079,Sunscreen SPF50 - Variant 2,Beauty,41.3,2,3,1,2024-08-24
U0278,P0093,Nail Polish Kit - Variant 2,Beauty,18.13,2,1,1,2024-12-15
U0278,P0079,Sunscreen SPF50 - Variant 2,Beauty,41.3,3,3,1,2024-06-23
U0279,P0144,Poetry Collection - Variant 2,Books,23.59,4,3,1,2024-01-20
U0279,P0007,Smartwatch - Variant 2,Electronics,74.04,5,1,0,2024-03-28
U0279,P0032,Cotton T-Shirt - Variant 2,Fashion,36.35,4,2,1,2024-03-04
U0279,P0002,Wireless Earbuds - Variant 2,Electronics,56.91,3,1,1,2024-11-16
U0279,P0033,Leather Wallet,Fashion,50.27,2,3,0,2024-08-28
U0279,P0094,Beard Trimmer,Beauty,35.73,3,3,1,2024-09-26
U0279,P0012,USB-C Hub - Variant 2,Electronics,36.09,3,3,1,2024-03-25
U0279,P0093,Nail Polish Kit - Variant 2,Beauty,18.13,2,3,1,2024-05-11
U0279,P0077,Face Moisturizer - Variant 2,Beauty,44.26,1,3,0,2024-09-30
U0279,P0048,Sneakers - Variant 2,Fashion,58.93,3,1,0,2024-07-31
U0279,P0009,Laptop Stand - Variant 2,Electronics,38.35,4,1,0,2024-03-15
U0279,P0139,Business Strategy Book - Variant 2,Books,18.14,2,2,0,2024-06-28
U0280,P0053,Air Fryer,Home & Kitchen,77.17,3,3,0,2024-03-05
U0280,P0075,Wall Clock - Variant 3,Home & Kitchen,67.37,3,1,0,2024-12-27
U0280,P0075,Wall Clock - Variant 3,Home & Kitchen,67.37,4,2,1,2024-09-21
U0280,P0057,Coffee Maker - Variant 3,Home & Kitchen,95.59,5,1,1,2024-02-15
U0280,P0053,Air Fryer,Home & Kitchen,77.17,3,1,1,2024-06-02
U0280,P0105,Resistance Bands - Variant 2,Sports,18.03,5,3,1,2024-02-07
U0280,P0103,Dumbbell Set - Variant 2,Sports,24.27,5,3,1,2024-01-01
U0280,P0074,Wall Clock - Variant 2,Home & Kitchen,102.86,4,3,0,2024-10-15
U0280,P0107,Cycling Helmet - Variant 2,Sports,18.4,3,2,1,2024-08-01
U0280,P0072,Cutlery Set - Variant 3,Home & Kitchen,83.94,4,1,1,2024-01-23
U0280,P0074,Wall Clock - Variant 2,Home & Kitchen,102.86,3,2,1,2024-06-21
U0280,P0027,Running Shoes,Fashion,50.96,4,1,1,2024-05-07
U0280,P0108,Water Bottle,Sports,48.44,4,1,1,2024-11-25
U0280,P0070,Cutlery Set,Home & Kitchen,58.7,4,1,0,2024-07-15
U0280,P0100,Yoga Mat,Sports,36.49,2,3,1,2024-06-02
U0280,P0120,Skipping Rope,Sports,26.44,2,3,1,2024-08-15
U0280,P0062,Vacuum Cleaner,Home & Kitchen,44.0,3,1,1,2024-08-16
U0280,P0108,Water Bottle,Sports,48.44,5,2,1,2024-04-20
U0280,P0077,Face Moisturizer - Variant 2,Beauty,44.26,3,3,0,2024-06-16
U0280,P0117,Fitness Tracker,Sports,72.86,3,3,1,2024-01-15
U0280,P0109,Water Bottle - Variant 2,Sports,45.64,2,1,0,2024-10-17
U0280,P0063,Vacuum Cleaner - Variant 2,Home & Kitchen,87.82,4,3,1,2024-12-04
U0281,P0126,Mystery Novel - Variant 3,Books,27.08,2,1,1,2024-01-05
U0281,P0015,Power Bank - Variant 2,Electronics,95.82,2,2,0,2024-12-06
U0281,P0086,Perfume - Variant 2,Beauty,33.4,3,3,1,2024-03-02
U0281,P0138,Business Strategy Book,Books,32.81,4,3,1,2024-01-28
U0281,P0145,Poetry Collection - Variant 3,Books,15.46,4,3,0,2024-01-06
U0281,P0075,Wall Clock - Variant 3,Home & Kitchen,67.37,4,2,1,2024-11-12
U0281,P0104,Resistance Bands,Sports,54.92,3,2,0,2024-11-23
U0281,P0062,Vacuum Cleaner,Home & Kitchen,44.0,4,3,1,2024-04-29
U0281,P0006,Smartwatch,Electronics,88.35,3,1,1,2024-09-20
U0281,P0067,Table Lamp - Variant 2,Home & Kitchen,105.23,5,2,1,2024-01-29
U0281,P0068,Storage Boxes,Home & Kitchen,80.29,4,1,1,2024-08-07
U0281,P0010,Laptop Stand - Variant 3,Electronics,146.57,2,2,0,2024-06-28
U0281,P0109,Water Bottle - Variant 2,Sports,45.64,3,1,0,2024-07-15
U0281,P0131,Cookbook - Variant 2,Books,11.3,3,3,1,2024-05-14
U0281,P0139,Business Strategy Book - Variant 2,Books,18.14,5,2,1,2024-12-10
U0281,P0073,Wall Clock,Home & Kitchen,81.51,4,3,0,2024-10-07
U0281,P0068,Storage Boxes,Home & Kitchen,80.29,3,1,0,2024-12-21
U0281,P0005,Bluetooth Speaker - Variant 3,Electronics,53.78,2,1,0,2024-10-13
U0281,P0128,Self-Help Book - Variant 2,Books,22.95,3,3,1,2024-06-08
U0281,P0085,Perfume,Beauty,30.06,2,3,0,2024-04-30
U0281,P0134,Biography - Variant 2,Books,19.48,3,2,0,2024-06-24
U0281,P0126,Mystery Novel - Variant 3,Books,27.08,4,3,1,2024-10-11
U0281,P0128,Self-Help Book - Variant 2,Books,22.95,5,2,1,2024-07-09
U0281,P0062,Vacuum Cleaner,Home & Kitchen,44.0,4,2,1,2024-05-22
U0281,P0058,Non-stick Pan,Home & Kitchen,28.34,5,1,1,2024-03-04
U0281,P0017,Gaming Mouse - Variant 2,Electronics,95.82,1,3,1,2024-02-29
U0281,P0148,History Book - Variant 3,Books,20.33,2,3,1,2024-09-12
U0281,P0132,Cookbook - Variant 3,Books,19.54,3,3,0,2024-06-29
U0282,P0062,Vacuum Cleaner,Home & Kitchen,44.0,3,2,0,2024-10-18
U0282,P0023,Webcam - Variant 2,Electronics,79.6,2,3,1,2024-07-13
U0282,P0025,Tablet - Variant 2,Electronics,41.3,2,3,1,2024-08-01
U0282,P0104,Resistance Bands,Sports,54.92,5,1,1,2024-03-08
U0282,P0122,Gym Bag,Sports,52.75,4,3,1,2024-03-29
U0282,P0001,Wireless Earbuds,Electronics,126.81,4,2,0,2024-06-20
U0282,P0121,Skipping Rope - Variant 2,Sports,74.87,3,2,0,2024-08-02
U0282,P0054,Air Fryer - Variant 2,Home & Kitchen,109.53,3,2,0,2024-01-16
U0282,P0138,Business Strategy Book,Books,32.81,4,3,1,2024-11-16
U0282,P0108,Water Bottle,Sports,48.44,4,1,1,2024-01-20
U0282,P0116,Tennis Racket - Variant 3,Sports,21.7,4,1,0,2024-04-15
U0282,P0010,Laptop Stand - Variant 3,Electronics,146.57,4,2,0,2024-02-15
U0282,P0012,USB-C Hub - Variant 2,Electronics,36.09,4,3,0,2024-12-26
U0282,P0013,USB-C Hub - Variant 3,Electronics,149.11,3,3,0,2024-09-12
U0282,P0019,Mechanical Keyboard,Electronics,69.3,3,1,1,2024-03-09
U0282,P0094,Beard Trimmer,Beauty,35.73,4,1,1,2024-03-12
U0282,P0026,Tablet - Variant 3,Electronics,105.26,4,1,0,2024-11-11
U0283,P0054,Air Fryer - Variant 2,Home & Kitchen,109.53,4,2,1,2024-02-09
U0283,P0074,Wall Clock - Variant 2,Home & Kitchen,102.86,3,2,1,2024-11-24
U0283,P0058,Non-stick Pan,Home & Kitchen,28.34,5,1,1,2024-06-17
U0283,P0065,Bed Sheets Set - Variant 2,Home & Kitchen,33.33,3,2,1,2024-08-07
U0283,P0031,Cotton T-Shirt,Fashion,22.06,2,3,1,2024-09-05
U0283,P0065,Bed Sheets Set - Variant 2,Home & Kitchen,33.33,4,3,1,2024-01-11
U0283,P0084,Lipstick - Variant 3,Beauty,13.19,1,2,1,2024-11-05
U0283,P0074,Wall Clock - Variant 2,Home & Kitchen,102.86,3,1,0,2024-03-10
U0283,P0072,Cutlery Set - Variant 3,Home & Kitchen,83.94,5,3,1,2024-11-06
U0284,P0026,Tablet - Variant 3,Electronics,105.26,2,3,0,2024-10-03
U0284,P0012,USB-C Hub - Variant 2,Electronics,36.09,4,3,0,2024-07-28
U0284,P0023,Webcam - Variant 2,Electronics,79.6,4,2,1,2024-06-10
U0284,P0118,Fitness Tracker - Variant 2,Sports,32.35,2,1,0,2024-02-09
U0284,P0108,Water Bottle,Sports,48.44,5,1,1,2024-02-28
U0284,P0005,Bluetooth Speaker - Variant 3,Electronics,53.78,3,1,1,2024-03-27
U0284,P0028,Running Shoes - Variant 2,Fashion,21.88,2,1,0,2024-06-17
U0284,P0054,Air Fryer - Variant 2,Home & Kitchen,109.53,2,2,0,2024-02-05
U0284,P0103,Dumbbell Set - Variant 2,Sports,24.27,3,2,1,2024-01-28
U0284,P0097,Body Lotion,Beauty,42.54,2,2,1,2024-06-15
U0284,P0112,Football - Variant 2,Sports,71.75,4,2,0,2024-08-14
U0284,P0121,Skipping Rope - Variant 2,Sports,74.87,4,2,0,2024-09-20
U0284,P0068,Storage Boxes,Home & Kitchen,80.29,1,1,1,2024-03-20
U0284,P0011,USB-C Hub,Electronics,143.0,4,2,0,2024-02-29
U0284,P0050,Winter Coat,Fashion,42.63,2,3,0,2024-02-20
U0284,P0122,Gym Bag,Sports,52.75,4,3,1,2024-08-01
U0284,P0125,Mystery Novel - Variant 2,Books,18.83,3,2,0,2024-09-08
U0284,P0108,Water Bottle,Sports,48.44,5,1,1,2024-11-27
U0284,P0145,Poetry Collection - Variant 3,Books,15.46,2,1,1,2024-04-04
U0284,P0111,Football,Sports,37.24,4,3,0,2024-06-22
U0284,P0004,Bluetooth Speaker - Variant 2,Electronics,53.79,4,2,1,2024-11-09
U0284,P0109,Water Bottle - Variant 2,Sports,45.64,5,1,1,2024-08-21
U0284,P0136,Sci-Fi Novel - Variant 2,Books,20.37,3,3,0,2024-12-04
U0284,P0020,Mechanical Keyboard - Variant 2,Electronics,77.77,4,2,1,2024-06-30
U0284,P0139,Business Strategy Book - Variant 2,Books,18.14,3,1,0,2024-02-24
U0284,P0007,Smartwatch - Variant 2,Electronics,74.04,5,2,1,2024-03-22
U0284,P0033,Leather Wallet,Fashion,50.27,2,3,0,2024-10-20
U0284,P0103,Dumbbell Set - Variant 2,Sports,24.27,2,1,1,2024-06-15
U0284,P0011,USB-C Hub,Electronics,143.0,3,1,1,2024-04-22
U0284,P0004,Bluetooth Speaker - Variant 2,Electronics,53.79,2,1,1,2024-02-23
U0284,P0115,Tennis Racket - Variant 2,Sports,41.02,3,2,1,2024-11-12
U0285,P0025,Tablet - Variant 2,Electronics,41.3,2,2,1,2024-01-29
U0285,P0021,Mechanical Keyboard - Variant 3,Electronics,87.99,3,1,0,2024-07-28
U0285,P0005,Bluetooth Speaker - Variant 3,Electronics,53.78,3,3,1,2024-10-02
U0285,P0007,Smartwatch - Variant 2,Electronics,74.04,4,3,1,2024-01-02
U0285,P0036,Sunglasses,Fashion,32.53,4,2,1,2024-07-21
U0285,P0064,Bed Sheets Set,Home & Kitchen,92.94,3,1,1,2024-05-10
U0285,P0110,Water Bottle - Variant 3,Sports,57.47,3,2,1,2024-11-16
U0285,P0047,Sneakers,Fashion,42.71,3,3,0,2024-12-05
U0285,P0016,Gaming Mouse,Electronics,38.63,3,3,0,2024-03-27
U0285,P0016,Gaming Mouse,Electronics,38.63,4,3,0,2024-10-08
U0285,P0045,Formal Shirt - Variant 2,Fashion,80.51,5,1,0,2024-09-12
U0285,P0004,Bluetooth Speaker - Variant 2,Electronics,53.79,3,3,1,2024-03-25
U0285,P0037,Sunglasses - Variant 2,Fashion,47.01,5,3,0,2024-09-19
U0285,P0028,Running Shoes - Variant 2,Fashion,21.88,5,2,1,2024-08-06
U0285,P0037,Sunglasses - Variant 2,Fashion,47.01,3,1,0,2024-09-23
U0285,P0071,Cutlery Set - Variant 2,Home & Kitchen,84.19,4,2,1,2024-11-30
U0285,P0037,Sunglasses - Variant 2,Fashion,47.01,3,3,0,2024-10-05
U0285,P0033,Leather Wallet,Fashion,50.27,5,2,1,2024-09-15
U0285,P0042,Backpack - Variant 2,Fashion,23.08,5,2,1,2024-10-29
U0286,P0117,Fitness Tracker,Sports,72.86,3,1,0,2024-05-11
U0286,P0034,Leather Wallet - Variant 2,Fashion,29.12,3,3,0,2024-11-19
U0286,P0144,Poetry Collection - Variant 2,Books,23.59,4,1,1,2024-11-03
U0286,P0147,History Book - Variant 2,Books,35.8,4,2,1,2024-05-08
U0286,P0056,Coffee Maker - Variant 2,Home & Kitchen,39.05,1,2,0,2024-05-09
U0286,P0039,Wrist Watch - Variant 2,Fashion,41.73,3,1,1,2024-02-11
U0286,P0150,Programming Guide - Variant 2,Books,12.92,4,2,1,2024-06-29
U0286,P0027,Running Shoes,Fashion,50.96,4,1,1,2024-05-05
U0286,P0029,Denim Jacket,Fashion,85.21,4,3,1,2024-12-24
U0286,P0125,Mystery Novel - Variant 2,Books,18.83,3,2,1,2024-07-12
U0286,P0131,Cookbook - Variant 2,Books,11.3,3,2,1,2024-04-03
U0286,P0028,Running Shoes - Variant 2,Fashion,21.88,4,2,1,2024-09-01
U0286,P0072,Cutlery Set - Variant 3,Home & Kitchen,83.94,3,2,0,2024-02-06
U0286,P0041,Backpack,Fashion,58.75,3,2,1,2024-02-08
U0286,P0132,Cookbook - Variant 3,Books,19.54,1,2,1,2024-09-14
U0286,P0148,History Book - Variant 3,Books,20.33,5,3,1,2024-08-03
U0286,P0051,Winter Coat - Variant 2,Fashion,46.85,4,2,1,2024-06-26
U0286,P0101,Yoga Mat - Variant 2,Sports,24.96,4,2,0,2024-06-12
U0287,P0097,Body Lotion,Beauty,42.54,5,1,1,2024-08-04
U0287,P0137,Sci-Fi Novel - Variant 3,Books,32.27,4,2,1,2024-11-07
U0287,P0093,Nail Polish Kit - Variant 2,Beauty,18.13,3,2,1,2024-11-14
U0287,P0092,Nail Polish Kit,Beauty,23.01,3,2,1,2024-06-29
U0287,P0098,Body Lotion - Variant 2,Beauty,19.09,2,3,1,2024-02-22
U0287,P0011,USB-C Hub,Electronics,143.0,1,3,0,2024-12-19
U0287,P0091,Face Mask Set - Variant 2,Beauty,47.83,4,2,1,2024-07-04
U0287,P0086,Perfume - Variant 2,Beauty,33.4,4,3,0,2024-11-30
U0287,P0078,Sunscreen SPF50,Beauty,33.33,4,2,1,2024-10-03
U0287,P0099,Body Lotion - Variant 3,Beauty,45.92,3,3,0,2024-03-06
U0287,P0091,Face Mask Set - Variant 2,Beauty,47.83,2,3,0,2024-03-27
U0287,P0051,Winter Coat - Variant 2,Fashion,46.85,2,1,0,2024-03-14
U0287,P0097,Body Lotion,Beauty,42.54,1,1,1,2024-06-07
U0287,P0094,Beard Trimmer,Beauty,35.73,3,3,0,2024-09-06
U0287,P0076,Face Moisturizer,Beauty,48.93,5,3,1,2024-07-17
U0287,P0081,Shampoo - Variant 2,Beauty,39.01,4,2,1,2024-06-20
U0287,P0077,Face Moisturizer - Variant 2,Beauty,44.26,4,1,1,2024-03-07
U0287,P0092,Nail Polish Kit,Beauty,23.01,3,2,0,2024-02-02
U0287,P0091,Face Mask Set - Variant 2,Beauty,47.83,4,2,1,2024-08-09
U0287,P0098,Body Lotion - Variant 2,Beauty,19.09,3,2,0,2024-04-29
U0287,P0090,Face Mask Set,Beauty,19.72,4,1,1,2024-01-21
U0287,P0094,Beard Trimmer,Beauty,35.73,4,1,0,2024-02-24
U0287,P0033,Leather Wallet,Fashion,50.27,2,3,1,2024-08-04
U0287,P0078,Sunscreen SPF50,Beauty,33.33,2,3,0,2024-03-30
U0287,P0083,Lipstick - Variant 2,Beauty,16.1,4,3,0,2024-10-22
U0287,P0081,Shampoo - Variant 2,Beauty,39.01,4,1,1,2024-07-31
U0287,P0103,Dumbbell Set - Variant 2,Sports,24.27,3,3,1,2024-05-22
U0287,P0002,Wireless Earbuds - Variant 2,Electronics,56.91,3,2,0,2024-10-11
U0287,P0084,Lipstick - Variant 3,Beauty,13.19,3,2,0,2024-01-12
U0287,P0089,Hair Dryer - Variant 3,Beauty,27.59,5,2,0,2024-09-27
U0287,P0088,Hair Dryer - Variant 2,Beauty,21.47,3,2,1,2024-01-25
U0287,P0079,Sunscreen SPF50 - Variant 2,Beauty,41.3,5,1,1,2024-01-24
U0288,P0066,Table Lamp,Home & Kitchen,82.67,4,2,1,2024-05-19
U0288,P0071,Cutlery Set - Variant 2,Home & Kitchen,84.19,5,3,1,2024-09-26
U0288,P0068,Storage Boxes,Home & Kitchen,80.29,2,2,0,2024-01-02
U0288,P0123,Gym Bag - Variant 2,Sports,46.65,5,2,1,2024-05-29
U0288,P0060,Blender,Home & Kitchen,43.99,2,2,1,2024-12-27
U0288,P0063,Vacuum Cleaner - Variant 2,Home & Kitchen,87.82,4,3,0,2024-07-01
U0288,P0104,Resistance Bands,Sports,54.92,3,1,1,2024-05-19
U0288,P0073,Wall Clock,Home & Kitchen,81.51,4,3,1,2024-06-26
U0288,P0061,Blender - Variant 2,Home & Kitchen,27.47,3,2,0,2024-10-09
U0288,P0059,Non-stick Pan - Variant 2,Home & Kitchen,63.2,4,2,1,2024-04-24
U0288,P0057,Coffee Maker - Variant 3,Home & Kitchen,95.59,4,3,0,2024-03-09
U0288,P0108,Water Bottle,Sports,48.44,3,3,0,2024-07-02
U0288,P0075,Wall Clock - Variant 3,Home & Kitchen,67.37,3,1,1,2024-08-23
U0288,P0110,Water Bottle - Variant 3,Sports,57.47,4,1,1,2024-09-26
U0288,P0069,Storage Boxes - Variant 2,Home & Kitchen,55.29,3,1,1,2024-08-15
U0288,P0118,Fitness Tracker - Variant 2,Sports,32.35,4,2,1,2024-10-11
U0288,P0108,Water Bottle,Sports,48.44,5,2,1,2024-11-05
U0289,P0086,Perfume - Variant 2,Beauty,33.4,4,1,1,2024-11-03
U0289,P0077,Face Moisturizer - Variant 2,Beauty,44.26,2,3,1,2024-02-24
U0289,P0084,Lipstick - Variant 3,Beauty,13.19,2,1,0,2024-08-13
U0289,P0068,Storage Boxes,Home & Kitchen,80.29,5,3,0,2024-03-17
U0289,P0110,Water Bottle - Variant 3,Sports,57.47,5,3,1,2024-02-13
U0289,P0084,Lipstick - Variant 3,Beauty,13.19,3,3,1,2024-03-25
U0289,P0058,Non-stick Pan,Home & Kitchen,28.34,3,1,1,2024-03-13
U0289,P0145,Poetry Collection - Variant 3,Books,15.46,1,2,0,2024-10-03
U0289,P0032,Cotton T-Shirt - Variant 2,Fashion,36.35,2,1,1,2024-11-15
U0289,P0078,Sunscreen SPF50,Beauty,33.33,4,1,0,2024-01-06
U0290,P0107,Cycling Helmet - Variant 2,Sports,18.4,4,1,1,2024-02-24
U0290,P0012,USB-C Hub - Variant 2,Electronics,36.09,5,2,1,2024-04-11
U0290,P0009,Laptop Stand - Variant 2,Electronics,38.35,5,1,1,2024-09-20
U0290,P0022,Webcam,Electronics,106.5,3,1,1,2024-05-31
U0290,P0029,Denim Jacket,Fashion,85.21,4,1,0,2024-09-04
U0290,P0100,Yoga Mat,Sports,36.49,4,2,1,2024-05-10
U0290,P0004,Bluetooth Speaker - Variant 2,Electronics,53.79,4,3,1,2024-03-12
U0290,P0107,Cycling Helmet - Variant 2,Sports,18.4,3,3,1,2024-05-12
U0290,P0016,Gaming Mouse,Electronics,38.63,4,1,1,2024-06-23
U0290,P0010,Laptop Stand - Variant 3,Electronics,146.57,3,3,1,2024-10-15
U0290,P0113,Football - Variant 3,Sports,36.42,4,3,1,2024-05-10
U0290,P0013,USB-C Hub - Variant 3,Electronics,149.11,4,2,1,2024-07-17
U0290,P0006,Smartwatch,Electronics,88.35,3,1,1,2024-03-26
U0290,P0105,Resistance Bands - Variant 2,Sports,18.03,5,3,1,2024-04-28
U0290,P0115,Tennis Racket - Variant 2,Sports,41.02,5,3,1,2024-02-29
U0290,P0043,Backpack - Variant 3,Fashion,77.01,2,2,0,2024-02-15
U0290,P0003,Bluetooth Speaker,Electronics,104.25,3,3,1,2024-10-23
U0290,P0019,Mechanical Keyboard,Electronics,69.3,3,1,1,2024-11-05
U0290,P0003,Bluetooth Speaker,Electronics,104.25,5,3,1,2024-10-19
U0290,P0116,Tennis Racket - Variant 3,Sports,21.7,3,2,1,2024-05-29
U0290,P0002,Wireless Earbuds - Variant 2,Electronics,56.91,3,1,0,2024-11-19
U0290,P0117,Fitness Tracker,Sports,72.86,4,1,1,2024-10-04
U0290,P0150,Programming Guide - Variant 2,Books,12.92,1,1,0,2024-03-20
U0290,P0116,Tennis Racket - Variant 3,Sports,21.7,3,3,1,2024-03-17
U0290,P0012,USB-C Hub - Variant 2,Electronics,36.09,3,1,0,2024-02-25
U0290,P0013,USB-C Hub - Variant 3,Electronics,149.11,4,3,1,2024-12-08
U0290,P0112,Football - Variant 2,Sports,71.75,5,3,0,2024-03-03
U0291,P0039,Wrist Watch - Variant 2,Fashion,41.73,1,2,1,2024-10-24
U0291,P0050,Winter Coat,Fashion,42.63,4,3,1,2024-02-10
U0291,P0093,Nail Polish Kit - Variant 2,Beauty,18.13,3,1,0,2024-11-05
U0291,P0036,Sunglasses,Fashion,32.53,3,2,1,2024-12-21
U0291,P0031,Cotton T-Shirt,Fashion,22.06,3,3,1,2024-08-11
U0291,P0147,History Book - Variant 2,Books,35.8,3,1,0,2024-09-12
U0291,P0009,Laptop Stand - Variant 2,Electronics,38.35,1,2,0,2024-07-06
U0291,P0048,Sneakers - Variant 2,Fashion,58.93,4,3,1,2024-03-15
U0291,P0051,Winter Coat - Variant 2,Fashion,46.85,4,1,0,2024-08-22
U0291,P0040,Wrist Watch - Variant 3,Fashion,55.58,4,1,1,2024-08-30
U0291,P0038,Wrist Watch,Fashion,65.06,3,3,1,2024-02-27
U0291,P0048,Sneakers - Variant 2,Fashion,58.93,2,1,1,2024-06-29
U0291,P0029,Denim Jacket,Fashion,85.21,3,3,1,2024-01-10
U0291,P0044,Formal Shirt,Fashion,83.48,4,3,0,2024-09-13
U0291,P0110,Water Bottle - Variant 3,Sports,57.47,2,2,0,2024-08-25
U0291,P0016,Gaming Mouse,Electronics,38.63,1,2,0,2024-05-26
U0291,P0034,Leather Wallet - Variant 2,Fashion,29.12,2,2,1,2024-08-26
U0291,P0028,Running Shoes - Variant 2,Fashion,21.88,3,1,1,2024-02-15
U0291,P0043,Backpack - Variant 3,Fashion,77.01,5,3,1,2024-02-08
U0291,P0002,Wireless Earbuds - Variant 2,Electronics,56.91,2,2,0,2024-05-28
U0291,P0149,Programming Guide,Books,35.7,2,1,0,2024-07-30
U0291,P0031,Cotton T-Shirt,Fashion,22.06,4,3,1,2024-07-09
U0291,P0043,Backpack - Variant 3,Fashion,77.01,3,3,1,2024-05-24
U0291,P0147,History Book - Variant 2,Books,35.8,2,3,1,2024-10-28
U0291,P0106,Cycling Helmet,Sports,67.06,3,2,1,2024-07-06
U0291,P0036,Sunglasses,Fashion,32.53,3,3,0,2024-08-04
U0291,P0044,Formal Shirt,Fashion,83.48,4,3,1,2024-12-18
U0291,P0043,Backpack - Variant 3,Fashion,77.01,4,2,0,2024-07-11
U0291,P0032,Cotton T-Shirt - Variant 2,Fashion,36.35,3,3,1,2024-08-19
U0291,P0032,Cotton T-Shirt - Variant 2,Fashion,36.35,5,3,0,2024-01-05
U0292,P0140,Business Strategy Book - Variant 3,Books,14.32,3,1,1,2024-02-04
U0292,P0128,Self-Help Book - Variant 2,Books,22.95,3,2,1,2024-03-05
U0292,P0135,Sci-Fi Novel,Books,37.03,4,1,1,2024-08-26
U0292,P0147,History Book - Variant 2,Books,35.8,3,3,1,2024-07-06
U0292,P0147,History Book - Variant 2,Books,35.8,3,2,1,2024-11-13
U0292,P0125,Mystery Novel - Variant 2,Books,18.83,4,2,1,2024-04-10
U0292,P0129,Self-Help Book - Variant 3,Books,37.09,4,2,1,2024-04-07
U0292,P0125,Mystery Novel - Variant 2,Books,18.83,3,1,1,2024-12-18
U0292,P0146,History Book,Books,11.74,5,3,1,2024-12-13
U0292,P0145,Poetry Collection - Variant 3,Books,15.46,4,1,1,2024-06-02
U0292,P0081,Shampoo - Variant 2,Beauty,39.01,2,3,0,2024-04-12
U0292,P0127,Self-Help Book,Books,13.13,5,1,1,2024-10-08
U0292,P0130,Cookbook,Books,25.89,3,3,1,2024-09-16
U0292,P0125,Mystery Novel - Variant 2,Books,18.83,2,3,1,2024-09-15
U0292,P0137,Sci-Fi Novel - Variant 3,Books,32.27,5,3,1,2024-05-16
U0292,P0136,Sci-Fi Novel - Variant 2,Books,20.37,3,3,0,2024-05-13
U0292,P0126,Mystery Novel - Variant 3,Books,27.08,4,2,1,2024-02-29
U0292,P0130,Cookbook,Books,25.89,4,3,1,2024-11-27
U0292,P0124,Mystery Novel,Books,9.94,5,2,0,2024-04-21
U0292,P0142,Children's Storybook - Variant 2,Books,18.29,5,2,0,2024-09-27
U0292,P0149,Programming Guide,Books,35.7,4,3,0,2024-09-18
U0292,P0141,Children's Storybook,Books,33.46,4,1,1,2024-02-06
U0292,P0150,Programming Guide - Variant 2,Books,12.92,4,1,1,2024-10-01
U0292,P0138,Business Strategy Book,Books,32.81,3,3,1,2024-05-08
U0292,P0044,Formal Shirt,Fashion,83.48,2,2,0,2024-07-25
U0292,P0116,Tennis Racket - Variant 3,Sports,21.7,3,2,1,2024-12-08
U0292,P0129,Self-Help Book - Variant 3,Books,37.09,4,1,1,2024-04-14
U0292,P0136,Sci-Fi Novel - Variant 2,Books,20.37,5,3,1,2024-09-01
U0292,P0143,Poetry Collection,Books,9.47,3,1,1,2024-05-14
U0292,P0131,Cookbook - Variant 2,Books,11.3,4,2,1,2024-03-30
U0292,P0124,Mystery Novel,Books,9.94,2,3,1,2024-09-14
U0293,P0091,Face Mask Set - Variant 2,Beauty,47.83,3,2,1,2024-05-15
U0293,P0091,Face Mask Set - Variant 2,Beauty,47.83,4,1,1,2024-04-30
U0293,P0078,Sunscreen SPF50,Beauty,33.33,3,2,1,2024-08-07
U0293,P0087,Hair Dryer,Beauty,46.49,4,2,1,2024-05-27
U0293,P0081,Shampoo - Variant 2,Beauty,39.01,3,2,0,2024-10-08
U0293,P0081,Shampoo - Variant 2,Beauty,39.01,3,1,1,2024-11-25
U0293,P0076,Face Moisturizer,Beauty,48.93,4,1,1,2024-08-13
U0293,P0092,Nail Polish Kit,Beauty,23.01,5,2,1,2024-07-24
U0293,P0091,Face Mask Set - Variant 2,Beauty,47.83,5,2,1,2024-05-11
U0293,P0088,Hair Dryer - Variant 2,Beauty,21.47,4,1,1,2024-10-27
U0293,P0078,Sunscreen SPF50,Beauty,33.33,5,2,1,2024-05-19
U0293,P0086,Perfume - Variant 2,Beauty,33.4,3,2,1,2024-04-30
U0293,P0097,Body Lotion,Beauty,42.54,5,3,1,2024-10-28
U0293,P0099,Body Lotion - Variant 3,Beauty,45.92,3,3,1,2024-06-04
U0293,P0098,Body Lotion - Variant 2,Beauty,19.09,1,2,1,2024-12-04
U0293,P0080,Shampoo,Beauty,13.54,5,1,1,2024-03-23
U0293,P0136,Sci-Fi Novel - Variant 2,Books,20.37,1,3,0,2024-07-11
U0293,P0143,Poetry Collection,Books,9.47,2,2,0,2024-09-01
U0293,P0097,Body Lotion,Beauty,42.54,4,3,1,2024-07-11
U0293,P0085,Perfume,Beauty,30.06,5,2,1,2024-05-15
U0293,P0090,Face Mask Set,Beauty,19.72,4,2,0,2024-10-16
U0293,P0076,Face Moisturizer,Beauty,48.93,4,2,1,2024-12-07
U0293,P0087,Hair Dryer,Beauty,46.49,4,1,1,2024-11-13
U0293,P0138,Business Strategy Book,Books,32.81,4,2,0,2024-04-16
U0294,P0098,Body Lotion - Variant 2,Beauty,19.09,5,3,0,2024-05-26
U0294,P0119,Fitness Tracker - Variant 3,Sports,46.34,3,3,1,2024-11-21
U0294,P0005,Bluetooth Speaker - Variant 3,Electronics,53.78,3,3,1,2024-09-13
U0294,P0085,Perfume,Beauty,30.06,4,2,0,2024-07-30
U0294,P0106,Cycling Helmet,Sports,67.06,5,2,1,2024-03-07
U0294,P0010,Laptop Stand - Variant 3,Electronics,146.57,3,2,1,2024-05-13
U0294,P0081,Shampoo - Variant 2,Beauty,39.01,5,3,1,2024-05-04
U0294,P0120,Skipping Rope,Sports,26.44,3,1,0,2024-12-23
U0295,P0139,Business Strategy Book - Variant 2,Books,18.14,3,1,1,2024-12-09
U0295,P0147,History Book - Variant 2,Books,35.8,3,1,1,2024-12-20
U0295,P0138,Business Strategy Book,Books,32.81,5,1,1,2024-11-08
U0295,P0128,Self-Help Book - Variant 2,Books,22.95,4,3,1,2024-02-01
U0295,P0067,Table Lamp - Variant 2,Home & Kitchen,105.23,3,3,0,2024-07-25
U0295,P0137,Sci-Fi Novel - Variant 3,Books,32.27,5,1,1,2024-10-29
U0295,P0146,History Book,Books,11.74,5,3,1,2024-10-23
U0295,P0125,Mystery Novel - Variant 2,Books,18.83,4,3,1,2024-07-31
U0295,P0126,Mystery Novel - Variant 3,Books,27.08,5,3,1,2024-08-11
U0295,P0146,History Book,Books,11.74,4,3,1,2024-01-14
U0295,P0137,Sci-Fi Novel - Variant 3,Books,32.27,2,3,0,2024-02-23
U0295,P0107,Cycling Helmet - Variant 2,Sports,18.4,2,3,0,2024-01-03
U0295,P0010,Laptop Stand - Variant 3,Electronics,146.57,4,1,0,2024-08-23
U0295,P0127,Self-Help Book,Books,13.13,5,1,1,2024-08-31
U0295,P0127,Self-Help Book,Books,13.13,5,2,1,2024-08-06
U0295,P0075,Wall Clock - Variant 3,Home & Kitchen,67.37,5,3,1,2024-07-12
U0295,P0040,Wrist Watch - Variant 3,Fashion,55.58,3,1,1,2024-04-07
U0295,P0101,Yoga Mat - Variant 2,Sports,24.96,1,1,0,2024-11-20
U0295,P0130,Cookbook,Books,25.89,4,2,1,2024-11-26
U0295,P0037,Sunglasses - Variant 2,Fashion,47.01,3,3,1,2024-02-19
U0295,P0132,Cookbook - Variant 3,Books,19.54,3,2,1,2024-12-02
U0295,P0122,Gym Bag,Sports,52.75,2,3,0,2024-03-02
U0295,P0130,Cookbook,Books,25.89,4,1,0,2024-12-17
U0295,P0147,History Book - Variant 2,Books,35.8,3,3,1,2024-03-07
U0295,P0131,Cookbook - Variant 2,Books,11.3,4,3,1,2024-01-07
U0295,P0125,Mystery Novel - Variant 2,Books,18.83,5,1,0,2024-06-18
U0295,P0147,History Book - Variant 2,Books,35.8,4,3,1,2024-01-03
U0295,P0146,History Book,Books,11.74,4,2,1,2024-10-27
U0295,P0044,Formal Shirt,Fashion,83.48,4,2,0,2024-06-15
U0295,P0060,Blender,Home & Kitchen,43.99,4,3,0,2024-10-15
U0295,P0135,Sci-Fi Novel,Books,37.03,5,3,1,2024-01-20
U0295,P0103,Dumbbell Set - Variant 2,Sports,24.27,2,2,1,2024-10-04
U0295,P0124,Mystery Novel,Books,9.94,4,2,0,2024-02-09
U0296,P0142,Children's Storybook - Variant 2,Books,18.29,3,3,1,2024-05-23
U0296,P0081,Shampoo - Variant 2,Beauty,39.01,1,2,0,2024-07-31
U0296,P0128,Self-Help Book - Variant 2,Books,22.95,3,1,1,2024-08-22
U0296,P0135,Sci-Fi Novel,Books,37.03,4,2,1,2024-10-16
U0296,P0135,Sci-Fi Novel,Books,37.03,2,2,1,2024-11-19
U0296,P0114,Tennis Racket,Sports,49.81,3,2,1,2024-01-01
U0296,P0025,Tablet - Variant 2,Electronics,41.3,1,2,0,2024-08-02
U0296,P0143,Poetry Collection,Books,9.47,4,3,1,2024-09-08
U0297,P0012,USB-C Hub - Variant 2,Electronics,36.09,4,2,0,2024-03-21
U0297,P0015,Power Bank - Variant 2,Electronics,95.82,5,3,0,2024-04-10
U0297,P0026,Tablet - Variant 3,Electronics,105.26,5,2,1,2024-08-08
U0297,P0068,Storage Boxes,Home & Kitchen,80.29,2,1,0,2024-09-11
U0297,P0025,Tablet - Variant 2,Electronics,41.3,4,3,1,2024-04-21
U0297,P0030,Denim Jacket - Variant 2,Fashion,74.76,3,2,0,2024-06-23
U0297,P0021,Mechanical Keyboard - Variant 3,Electronics,87.99,4,1,0,2024-07-16
U0297,P0010,Laptop Stand - Variant 3,Electronics,146.57,2,2,1,2024-01-05
U0297,P0015,Power Bank - Variant 2,Electronics,95.82,3,2,0,2024-03-22
U0297,P0017,Gaming Mouse - Variant 2,Electronics,95.82,4,3,1,2024-04-01
U0297,P0009,Laptop Stand - Variant 2,Electronics,38.35,3,2,1,2024-10-06
U0297,P0019,Mechanical Keyboard,Electronics,69.3,4,1,1,2024-12-13
U0297,P0004,Bluetooth Speaker - Variant 2,Electronics,53.79,5,2,1,2024-06-05
U0298,P0131,Cookbook - Variant 2,Books,11.3,3,3,1,2024-06-15
U0298,P0138,Business Strategy Book,Books,32.81,3,3,1,2024-02-13
U0298,P0148,History Book - Variant 3,Books,20.33,2,1,1,2024-11-11
U0298,P0134,Biography - Variant 2,Books,19.48,3,1,1,2024-11-09
U0298,P0128,Self-Help Book - Variant 2,Books,22.95,3,1,0,2024-03-18
U0298,P0137,Sci-Fi Novel - Variant 3,Books,32.27,5,2,0,2024-11-18
U0298,P0134,Biography - Variant 2,Books,19.48,5,3,1,2024-08-28
U0298,P0001,Wireless Earbuds,Electronics,126.81,2,3,0,2024-12-12
U0298,P0132,Cookbook - Variant 3,Books,19.54,1,3,1,2024-10-04
U0298,P0148,History Book - Variant 3,Books,20.33,4,2,1,2024-09-28
U0298,P0135,Sci-Fi Novel,Books,37.03,3,3,1,2024-10-18
U0298,P0134,Biography - Variant 2,Books,19.48,4,3,1,2024-08-30
U0298,P0144,Poetry Collection - Variant 2,Books,23.59,1,3,1,2024-05-06
U0298,P0145,Poetry Collection - Variant 3,Books,15.46,4,2,1,2024-12-30
U0298,P0144,Poetry Collection - Variant 2,Books,23.59,4,3,1,2024-02-03
U0298,P0126,Mystery Novel - Variant 3,Books,27.08,2,1,1,2024-08-06
U0298,P0131,Cookbook - Variant 2,Books,11.3,3,3,1,2024-04-28
U0298,P0135,Sci-Fi Novel,Books,37.03,4,1,1,2024-10-19
U0298,P0137,Sci-Fi Novel - Variant 3,Books,32.27,3,1,1,2024-02-17
U0298,P0142,Children's Storybook - Variant 2,Books,18.29,4,3,1,2024-11-22
U0298,P0124,Mystery Novel,Books,9.94,5,3,0,2024-08-05
U0298,P0134,Biography - Variant 2,Books,19.48,4,3,0,2024-04-26
U0298,P0006,Smartwatch,Electronics,88.35,3,2,1,2024-02-28
U0298,P0126,Mystery Novel - Variant 3,Books,27.08,5,3,1,2024-12-02
U0298,P0037,Sunglasses - Variant 2,Fashion,47.01,3,2,0,2024-08-02
U0298,P0133,Biography,Books,29.75,4,2,1,2024-04-09
U0298,P0145,Poetry Collection - Variant 3,Books,15.46,2,1,1,2024-11-13
U0298,P0145,Poetry Collection - Variant 3,Books,15.46,5,1,1,2024-02-23
U0298,P0148,History Book - Variant 3,Books,20.33,4,2,1,2024-08-21
U0298,P0143,Poetry Collection,Books,9.47,4,2,0,2024-11-02
U0298,P0135,Sci-Fi Novel,Books,37.03,3,1,1,2024-01-09
U0298,P0149,Programming Guide,Books,35.7,5,3,0,2024-06-06
U0298,P0141,Children's Storybook,Books,33.46,2,2,1,2024-11-02
U0298,P0132,Cookbook - Variant 3,Books,19.54,3,1,1,2024-11-29
U0298,P0124,Mystery Novel,Books,9.94,4,1,1,2024-10-11
U0298,P0144,Poetry Collection - Variant 2,Books,23.59,1,2,1,2024-10-19
U0298,P0142,Children's Storybook - Variant 2,Books,18.29,4,3,0,2024-01-30
U0299,P0017,Gaming Mouse - Variant 2,Electronics,95.82,5,1,1,2024-09-30
U0299,P0123,Gym Bag - Variant 2,Sports,46.65,3,2,1,2024-06-13
U0299,P0103,Dumbbell Set - Variant 2,Sports,24.27,4,1,1,2024-09-16
U0299,P0020,Mechanical Keyboard - Variant 2,Electronics,77.77,5,3,0,2024-09-16
U0299,P0106,Cycling Helmet,Sports,67.06,3,1,1,2024-08-30
U0299,P0107,Cycling Helmet - Variant 2,Sports,18.4,3,3,1,2024-05-29
U0299,P0105,Resistance Bands - Variant 2,Sports,18.03,3,2,1,2024-03-03
U0299,P0109,Water Bottle - Variant 2,Sports,45.64,3,2,1,2024-01-26
U0299,P0005,Bluetooth Speaker - Variant 3,Electronics,53.78,4,3,0,2024-02-12
U0299,P0109,Water Bottle - Variant 2,Sports,45.64,5,1,0,2024-03-27
U0299,P0027,Running Shoes,Fashion,50.96,2,1,1,2024-02-21
U0299,P0103,Dumbbell Set - Variant 2,Sports,24.27,2,1,1,2024-04-03
U0299,P0017,Gaming Mouse - Variant 2,Electronics,95.82,3,1,1,2024-10-19
U0299,P0009,Laptop Stand - Variant 2,Electronics,38.35,3,1,1,2024-11-26
U0299,P0115,Tennis Racket - Variant 2,Sports,41.02,3,1,1,2024-08-18
U0299,P0106,Cycling Helmet,Sports,67.06,3,1,1,2024-10-24
U0299,P0003,Bluetooth Speaker,Electronics,104.25,3,1,1,2024-02-24
U0299,P0129,Self-Help Book - Variant 3,Books,37.09,3,3,0,2024-12-09
U0299,P0114,Tennis Racket,Sports,49.81,5,3,1,2024-04-15
U0300,P0066,Table Lamp,Home & Kitchen,82.67,4,3,1,2024-11-05
U0300,P0063,Vacuum Cleaner - Variant 2,Home & Kitchen,87.82,3,3,1,2024-04-11
U0300,P0064,Bed Sheets Set,Home & Kitchen,92.94,3,2,1,2024-03-18
U0300,P0069,Storage Boxes - Variant 2,Home & Kitchen,55.29,3,2,0,2024-12-11
U0300,P0060,Blender,Home & Kitchen,43.99,3,1,1,2024-10-28
U0300,P0146,History Book,Books,11.74,2,1,0,2024-05-09
U0300,P0068,Storage Boxes,Home & Kitchen,80.29,4,3,1,2024-01-28
U0300,P0057,Coffee Maker - Variant 3,Home & Kitchen,95.59,4,1,1,2024-09-21
U0300,P0058,Non-stick Pan,Home & Kitchen,28.34,2,1,1,2024-01-06
U0300,P0075,Wall Clock - Variant 3,Home & Kitchen,67.37,5,2,1,2024-09-19
U0300,P0056,Coffee Maker - Variant 2,Home & Kitchen,39.05,5,3,1,2024-04-06
U0300,P0063,Vacuum Cleaner - Variant 2,Home & Kitchen,87.82,4,1,0,2024-08-25
U0300,P0062,Vacuum Cleaner,Home & Kitchen,44.0,2,1,0,2024-02-27
U0300,P0057,Coffee Maker - Variant 3,Home & Kitchen,95.59,4,2,1,2024-12-08
U0300,P0117,Fitness Tracker,Sports,72.86,3,1,0,2024-06-21
U0300,P0148,History Book - Variant 3,Books,20.33,3,3,0,2024-01-16
U0300,P0055,Coffee Maker,Home & Kitchen,73.4,5,2,1,2024-09-05
U0300,P0054,Air Fryer - Variant 2,Home & Kitchen,109.53,3,1,1,2024-09-21
U0300,P0071,Cutlery Set - Variant 2,Home & Kitchen,84.19,5,1,1,2024-07-18
U0300,P0069,Storage Boxes - Variant 2,Home & Kitchen,55.29,3,2,1,2024-10-19
U0300,P0146,History Book,Books,11.74,1,2,0,2024-09-04
U0300,P0058,Non-stick Pan,Home & Kitchen,28.34,5,2,0,2024-05-16
U0300,P0070,Cutlery Set,Home & Kitchen,58.7,1,2,1,2024-06-05
U0300,P0067,Table Lamp - Variant 2,Home & Kitchen,105.23,4,3,1,2024-02-27
U0300,P0056,Coffee Maker - Variant 2,Home & Kitchen,39.05,4,1,1,2024-04-15
U0300,P0073,Wall Clock,Home & Kitchen,81.51,5,3,1,2024-12-30
U0300,P0074,Wall Clock - Variant 2,Home & Kitchen,102.86,2,1,1,2024-01-14
U0300,P0059,Non-stick Pan - Variant 2,Home & Kitchen,63.2,4,2,1,2024-03-27
U0300,P0055,Coffee Maker,Home & Kitchen,73.4,2,1,1,2024-10-01
U0300,P0066,Table Lamp,Home & Kitchen,82.67,1,3,0,2024-04-23
U0300,P0109,Water Bottle - Variant 2,Sports,45.64,1,1,0,2024-05-05
U0300,P0074,Wall Clock - Variant 2,Home & Kitchen,102.86,3,2,1,2024-12-01
U0300,P0052,Winter Coat - Variant 3,Fashion,39.04,1,2,0,2024-07-24
U0301,P0116,Tennis Racket - Variant 3,Sports,21.7,5,3,1,2024-07-15
U0301,P0114,Tennis Racket,Sports,49.81,3,1,1,2024-10-12
U0301,P0140,Business Strategy Book - Variant 3,Books,14.32,3,3,0,2024-08-28
U0301,P0132,Cookbook - Variant 3,Books,19.54,3,3,1,2024-12-13
U0301,P0136,Sci-Fi Novel - Variant 2,Books,20.37,3,2,0,2024-04-23
U0301,P0121,Skipping Rope - Variant 2,Sports,74.87,2,3,1,2024-10-10
U0301,P0084,Lipstick - Variant 3,Beauty,13.19,5,2,0,2024-04-09
U0301,P0111,Football,Sports,37.24,4,3,1,2024-02-09
U0301,P0138,Business Strategy Book,Books,32.81,2,1,1,2024-08-16
U0301,P0107,Cycling Helmet - Variant 2,Sports,18.4,3,3,1,2024-04-01
U0301,P0042,Backpack - Variant 2,Fashion,23.08,1,2,1,2024-04-05
U0301,P0101,Yoga Mat - Variant 2,Sports,24.96,5,1,1,2024-07-03
U0301,P0145,Poetry Collection - Variant 3,Books,15.46,3,3,0,2024-08-15
U0301,P0129,Self-Help Book - Variant 3,Books,37.09,5,1,1,2024-02-17
U0301,P0143,Poetry Collection,Books,9.47,3,1,1,2024-11-07
U0301,P0129,Self-Help Book - Variant 3,Books,37.09,4,2,1,2024-07-17
U0301,P0063,Vacuum Cleaner - Variant 2,Home & Kitchen,87.82,3,2,1,2024-08-12
U0301,P0128,Self-Help Book - Variant 2,Books,22.95,5,1,1,2024-10-20
U0301,P0135,Sci-Fi Novel,Books,37.03,4,3,1,2024-08-20
U0301,P0071,Cutlery Set - Variant 2,Home & Kitchen,84.19,2,1,1,2024-04-26
U0301,P0005,Bluetooth Speaker - Variant 3,Electronics,53.78,1,3,0,2024-08-22
U0302,P0116,Tennis Racket - Variant 3,Sports,21.7,2,2,0,2024-11-26
U0302,P0007,Smartwatch - Variant 2,Electronics,74.04,4,2,1,2024-02-02
U0302,P0092,Nail Polish Kit,Beauty,23.01,2,3,0,2024-01-08
U0302,P0019,Mechanical Keyboard,Electronics,69.3,5,3,1,2024-10-13
U0302,P0019,Mechanical Keyboard,Electronics,69.3,4,2,1,2024-08-14
U0302,P0084,Lipstick - Variant 3,Beauty,13.19,2,1,1,2024-02-21
U0302,P0142,Children's Storybook - Variant 2,Books,18.29,3,3,1,2024-10-17
U0302,P0138,Business Strategy Book,Books,32.81,4,3,1,2024-08-03
U0302,P0023,Webcam - Variant 2,Electronics,79.6,3,2,1,2024-08-01
U0302,P0009,Laptop Stand - Variant 2,Electronics,38.35,5,1,0,2024-03-20
U0302,P0134,Biography - Variant 2,Books,19.48,2,3,0,2024-09-28
U0302,P0016,Gaming Mouse,Electronics,38.63,3,2,1,2024-10-11
U0302,P0012,USB-C Hub - Variant 2,Electronics,36.09,4,1,1,2024-07-01
U0302,P0029,Denim Jacket,Fashion,85.21,2,3,0,2024-09-09
U0302,P0005,Bluetooth Speaker - Variant 3,Electronics,53.78,4,2,1,2024-06-04
U0302,P0010,Laptop Stand - Variant 3,Electronics,146.57,5,3,1,2024-01-28
U0303,P0032,Cotton T-Shirt - Variant 2,Fashion,36.35,2,1,0,2024-03-15
U0303,P0134,Biography - Variant 2,Books,19.48,5,2,1,2024-03-20
U0303,P0149,Programming Guide,Books,35.7,5,2,0,2024-11-16
U0303,P0126,Mystery Novel - Variant 3,Books,27.08,4,2,0,2024-04-05
U0303,P0147,History Book - Variant 2,Books,35.8,3,2,1,2024-03-23
U0303,P0106,Cycling Helmet,Sports,67.06,2,2,1,2024-01-14
U0303,P0045,Formal Shirt - Variant 2,Fashion,80.51,3,3,0,2024-10-10
U0303,P0138,Business Strategy Book,Books,32.81,3,3,1,2024-03-15
U0303,P0148,History Book - Variant 3,Books,20.33,5,1,0,2024-11-27
U0303,P0140,Business Strategy Book - Variant 3,Books,14.32,5,1,1,2024-05-06
U0303,P0140,Business Strategy Book - Variant 3,Books,14.32,3,2,1,2024-04-18
U0303,P0123,Gym Bag - Variant 2,Sports,46.65,3,3,0,2024-12-15
U0303,P0146,History Book,Books,11.74,3,2,0,2024-01-20
U0303,P0136,Sci-Fi Novel - Variant 2,Books,20.37,4,1,1,2024-08-13
U0303,P0133,Biography,Books,29.75,5,2,1,2024-07-30
U0303,P0131,Cookbook - Variant 2,Books,11.3,4,1,0,2024-03-13
U0304,P0072,Cutlery Set - Variant 3,Home & Kitchen,83.94,3,1,1,2024-12-28
U0304,P0116,Tennis Racket - Variant 3,Sports,21.7,4,3,0,2024-11-17
U0304,P0047,Sneakers,Fashion,42.71,4,2,1,2024-02-09
U0304,P0029,Denim Jacket,Fashion,85.21,5,3,0,2024-12-23
U0304,P0037,Sunglasses - Variant 2,Fashion,47.01,3,2,1,2024-01-07
U0304,P0104,Resistance Bands,Sports,54.92,2,1,1,2024-11-17
U0304,P0028,Running Shoes - Variant 2,Fashion,21.88,3,2,1,2024-12-30
U0304,P0046,Formal Shirt - Variant 3,Fashion,60.76,4,3,1,2024-10-12
U0304,P0118,Fitness Tracker - Variant 2,Sports,32.35,5,3,0,2024-03-05
U0304,P0118,Fitness Tracker - Variant 2,Sports,32.35,3,2,0,2024-08-06
U0304,P0052,Winter Coat - Variant 3,Fashion,39.04,2,2,1,2024-07-14
U0304,P0121,Skipping Rope - Variant 2,Sports,74.87,3,1,1,2024-03-15
U0304,P0116,Tennis Racket - Variant 3,Sports,21.7,4,1,1,2024-07-19
U0304,P0091,Face Mask Set - Variant 2,Beauty,47.83,3,3,0,2024-07-14
U0304,P0103,Dumbbell Set - Variant 2,Sports,24.27,4,3,1,2024-01-28
U0304,P0126,Mystery Novel - Variant 3,Books,27.08,4,1,1,2024-12-03
U0304,P0108,Water Bottle,Sports,48.44,3,2,1,2024-10-02
U0304,P0097,Body Lotion,Beauty,42.54,2,1,0,2024-08-29
U0304,P0121,Skipping Rope - Variant 2,Sports,74.87,3,1,0,2024-07-24
U0304,P0045,Formal Shirt - Variant 2,Fashion,80.51,3,3,1,2024-07-06
U0304,P0029,Denim Jacket,Fashion,85.21,3,3,1,2024-11-15
U0304,P0020,Mechanical Keyboard - Variant 2,Electronics,77.77,2,3,0,2024-12-04
U0304,P0044,Formal Shirt,Fashion,83.48,4,3,1,2024-09-18
U0304,P0041,Backpack,Fashion,58.75,4,2,1,2024-03-30
U0304,P0103,Dumbbell Set - Variant 2,Sports,24.27,3,3,0,2024-11-24
U0304,P0103,Dumbbell Set - Variant 2,Sports,24.27,3,2,1,2024-04-21
U0304,P0134,Biography - Variant 2,Books,19.48,3,2,0,2024-01-29
U0304,P0136,Sci-Fi Novel - Variant 2,Books,20.37,2,3,1,2024-05-12
U0304,P0147,History Book - Variant 2,Books,35.8,4,3,0,2024-05-03
U0304,P0038,Wrist Watch,Fashion,65.06,1,1,1,2024-02-23
U0305,P0034,Leather Wallet - Variant 2,Fashion,29.12,4,2,0,2024-09-05
U0305,P0123,Gym Bag - Variant 2,Sports,46.65,4,3,1,2024-06-01
U0305,P0102,Dumbbell Set,Sports,36.13,4,1,0,2024-10-21
U0305,P0119,Fitness Tracker - Variant 3,Sports,46.34,3,3,1,2024-08-27
U0305,P0038,Wrist Watch,Fashion,65.06,5,1,1,2024-02-28
U0305,P0124,Mystery Novel,Books,9.94,3,2,0,2024-01-14
U0305,P0110,Water Bottle - Variant 3,Sports,57.47,4,3,0,2024-01-17
U0305,P0100,Yoga Mat,Sports,36.49,4,3,0,2024-02-21
U0305,P0041,Backpack,Fashion,58.75,2,1,1,2024-11-19
U0306,P0057,Coffee Maker - Variant 3,Home & Kitchen,95.59,3,1,0,2024-01-01
U0306,P0074,Wall Clock - Variant 2,Home & Kitchen,102.86,4,2,0,2024-08-31
U0306,P0071,Cutlery Set - Variant 2,Home & Kitchen,84.19,3,3,1,2024-12-30
U0306,P0112,Football - Variant 2,Sports,71.75,2,3,0,2024-10-08
U0306,P0056,Coffee Maker - Variant 2,Home & Kitchen,39.05,4,2,1,2024-06-19
U0306,P0068,Storage Boxes,Home & Kitchen,80.29,3,2,1,2024-04-01
U0306,P0069,Storage Boxes - Variant 2,Home & Kitchen,55.29,4,2,1,2024-04-29
U0306,P0143,Poetry Collection,Books,9.47,3,3,0,2024-01-17
U0306,P0150,Programming Guide - Variant 2,Books,12.92,3,2,0,2024-05-22
U0306,P0019,Mechanical Keyboard,Electronics,69.3,4,3,0,2024-04-16
U0306,P0071,Cutlery Set - Variant 2,Home & Kitchen,84.19,3,3,1,2024-09-22
U0306,P0074,Wall Clock - Variant 2,Home & Kitchen,102.86,2,1,1,2024-07-07
U0306,P0059,Non-stick Pan - Variant 2,Home & Kitchen,63.2,4,3,0,2024-03-08
U0306,P0069,Storage Boxes - Variant 2,Home & Kitchen,55.29,3,2,0,2024-11-19
U0306,P0075,Wall Clock - Variant 3,Home & Kitchen,67.37,3,3,1,2024-02-25
U0306,P0057,Coffee Maker - Variant 3,Home & Kitchen,95.59,5,1,1,2024-09-09
U0306,P0117,Fitness Tracker,Sports,72.86,3,3,0,2024-07-09
U0306,P0069,Storage Boxes - Variant 2,Home & Kitchen,55.29,5,3,1,2024-09-01
U0306,P0129,Self-Help Book - Variant 3,Books,37.09,3,1,0,2024-07-09
U0306,P0099,Body Lotion - Variant 3,Beauty,45.92,1,1,1,2024-10-16
U0306,P0073,Wall Clock,Home & Kitchen,81.51,4,3,0,2024-03-15
U0306,P0059,Non-stick Pan - Variant 2,Home & Kitchen,63.2,4,3,1,2024-03-16
U0306,P0148,History Book - Variant 3,Books,20.33,4,3,0,2024-03-20
U0306,P0002,Wireless Earbuds - Variant 2,Electronics,56.91,3,3,1,2024-03-19
U0306,P0112,Football - Variant 2,Sports,71.75,3,1,0,2024-06-20
U0306,P0139,Business Strategy Book - Variant 2,Books,18.14,3,1,0,2024-07-04
U0306,P0146,History Book,Books,11.74,2,3,0,2024-12-01
U0306,P0066,Table Lamp,Home & Kitchen,82.67,5,2,1,2024-02-21
U0306,P0105,Resistance Bands - Variant 2,Sports,18.03,4,3,1,2024-08-09
U0306,P0058,Non-stick Pan,Home & Kitchen,28.34,3,2,0,2024-01-24
U0306,P0054,Air Fryer - Variant 2,Home & Kitchen,109.53,4,2,1,2024-04-03
U0306,P0054,Air Fryer - Variant 2,Home & Kitchen,109.53,3,3,1,2024-01-28
U0306,P0067,Table Lamp - Variant 2,Home & Kitchen,105.23,5,3,1,2024-12-02
U0306,P0061,Blender - Variant 2,Home & Kitchen,27.47,2,1,1,2024-10-21
U0307,P0045,Formal Shirt - Variant 2,Fashion,80.51,3,3,1,2024-05-28
U0307,P0116,Tennis Racket - Variant 3,Sports,21.7,2,1,0,2024-01-30
U0307,P0036,Sunglasses,Fashion,32.53,5,1,1,2024-10-30
U0307,P0040,Wrist Watch - Variant 3,Fashion,55.58,5,1,1,2024-08-25
U0307,P0065,Bed Sheets Set - Variant 2,Home & Kitchen,33.33,4,1,1,2024-06-06
U0307,P0039,Wrist Watch - Variant 2,Fashion,41.73,4,2,1,2024-02-18
U0307,P0072,Cutlery Set - Variant 3,Home & Kitchen,83.94,2,3,1,2024-08-20
U0307,P0070,Cutlery Set,Home & Kitchen,58.7,2,1,1,2024-11-20
U0307,P0046,Formal Shirt - Variant 3,Fashion,60.76,3,3,1,2024-04-24
U0307,P0061,Blender - Variant 2,Home & Kitchen,27.47,2,2,1,2024-11-10
U0307,P0029,Denim Jacket,Fashion,85.21,3,2,1,2024-01-01
U0307,P0056,Coffee Maker - Variant 2,Home & Kitchen,39.05,2,2,1,2024-10-03
U0307,P0045,Formal Shirt - Variant 2,Fashion,80.51,3,3,0,2024-06-29
U0307,P0020,Mechanical Keyboard - Variant 2,Electronics,77.77,3,2,0,2024-09-21
U0307,P0060,Blender,Home & Kitchen,43.99,3,2,1,2024-02-28
U0307,P0066,Table Lamp,Home & Kitchen,82.67,3,2,1,2024-03-23
U0307,P0065,Bed Sheets Set - Variant 2,Home & Kitchen,33.33,4,3,0,2024-04-16
U0307,P0029,Denim Jacket,Fashion,85.21,2,3,1,2024-01-04
U0307,P0059,Non-stick Pan - Variant 2,Home & Kitchen,63.2,4,2,0,2024-07-18
U0307,P0059,Non-stick Pan - Variant 2,Home & Kitchen,63.2,3,3,0,2024-12-07
U0307,P0047,Sneakers,Fashion,42.71,5,1,1,2024-02-19
U0307,P0042,Backpack - Variant 2,Fashion,23.08,3,1,0,2024-12-22
U0307,P0045,Formal Shirt - Variant 2,Fashion,80.51,3,2,1,2024-11-12
U0307,P0048,Sneakers - Variant 2,Fashion,58.93,1,1,1,2024-08-05
U0307,P0033,Leather Wallet,Fashion,50.27,4,3,1,2024-08-18
U0307,P0001,Wireless Earbuds,Electronics,126.81,2,1,0,2024-03-08
U0307,P0070,Cutlery Set,Home & Kitchen,58.7,2,2,1,2024-01-10
U0307,P0125,Mystery Novel - Variant 2,Books,18.83,2,1,0,2024-08-11
U0307,P0051,Winter Coat - Variant 2,Fashion,46.85,5,1,1,2024-08-15
U0307,P0035,Leather Wallet - Variant 3,Fashion,53.93,2,3,1,2024-05-24
U0307,P0033,Leather Wallet,Fashion,50.27,3,2,1,2024-09-28
U0307,P0012,USB-C Hub - Variant 2,Electronics,36.09,2,2,0,2024-05-02
U0307,P0041,Backpack,Fashion,58.75,2,2,0,2024-06-04
U0307,P0057,Coffee Maker - Variant 3,Home & Kitchen,95.59,3,2,1,2024-05-26
U0307,P0097,Body Lotion,Beauty,42.54,3,1,0,2024-02-19
U0307,P0041,Backpack,Fashion,58.75,2,3,1,2024-06-13
U0307,P0108,Water Bottle,Sports,48.44,3,1,0,2024-07-02
U0307,P0029,Denim Jacket,Fashion,85.21,2,3,1,2024-12-02
U0308,P0112,Football - Variant 2,Sports,71.75,5,1,1,2024-03-18
U0308,P0074,Wall Clock - Variant 2,Home & Kitchen,102.86,4,3,0,2024-04-11
U0308,P0110,Water Bottle - Variant 3,Sports,57.47,5,2,0,2024-11-23
U0308,P0070,Cutlery Set,Home & Kitchen,58.7,3,1,1,2024-09-21
U0308,P0103,Dumbbell Set - Variant 2,Sports,24.27,5,1,0,2024-12-22
U0308,P0059,Non-stick Pan - Variant 2,Home & Kitchen,63.2,4,1,1,2024-07-28
U0308,P0070,Cutlery Set,Home & Kitchen,58.7,5,3,0,2024-09-14
U0308,P0054,Air Fryer - Variant 2,Home & Kitchen,109.53,5,3,0,2024-01-31
U0308,P0111,Football,Sports,37.24,4,2,1,2024-05-14
U0308,P0002,Wireless Earbuds - Variant 2,Electronics,56.91,3,2,0,2024-05-03
U0308,P0120,Skipping Rope,Sports,26.44,4,1,1,2024-08-26
U0308,P0114,Tennis Racket,Sports,49.81,4,2,1,2024-05-08
U0308,P0056,Coffee Maker - Variant 2,Home & Kitchen,39.05,4,2,1,2024-05-19
U0308,P0064,Bed Sheets Set,Home & Kitchen,92.94,3,1,0,2024-12-27
U0308,P0054,Air Fryer - Variant 2,Home & Kitchen,109.53,4,2,1,2024-10-08
U0308,P0117,Fitness Tracker,Sports,72.86,4,1,0,2024-12-12
U0308,P0062,Vacuum Cleaner,Home & Kitchen,44.0,4,3,1,2024-05-14
U0308,P0075,Wall Clock - Variant 3,Home & Kitchen,67.37,4,2,1,2024-04-11
U0308,P0062,Vacuum Cleaner,Home & Kitchen,44.0,3,2,1,2024-09-27
U0308,P0131,Cookbook - Variant 2,Books,11.3,4,3,0,2024-02-01
U0308,P0069,Storage Boxes - Variant 2,Home & Kitchen,55.29,3,3,1,2024-09-12
U0308,P0100,Yoga Mat,Sports,36.49,4,1,0,2024-02-19
U0308,P0115,Tennis Racket - Variant 2,Sports,41.02,5,3,1,2024-09-25
U0308,P0073,Wall Clock,Home & Kitchen,81.51,5,2,1,2024-06-19
U0308,P0108,Water Bottle,Sports,48.44,5,3,1,2024-07-08
U0308,P0057,Coffee Maker - Variant 3,Home & Kitchen,95.59,4,2,0,2024-10-22
U0308,P0122,Gym Bag,Sports,52.75,5,1,1,2024-11-19
U0308,P0116,Tennis Racket - Variant 3,Sports,21.7,3,3,1,2024-02-24
U0309,P0089,Hair Dryer - Variant 3,Beauty,27.59,3,1,0,2024-12-07
U0309,P0092,Nail Polish Kit,Beauty,23.01,3,3,0,2024-10-02
U0309,P0087,Hair Dryer,Beauty,46.49,2,3,1,2024-10-14
U0309,P0078,Sunscreen SPF50,Beauty,33.33,3,1,1,2024-06-21
U0309,P0094,Beard Trimmer,Beauty,35.73,1,3,0,2024-09-09
U0309,P0081,Shampoo - Variant 2,Beauty,39.01,4,1,1,2024-05-08
U0309,P0085,Perfume,Beauty,30.06,4,3,0,2024-01-31
U0309,P0091,Face Mask Set - Variant 2,Beauty,47.83,3,2,1,2024-01-06
U0309,P0089,Hair Dryer - Variant 3,Beauty,27.59,3,2,1,2024-11-05
U0309,P0083,Lipstick - Variant 2,Beauty,16.1,3,1,1,2024-07-17
U0310,P0005,Bluetooth Speaker - Variant 3,Electronics,53.78,4,2,1,2024-07-13
U0310,P0088,Hair Dryer - Variant 2,Beauty,21.47,3,2,1,2024-09-12
U0310,P0139,Business Strategy Book - Variant 2,Books,18.14,2,3,1,2024-11-03
U0310,P0023,Webcam - Variant 2,Electronics,79.6,4,3,1,2024-11-14
U0310,P0077,Face Moisturizer - Variant 2,Beauty,44.26,5,2,0,2024-08-04
U0310,P0014,Power Bank,Electronics,70.68,3,3,1,2024-01-19
U0310,P0077,Face Moisturizer - Variant 2,Beauty,44.26,3,3,1,2024-08-11
U0310,P0017,Gaming Mouse - Variant 2,Electronics,95.82,3,1,1,2024-03-17
U0310,P0021,Mechanical Keyboard - Variant 3,Electronics,87.99,4,2,0,2024-02-26
U0310,P0006,Smartwatch,Electronics,88.35,4,3,1,2024-07-04
U0310,P0006,Smartwatch,Electronics,88.35,3,3,0,2024-01-07
U0310,P0102,Dumbbell Set,Sports,36.13,1,1,0,2024-10-14
U0310,P0079,Sunscreen SPF50 - Variant 2,Beauty,41.3,4,1,1,2024-02-15
U0310,P0080,Shampoo,Beauty,13.54,3,1,1,2024-12-12
U0310,P0095,Beard Trimmer - Variant 2,Beauty,23.23,4,2,1,2024-03-03
U0311,P0078,Sunscreen SPF50,Beauty,33.33,3,2,1,2024-08-03
U0311,P0092,Nail Polish Kit,Beauty,23.01,2,1,1,2024-01-07
U0311,P0023,Webcam - Variant 2,Electronics,79.6,2,1,1,2024-05-07
U0311,P0078,Sunscreen SPF50,Beauty,33.33,4,2,1,2024-09-29
U0311,P0093,Nail Polish Kit - Variant 2,Beauty,18.13,4,3,0,2024-04-01
U0311,P0079,Sunscreen SPF50 - Variant 2,Beauty,41.3,4,3,1,2024-04-25
U0311,P0036,Sunglasses,Fashion,32.53,2,1,0,2024-12-02
U0311,P0017,Gaming Mouse - Variant 2,Electronics,95.82,3,1,0,2024-06-25
U0311,P0086,Perfume - Variant 2,Beauty,33.4,3,2,1,2024-03-08
U0311,P0086,Perfume - Variant 2,Beauty,33.4,2,1,1,2024-12-04
U0311,P0006,Smartwatch,Electronics,88.35,3,2,0,2024-11-28
U0311,P0006,Smartwatch,Electronics,88.35,2,2,1,2024-03-02
U0311,P0056,Coffee Maker - Variant 2,Home & Kitchen,39.05,3,2,0,2024-04-20
U0311,P0016,Gaming Mouse,Electronics,38.63,2,1,1,2024-09-11
U0311,P0017,Gaming Mouse - Variant 2,Electronics,95.82,3,3,1,2024-02-10
U0311,P0022,Webcam,Electronics,106.5,2,1,1,2024-11-20
U0311,P0083,Lipstick - Variant 2,Beauty,16.1,4,3,1,2024-08-05
U0311,P0079,Sunscreen SPF50 - Variant 2,Beauty,41.3,3,3,1,2024-04-14
U0311,P0098,Body Lotion - Variant 2,Beauty,19.09,5,2,1,2024-04-08
U0311,P0082,Lipstick,Beauty,12.97,4,2,0,2024-06-18
U0311,P0010,Laptop Stand - Variant 3,Electronics,146.57,5,3,0,2024-02-25
U0311,P0126,Mystery Novel - Variant 3,Books,27.08,2,1,0,2024-10-25
U0311,P0097,Body Lotion,Beauty,42.54,4,3,1,2024-09-18
U0311,P0067,Table Lamp - Variant 2,Home & Kitchen,105.23,1,3,1,2024-06-10
U0311,P0008,Laptop Stand,Electronics,116.72,4,2,1,2024-05-11
U0311,P0011,USB-C Hub,Electronics,143.0,3,3,0,2024-03-27
U0311,P0012,USB-C Hub - Variant 2,Electronics,36.09,3,1,1,2024-04-01
U0311,P0020,Mechanical Keyboard - Variant 2,Electronics,77.77,4,1,1,2024-11-15
U0311,P0013,USB-C Hub - Variant 3,Electronics,149.11,5,2,0,2024-05-12
U0312,P0106,Cycling Helmet,Sports,67.06,2,1,1,2024-09-05
U0312,P0032,Cotton T-Shirt - Variant 2,Fashion,36.35,2,3,1,2024-07-06
U0312,P0052,Winter Coat - Variant 3,Fashion,39.04,3,2,1,2024-01-13
U0312,P0037,Sunglasses - Variant 2,Fashion,47.01,5,1,1,2024-11-08
U0312,P0028,Running Shoes - Variant 2,Fashion,21.88,3,1,1,2024-06-08
U0312,P0030,Denim Jacket - Variant 2,Fashion,74.76,4,2,1,2024-01-06
U0312,P0030,Denim Jacket - Variant 2,Fashion,74.76,4,3,1,2024-07-15
U0312,P0047,Sneakers,Fashion,42.71,3,1,1,2024-02-28
U0312,P0028,Running Shoes - Variant 2,Fashion,21.88,2,3,1,2024-04-26
U0312,P0050,Winter Coat,Fashion,42.63,4,3,1,2024-04-17
U0312,P0051,Winter Coat - Variant 2,Fashion,46.85,4,1,0,2024-09-05
U0312,P0048,Sneakers - Variant 2,Fashion,58.93,3,1,0,2024-07-24
U0312,P0040,Wrist Watch - Variant 3,Fashion,55.58,5,3,1,2024-03-28
U0312,P0027,Running Shoes,Fashion,50.96,4,2,1,2024-05-30
U0312,P0032,Cotton T-Shirt - Variant 2,Fashion,36.35,2,3,1,2024-08-27
U0312,P0043,Backpack - Variant 3,Fashion,77.01,4,3,1,2024-01-10
U0312,P0044,Formal Shirt,Fashion,83.48,5,2,1,2024-12-29
U0312,P0028,Running Shoes - Variant 2,Fashion,21.88,4,2,1,2024-07-07
U0312,P0031,Cotton T-Shirt,Fashion,22.06,2,1,1,2024-05-30
U0312,P0028,Running Shoes - Variant 2,Fashion,21.88,5,1,1,2024-04-15
U0312,P0048,Sneakers - Variant 2,Fashion,58.93,3,3,0,2024-11-12
U0312,P0031,Cotton T-Shirt,Fashion,22.06,5,3,0,2024-03-10
U0312,P0051,Winter Coat - Variant 2,Fashion,46.85,4,1,1,2024-08-26
U0312,P0051,Winter Coat - Variant 2,Fashion,46.85,4,3,1,2024-04-25
U0312,P0041,Backpack,Fashion,58.75,4,2,1,2024-07-12
U0312,P0052,Winter Coat - Variant 3,Fashion,39.04,5,3,0,2024-08-24
U0312,P0031,Cotton T-Shirt,Fashion,22.06,4,2,1,2024-02-18
U0312,P0029,Denim Jacket,Fashion,85.21,5,2,1,2024-09-17
U0313,P0097,Body Lotion,Beauty,42.54,4,1,1,2024-10-05
U0313,P0041,Backpack,Fashion,58.75,2,1,1,2024-09-04
U0313,P0149,Programming Guide,Books,35.7,3,1,0,2024-12-09
U0313,P0087,Hair Dryer,Beauty,46.49,5,1,1,2024-02-16
U0313,P0083,Lipstick - Variant 2,Beauty,16.1,2,3,1,2024-07-03
U0313,P0091,Face Mask Set - Variant 2,Beauty,47.83,4,3,1,2024-01-12
U0313,P0079,Sunscreen SPF50 - Variant 2,Beauty,41.3,5,2,1,2024-04-10
U0313,P0077,Face Moisturizer - Variant 2,Beauty,44.26,5,1,1,2024-07-12
U0313,P0079,Sunscreen SPF50 - Variant 2,Beauty,41.3,3,1,0,2024-12-25
U0314,P0059,Non-stick Pan - Variant 2,Home & Kitchen,63.2,3,1,0,2024-10-01
U0314,P0129,Self-Help Book - Variant 3,Books,37.09,4,3,1,2024-11-21
U0314,P0126,Mystery Novel - Variant 3,Books,27.08,4,3,0,2024-03-04
U0314,P0034,Leather Wallet - Variant 2,Fashion,29.12,4,1,1,2024-04-30
U0314,P0147,History Book - Variant 2,Books,35.8,4,1,1,2024-10-24
U0314,P0138,Business Strategy Book,Books,32.81,3,3,1,2024-08-15
U0314,P0144,Poetry Collection - Variant 2,Books,23.59,3,3,1,2024-06-11
U0314,P0132,Cookbook - Variant 3,Books,19.54,5,1,1,2024-11-24
U0314,P0006,Smartwatch,Electronics,88.35,3,1,1,2024-04-21
U0314,P0136,Sci-Fi Novel - Variant 2,Books,20.37,3,2,1,2024-07-19
U0314,P0138,Business Strategy Book,Books,32.81,3,3,1,2024-01-27
U0314,P0133,Biography,Books,29.75,5,1,1,2024-01-17
U0314,P0140,Business Strategy Book - Variant 3,Books,14.32,2,1,1,2024-12-10
U0314,P0138,Business Strategy Book,Books,32.81,4,2,1,2024-12-16
U0314,P0143,Poetry Collection,Books,9.47,5,3,1,2024-07-20
U0314,P0124,Mystery Novel,Books,9.94,3,2,1,2024-12-29
U0314,P0145,Poetry Collection - Variant 3,Books,15.46,4,3,1,2024-12-16
U0314,P0076,Face Moisturizer,Beauty,48.93,3,2,0,2024-12-26
U0314,P0130,Cookbook,Books,25.89,3,3,1,2024-04-10
U0314,P0138,Business Strategy Book,Books,32.81,3,3,0,2024-08-03
U0314,P0142,Children's Storybook - Variant 2,Books,18.29,3,1,1,2024-02-20
U0314,P0084,Lipstick - Variant 3,Beauty,13.19,3,2,0,2024-12-12
U0314,P0135,Sci-Fi Novel,Books,37.03,3,1,0,2024-08-14
U0314,P0127,Self-Help Book,Books,13.13,3,3,1,2024-04-03
U0314,P0130,Cookbook,Books,25.89,4,3,1,2024-05-18
U0314,P0143,Poetry Collection,Books,9.47,4,2,1,2024-01-02
U0314,P0148,History Book - Variant 3,Books,20.33,5,3,1,2024-08-29
U0314,P0141,Children's Storybook,Books,33.46,4,2,0,2024-01-28
U0315,P0034,Leather Wallet - Variant 2,Fashion,29.12,3,2,1,2024-10-08
U0315,P0013,USB-C Hub - Variant 3,Electronics,149.11,5,3,1,2024-03-23
U0315,P0110,Water Bottle - Variant 3,Sports,57.47,3,1,0,2024-07-16
U0315,P0028,Running Shoes - Variant 2,Fashion,21.88,4,3,1,2024-09-02
U0315,P0100,Yoga Mat,Sports,36.49,4,2,1,2024-12-25
U0315,P0020,Mechanical Keyboard - Variant 2,Electronics,77.77,4,2,0,2024-05-11
U0315,P0037,Sunglasses - Variant 2,Fashion,47.01,5,3,1,2024-11-02
U0315,P0112,Football - Variant 2,Sports,71.75,2,2,0,2024-07-03
U0315,P0029,Denim Jacket,Fashion,85.21,3,3,0,2024-04-21
U0315,P0020,Mechanical Keyboard - Variant 2,Electronics,77.77,4,1,1,2024-03-21
U0315,P0112,Football - Variant 2,Sports,71.75,2,2,0,2024-08-22
U0315,P0089,Hair Dryer - Variant 3,Beauty,27.59,3,2,0,2024-11-07
U0315,P0003,Bluetooth Speaker,Electronics,104.25,5,3,0,2024-02-02
U0315,P0002,Wireless Earbuds - Variant 2,Electronics,56.91,2,2,1,2024-04-13
U0315,P0081,Shampoo - Variant 2,Beauty,39.01,2,1,1,2024-04-23
U0315,P0032,Cotton T-Shirt - Variant 2,Fashion,36.35,3,3,1,2024-07-07
U0315,P0043,Backpack - Variant 3,Fashion,77.01,1,3,1,2024-12-17
U0315,P0044,Formal Shirt,Fashion,83.48,4,3,1,2024-07-27
U0315,P0009,Laptop Stand - Variant 2,Electronics,38.35,3,2,0,2024-05-26
U0315,P0051,Winter Coat - Variant 2,Fashion,46.85,4,3,1,2024-01-23
U0315,P0035,Leather Wallet - Variant 3,Fashion,53.93,3,3,1,2024-04-11
U0315,P0003,Bluetooth Speaker,Electronics,104.25,3,2,0,2024-11-10
U0315,P0022,Webcam,Electronics,106.5,4,2,0,2024-01-01
U0316,P0005,Bluetooth Speaker - Variant 3,Electronics,53.78,2,2,1,2024-09-24
U0316,P0060,Blender,Home & Kitchen,43.99,4,3,1,2024-11-26
U0316,P0001,Wireless Earbuds,Electronics,126.81,3,3,1,2024-05-17
U0316,P0010,Laptop Stand - Variant 3,Electronics,146.57,3,2,0,2024-08-13
U0316,P0025,Tablet - Variant 2,Electronics,41.3,3,1,1,2024-12-27
U0316,P0006,Smartwatch,Electronics,88.35,5,1,1,2024-06-22
U0316,P0023,Webcam - Variant 2,Electronics,79.6,2,2,1,2024-08-16
U0316,P0057,Coffee Maker - Variant 3,Home & Kitchen,95.59,5,3,1,2024-06-06
U0316,P0060,Blender,Home & Kitchen,43.99,2,3,1,2024-01-29
U0316,P0015,Power Bank - Variant 2,Electronics,95.82,4,3,1,2024-10-04
U0316,P0013,USB-C Hub - Variant 3,Electronics,149.11,2,3,1,2024-07-13
U0316,P0048,Sneakers - Variant 2,Fashion,58.93,1,3,1,2024-09-21
U0316,P0101,Yoga Mat - Variant 2,Sports,24.96,4,1,0,2024-06-03
U0316,P0016,Gaming Mouse,Electronics,38.63,4,2,1,2024-09-14
U0316,P0055,Coffee Maker,Home & Kitchen,73.4,3,2,0,2024-01-04
U0317,P0074,Wall Clock - Variant 2,Home & Kitchen,102.86,4,1,1,2024-05-01
U0317,P0063,Vacuum Cleaner - Variant 2,Home & Kitchen,87.82,4,1,1,2024-10-06
U0317,P0084,Lipstick - Variant 3,Beauty,13.19,4,2,0,2024-06-11
U0317,P0072,Cutlery Set - Variant 3,Home & Kitchen,83.94,3,1,1,2024-10-15
U0317,P0074,Wall Clock - Variant 2,Home & Kitchen,102.86,4,2,0,2024-03-30
U0317,P0073,Wall Clock,Home & Kitchen,81.51,3,3,1,2024-08-28
U0317,P0067,Table Lamp - Variant 2,Home & Kitchen,105.23,4,2,1,2024-09-18
U0317,P0066,Table Lamp,Home & Kitchen,82.67,4,3,1,2024-04-30
U0317,P0055,Coffee Maker,Home & Kitchen,73.4,3,2,1,2024-12-26
U0318,P0095,Beard Trimmer - Variant 2,Beauty,23.23,2,3,0,2024-12-14
U0318,P0046,Formal Shirt - Variant 3,Fashion,60.76,2,3,1,2024-05-06
U0318,P0029,Denim Jacket,Fashion,85.21,5,1,1,2024-08-19
U0318,P0101,Yoga Mat - Variant 2,Sports,24.96,1,3,1,2024-07-28
U0318,P0116,Tennis Racket - Variant 3,Sports,21.7,5,2,1,2024-08-06
U0318,P0101,Yoga Mat - Variant 2,Sports,24.96,4,3,1,2024-04-01
U0318,P0106,Cycling Helmet,Sports,67.06,3,2,1,2024-02-02
U0318,P0017,Gaming Mouse - Variant 2,Electronics,95.82,5,1,1,2024-01-24
U0318,P0103,Dumbbell Set - Variant 2,Sports,24.27,3,1,1,2024-10-13
U0318,P0067,Table Lamp - Variant 2,Home & Kitchen,105.23,3,2,0,2024-04-04
U0318,P0106,Cycling Helmet,Sports,67.06,4,3,1,2024-07-17
U0318,P0028,Running Shoes - Variant 2,Fashion,21.88,4,2,1,2024-12-15
U0318,P0103,Dumbbell Set - Variant 2,Sports,24.27,3,3,1,2024-10-23
U0318,P0103,Dumbbell Set - Variant 2,Sports,24.27,4,3,1,2024-01-02
U0318,P0120,Skipping Rope,Sports,26.44,5,2,0,2024-05-10
U0318,P0104,Resistance Bands,Sports,54.92,4,3,1,2024-12-18
U0318,P0122,Gym Bag,Sports,52.75,5,1,1,2024-09-23
U0318,P0137,Sci-Fi Novel - Variant 3,Books,32.27,1,2,0,2024-09-25
U0318,P0044,Formal Shirt,Fashion,83.48,4,3,0,2024-12-12
U0318,P0001,Wireless Earbuds,Electronics,126.81,3,3,0,2024-09-08
U0318,P0042,Backpack - Variant 2,Fashion,23.08,5,2,0,2024-03-09
U0318,P0031,Cotton T-Shirt,Fashion,22.06,4,2,1,2024-07-06
U0318,P0038,Wrist Watch,Fashion,65.06,3,1,1,2024-07-03
U0318,P0076,Face Moisturizer,Beauty,48.93,3,1,1,2024-09-14
U0318,P0050,Winter Coat,Fashion,42.63,1,2,0,2024-11-06
U0318,P0044,Formal Shirt,Fashion,83.48,4,3,0,2024-09-22
U0318,P0120,Skipping Rope,Sports,26.44,2,3,1,2024-07-12
U0318,P0118,Fitness Tracker - Variant 2,Sports,32.35,3,3,1,2024-02-23
U0318,P0041,Backpack,Fashion,58.75,5,3,1,2024-04-13
U0318,P0105,Resistance Bands - Variant 2,Sports,18.03,5,2,1,2024-05-27
U0318,P0122,Gym Bag,Sports,52.75,4,2,0,2024-10-26
U0319,P0104,Resistance Bands,Sports,54.92,2,2,0,2024-08-14
U0319,P0010,Laptop Stand - Variant 3,Electronics,146.57,4,1,1,2024-03-07
U0319,P0016,Gaming Mouse,Electronics,38.63,4,1,0,2024-09-07
U0319,P0002,Wireless Earbuds - Variant 2,Electronics,56.91,5,3,1,2024-10-27
U0319,P0020,Mechanical Keyboard - Variant 2,Electronics,77.77,4,3,1,2024-02-11
U0319,P0002,Wireless Earbuds - Variant 2,Electronics,56.91,5,2,0,2024-01-28
U0319,P0013,USB-C Hub - Variant 3,Electronics,149.11,5,2,1,2024-12-24
U0319,P0024,Tablet,Electronics,103.54,4,1,0,2024-10-03
U0319,P0005,Bluetooth Speaker - Variant 3,Electronics,53.78,3,3,1,2024-09-01
U0319,P0011,USB-C Hub,Electronics,143.0,5,2,0,2024-02-10
U0319,P0095,Beard Trimmer - Variant 2,Beauty,23.23,1,2,0,2024-03-28
U0319,P0015,Power Bank - Variant 2,Electronics,95.82,2,3,1,2024-10-08
U0319,P0109,Water Bottle - Variant 2,Sports,45.64,3,3,0,2024-02-17
U0319,P0037,Sunglasses - Variant 2,Fashion,47.01,3,1,1,2024-08-01
U0319,P0016,Gaming Mouse,Electronics,38.63,3,3,0,2024-08-22
U0319,P0010,Laptop Stand - Variant 3,Electronics,146.57,4,3,0,2024-04-26
U0319,P0017,Gaming Mouse - Variant 2,Electronics,95.82,3,1,0,2024-01-03
U0319,P0012,USB-C Hub - Variant 2,Electronics,36.09,3,1,1,2024-11-18
U0319,P0086,Perfume - Variant 2,Beauty,33.4,1,3,0,2024-06-03
U0319,P0016,Gaming Mouse,Electronics,38.63,2,1,1,2024-05-08
U0319,P0023,Webcam - Variant 2,Electronics,79.6,3,3,1,2024-03-09
U0319,P0012,USB-C Hub - Variant 2,Electronics,36.09,4,2,0,2024-02-27
U0319,P0005,Bluetooth Speaker - Variant 3,Electronics,53.78,3,2,1,2024-10-31
U0319,P0014,Power Bank,Electronics,70.68,4,2,0,2024-08-04
U0319,P0005,Bluetooth Speaker - Variant 3,Electronics,53.78,2,3,1,2024-10-24
U0319,P0115,Tennis Racket - Variant 2,Sports,41.02,2,2,1,2024-09-06
U0319,P0006,Smartwatch,Electronics,88.35,3,3,1,2024-03-27
U0319,P0005,Bluetooth Speaker - Variant 3,Electronics,53.78,5,2,0,2024-06-08
U0319,P0010,Laptop Stand - Variant 3,Electronics,146.57,4,2,1,2024-05-25
U0319,P0001,Wireless Earbuds,Electronics,126.81,4,2,0,2024-02-28
U0319,P0024,Tablet,Electronics,103.54,1,1,0,2024-10-19
U0319,P0023,Webcam - Variant 2,Electronics,79.6,4,1,1,2024-05-19
U0319,P0022,Webcam,Electronics,106.5,2,1,1,2024-04-04
U0319,P0049,Sneakers - Variant 3,Fashion,55.64,2,2,1,2024-08-01
U0320,P0119,Fitness Tracker - Variant 3,Sports,46.34,2,1,0,2024-11-02
U0320,P0099,Body Lotion - Variant 3,Beauty,45.92,5,2,1,2024-01-23
U0320,P0091,Face Mask Set - Variant 2,Beauty,47.83,4,3,1,2024-05-01
U0320,P0006,Smartwatch,Electronics,88.35,3,1,1,2024-01-01
U0320,P0039,Wrist Watch - Variant 2,Fashion,41.73,5,3,0,2024-05-05
U0320,P0032,Cotton T-Shirt - Variant 2,Fashion,36.35,3,1,0,2024-10-26
U0320,P0083,Lipstick - Variant 2,Beauty,16.1,3,3,0,2024-04-10
U0320,P0036,Sunglasses,Fashion,32.53,5,2,1,2024-01-13
U0320,P0035,Leather Wallet - Variant 3,Fashion,53.93,3,1,0,2024-07-10
U0320,P0099,Body Lotion - Variant 3,Beauty,45.92,3,1,1,2024-04-05
U0320,P0085,Perfume,Beauty,30.06,3,2,1,2024-04-27
U0320,P0051,Winter Coat - Variant 2,Fashion,46.85,3,2,1,2024-03-13
U0320,P0045,Formal Shirt - Variant 2,Fashion,80.51,3,1,1,2024-07-11
U0320,P0094,Beard Trimmer,Beauty,35.73,1,1,1,2024-06-27
U0320,P0083,Lipstick - Variant 2,Beauty,16.1,3,1,1,2024-10-27
U0320,P0033,Leather Wallet,Fashion,50.27,5,1,1,2024-07-20
U0320,P0085,Perfume,Beauty,30.06,5,1,1,2024-07-04
U0320,P0004,Bluetooth Speaker - Variant 2,Electronics,53.79,3,1,0,2024-08-18
U0320,P0092,Nail Polish Kit,Beauty,23.01,3,3,1,2024-01-06
U0320,P0095,Beard Trimmer - Variant 2,Beauty,23.23,5,2,0,2024-06-25
U0320,P0137,Sci-Fi Novel - Variant 3,Books,32.27,2,3,1,2024-01-04
U0320,P0037,Sunglasses - Variant 2,Fashion,47.01,5,2,1,2024-12-02
U0320,P0078,Sunscreen SPF50,Beauty,33.33,4,3,0,2024-09-28
U0320,P0082,Lipstick,Beauty,12.97,3,2,0,2024-02-04
U0320,P0037,Sunglasses - Variant 2,Fashion,47.01,3,3,0,2024-04-02
U0320,P0030,Denim Jacket - Variant 2,Fashion,74.76,3,1,1,2024-07-10
U0320,P0049,Sneakers - Variant 3,Fashion,55.64,2,1,1,2024-06-29
U0320,P0104,Resistance Bands,Sports,54.92,1,2,0,2024-09-26
U0320,P0095,Beard Trimmer - Variant 2,Beauty,23.23,4,3,1,2024-08-17
U0320,P0128,Self-Help Book - Variant 2,Books,22.95,1,1,0,2024-07-23
U0320,P0072,Cutlery Set - Variant 3,Home & Kitchen,83.94,2,3,1,2024-03-07
U0320,P0093,Nail Polish Kit - Variant 2,Beauty,18.13,3,3,1,2024-05-23
U0320,P0092,Nail Polish Kit,Beauty,23.01,3,2,1,2024-08-08
U0320,P0041,Backpack,Fashion,58.75,2,2,1,2024-01-07
U0321,P0061,Blender - Variant 2,Home & Kitchen,27.47,2,3,1,2024-06-25
U0321,P0072,Cutlery Set - Variant 3,Home & Kitchen,83.94,2,2,0,2024-06-21
U0321,P0146,History Book,Books,11.74,3,1,1,2024-06-15
U0321,P0109,Water Bottle - Variant 2,Sports,45.64,4,2,0,2024-02-20
U0321,P0060,Blender,Home & Kitchen,43.99,3,1,0,2024-08-27
U0321,P0015,Power Bank - Variant 2,Electronics,95.82,3,2,1,2024-11-03
U0321,P0006,Smartwatch,Electronics,88.35,3,3,0,2024-06-29
U0321,P0150,Programming Guide - Variant 2,Books,12.92,3,3,1,2024-06-14
U0321,P0118,Fitness Tracker - Variant 2,Sports,32.35,3,3,0,2024-02-01
U0321,P0128,Self-Help Book - Variant 2,Books,22.95,4,2,1,2024-12-23
U0321,P0019,Mechanical Keyboard,Electronics,69.3,4,2,1,2024-08-20
U0321,P0147,History Book - Variant 2,Books,35.8,3,1,1,2024-06-05
U0321,P0020,Mechanical Keyboard - Variant 2,Electronics,77.77,5,1,0,2024-12-30
U0322,P0110,Water Bottle - Variant 3,Sports,57.47,2,2,0,2024-11-22
U0322,P0037,Sunglasses - Variant 2,Fashion,47.01,4,3,1,2024-12-24
U0322,P0052,Winter Coat - Variant 3,Fashion,39.04,5,1,1,2024-05-15
U0322,P0039,Wrist Watch - Variant 2,Fashion,41.73,3,3,1,2024-09-30
U0322,P0035,Leather Wallet - Variant 3,Fashion,53.93,3,2,1,2024-03-05
U0322,P0078,Sunscreen SPF50,Beauty,33.33,3,2,1,2024-09-24
U0322,P0032,Cotton T-Shirt - Variant 2,Fashion,36.35,3,1,0,2024-05-09
U0322,P0033,Leather Wallet,Fashion,50.27,3,2,1,2024-12-26
U0322,P0027,Running Shoes,Fashion,50.96,5,2,0,2024-09-09
U0322,P0042,Backpack - Variant 2,Fashion,23.08,3,2,1,2024-12-21
U0323,P0100,Yoga Mat,Sports,36.49,5,1,0,2024-09-14
U0323,P0102,Dumbbell Set,Sports,36.13,4,1,1,2024-12-11
U0323,P0061,Blender - Variant 2,Home & Kitchen,27.47,5,3,0,2024-01-08
U0323,P0114,Tennis Racket,Sports,49.81,4,2,1,2024-05-04
U0323,P0121,Skipping Rope - Variant 2,Sports,74.87,3,1,1,2024-01-01
U0323,P0118,Fitness Tracker - Variant 2,Sports,32.35,2,2,1,2024-07-30
U0323,P0025,Tablet - Variant 2,Electronics,41.3,1,3,0,2024-12-16
U0323,P0114,Tennis Racket,Sports,49.81,5,2,0,2024-02-16
U0323,P0089,Hair Dryer - Variant 3,Beauty,27.59,2,2,1,2024-06-18
U0323,P0110,Water Bottle - Variant 3,Sports,57.47,3,2,1,2024-06-19
U0323,P0018,Gaming Mouse - Variant 3,Electronics,81.58,2,2,0,2024-04-18
U0323,P0111,Football,Sports,37.24,2,3,0,2024-05-06
U0323,P0124,Mystery Novel,Books,9.94,3,2,0,2024-10-01
U0323,P0109,Water Bottle - Variant 2,Sports,45.64,5,2,1,2024-12-06
U0323,P0104,Resistance Bands,Sports,54.92,4,1,0,2024-06-16
U0323,P0116,Tennis Racket - Variant 3,Sports,21.7,5,1,1,2024-04-23
U0323,P0126,Mystery Novel - Variant 3,Books,27.08,2,1,0,2024-02-17
U0323,P0111,Football,Sports,37.24,3,3,0,2024-11-02
U0323,P0122,Gym Bag,Sports,52.75,2,1,1,2024-06-09
U0323,P0100,Yoga Mat,Sports,36.49,4,2,1,2024-02-25
U0323,P0101,Yoga Mat - Variant 2,Sports,24.96,4,2,1,2024-05-23
U0323,P0115,Tennis Racket - Variant 2,Sports,41.02,3,2,0,2024-12-11
U0323,P0115,Tennis Racket - Variant 2,Sports,41.02,5,1,0,2024-09-22
U0323,P0111,Football,Sports,37.24,4,2,1,2024-07-25
U0323,P0104,Resistance Bands,Sports,54.92,4,2,1,2024-11-04
U0323,P0135,Sci-Fi Novel,Books,37.03,1,2,0,2024-06-11
U0323,P0109,Water Bottle - Variant 2,Sports,45.64,4,1,1,2024-10-07
U0323,P0139,Business Strategy Book - Variant 2,Books,18.14,2,1,0,2024-07-13
U0323,P0116,Tennis Racket - Variant 3,Sports,21.7,4,3,1,2024-04-15
U0324,P0098,Body Lotion - Variant 2,Beauty,19.09,3,2,0,2024-07-10
U0324,P0078,Sunscreen SPF50,Beauty,33.33,4,1,0,2024-07-05
U0324,P0089,Hair Dryer - Variant 3,Beauty,27.59,2,2,1,2024-03-21
U0324,P0076,Face Moisturizer,Beauty,48.93,5,1,1,2024-12-19
U0324,P0089,Hair Dryer - Variant 3,Beauty,27.59,3,2,1,2024-05-08
U0324,P0086,Perfume - Variant 2,Beauty,33.4,4,2,1,2024-06-29
U0324,P0042,Backpack - Variant 2,Fashion,23.08,3,2,1,2024-05-14
U0324,P0011,USB-C Hub,Electronics,143.0,2,3,1,2024-02-05
U0324,P0086,Perfume - Variant 2,Beauty,33.4,4,2,1,2024-03-22
U0324,P0042,Backpack - Variant 2,Fashion,23.08,3,1,1,2024-05-17
U0324,P0095,Beard Trimmer - Variant 2,Beauty,23.23,3,2,1,2024-12-23
U0324,P0084,Lipstick - Variant 3,Beauty,13.19,4,2,1,2024-10-08
U0324,P0082,Lipstick,Beauty,12.97,5,3,1,2024-10-17
U0324,P0090,Face Mask Set,Beauty,19.72,4,1,1,2024-06-03
U0324,P0132,Cookbook - Variant 3,Books,19.54,3,3,0,2024-10-28
U0324,P0098,Body Lotion - Variant 2,Beauty,19.09,4,3,1,2024-08-11
U0324,P0096,Beard Trimmer - Variant 3,Beauty,16.01,2,2,1,2024-02-10
U0324,P0097,Body Lotion,Beauty,42.54,3,2,0,2024-11-07
U0324,P0089,Hair Dryer - Variant 3,Beauty,27.59,5,1,0,2024-05-28
U0324,P0094,Beard Trimmer,Beauty,35.73,3,3,0,2024-02-29
U0324,P0079,Sunscreen SPF50 - Variant 2,Beauty,41.3,3,1,1,2024-09-20
U0324,P0083,Lipstick - Variant 2,Beauty,16.1,5,3,0,2024-01-16
U0324,P0047,Sneakers,Fashion,42.71,3,2,1,2024-10-22
U0324,P0078,Sunscreen SPF50,Beauty,33.33,3,2,0,2024-01-22
U0324,P0094,Beard Trimmer,Beauty,35.73,4,2,1,2024-02-08
U0325,P0139,Business Strategy Book - Variant 2,Books,18.14,2,3,0,2024-04-01
U0325,P0072,Cutlery Set - Variant 3,Home & Kitchen,83.94,2,3,1,2024-02-17
U0325,P0059,Non-stick Pan - Variant 2,Home & Kitchen,63.2,2,2,1,2024-03-07
U0325,P0055,Coffee Maker,Home & Kitchen,73.4,3,1,0,2024-03-03
U0325,P0055,Coffee Maker,Home & Kitchen,73.4,1,1,1,2024-01-23
U0325,P0065,Bed Sheets Set - Variant 2,Home & Kitchen,33.33,2,2,1,2024-02-05
U0325,P0032,Cotton T-Shirt - Variant 2,Fashion,36.35,2,2,0,2024-04-22
U0325,P0064,Bed Sheets Set,Home & Kitchen,92.94,2,2,1,2024-01-27
U0325,P0062,Vacuum Cleaner,Home & Kitchen,44.0,5,1,1,2024-11-25
U0325,P0071,Cutlery Set - Variant 2,Home & Kitchen,84.19,2,1,1,2024-07-25
U0325,P0065,Bed Sheets Set - Variant 2,Home & Kitchen,33.33,3,2,1,2024-04-14
U0326,P0012,USB-C Hub - Variant 2,Electronics,36.09,4,2,1,2024-05-18
U0326,P0064,Bed Sheets Set,Home & Kitchen,92.94,3,3,1,2024-07-16
U0326,P0016,Gaming Mouse,Electronics,38.63,4,2,1,2024-05-03
U0326,P0120,Skipping Rope,Sports,26.44,2,3,0,2024-05-08
U0326,P0004,Bluetooth Speaker - Variant 2,Electronics,53.79,4,3,1,2024-07-19
U0326,P0002,Wireless Earbuds - Variant 2,Electronics,56.91,3,2,1,2024-01-18
U0326,P0057,Coffee Maker - Variant 3,Home & Kitchen,95.59,4,3,1,2024-09-17
U0326,P0004,Bluetooth Speaker - Variant 2,Electronics,53.79,4,3,1,2024-08-15
U0326,P0007,Smartwatch - Variant 2,Electronics,74.04,3,2,1,2024-06-18
U0326,P0010,Laptop Stand - Variant 3,Electronics,146.57,4,2,1,2024-08-18
U0326,P0072,Cutlery Set - Variant 3,Home & Kitchen,83.94,3,3,0,2024-06-03
U0326,P0019,Mechanical Keyboard,Electronics,69.3,2,3,1,2024-01-19
U0326,P0011,USB-C Hub,Electronics,143.0,3,2,0,2024-09-06
U0326,P0065,Bed Sheets Set - Variant 2,Home & Kitchen,33.33,3,3,0,2024-08-07
U0326,P0072,Cutlery Set - Variant 3,Home & Kitchen,83.94,5,3,1,2024-09-09
U0326,P0065,Bed Sheets Set - Variant 2,Home & Kitchen,33.33,5,3,1,2024-11-02
U0326,P0081,Shampoo - Variant 2,Beauty,39.01,4,3,1,2024-03-26
U0326,P0073,Wall Clock,Home & Kitchen,81.51,3,2,1,2024-12-05
U0326,P0004,Bluetooth Speaker - Variant 2,Electronics,53.79,3,3,1,2024-12-26
U0326,P0079,Sunscreen SPF50 - Variant 2,Beauty,41.3,2,1,1,2024-06-11
U0326,P0030,Denim Jacket - Variant 2,Fashion,74.76,3,2,0,2024-03-24
U0326,P0072,Cutlery Set - Variant 3,Home & Kitchen,83.94,4,2,1,2024-01-19
U0326,P0070,Cutlery Set,Home & Kitchen,58.7,4,1,1,2024-10-09
U0326,P0073,Wall Clock,Home & Kitchen,81.51,2,1,1,2024-03-31
U0326,P0021,Mechanical Keyboard - Variant 3,Electronics,87.99,4,1,0,2024-11-13
U0326,P0057,Coffee Maker - Variant 3,Home & Kitchen,95.59,4,3,1,2024-05-12
U0327,P0059,Non-stick Pan - Variant 2,Home & Kitchen,63.2,5,1,1,2024-01-10
U0327,P0054,Air Fryer - Variant 2,Home & Kitchen,109.53,3,2,0,2024-04-04
U0327,P0071,Cutlery Set - Variant 2,Home & Kitchen,84.19,4,1,1,2024-10-15
U0327,P0055,Coffee Maker,Home & Kitchen,73.4,3,3,1,2024-07-13
U0327,P0023,Webcam - Variant 2,Electronics,79.6,3,3,0,2024-08-31
U0327,P0056,Coffee Maker - Variant 2,Home & Kitchen,39.05,4,1,1,2024-02-02
U0327,P0113,Football - Variant 3,Sports,36.42,2,1,1,2024-01-09
U0327,P0071,Cutlery Set - Variant 2,Home & Kitchen,84.19,5,1,1,2024-11-25
U0327,P0109,Water Bottle - Variant 2,Sports,45.64,3,1,1,2024-06-14
U0327,P0053,Air Fryer,Home & Kitchen,77.17,4,2,1,2024-01-05
U0327,P0064,Bed Sheets Set,Home & Kitchen,92.94,3,2,0,2024-09-09
U0327,P0064,Bed Sheets Set,Home & Kitchen,92.94,3,1,1,2024-01-12
U0327,P0067,Table Lamp - Variant 2,Home & Kitchen,105.23,3,1,1,2024-07-25
U0327,P0071,Cutlery Set - Variant 2,Home & Kitchen,84.19,4,2,1,2024-01-08
U0327,P0075,Wall Clock - Variant 3,Home & Kitchen,67.37,3,1,1,2024-11-09
U0327,P0054,Air Fryer - Variant 2,Home & Kitchen,109.53,1,1,1,2024-03-19
U0327,P0053,Air Fryer,Home & Kitchen,77.17,4,3,1,2024-03-23
U0327,P0067,Table Lamp - Variant 2,Home & Kitchen,105.23,3,2,1,2024-06-09
U0327,P0057,Coffee Maker - Variant 3,Home & Kitchen,95.59,3,1,1,2024-01-24
U0327,P0054,Air Fryer - Variant 2,Home & Kitchen,109.53,3,2,1,2024-02-27
U0327,P0137,Sci-Fi Novel - Variant 3,Books,32.27,3,3,0,2024-09-16
U0327,P0073,Wall Clock,Home & Kitchen,81.51,4,1,0,2024-09-04
U0327,P0025,Tablet - Variant 2,Electronics,41.3,2,3,0,2024-07-23
U0327,P0062,Vacuum Cleaner,Home & Kitchen,44.0,4,1,1,2024-03-18
U0327,P0054,Air Fryer - Variant 2,Home & Kitchen,109.53,2,2,0,2024-02-29
U0327,P0069,Storage Boxes - Variant 2,Home & Kitchen,55.29,5,1,1,2024-09-29
U0327,P0061,Blender - Variant 2,Home & Kitchen,27.47,3,2,1,2024-01-19
U0327,P0070,Cutlery Set,Home & Kitchen,58.7,3,2,1,2024-08-14
U0327,P0064,Bed Sheets Set,Home & Kitchen,92.94,4,3,1,2024-10-20
U0327,P0073,Wall Clock,Home & Kitchen,81.51,2,3,1,2024-02-18
U0327,P0065,Bed Sheets Set - Variant 2,Home & Kitchen,33.33,4,1,1,2024-03-01
U0327,P0070,Cutlery Set,Home & Kitchen,58.7,5,1,1,2024-05-21
U0327,P0066,Table Lamp,Home & Kitchen,82.67,4,1,1,2024-07-14
U0327,P0057,Coffee Maker - Variant 3,Home & Kitchen,95.59,3,2,1,2024-04-03
U0327,P0100,Yoga Mat,Sports,36.49,3,1,1,2024-08-24
U0328,P0106,Cycling Helmet,Sports,67.06,2,1,1,2024-04-09
U0328,P0014,Power Bank,Electronics,70.68,2,2,0,2024-09-04
U0328,P0053,Air Fryer,Home & Kitchen,77.17,2,3,0,2024-03-21
U0328,P0138,Business Strategy Book,Books,32.81,4,2,1,2024-11-13
U0328,P0023,Webcam - Variant 2,Electronics,79.6,3,1,0,2024-06-30
U0328,P0124,Mystery Novel,Books,9.94,4,3,1,2024-10-30
U0328,P0132,Cookbook - Variant 3,Books,19.54,3,2,1,2024-07-10
U0328,P0146,History Book,Books,11.74,4,1,1,2024-05-05
U0328,P0009,Laptop Stand - Variant 2,Electronics,38.35,3,2,1,2024-10-25
U0328,P0023,Webcam - Variant 2,Electronics,79.6,4,3,1,2024-04-02
U0328,P0021,Mechanical Keyboard - Variant 3,Electronics,87.99,2,2,1,2024-07-04
U0328,P0023,Webcam - Variant 2,Electronics,79.6,5,2,1,2024-03-05
U0328,P0010,Laptop Stand - Variant 3,Electronics,146.57,2,1,1,2024-10-01
U0328,P0013,USB-C Hub - Variant 3,Electronics,149.11,4,1,0,2024-02-07
U0328,P0009,Laptop Stand - Variant 2,Electronics,38.35,4,3,0,2024-07-30
U0328,P0009,Laptop Stand - Variant 2,Electronics,38.35,5,3,1,2024-02-23
U0328,P0050,Winter Coat,Fashion,42.63,2,1,1,2024-08-07
U0328,P0128,Self-Help Book - Variant 2,Books,22.95,3,3,0,2024-05-03
U0329,P0010,Laptop Stand - Variant 3,Electronics,146.57,2,2,1,2024-06-27
U0329,P0009,Laptop Stand - Variant 2,Electronics,38.35,5,3,0,2024-04-14
U0329,P0088,Hair Dryer - Variant 2,Beauty,21.47,3,2,0,2024-05-29
U0329,P0017,Gaming Mouse - Variant 2,Electronics,95.82,3,3,0,2024-05-11
U0329,P0076,Face Moisturizer,Beauty,48.93,4,1,1,2024-05-08
U0329,P0127,Self-Help Book,Books,13.13,2,2,0,2024-01-15
U0329,P0006,Smartwatch,Electronics,88.35,3,2,1,2024-01-20
U0329,P0081,Shampoo - Variant 2,Beauty,39.01,4,2,0,2024-08-15
U0329,P0092,Nail Polish Kit,Beauty,23.01,3,3,1,2024-07-05
U0329,P0002,Wireless Earbuds - Variant 2,Electronics,56.91,3,3,1,2024-06-11
U0329,P0021,Mechanical Keyboard - Variant 3,Electronics,87.99,4,2,0,2024-02-14
U0329,P0021,Mechanical Keyboard - Variant 3,Electronics,87.99,4,3,0,2024-03-03
U0329,P0099,Body Lotion - Variant 3,Beauty,45.92,4,1,1,2024-10-31
U0329,P0148,History Book - Variant 3,Books,20.33,2,1,0,2024-09-29
U0329,P0003,Bluetooth Speaker,Electronics,104.25,3,1,0,2024-01-04
U0329,P0019,Mechanical Keyboard,Electronics,69.3,3,3,1,2024-01-25
U0329,P0012,USB-C Hub - Variant 2,Electronics,36.09,4,2,1,2024-12-01
U0329,P0091,Face Mask Set - Variant 2,Beauty,47.83,3,2,1,2024-12-17
U0329,P0029,Denim Jacket,Fashion,85.21,4,3,0,2024-04-20
U0329,P0094,Beard Trimmer,Beauty,35.73,4,2,0,2024-08-18
U0329,P0024,Tablet,Electronics,103.54,4,3,1,2024-12-24
U0329,P0062,Vacuum Cleaner,Home & Kitchen,44.0,3,2,1,2024-05-04
U0329,P0111,Football,Sports,37.24,3,1,0,2024-07-15
U0329,P0084,Lipstick - Variant 3,Beauty,13.19,2,2,1,2024-05-05
U0329,P0007,Smartwatch - Variant 2,Electronics,74.04,3,3,1,2024-01-22
U0329,P0096,Beard Trimmer - Variant 3,Beauty,16.01,4,3,1,2024-06-02
U0329,P0096,Beard Trimmer - Variant 3,Beauty,16.01,5,2,1,2024-04-08
U0329,P0082,Lipstick,Beauty,12.97,4,2,1,2024-06-19
U0329,P0024,Tablet,Electronics,103.54,4,1,1,2024-05-22
U0329,P0081,Shampoo - Variant 2,Beauty,39.01,5,1,0,2024-05-24
U0329,P0150,Programming Guide - Variant 2,Books,12.92,3,3,0,2024-11-29
U0330,P0132,Cookbook - Variant 3,Books,19.54,3,1,1,2024-07-31
U0330,P0134,Biography - Variant 2,Books,19.48,5,3,0,2024-11-05
U0330,P0064,Bed Sheets Set,Home & Kitchen,92.94,3,1,1,2024-06-04
U0330,P0131,Cookbook - Variant 2,Books,11.3,2,2,1,2024-06-24
U0330,P0146,History Book,Books,11.74,4,1,1,2024-05-17
U0330,P0138,Business Strategy Book,Books,32.81,3,1,0,2024-03-31
U0330,P0136,Sci-Fi Novel - Variant 2,Books,20.37,5,2,0,2024-04-05
U0330,P0150,Programming Guide - Variant 2,Books,12.92,4,2,1,2024-03-09
U0330,P0136,Sci-Fi Novel - Variant 2,Books,20.37,3,2,1,2024-02-14
U0330,P0097,Body Lotion,Beauty,42.54,2,3,0,2024-11-28
U0330,P0131,Cookbook - Variant 2,Books,11.3,4,3,1,2024-12-08
U0330,P0126,Mystery Novel - Variant 3,Books,27.08,4,2,0,2024-12-20
U0330,P0141,Children's Storybook,Books,33.46,3,2,0,2024-10-26
U0330,P0130,Cookbook,Books,25.89,3,1,0,2024-01-16
U0330,P0150,Programming Guide - Variant 2,Books,12.92,4,3,0,2024-07-07
U0330,P0141,Children's Storybook,Books,33.46,2,1,1,2024-10-08
U0330,P0135,Sci-Fi Novel,Books,37.03,5,3,1,2024-05-13
U0330,P0145,Poetry Collection - Variant 3,Books,15.46,4,3,0,2024-11-30
U0331,P0101,Yoga Mat - Variant 2,Sports,24.96,5,2,1,2024-06-02
U0331,P0117,Fitness Tracker,Sports,72.86,3,2,1,2024-01-19
U0331,P0107,Cycling Helmet - Variant 2,Sports,18.4,4,2,0,2024-05-09
U0331,P0114,Tennis Racket,Sports,49.81,3,2,1,2024-09-24
U0331,P0102,Dumbbell Set,Sports,36.13,5,1,1,2024-08-27
U0331,P0112,Football - Variant 2,Sports,71.75,3,3,1,2024-02-01
U0331,P0043,Backpack - Variant 3,Fashion,77.01,4,3,0,2024-12-26
U0331,P0119,Fitness Tracker - Variant 3,Sports,46.34,2,2,1,2024-08-29
U0331,P0116,Tennis Racket - Variant 3,Sports,21.7,2,3,1,2024-09-03
U0331,P0101,Yoga Mat - Variant 2,Sports,24.96,3,3,0,2024-07-01
U0331,P0123,Gym Bag - Variant 2,Sports,46.65,4,2,0,2024-04-15
U0331,P0137,Sci-Fi Novel - Variant 3,Books,32.27,4,3,1,2024-10-26
U0331,P0121,Skipping Rope - Variant 2,Sports,74.87,4,1,1,2024-04-28
U0331,P0109,Water Bottle - Variant 2,Sports,45.64,3,2,0,2024-10-12
U0331,P0111,Football,Sports,37.24,4,1,1,2024-09-09
U0331,P0116,Tennis Racket - Variant 3,Sports,21.7,3,1,1,2024-06-13
U0331,P0119,Fitness Tracker - Variant 3,Sports,46.34,3,1,1,2024-12-07
U0331,P0110,Water Bottle - Variant 3,Sports,57.47,4,2,1,2024-04-19
U0331,P0046,Formal Shirt - Variant 3,Fashion,60.76,3,1,1,2024-05-31
U0331,P0121,Skipping Rope - Variant 2,Sports,74.87,4,1,1,2024-02-13
U0331,P0109,Water Bottle - Variant 2,Sports,45.64,4,2,1,2024-05-06
U0331,P0105,Resistance Bands - Variant 2,Sports,18.03,5,1,1,2024-05-09
U0331,P0097,Body Lotion,Beauty,42.54,2,2,0,2024-04-13
U0331,P0102,Dumbbell Set,Sports,36.13,2,2,1,2024-12-12
U0332,P0130,Cookbook,Books,25.89,4,3,1,2024-11-25
U0332,P0025,Tablet - Variant 2,Electronics,41.3,2,3,0,2024-04-12
U0332,P0149,Programming Guide,Books,35.7,3,3,0,2024-02-08
U0332,P0128,Self-Help Book - Variant 2,Books,22.95,5,1,1,2024-09-13
U0332,P0062,Vacuum Cleaner,Home & Kitchen,44.0,3,1,0,2024-09-30
U0332,P0105,Resistance Bands - Variant 2,Sports,18.03,4,1,0,2024-05-31
U0332,P0148,History Book - Variant 3,Books,20.33,3,2,0,2024-05-06
U0332,P0131,Cookbook - Variant 2,Books,11.3,3,3,1,2024-09-14
U0332,P0111,Football,Sports,37.24,3,2,0,2024-12-09
U0332,P0150,Programming Guide - Variant 2,Books,12.92,4,1,1,2024-04-15
U0332,P0107,Cycling Helmet - Variant 2,Sports,18.4,5,2,1,2024-04-22
U0332,P0089,Hair Dryer - Variant 3,Beauty,27.59,3,1,1,2024-12-26
U0332,P0124,Mystery Novel,Books,9.94,4,1,0,2024-10-26
U0332,P0104,Resistance Bands,Sports,54.92,4,3,1,2024-05-05
U0333,P0144,Poetry Collection - Variant 2,Books,23.59,4,2,1,2024-05-25
U0333,P0130,Cookbook,Books,25.89,3,3,1,2024-07-11
U0333,P0017,Gaming Mouse - Variant 2,Electronics,95.82,4,1,0,2024-05-05
U0333,P0150,Programming Guide - Variant 2,Books,12.92,4,1,0,2024-08-12
U0333,P0129,Self-Help Book - Variant 3,Books,37.09,4,3,1,2024-02-22
U0333,P0053,Air Fryer,Home & Kitchen,77.17,3,3,1,2024-05-11
U0333,P0124,Mystery Novel,Books,9.94,3,2,1,2024-01-03
U0333,P0073,Wall Clock,Home & Kitchen,81.51,3,1,1,2024-05-11
U0333,P0126,Mystery Novel - Variant 3,Books,27.08,5,3,0,2024-05-28
U0333,P0149,Programming Guide,Books,35.7,5,1,1,2024-02-14
U0333,P0135,Sci-Fi Novel,Books,37.03,4,1,1,2024-02-24
U0333,P0074,Wall Clock - Variant 2,Home & Kitchen,102.86,4,3,0,2024-09-13
U0333,P0074,Wall Clock - Variant 2,Home & Kitchen,102.86,4,3,1,2024-02-16
U0333,P0132,Cookbook - Variant 3,Books,19.54,3,3,1,2024-01-24
U0333,P0139,Business Strategy Book - Variant 2,Books,18.14,3,1,1,2024-11-26
U0333,P0131,Cookbook - Variant 2,Books,11.3,4,2,1,2024-10-03
U0333,P0145,Poetry Collection - Variant 3,Books,15.46,3,2,0,2024-11-11
U0334,P0059,Non-stick Pan - Variant 2,Home & Kitchen,63.2,5,1,0,2024-07-15
U0334,P0071,Cutlery Set - Variant 2,Home & Kitchen,84.19,3,1,0,2024-11-22
U0334,P0128,Self-Help Book - Variant 2,Books,22.95,4,3,0,2024-06-26
U0334,P0056,Coffee Maker - Variant 2,Home & Kitchen,39.05,4,3,1,2024-07-20
U0334,P0056,Coffee Maker - Variant 2,Home & Kitchen,39.05,4,3,0,2024-05-18
U0334,P0069,Storage Boxes - Variant 2,Home & Kitchen,55.29,5,1,1,2024-07-08
U0334,P0003,Bluetooth Speaker,Electronics,104.25,3,1,0,2024-03-22
U0334,P0103,Dumbbell Set - Variant 2,Sports,24.27,2,2,0,2024-08-13
U0334,P0074,Wall Clock - Variant 2,Home & Kitchen,102.86,2,2,0,2024-05-12
U0334,P0021,Mechanical Keyboard - Variant 3,Electronics,87.99,3,1,0,2024-01-02
U0334,P0072,Cutlery Set - Variant 3,Home & Kitchen,83.94,5,1,1,2024-03-11
U0334,P0061,Blender - Variant 2,Home & Kitchen,27.47,3,3,1,2024-10-28
U0334,P0054,Air Fryer - Variant 2,Home & Kitchen,109.53,4,3,1,2024-10-08
U0334,P0056,Coffee Maker - Variant 2,Home & Kitchen,39.05,5,2,1,2024-06-27
U0334,P0068,Storage Boxes,Home & Kitchen,80.29,4,1,1,2024-10-07
U0334,P0057,Coffee Maker - Variant 3,Home & Kitchen,95.59,4,1,1,2024-06-30
U0334,P0061,Blender - Variant 2,Home & Kitchen,27.47,5,2,1,2024-08-06
U0334,P0060,Blender,Home & Kitchen,43.99,5,3,0,2024-05-23
U0334,P0069,Storage Boxes - Variant 2,Home & Kitchen,55.29,4,3,0,2024-10-30
U0334,P0070,Cutlery Set,Home & Kitchen,58.7,3,2,1,2024-09-15
U0334,P0071,Cutlery Set - Variant 2,Home & Kitchen,84.19,4,2,1,2024-06-07
U0334,P0063,Vacuum Cleaner - Variant 2,Home & Kitchen,87.82,5,3,1,2024-03-05
U0334,P0061,Blender - Variant 2,Home & Kitchen,27.47,3,2,1,2024-08-31
U0334,P0148,History Book - Variant 3,Books,20.33,4,3,1,2024-03-29
U0334,P0021,Mechanical Keyboard - Variant 3,Electronics,87.99,3,1,1,2024-09-01
U0334,P0073,Wall Clock,Home & Kitchen,81.51,5,2,1,2024-12-03
U0334,P0053,Air Fryer,Home & Kitchen,77.17,3,2,0,2024-02-03
U0334,P0057,Coffee Maker - Variant 3,Home & Kitchen,95.59,4,1,1,2024-05-02
U0334,P0069,Storage Boxes - Variant 2,Home & Kitchen,55.29,4,3,0,2024-03-21
U0334,P0143,Poetry Collection,Books,9.47,3,3,0,2024-04-22
U0334,P0080,Shampoo,Beauty,13.54,2,1,1,2024-03-14
U0334,P0068,Storage Boxes,Home & Kitchen,80.29,4,2,1,2024-11-24
U0334,P0013,USB-C Hub - Variant 3,Electronics,149.11,2,3,0,2024-06-28
U0334,P0005,Bluetooth Speaker - Variant 3,Electronics,53.78,3,3,1,2024-10-16
U0335,P0106,Cycling Helmet,Sports,67.06,5,2,1,2024-11-17
U0335,P0121,Skipping Rope - Variant 2,Sports,74.87,4,2,1,2024-01-08
U0335,P0026,Tablet - Variant 3,Electronics,105.26,2,3,1,2024-02-09
U0335,P0034,Leather Wallet - Variant 2,Fashion,29.12,5,3,1,2024-08-22
U0335,P0105,Resistance Bands - Variant 2,Sports,18.03,4,3,0,2024-08-28
U0335,P0005,Bluetooth Speaker - Variant 3,Electronics,53.78,2,3,0,2024-05-28
U0335,P0057,Coffee Maker - Variant 3,Home & Kitchen,95.59,2,3,1,2024-03-27
U0335,P0002,Wireless Earbuds - Variant 2,Electronics,56.91,3,3,0,2024-12-01
U0335,P0049,Sneakers - Variant 3,Fashion,55.64,4,2,1,2024-05-06
U0335,P0036,Sunglasses,Fashion,32.53,4,2,1,2024-01-13
U0335,P0044,Formal Shirt,Fashion,83.48,2,1,0,2024-11-03
U0335,P0102,Dumbbell Set,Sports,36.13,3,3,1,2024-09-10
U0335,P0117,Fitness Tracker,Sports,72.86,4,2,1,2024-08-02
U0335,P0121,Skipping Rope - Variant 2,Sports,74.87,4,2,0,2024-08-07
U0335,P0075,Wall Clock - Variant 3,Home & Kitchen,67.37,3,1,0,2024-02-17
U0335,P0037,Sunglasses - Variant 2,Fashion,47.01,4,1,1,2024-05-03
U0335,P0121,Skipping Rope - Variant 2,Sports,74.87,5,2,0,2024-02-14
U0335,P0101,Yoga Mat - Variant 2,Sports,24.96,4,2,0,2024-01-22
U0335,P0043,Backpack - Variant 3,Fashion,77.01,3,2,1,2024-08-23
U0335,P0079,Sunscreen SPF50 - Variant 2,Beauty,41.3,3,3,1,2024-04-22
U0335,P0109,Water Bottle - Variant 2,Sports,45.64,3,3,1,2024-12-25
U0335,P0119,Fitness Tracker - Variant 3,Sports,46.34,4,3,1,2024-08-24
U0335,P0102,Dumbbell Set,Sports,36.13,4,2,1,2024-08-03
U0335,P0042,Backpack - Variant 2,Fashion,23.08,2,1,1,2024-06-25
U0335,P0050,Winter Coat,Fashion,42.63,4,1,1,2024-07-12
U0335,P0144,Poetry Collection - Variant 2,Books,23.59,2,3,0,2024-06-20
U0335,P0098,Body Lotion - Variant 2,Beauty,19.09,3,2,0,2024-06-24
U0335,P0038,Wrist Watch,Fashion,65.06,4,2,1,2024-02-16
U0335,P0120,Skipping Rope,Sports,26.44,4,2,1,2024-09-18
U0335,P0117,Fitness Tracker,Sports,72.86,5,2,1,2024-10-29
U0335,P0122,Gym Bag,Sports,52.75,4,2,0,2024-07-11
U0335,P0093,Nail Polish Kit - Variant 2,Beauty,18.13,5,3,1,2024-04-20
U0335,P0115,Tennis Racket - Variant 2,Sports,41.02,4,1,1,2024-03-24
U0335,P0036,Sunglasses,Fashion,32.53,3,2,1,2024-11-15
U0335,P0047,Sneakers,Fashion,42.71,3,2,0,2024-03-23
U0335,P0052,Winter Coat - Variant 3,Fashion,39.04,4,1,1,2024-04-18
U0335,P0035,Leather Wallet - Variant 3,Fashion,53.93,4,3,1,2024-06-02
U0335,P0040,Wrist Watch - Variant 3,Fashion,55.58,4,2,1,2024-12-25
U0336,P0049,Sneakers - Variant 3,Fashion,55.64,4,3,1,2024-01-18
U0336,P0025,Tablet - Variant 2,Electronics,41.3,1,3,0,2024-08-26
U0336,P0045,Formal Shirt - Variant 2,Fashion,80.51,3,2,1,2024-04-08
U0336,P0049,Sneakers - Variant 3,Fashion,55.64,5,3,0,2024-07-24
U0336,P0064,Bed Sheets Set,Home & Kitchen,92.94,3,1,0,2024-03-19
U0336,P0111,Football,Sports,37.24,3,1,0,2024-06-26
U0336,P0016,Gaming Mouse,Electronics,38.63,2,1,1,2024-03-29
U0336,P0034,Leather Wallet - Variant 2,Fashion,29.12,4,2,1,2024-11-26
U0336,P0092,Nail Polish Kit,Beauty,23.01,1,3,1,2024-03-07
U0336,P0076,Face Moisturizer,Beauty,48.93,3,3,1,2024-06-27
U0336,P0097,Body Lotion,Beauty,42.54,3,3,1,2024-12-19
U0336,P0097,Body Lotion,Beauty,42.54,5,2,1,2024-01-04
U0336,P0092,Nail Polish Kit,Beauty,23.01,3,3,1,2024-12-05
U0336,P0088,Hair Dryer - Variant 2,Beauty,21.47,3,3,0,2024-03-22
U0336,P0030,Denim Jacket - Variant 2,Fashion,74.76,3,2,1,2024-05-02
U0336,P0045,Formal Shirt - Variant 2,Fashion,80.51,4,2,1,2024-08-13
U0336,P0097,Body Lotion,Beauty,42.54,4,2,1,2024-11-19
U0336,P0036,Sunglasses,Fashion,32.53,4,3,1,2024-12-10
U0336,P0129,Self-Help Book - Variant 3,Books,37.09,3,1,1,2024-10-31
U0336,P0042,Backpack - Variant 2,Fashion,23.08,4,1,1,2024-11-01
U0336,P0046,Formal Shirt - Variant 3,Fashion,60.76,3,3,0,2024-10-05
U0337,P0033,Leather Wallet,Fashion,50.27,4,2,1,2024-02-29
U0337,P0051,Winter Coat - Variant 2,Fashion,46.85,2,3,1,2024-08-28
U0337,P0031,Cotton T-Shirt,Fashion,22.06,5,1,1,2024-11-11
U0337,P0100,Yoga Mat,Sports,36.49,3,1,1,2024-10-01
U0337,P0117,Fitness Tracker,Sports,72.86,3,1,1,2024-11-18
U0337,P0044,Formal Shirt,Fashion,83.48,4,2,1,2024-01-01
U0337,P0052,Winter Coat - Variant 3,Fashion,39.04,2,3,1,2024-12-23
U0337,P0122,Gym Bag,Sports,52.75,5,1,1,2024-04-04
U0337,P0119,Fitness Tracker - Variant 3,Sports,46.34,4,3,1,2024-10-18
U0337,P0056,Coffee Maker - Variant 2,Home & Kitchen,39.05,1,1,0,2024-11-21
U0337,P0104,Resistance Bands,Sports,54.92,5,3,1,2024-02-22
U0337,P0115,Tennis Racket - Variant 2,Sports,41.02,5,3,1,2024-08-27
U0337,P0027,Running Shoes,Fashion,50.96,3,3,1,2024-04-16
U0337,P0048,Sneakers - Variant 2,Fashion,58.93,3,3,1,2024-01-02
U0337,P0110,Water Bottle - Variant 3,Sports,57.47,4,2,1,2024-08-30
U0337,P0102,Dumbbell Set,Sports,36.13,4,3,0,2024-11-05
U0337,P0043,Backpack - Variant 3,Fashion,77.01,5,2,1,2024-05-03
U0337,P0029,Denim Jacket,Fashion,85.21,4,2,1,2024-06-15
U0337,P0106,Cycling Helmet,Sports,67.06,3,3,0,2024-04-23
U0337,P0106,Cycling Helmet,Sports,67.06,3,2,1,2024-11-12
U0337,P0105,Resistance Bands - Variant 2,Sports,18.03,5,1,1,2024-01-29
U0337,P0050,Winter Coat,Fashion,42.63,4,1,1,2024-11-11
U0337,P0010,Laptop Stand - Variant 3,Electronics,146.57,2,2,0,2024-05-04
U0337,P0107,Cycling Helmet - Variant 2,Sports,18.4,4,1,0,2024-06-02
U0337,P0036,Sunglasses,Fashion,32.53,4,1,1,2024-01-19
U0338,P0044,Formal Shirt,Fashion,83.48,3,2,1,2024-03-20
U0338,P0024,Tablet,Electronics,103.54,5,2,0,2024-01-21
U0338,P0008,Laptop Stand,Electronics,116.72,5,3,1,2024-05-13
U0338,P0007,Smartwatch - Variant 2,Electronics,74.04,3,2,1,2024-11-06
U0338,P0010,Laptop Stand - Variant 3,Electronics,146.57,5,1,1,2024-10-05
U0338,P0007,Smartwatch - Variant 2,Electronics,74.04,3,1,1,2024-08-04
U0338,P0014,Power Bank,Electronics,70.68,4,2,1,2024-09-13
U0338,P0001,Wireless Earbuds,Electronics,126.81,4,3,1,2024-09-03
U0338,P0011,USB-C Hub,Electronics,143.0,3,3,1,2024-05-18
U0338,P0013,USB-C Hub - Variant 3,Electronics,149.11,4,3,0,2024-07-13
U0338,P0022,Webcam,Electronics,106.5,5,1,1,2024-07-23
U0338,P0002,Wireless Earbuds - Variant 2,Electronics,56.91,3,1,1,2024-08-04
U0338,P0018,Gaming Mouse - Variant 3,Electronics,81.58,4,2,1,2024-02-14
U0338,P0020,Mechanical Keyboard - Variant 2,Electronics,77.77,4,2,1,2024-06-15
U0338,P0021,Mechanical Keyboard - Variant 3,Electronics,87.99,5,2,1,2024-04-11
U0338,P0025,Tablet - Variant 2,Electronics,41.3,5,3,0,2024-07-07
U0339,P0060,Blender,Home & Kitchen,43.99,3,2,1,2024-05-17
U0339,P0059,Non-stick Pan - Variant 2,Home & Kitchen,63.2,4,3,0,2024-08-27
U0339,P0060,Blender,Home & Kitchen,43.99,4,3,1,2024-06-24
U0339,P0009,Laptop Stand - Variant 2,Electronics,38.35,4,1,1,2024-12-07
U0339,P0130,Cookbook,Books,25.89,2,1,1,2024-09-13
U0339,P0099,Body Lotion - Variant 3,Beauty,45.92,3,3,1,2024-06-21
U0339,P0021,Mechanical Keyboard - Variant 3,Electronics,87.99,2,1,1,2024-03-16
U0339,P0074,Wall Clock - Variant 2,Home & Kitchen,102.86,5,2,1,2024-03-01
U0339,P0016,Gaming Mouse,Electronics,38.63,4,1,0,2024-11-16
U0339,P0069,Storage Boxes - Variant 2,Home & Kitchen,55.29,5,1,1,2024-02-14
U0339,P0046,Formal Shirt - Variant 3,Fashion,60.76,3,1,0,2024-12-07
U0339,P0071,Cutlery Set - Variant 2,Home & Kitchen,84.19,3,3,0,2024-12-05
U0340,P0022,Webcam,Electronics,106.5,2,2,1,2024-09-20
U0340,P0006,Smartwatch,Electronics,88.35,3,3,1,2024-10-23
U0340,P0063,Vacuum Cleaner - Variant 2,Home & Kitchen,87.82,2,1,0,2024-09-14
U0340,P0015,Power Bank - Variant 2,Electronics,95.82,4,3,1,2024-08-24
U0340,P0011,USB-C Hub,Electronics,143.0,3,1,1,2024-01-26
U0340,P0015,Power Bank - Variant 2,Electronics,95.82,1,1,0,2024-12-24
U0340,P0020,Mechanical Keyboard - Variant 2,Electronics,77.77,5,2,1,2024-07-23
U0340,P0025,Tablet - Variant 2,Electronics,41.3,3,3,1,2024-06-11
U0340,P0008,Laptop Stand,Electronics,116.72,3,3,1,2024-10-08
U0340,P0030,Denim Jacket - Variant 2,Fashion,74.76,3,1,1,2024-06-05
U0340,P0020,Mechanical Keyboard - Variant 2,Electronics,77.77,5,1,1,2024-08-07
U0340,P0017,Gaming Mouse - Variant 2,Electronics,95.82,2,1,1,2024-11-28
U0340,P0020,Mechanical Keyboard - Variant 2,Electronics,77.77,3,2,1,2024-12-17
U0340,P0018,Gaming Mouse - Variant 3,Electronics,81.58,4,1,1,2024-12-12
U0340,P0001,Wireless Earbuds,Electronics,126.81,4,3,1,2024-02-05
U0340,P0022,Webcam,Electronics,106.5,5,2,1,2024-05-12
U0340,P0003,Bluetooth Speaker,Electronics,104.25,4,3,0,2024-07-17
U0340,P0005,Bluetooth Speaker - Variant 3,Electronics,53.78,3,3,1,2024-10-23
U0340,P0015,Power Bank - Variant 2,Electronics,95.82,4,1,1,2024-06-04
U0340,P0004,Bluetooth Speaker - Variant 2,Electronics,53.79,5,2,0,2024-03-23
U0340,P0094,Beard Trimmer,Beauty,35.73,3,1,0,2024-06-28
U0340,P0009,Laptop Stand - Variant 2,Electronics,38.35,3,3,1,2024-04-29
U0340,P0004,Bluetooth Speaker - Variant 2,Electronics,53.79,4,3,1,2024-04-01
U0340,P0048,Sneakers - Variant 2,Fashion,58.93,2,2,0,2024-10-14
U0340,P0017,Gaming Mouse - Variant 2,Electronics,95.82,4,2,0,2024-02-05
U0340,P0024,Tablet,Electronics,103.54,5,1,1,2024-02-04
U0340,P0049,Sneakers - Variant 3,Fashion,55.64,3,3,1,2024-10-11
U0340,P0017,Gaming Mouse - Variant 2,Electronics,95.82,4,1,1,2024-12-18
U0340,P0026,Tablet - Variant 3,Electronics,105.26,3,3,1,2024-08-12
U0340,P0005,Bluetooth Speaker - Variant 3,Electronics,53.78,5,2,0,2024-01-18
U0340,P0044,Formal Shirt,Fashion,83.48,2,1,0,2024-05-29
U0340,P0018,Gaming Mouse - Variant 3,Electronics,81.58,5,1,1,2024-12-22
U0340,P0021,Mechanical Keyboard - Variant 3,Electronics,87.99,3,2,1,2024-02-18
U0340,P0008,Laptop Stand,Electronics,116.72,4,2,1,2024-09-25
U0340,P0023,Webcam - Variant 2,Electronics,79.6,5,2,0,2024-09-06
U0340,P0007,Smartwatch - Variant 2,Electronics,74.04,5,2,1,2024-04-11
U0341,P0036,Sunglasses,Fashion,32.53,5,1,0,2024-02-17
U0341,P0017,Gaming Mouse - Variant 2,Electronics,95.82,2,1,1,2024-02-27
U0341,P0041,Backpack,Fashion,58.75,2,1,1,2024-11-11
U0341,P0140,Business Strategy Book - Variant 3,Books,14.32,3,3,1,2024-12-20
U0341,P0032,Cotton T-Shirt - Variant 2,Fashion,36.35,3,2,1,2024-06-01
U0341,P0036,Sunglasses,Fashion,32.53,2,2,0,2024-03-03
U0341,P0092,Nail Polish Kit,Beauty,23.01,2,3,0,2024-02-20
U0341,P0027,Running Shoes,Fashion,50.96,3,2,1,2024-12-22
U0341,P0032,Cotton T-Shirt - Variant 2,Fashion,36.35,4,2,1,2024-08-10
U0341,P0032,Cotton T-Shirt - Variant 2,Fashion,36.35,4,2,1,2024-07-11
U0341,P0149,Programming Guide,Books,35.7,2,2,1,2024-10-24
U0341,P0045,Formal Shirt - Variant 2,Fashion,80.51,3,3,1,2024-10-12
U0341,P0102,Dumbbell Set,Sports,36.13,5,2,0,2024-02-14
U0341,P0042,Backpack - Variant 2,Fashion,23.08,3,3,0,2024-11-01
U0341,P0046,Formal Shirt - Variant 3,Fashion,60.76,4,3,1,2024-07-31
U0342,P0115,Tennis Racket - Variant 2,Sports,41.02,3,2,1,2024-07-17
U0342,P0045,Formal Shirt - Variant 2,Fashion,80.51,5,2,1,2024-11-01
U0342,P0133,Biography,Books,29.75,4,1,0,2024-09-24
U0342,P0038,Wrist Watch,Fashion,65.06,3,3,0,2024-02-21
U0342,P0083,Lipstick - Variant 2,Beauty,16.1,4,1,0,2024-11-23
U0342,P0040,Wrist Watch - Variant 3,Fashion,55.58,4,3,1,2024-11-08
U0342,P0041,Backpack,Fashion,58.75,5,2,1,2024-09-17
U0342,P0031,Cotton T-Shirt,Fashion,22.06,4,3,0,2024-10-24
U0342,P0103,Dumbbell Set - Variant 2,Sports,24.27,5,1,0,2024-03-01
U0342,P0027,Running Shoes,Fashion,50.96,2,3,1,2024-08-08
U0342,P0031,Cotton T-Shirt,Fashion,22.06,4,1,1,2024-08-03
U0342,P0027,Running Shoes,Fashion,50.96,4,2,1,2024-03-09
U0342,P0028,Running Shoes - Variant 2,Fashion,21.88,3,2,0,2024-07-07
U0343,P0076,Face Moisturizer,Beauty,48.93,3,3,0,2024-08-11
U0343,P0033,Leather Wallet,Fashion,50.27,3,2,1,2024-08-27
U0343,P0030,Denim Jacket - Variant 2,Fashion,74.76,5,1,1,2024-12-11
U0343,P0051,Winter Coat - Variant 2,Fashion,46.85,5,1,1,2024-07-28
U0343,P0023,Webcam - Variant 2,Electronics,79.6,3,1,1,2024-12-20
U0343,P0035,Leather Wallet - Variant 3,Fashion,53.93,4,1,1,2024-12-09
U0343,P0055,Coffee Maker,Home & Kitchen,73.4,1,1,0,2024-11-23
U0343,P0004,Bluetooth Speaker - Variant 2,Electronics,53.79,5,2,1,2024-06-26
U0343,P0005,Bluetooth Speaker - Variant 3,Electronics,53.78,2,1,1,2024-03-19
U0343,P0059,Non-stick Pan - Variant 2,Home & Kitchen,63.2,3,1,0,2024-03-05
U0343,P0015,Power Bank - Variant 2,Electronics,95.82,4,2,1,2024-07-27
U0343,P0002,Wireless Earbuds - Variant 2,Electronics,56.91,4,3,0,2024-06-17
U0343,P0036,Sunglasses,Fashion,32.53,3,3,1,2024-06-23
U0343,P0082,Lipstick,Beauty,12.97,3,3,0,2024-04-19
U0343,P0042,Backpack - Variant 2,Fashion,23.08,5,2,1,2024-04-09
U0343,P0026,Tablet - Variant 3,Electronics,105.26,5,3,0,2024-01-15
U0343,P0040,Wrist Watch - Variant 3,Fashion,55.58,3,1,0,2024-09-17
U0343,P0010,Laptop Stand - Variant 3,Electronics,146.57,4,3,1,2024-08-29
U0343,P0005,Bluetooth Speaker - Variant 3,Electronics,53.78,5,1,1,2024-08-10
U0343,P0058,Non-stick Pan,Home & Kitchen,28.34,2,1,0,2024-01-05
U0343,P0027,Running Shoes,Fashion,50.96,3,2,0,2024-11-30
U0343,P0004,Bluetooth Speaker - Variant 2,Electronics,53.79,4,1,0,2024-06-23
U0344,P0004,Bluetooth Speaker - Variant 2,Electronics,53.79,2,2,1,2024-10-21
U0344,P0013,USB-C Hub - Variant 3,Electronics,149.11,3,2,1,2024-02-01
U0344,P0017,Gaming Mouse - Variant 2,Electronics,95.82,3,2,1,2024-06-18
U0344,P0011,USB-C Hub,Electronics,143.0,3,1,0,2024-06-16
U0344,P0011,USB-C Hub,Electronics,143.0,4,2,1,2024-02-18
U0344,P0016,Gaming Mouse,Electronics,38.63,4,1,1,2024-12-13
U0344,P0110,Water Bottle - Variant 3,Sports,57.47,3,1,0,2024-07-17
U0344,P0139,Business Strategy Book - Variant 2,Books,18.14,4,2,1,2024-09-16
U0344,P0131,Cookbook - Variant 2,Books,11.3,3,2,1,2024-07-08
U0345,P0141,Children's Storybook,Books,33.46,5,3,1,2024-04-03
U0345,P0137,Sci-Fi Novel - Variant 3,Books,32.27,2,3,0,2024-11-12
U0345,P0001,Wireless Earbuds,Electronics,126.81,2,2,1,2024-05-27
U0345,P0058,Non-stick Pan,Home & Kitchen,28.34,3,2,0,2024-03-21
U0345,P0149,Programming Guide,Books,35.7,5,2,0,2024-12-26
U0345,P0136,Sci-Fi Novel - Variant 2,Books,20.37,2,1,1,2024-08-25
U0345,P0129,Self-Help Book - Variant 3,Books,37.09,4,1,1,2024-08-28
U0345,P0091,Face Mask Set - Variant 2,Beauty,47.83,3,1,0,2024-08-11
U0345,P0117,Fitness Tracker,Sports,72.86,4,1,0,2024-11-24
U0345,P0070,Cutlery Set,Home & Kitchen,58.7,5,1,1,2024-12-10
U0345,P0066,Table Lamp,Home & Kitchen,82.67,5,1,1,2024-09-27
U0345,P0064,Bed Sheets Set,Home & Kitchen,92.94,4,2,1,2024-05-02
U0345,P0130,Cookbook,Books,25.89,4,2,0,2024-04-12
U0345,P0063,Vacuum Cleaner - Variant 2,Home & Kitchen,87.82,4,2,0,2024-01-06
U0345,P0061,Blender - Variant 2,Home & Kitchen,27.47,4,2,1,2024-01-23
U0345,P0083,Lipstick - Variant 2,Beauty,16.1,3,3,1,2024-04-01
U0345,P0056,Coffee Maker - Variant 2,Home & Kitchen,39.05,4,1,1,2024-09-07
U0345,P0133,Biography,Books,29.75,3,2,1,2024-04-02
U0345,P0128,Self-Help Book - Variant 2,Books,22.95,4,2,1,2024-10-07
U0345,P0132,Cookbook - Variant 3,Books,19.54,3,3,1,2024-09-28
U0345,P0056,Coffee Maker - Variant 2,Home & Kitchen,39.05,3,3,0,2024-03-12
U0345,P0022,Webcam,Electronics,106.5,1,2,1,2024-03-05
U0345,P0137,Sci-Fi Novel - Variant 3,Books,32.27,2,2,1,2024-03-10
U0345,P0140,Business Strategy Book - Variant 3,Books,14.32,4,1,0,2024-05-12
U0345,P0065,Bed Sheets Set - Variant 2,Home & Kitchen,33.33,4,2,1,2024-11-10
U0345,P0131,Cookbook - Variant 2,Books,11.3,4,1,0,2024-11-03
U0345,P0058,Non-stick Pan,Home & Kitchen,28.34,5,3,1,2024-05-30
U0345,P0003,Bluetooth Speaker,Electronics,104.25,2,3,1,2024-04-15
U0345,P0068,Storage Boxes,Home & Kitchen,80.29,2,2,1,2024-12-27
U0346,P0043,Backpack - Variant 3,Fashion,77.01,4,3,1,2024-02-16
U0346,P0038,Wrist Watch,Fashion,65.06,3,2,1,2024-09-07
U0346,P0049,Sneakers - Variant 3,Fashion,55.64,2,2,0,2024-04-01
U0346,P0028,Running Shoes - Variant 2,Fashion,21.88,4,3,1,2024-04-13
U0346,P0027,Running Shoes,Fashion,50.96,5,3,0,2024-12-17
U0346,P0039,Wrist Watch - Variant 2,Fashion,41.73,5,2,1,2024-11-18
U0346,P0126,Mystery Novel - Variant 3,Books,27.08,4,1,0,2024-07-07
U0346,P0045,Formal Shirt - Variant 2,Fashion,80.51,4,3,1,2024-11-08
U0346,P0041,Backpack,Fashion,58.75,1,2,1,2024-10-07
U0346,P0035,Leather Wallet - Variant 3,Fashion,53.93,3,2,1,2024-06-01
U0346,P0036,Sunglasses,Fashion,32.53,4,3,1,2024-04-14
U0346,P0114,Tennis Racket,Sports,49.81,1,3,1,2024-03-16
U0346,P0035,Leather Wallet - Variant 3,Fashion,53.93,2,1,1,2024-05-25
U0346,P0031,Cotton T-Shirt,Fashion,22.06,5,2,1,2024-06-03
U0346,P0028,Running Shoes - Variant 2,Fashion,21.88,3,2,1,2024-03-19
U0346,P0035,Leather Wallet - Variant 3,Fashion,53.93,5,3,1,2024-11-14
U0346,P0048,Sneakers - Variant 2,Fashion,58.93,4,1,1,2024-08-26
U0346,P0052,Winter Coat - Variant 3,Fashion,39.04,2,1,0,2024-03-18
U0346,P0027,Running Shoes,Fashion,50.96,4,2,1,2024-09-09
U0346,P0030,Denim Jacket - Variant 2,Fashion,74.76,5,2,0,2024-08-13
U0346,P0031,Cotton T-Shirt,Fashion,22.06,4,1,1,2024-02-12
U0346,P0041,Backpack,Fashion,58.75,4,3,1,2024-09-09
U0346,P0039,Wrist Watch - Variant 2,Fashion,41.73,5,3,1,2024-10-19
U0347,P0124,Mystery Novel,Books,9.94,5,3,1,2024-09-26
U0347,P0129,Self-Help Book - Variant 3,Books,37.09,2,3,0,2024-04-08
U0347,P0041,Backpack,Fashion,58.75,1,3,0,2024-11-17
U0347,P0124,Mystery Novel,Books,9.94,4,3,0,2024-07-01
U0347,P0065,Bed Sheets Set - Variant 2,Home & Kitchen,33.33,4,3,1,2024-06-17
U0347,P0150,Programming Guide - Variant 2,Books,12.92,5,3,0,2024-09-25
U0347,P0135,Sci-Fi Novel,Books,37.03,3,1,1,2024-02-14
U0347,P0139,Business Strategy Book - Variant 2,Books,18.14,5,1,1,2024-04-09
U0347,P0132,Cookbook - Variant 3,Books,19.54,4,2,1,2024-03-23
U0347,P0127,Self-Help Book,Books,13.13,4,1,0,2024-03-14
U0347,P0142,Children's Storybook - Variant 2,Books,18.29,3,3,1,2024-09-05
U0347,P0144,Poetry Collection - Variant 2,Books,23.59,4,2,1,2024-12-05
U0347,P0137,Sci-Fi Novel - Variant 3,Books,32.27,4,3,1,2024-02-07
U0347,P0124,Mystery Novel,Books,9.94,4,3,1,2024-09-10
U0347,P0127,Self-Help Book,Books,13.13,4,1,0,2024-04-21
U0347,P0140,Business Strategy Book - Variant 3,Books,14.32,5,1,1,2024-08-03
U0347,P0136,Sci-Fi Novel - Variant 2,Books,20.37,2,2,0,2024-10-24
U0347,P0006,Smartwatch,Electronics,88.35,1,1,1,2024-04-11
U0347,P0130,Cookbook,Books,25.89,5,1,1,2024-08-17
U0347,P0133,Biography,Books,29.75,5,3,1,2024-03-23
U0347,P0039,Wrist Watch - Variant 2,Fashion,41.73,4,3,1,2024-04-02
U0347,P0148,History Book - Variant 3,Books,20.33,3,2,1,2024-09-21
U0347,P0088,Hair Dryer - Variant 2,Beauty,21.47,2,1,0,2024-01-05
U0347,P0132,Cookbook - Variant 3,Books,19.54,5,1,1,2024-02-28
U0347,P0106,Cycling Helmet,Sports,67.06,3,2,1,2024-06-09
U0347,P0125,Mystery Novel - Variant 2,Books,18.83,3,2,1,2024-10-04
U0347,P0132,Cookbook - Variant 3,Books,19.54,3,1,1,2024-04-07
U0347,P0085,Perfume,Beauty,30.06,1,1,0,2024-11-02
U0347,P0023,Webcam - Variant 2,Electronics,79.6,2,3,1,2024-02-24
U0348,P0006,Smartwatch,Electronics,88.35,4,3,1,2024-08-28
U0348,P0008,Laptop Stand,Electronics,116.72,5,1,1,2024-12-10
U0348,P0003,Bluetooth Speaker,Electronics,104.25,3,3,1,2024-12-26
U0348,P0091,Face Mask Set - Variant 2,Beauty,47.83,2,2,1,2024-07-20
U0348,P0025,Tablet - Variant 2,Electronics,41.3,5,2,1,2024-08-08
U0348,P0129,Self-Help Book - Variant 3,Books,37.09,3,2,0,2024-11-29
U0348,P0022,Webcam,Electronics,106.5,5,3,0,2024-07-26
U0348,P0019,Mechanical Keyboard,Electronics,69.3,2,2,1,2024-12-27
U0348,P0025,Tablet - Variant 2,Electronics,41.3,4,2,1,2024-10-27
U0348,P0015,Power Bank - Variant 2,Electronics,95.82,2,2,1,2024-10-24
U0348,P0023,Webcam - Variant 2,Electronics,79.6,4,3,1,2024-01-08
U0348,P0009,Laptop Stand - Variant 2,Electronics,38.35,5,1,0,2024-07-10
U0348,P0001,Wireless Earbuds,Electronics,126.81,2,1,1,2024-11-16
U0348,P0007,Smartwatch - Variant 2,Electronics,74.04,5,2,1,2024-10-06
U0348,P0003,Bluetooth Speaker,Electronics,104.25,3,2,1,2024-01-09
U0348,P0024,Tablet,Electronics,103.54,5,3,1,2024-09-09
U0348,P0002,Wireless Earbuds - Variant 2,Electronics,56.91,4,3,1,2024-05-14
U0348,P0016,Gaming Mouse,Electronics,38.63,5,1,0,2024-05-27
U0348,P0011,USB-C Hub,Electronics,143.0,4,3,0,2024-02-08
U0348,P0011,USB-C Hub,Electronics,143.0,3,1,1,2024-12-11
U0348,P0003,Bluetooth Speaker,Electronics,104.25,2,2,1,2024-04-28
U0348,P0006,Smartwatch,Electronics,88.35,4,3,1,2024-02-18
U0348,P0005,Bluetooth Speaker - Variant 3,Electronics,53.78,2,1,1,2024-04-17
U0348,P0018,Gaming Mouse - Variant 3,Electronics,81.58,5,2,0,2024-09-28
U0348,P0096,Beard Trimmer - Variant 3,Beauty,16.01,4,2,0,2024-12-04
U0348,P0013,USB-C Hub - Variant 3,Electronics,149.11,5,1,1,2024-09-14
U0348,P0012,USB-C Hub - Variant 2,Electronics,36.09,4,1,1,2024-11-11
U0348,P0002,Wireless Earbuds - Variant 2,Electronics,56.91,3,1,1,2024-10-10
U0348,P0001,Wireless Earbuds,Electronics,126.81,3,2,1,2024-12-09
U0348,P0020,Mechanical Keyboard - Variant 2,Electronics,77.77,3,3,1,2024-08-24
U0348,P0007,Smartwatch - Variant 2,Electronics,74.04,4,3,0,2024-10-03
U0348,P0011,USB-C Hub,Electronics,143.0,2,2,1,2024-09-09
U0348,P0137,Sci-Fi Novel - Variant 3,Books,32.27,5,1,0,2024-04-22
U0348,P0020,Mechanical Keyboard - Variant 2,Electronics,77.77,4,3,1,2024-01-03
U0348,P0013,USB-C Hub - Variant 3,Electronics,149.11,3,3,1,2024-10-16
U0348,P0008,Laptop Stand,Electronics,116.72,3,3,1,2024-05-05
U0348,P0015,Power Bank - Variant 2,Electronics,95.82,3,3,0,2024-02-23
U0349,P0131,Cookbook - Variant 2,Books,11.3,3,2,0,2024-08-31
U0349,P0146,History Book,Books,11.74,3,2,1,2024-08-16
U0349,P0140,Business Strategy Book - Variant 3,Books,14.32,5,3,1,2024-02-05
U0349,P0145,Poetry Collection - Variant 3,Books,15.46,3,2,0,2024-03-31
U0349,P0085,Perfume,Beauty,30.06,3,1,1,2024-04-13
U0349,P0128,Self-Help Book - Variant 2,Books,22.95,5,2,0,2024-01-27
U0349,P0133,Biography,Books,29.75,3,3,1,2024-05-15
U0349,P0146,History Book,Books,11.74,3,1,1,2024-11-07
U0350,P0026,Tablet - Variant 3,Electronics,105.26,3,1,0,2024-09-29
U0350,P0035,Leather Wallet - Variant 3,Fashion,53.93,3,1,0,2024-01-14
U0350,P0011,USB-C Hub,Electronics,143.0,1,2,1,2024-11-30
U0350,P0005,Bluetooth Speaker - Variant 3,Electronics,53.78,4,2,1,2024-12-02
U0350,P0085,Perfume,Beauty,30.06,5,3,1,2024-08-14
U0350,P0092,Nail Polish Kit,Beauty,23.01,4,1,1,2024-01-24
U0350,P0090,Face Mask Set,Beauty,19.72,4,2,1,2024-01-28
U0350,P0008,Laptop Stand,Electronics,116.72,4,1,0,2024-06-19
U0350,P0111,Football,Sports,37.24,1,2,1,2024-07-23
U0351,P0007,Smartwatch - Variant 2,Electronics,74.04,3,1,1,2024-07-18
U0351,P0009,Laptop Stand - Variant 2,Electronics,38.35,4,3,1,2024-04-03
U0351,P0011,USB-C Hub,Electronics,143.0,4,3,1,2024-02-09
U0351,P0143,Poetry Collection,Books,9.47,2,1,0,2024-09-26
U0351,P0011,USB-C Hub,Electronics,143.0,3,1,0,2024-02-17
U0351,P0017,Gaming Mouse - Variant 2,Electronics,95.82,5,1,1,2024-06-04
U0351,P0105,Resistance Bands - Variant 2,Sports,18.03,2,1,0,2024-09-06
U0351,P0023,Webcam - Variant 2,Electronics,79.6,4,3,1,2024-12-26
U0351,P0009,Laptop Stand - Variant 2,Electronics,38.35,4,2,0,2024-01-23
U0351,P0018,Gaming Mouse - Variant 3,Electronics,81.58,4,2,1,2024-09-08
U0351,P0005,Bluetooth Speaker - Variant 3,Electronics,53.78,5,1,1,2024-01-09
U0351,P0010,Laptop Stand - Variant 3,Electronics,146.57,4,2,1,2024-02-12
U0351,P0009,Laptop Stand - Variant 2,Electronics,38.35,4,2,1,2024-11-28
U0351,P0002,Wireless Earbuds - Variant 2,Electronics,56.91,3,2,0,2024-03-27
U0351,P0001,Wireless Earbuds,Electronics,126.81,3,3,0,2024-01-15
U0351,P0021,Mechanical Keyboard - Variant 3,Electronics,87.99,2,1,1,2024-02-27
U0351,P0021,Mechanical Keyboard - Variant 3,Electronics,87.99,4,1,1,2024-03-13
U0351,P0043,Backpack - Variant 3,Fashion,77.01,1,1,0,2024-09-01
U0351,P0017,Gaming Mouse - Variant 2,Electronics,95.82,3,2,0,2024-10-09
U0351,P0147,History Book - Variant 2,Books,35.8,2,3,0,2024-04-23
U0351,P0082,Lipstick,Beauty,12.97,1,2,0,2024-01-02
U0351,P0053,Air Fryer,Home & Kitchen,77.17,1,1,1,2024-12-21
U0351,P0024,Tablet,Electronics,103.54,5,2,1,2024-08-28
U0351,P0005,Bluetooth Speaker - Variant 3,Electronics,53.78,4,2,1,2024-02-07
U0351,P0085,Perfume,Beauty,30.06,3,1,0,2024-08-02
U0351,P0025,Tablet - Variant 2,Electronics,41.3,5,1,1,2024-04-12
U0352,P0088,Hair Dryer - Variant 2,Beauty,21.47,3,1,1,2024-02-21
U0352,P0076,Face Moisturizer,Beauty,48.93,4,2,1,2024-05-02
U0352,P0144,Poetry Collection - Variant 2,Books,23.59,4,1,1,2024-07-26
U0352,P0105,Resistance Bands - Variant 2,Sports,18.03,3,1,0,2024-02-14
U0352,P0145,Poetry Collection - Variant 3,Books,15.46,2,1,1,2024-04-06
U0352,P0034,Leather Wallet - Variant 2,Fashion,29.12,2,2,0,2024-07-27
U0352,P0125,Mystery Novel - Variant 2,Books,18.83,4,1,1,2024-05-07
U0352,P0077,Face Moisturizer - Variant 2,Beauty,44.26,4,2,1,2024-10-02
U0352,P0094,Beard Trimmer,Beauty,35.73,2,1,0,2024-06-12
U0352,P0140,Business Strategy Book - Variant 3,Books,14.32,3,3,1,2024-10-24
U0352,P0128,Self-Help Book - Variant 2,Books,22.95,2,1,1,2024-12-03
U0352,P0132,Cookbook - Variant 3,Books,19.54,3,3,1,2024-05-14
U0352,P0089,Hair Dryer - Variant 3,Beauty,27.59,5,3,1,2024-01-07
U0352,P0078,Sunscreen SPF50,Beauty,33.33,3,1,1,2024-05-19
U0352,P0137,Sci-Fi Novel - Variant 3,Books,32.27,5,1,1,2024-07-04
U0352,P0081,Shampoo - Variant 2,Beauty,39.01,2,3,0,2024-10-27
U0352,P0049,Sneakers - Variant 3,Fashion,55.64,2,3,1,2024-03-29
U0352,P0138,Business Strategy Book,Books,32.81,4,1,0,2024-04-13
U0352,P0095,Beard Trimmer - Variant 2,Beauty,23.23,3,1,1,2024-07-04
U0352,P0133,Biography,Books,29.75,3,3,0,2024-07-16
U0352,P0011,USB-C Hub,Electronics,143.0,2,1,0,2024-09-29
U0352,P0136,Sci-Fi Novel - Variant 2,Books,20.37,3,3,1,2024-07-26
U0352,P0099,Body Lotion - Variant 3,Beauty,45.92,4,2,1,2024-01-21
U0352,P0131,Cookbook - Variant 2,Books,11.3,1,1,1,2024-08-07
U0352,P0150,Programming Guide - Variant 2,Books,12.92,3,1,0,2024-12-21
U0352,P0147,History Book - Variant 2,Books,35.8,4,1,0,2024-12-23
U0352,P0133,Biography,Books,29.75,4,1,1,2024-09-28
U0352,P0087,Hair Dryer,Beauty,46.49,5,3,0,2024-04-20
U0352,P0098,Body Lotion - Variant 2,Beauty,19.09,5,2,1,2024-07-03
U0352,P0079,Sunscreen SPF50 - Variant 2,Beauty,41.3,3,1,1,2024-07-20
U0352,P0062,Vacuum Cleaner,Home & Kitchen,44.0,3,1,0,2024-02-26
U0352,P0142,Children's Storybook - Variant 2,Books,18.29,3,1,0,2024-09-10
U0352,P0035,Leather Wallet - Variant 3,Fashion,53.93,2,2,0,2024-11-21
U0353,P0097,Body Lotion,Beauty,42.54,3,3,1,2024-10-09
U0353,P0079,Sunscreen SPF50 - Variant 2,Beauty,41.3,2,3,1,2024-08-04
U0353,P0096,Beard Trimmer - Variant 3,Beauty,16.01,3,3,1,2024-08-05
U0353,P0004,Bluetooth Speaker - Variant 2,Electronics,53.79,2,3,0,2024-03-14
U0353,P0083,Lipstick - Variant 2,Beauty,16.1,3,2,1,2024-07-09
U0353,P0095,Beard Trimmer - Variant 2,Beauty,23.23,3,3,1,2024-05-04
U0353,P0040,Wrist Watch - Variant 3,Fashion,55.58,3,3,1,2024-08-10
U0353,P0105,Resistance Bands - Variant 2,Sports,18.03,4,2,0,2024-06-10
U0353,P0087,Hair Dryer,Beauty,46.49,3,2,1,2024-03-23
U0353,P0086,Perfume - Variant 2,Beauty,33.4,5,3,1,2024-03-21
U0354,P0079,Sunscreen SPF50 - Variant 2,Beauty,41.3,5,1,1,2024-12-11
U0354,P0136,Sci-Fi Novel - Variant 2,Books,20.37,3,1,0,2024-06-11
U0354,P0126,Mystery Novel - Variant 3,Books,27.08,5,1,0,2024-05-22
U0354,P0136,Sci-Fi Novel - Variant 2,Books,20.37,3,3,0,2024-06-30
U0354,P0144,Poetry Collection - Variant 2,Books,23.59,4,1,1,2024-05-17
U0354,P0080,Shampoo,Beauty,13.54,4,1,1,2024-05-23
U0354,P0097,Body Lotion,Beauty,42.54,3,3,1,2024-04-13
U0354,P0134,Biography - Variant 2,Books,19.48,4,1,0,2024-08-02
U0354,P0092,Nail Polish Kit,Beauty,23.01,4,3,1,2024-08-21
U0354,P0086,Perfume - Variant 2,Beauty,33.4,5,3,0,2024-12-13
U0354,P0147,History Book - Variant 2,Books,35.8,5,2,1,2024-08-24
U0354,P0133,Biography,Books,29.75,2,1,1,2024-04-28
U0354,P0077,Face Moisturizer - Variant 2,Beauty,44.26,4,2,1,2024-09-09
U0354,P0128,Self-Help Book - Variant 2,Books,22.95,4,2,1,2024-02-17
U0354,P0148,History Book - Variant 3,Books,20.33,3,1,0,2024-03-20
U0354,P0040,Wrist Watch - Variant 3,Fashion,55.58,4,3,0,2024-09-21
U0354,P0092,Nail Polish Kit,Beauty,23.01,5,1,1,2024-10-13
U0354,P0128,Self-Help Book - Variant 2,Books,22.95,4,3,1,2024-10-11
U0355,P0113,Football - Variant 3,Sports,36.42,3,1,1,2024-06-25
U0355,P0107,Cycling Helmet - Variant 2,Sports,18.4,5,2,1,2024-07-22
U0355,P0090,Face Mask Set,Beauty,19.72,4,3,1,2024-02-06
U0355,P0089,Hair Dryer - Variant 3,Beauty,27.59,3,3,0,2024-09-19
U0355,P0128,Self-Help Book - Variant 2,Books,22.95,4,3,1,2024-03-10
U0355,P0087,Hair Dryer,Beauty,46.49,2,1,1,2024-10-27
U0355,P0088,Hair Dryer - Variant 2,Beauty,21.47,3,3,0,2024-02-12
U0355,P0119,Fitness Tracker - Variant 3,Sports,46.34,3,1,1,2024-04-04
U0355,P0122,Gym Bag,Sports,52.75,5,1,0,2024-06-22
U0355,P0102,Dumbbell Set,Sports,36.13,3,3,0,2024-03-03
U0355,P0095,Beard Trimmer - Variant 2,Beauty,23.23,3,2,0,2024-09-12
U0355,P0023,Webcam - Variant 2,Electronics,79.6,3,3,0,2024-11-28
U0355,P0065,Bed Sheets Set - Variant 2,Home & Kitchen,33.33,2,1,0,2024-06-27
U0355,P0111,Football,Sports,37.24,3,2,1,2024-02-01
U0355,P0146,History Book,Books,11.74,2,2,0,2024-10-01
U0355,P0081,Shampoo - Variant 2,Beauty,39.01,4,2,0,2024-12-11
U0355,P0081,Shampoo - Variant 2,Beauty,39.01,3,1,0,2024-04-24
U0355,P0110,Water Bottle - Variant 3,Sports,57.47,5,3,1,2024-02-28
U0355,P0118,Fitness Tracker - Variant 2,Sports,32.35,3,1,1,2024-09-21
U0355,P0127,Self-Help Book,Books,13.13,1,2,0,2024-01-14
U0355,P0088,Hair Dryer - Variant 2,Beauty,21.47,4,1,0,2024-02-17
U0355,P0123,Gym Bag - Variant 2,Sports,46.65,2,2,0,2024-12-20
U0355,P0027,Running Shoes,Fashion,50.96,2,2,1,2024-09-11
U0355,P0084,Lipstick - Variant 3,Beauty,13.19,4,1,1,2024-11-23
U0355,P0085,Perfume,Beauty,30.06,3,1,1,2024-10-22
U0355,P0119,Fitness Tracker - Variant 3,Sports,46.34,5,1,0,2024-07-06
U0355,P0097,Body Lotion,Beauty,42.54,5,2,1,2024-10-21
U0355,P0121,Skipping Rope - Variant 2,Sports,74.87,4,2,1,2024-02-26
U0355,P0105,Resistance Bands - Variant 2,Sports,18.03,3,2,1,2024-06-09
U0355,P0101,Yoga Mat - Variant 2,Sports,24.96,3,3,1,2024-09-22
U0355,P0120,Skipping Rope,Sports,26.44,4,3,0,2024-04-07
U0355,P0121,Skipping Rope - Variant 2,Sports,74.87,2,1,0,2024-08-07
U0356,P0090,Face Mask Set,Beauty,19.72,4,1,1,2024-11-05
U0356,P0110,Water Bottle - Variant 3,Sports,57.47,4,1,0,2024-11-06
U0356,P0108,Water Bottle,Sports,48.44,4,3,1,2024-09-09
U0356,P0114,Tennis Racket,Sports,49.81,5,1,1,2024-11-12
U0356,P0122,Gym Bag,Sports,52.75,5,2,1,2024-07-17
U0356,P0103,Dumbbell Set - Variant 2,Sports,24.27,5,1,1,2024-07-29
U0356,P0013,USB-C Hub - Variant 3,Electronics,149.11,3,1,0,2024-08-07
U0356,P0121,Skipping Rope - Variant 2,Sports,74.87,3,2,0,2024-01-16
U0356,P0111,Football,Sports,37.24,4,3,1,2024-01-23
U0356,P0122,Gym Bag,Sports,52.75,2,2,0,2024-12-04
U0356,P0115,Tennis Racket - Variant 2,Sports,41.02,2,1,1,2024-06-17
U0356,P0055,Coffee Maker,Home & Kitchen,73.4,3,2,0,2024-09-23
U0356,P0118,Fitness Tracker - Variant 2,Sports,32.35,4,1,0,2024-06-19
U0356,P0111,Football,Sports,37.24,3,2,1,2024-08-08
U0356,P0102,Dumbbell Set,Sports,36.13,3,1,1,2024-04-08
U0356,P0117,Fitness Tracker,Sports,72.86,2,3,0,2024-03-10
U0356,P0103,Dumbbell Set - Variant 2,Sports,24.27,4,1,0,2024-03-16
U0356,P0099,Body Lotion - Variant 3,Beauty,45.92,4,2,0,2024-02-21
U0356,P0102,Dumbbell Set,Sports,36.13,4,3,1,2024-06-26
U0356,P0118,Fitness Tracker - Variant 2,Sports,32.35,5,3,1,2024-07-08
U0356,P0119,Fitness Tracker - Variant 3,Sports,46.34,4,1,1,2024-07-14
U0356,P0001,Wireless Earbuds,Electronics,126.81,1,3,0,2024-07-01
U0356,P0117,Fitness Tracker,Sports,72.86,4,1,0,2024-05-18
U0356,P0100,Yoga Mat,Sports,36.49,3,1,1,2024-09-29
U0356,P0103,Dumbbell Set - Variant 2,Sports,24.27,4,2,1,2024-06-20
U0356,P0115,Tennis Racket - Variant 2,Sports,41.02,5,3,1,2024-11-06
U0356,P0110,Water Bottle - Variant 3,Sports,57.47,3,3,1,2024-04-16
U0356,P0101,Yoga Mat - Variant 2,Sports,24.96,3,1,1,2024-01-01
U0356,P0025,Tablet - Variant 2,Electronics,41.3,3,2,0,2024-10-17
U0356,P0115,Tennis Racket - Variant 2,Sports,41.02,5,3,0,2024-08-17
U0356,P0004,Bluetooth Speaker - Variant 2,Electronics,53.79,4,1,0,2024-11-13
U0356,P0132,Cookbook - Variant 3,Books,19.54,4,3,1,2024-10-21
U0356,P0030,Denim Jacket - Variant 2,Fashion,74.76,1,3,0,2024-11-14
U0356,P0148,History Book - Variant 3,Books,20.33,3,1,1,2024-03-01
U0357,P0150,Programming Guide - Variant 2,Books,12.92,4,3,0,2024-10-01
U0357,P0040,Wrist Watch - Variant 3,Fashion,55.58,3,3,0,2024-09-05
U0357,P0052,Winter Coat - Variant 3,Fashion,39.04,3,3,1,2024-06-27
U0357,P0074,Wall Clock - Variant 2,Home & Kitchen,102.86,2,2,0,2024-06-03
U0357,P0022,Webcam,Electronics,106.5,3,1,1,2024-03-17
U0357,P0085,Perfume,Beauty,30.06,5,1,0,2024-11-16
U0357,P0046,Formal Shirt - Variant 3,Fashion,60.76,5,3,1,2024-06-06
U0357,P0105,Resistance Bands - Variant 2,Sports,18.03,4,3,1,2024-04-17
U0357,P0040,Wrist Watch - Variant 3,Fashion,55.58,4,2,1,2024-09-10
U0357,P0118,Fitness Tracker - Variant 2,Sports,32.35,3,3,1,2024-10-26
U0357,P0037,Sunglasses - Variant 2,Fashion,47.01,4,3,1,2024-07-09
U0357,P0034,Leather Wallet - Variant 2,Fashion,29.12,2,3,0,2024-03-10
U0357,P0039,Wrist Watch - Variant 2,Fashion,41.73,4,2,1,2024-07-16
U0357,P0040,Wrist Watch - Variant 3,Fashion,55.58,4,1,1,2024-05-05
U0358,P0071,Cutlery Set - Variant 2,Home & Kitchen,84.19,3,1,0,2024-02-01
U0358,P0011,USB-C Hub,Electronics,143.0,1,1,0,2024-10-16
U0358,P0067,Table Lamp - Variant 2,Home & Kitchen,105.23,3,3,0,2024-12-20
U0358,P0071,Cutlery Set - Variant 2,Home & Kitchen,84.19,5,2,1,2024-02-28
U0358,P0077,Face Moisturizer - Variant 2,Beauty,44.26,2,1,0,2024-09-19
U0358,P0097,Body Lotion,Beauty,42.54,3,1,1,2024-07-31
U0358,P0065,Bed Sheets Set - Variant 2,Home & Kitchen,33.33,3,2,1,2024-06-06
U0358,P0129,Self-Help Book - Variant 3,Books,37.09,3,3,0,2024-10-01
U0358,P0089,Hair Dryer - Variant 3,Beauty,27.59,4,1,0,2024-08-26
U0358,P0092,Nail Polish Kit,Beauty,23.01,4,1,1,2024-06-27
U0358,P0080,Shampoo,Beauty,13.54,5,1,1,2024-01-06
U0358,P0081,Shampoo - Variant 2,Beauty,39.01,2,1,1,2024-05-02
U0358,P0093,Nail Polish Kit - Variant 2,Beauty,18.13,4,3,1,2024-02-14
U0358,P0062,Vacuum Cleaner,Home & Kitchen,44.0,5,2,1,2024-04-17
U0359,P0004,Bluetooth Speaker - Variant 2,Electronics,53.79,4,2,0,2024-11-20
U0359,P0067,Table Lamp - Variant 2,Home & Kitchen,105.23,4,2,1,2024-04-16
U0359,P0016,Gaming Mouse,Electronics,38.63,3,2,1,2024-12-03
U0359,P0009,Laptop Stand - Variant 2,Electronics,38.35,4,1,1,2024-08-09
U0359,P0062,Vacuum Cleaner,Home & Kitchen,44.0,3,1,0,2024-08-14
U0359,P0062,Vacuum Cleaner,Home & Kitchen,44.0,4,1,1,2024-12-17
U0359,P0002,Wireless Earbuds - Variant 2,Electronics,56.91,3,1,1,2024-10-09
U0359,P0055,Coffee Maker,Home & Kitchen,73.4,5,2,1,2024-02-01
U0359,P0020,Mechanical Keyboard - Variant 2,Electronics,77.77,4,1,1,2024-06-10
U0359,P0021,Mechanical Keyboard - Variant 3,Electronics,87.99,4,3,1,2024-06-09
U0359,P0016,Gaming Mouse,Electronics,38.63,5,3,1,2024-04-03
U0359,P0017,Gaming Mouse - Variant 2,Electronics,95.82,2,3,1,2024-03-21
U0359,P0026,Tablet - Variant 3,Electronics,105.26,3,3,1,2024-10-04
U0359,P0069,Storage Boxes - Variant 2,Home & Kitchen,55.29,5,2,1,2024-04-30
U0359,P0058,Non-stick Pan,Home & Kitchen,28.34,5,3,1,2024-03-27
U0359,P0107,Cycling Helmet - Variant 2,Sports,18.4,3,3,0,2024-06-20
U0359,P0023,Webcam - Variant 2,Electronics,79.6,3,1,0,2024-02-01
U0359,P0118,Fitness Tracker - Variant 2,Sports,32.35,3,1,1,2024-07-15
U0359,P0009,Laptop Stand - Variant 2,Electronics,38.35,4,2,0,2024-08-25
U0359,P0056,Coffee Maker - Variant 2,Home & Kitchen,39.05,3,3,0,2024-09-28
U0359,P0135,Sci-Fi Novel,Books,37.03,1,3,0,2024-03-11
U0359,P0014,Power Bank,Electronics,70.68,3,3,1,2024-04-24
U0359,P0074,Wall Clock - Variant 2,Home & Kitchen,102.86,5,1,1,2024-02-10
U0359,P0069,Storage Boxes - Variant 2,Home & Kitchen,55.29,3,1,1,2024-05-09
U0359,P0143,Poetry Collection,Books,9.47,1,1,1,2024-07-19
U0359,P0007,Smartwatch - Variant 2,Electronics,74.04,3,3,1,2024-11-08
U0359,P0044,Formal Shirt,Fashion,83.48,2,1,0,2024-05-31
U0359,P0025,Tablet - Variant 2,Electronics,41.3,4,3,1,2024-09-16
U0359,P0070,Cutlery Set,Home & Kitchen,58.7,3,3,1,2024-06-13
U0359,P0072,Cutlery Set - Variant 3,Home & Kitchen,83.94,5,1,1,2024-08-14
U0359,P0033,Leather Wallet,Fashion,50.27,3,2,0,2024-03-25
U0359,P0020,Mechanical Keyboard - Variant 2,Electronics,77.77,4,1,1,2024-12-22
U0359,P0021,Mechanical Keyboard - Variant 3,Electronics,87.99,3,2,0,2024-10-24
U0359,P0059,Non-stick Pan - Variant 2,Home & Kitchen,63.2,3,1,1,2024-10-12
U0360,P0146,History Book,Books,11.74,4,2,0,2024-12-04
U0360,P0044,Formal Shirt,Fashion,83.48,3,3,1,2024-05-28
U0360,P0029,Denim Jacket,Fashion,85.21,5,2,1,2024-04-14
U0360,P0141,Children's Storybook,Books,33.46,1,2,1,2024-07-20
U0360,P0032,Cotton T-Shirt - Variant 2,Fashion,36.35,4,1,1,2024-03-08
U0360,P0027,Running Shoes,Fashion,50.96,3,3,1,2024-01-05
U0360,P0035,Leather Wallet - Variant 3,Fashion,53.93,5,1,1,2024-05-17
U0360,P0040,Wrist Watch - Variant 3,Fashion,55.58,3,3,0,2024-11-14
U0360,P0034,Leather Wallet - Variant 2,Fashion,29.12,5,1,1,2024-05-08
U0360,P0041,Backpack,Fashion,58.75,3,2,1,2024-01-31
U0360,P0035,Leather Wallet - Variant 3,Fashion,53.93,4,1,1,2024-10-11
U0360,P0036,Sunglasses,Fashion,32.53,3,3,0,2024-05-06
U0360,P0035,Leather Wallet - Variant 3,Fashion,53.93,4,2,1,2024-07-26
U0360,P0025,Tablet - Variant 2,Electronics,41.3,2,3,0,2024-09-11
U0360,P0083,Lipstick - Variant 2,Beauty,16.1,2,2,0,2024-06-19
U0360,P0108,Water Bottle,Sports,48.44,4,1,0,2024-05-22
U0360,P0049,Sneakers - Variant 3,Fashion,55.64,4,2,1,2024-12-10
U0360,P0045,Formal Shirt - Variant 2,Fashion,80.51,5,2,1,2024-04-24
U0360,P0044,Formal Shirt,Fashion,83.48,5,3,0,2024-10-31
U0361,P0086,Perfume - Variant 2,Beauty,33.4,5,3,1,2024-04-23
U0361,P0082,Lipstick,Beauty,12.97,1,3,1,2024-03-05
U0361,P0095,Beard Trimmer - Variant 2,Beauty,23.23,4,2,1,2024-01-29
U0361,P0093,Nail Polish Kit - Variant 2,Beauty,18.13,4,1,1,2024-03-16
U0361,P0089,Hair Dryer - Variant 3,Beauty,27.59,4,1,0,2024-03-18
U0361,P0086,Perfume - Variant 2,Beauty,33.4,4,3,1,2024-10-23
U0361,P0028,Running Shoes - Variant 2,Fashion,21.88,2,3,0,2024-03-19
U0361,P0126,Mystery Novel - Variant 3,Books,27.08,3,1,0,2024-09-30
U0361,P0087,Hair Dryer,Beauty,46.49,4,1,0,2024-04-11
U0361,P0120,Skipping Rope,Sports,26.44,4,1,0,2024-07-13
U0361,P0083,Lipstick - Variant 2,Beauty,16.1,2,2,1,2024-12-06
U0361,P0086,Perfume - Variant 2,Beauty,33.4,2,1,1,2024-01-11
U0361,P0078,Sunscreen SPF50,Beauty,33.33,5,2,1,2024-06-01
U0361,P0080,Shampoo,Beauty,13.54,4,2,1,2024-06-04
U0361,P0029,Denim Jacket,Fashion,85.21,2,2,0,2024-02-19
U0361,P0076,Face Moisturizer,Beauty,48.93,5,2,1,2024-05-24
U0361,P0082,Lipstick,Beauty,12.97,5,3,1,2024-12-13
U0361,P0085,Perfume,Beauty,30.06,4,1,1,2024-12-03
U0361,P0080,Shampoo,Beauty,13.54,4,3,0,2024-04-20
U0361,P0003,Bluetooth Speaker,Electronics,104.25,1,3,1,2024-02-14
U0361,P0093,Nail Polish Kit - Variant 2,Beauty,18.13,5,3,0,2024-07-17
U0361,P0081,Shampoo - Variant 2,Beauty,39.01,4,3,1,2024-10-18
U0361,P0076,Face Moisturizer,Beauty,48.93,3,3,1,2024-05-26
U0361,P0072,Cutlery Set - Variant 3,Home & Kitchen,83.94,3,1,1,2024-02-21
U0361,P0115,Tennis Racket - Variant 2,Sports,41.02,4,1,0,2024-03-16
U0362,P0007,Smartwatch - Variant 2,Electronics,74.04,4,2,0,2024-06-08
U0362,P0079,Sunscreen SPF50 - Variant 2,Beauty,41.3,2,1,0,2024-03-16
U0362,P0011,USB-C Hub,Electronics,143.0,2,3,1,2024-09-05
U0362,P0114,Tennis Racket,Sports,49.81,3,1,1,2024-08-07
U0362,P0117,Fitness Tracker,Sports,72.86,3,3,1,2024-09-29
U0362,P0150,Programming Guide - Variant 2,Books,12.92,3,2,0,2024-12-12
U0362,P0015,Power Bank - Variant 2,Electronics,95.82,3,3,1,2024-08-10
U0362,P0022,Webcam,Electronics,106.5,5,1,1,2024-04-21
U0362,P0013,USB-C Hub - Variant 3,Electronics,149.11,3,3,1,2024-12-01
U0362,P0024,Tablet,Electronics,103.54,4,1,1,2024-03-14
U0362,P0026,Tablet - Variant 3,Electronics,105.26,2,3,1,2024-10-30
U0362,P0022,Webcam,Electronics,106.5,3,3,0,2024-02-08
U0363,P0098,Body Lotion - Variant 2,Beauty,19.09,2,3,1,2024-12-16
U0363,P0076,Face Moisturizer,Beauty,48.93,5,2,1,2024-05-31
U0363,P0148,History Book - Variant 3,Books,20.33,4,1,0,2024-10-01
U0363,P0147,History Book - Variant 2,Books,35.8,4,3,1,2024-06-26
U0363,P0139,Business Strategy Book - Variant 2,Books,18.14,5,3,0,2024-12-01
U0363,P0080,Shampoo,Beauty,13.54,3,1,1,2024-06-27
U0363,P0087,Hair Dryer,Beauty,46.49,1,1,1,2024-11-06
U0363,P0131,Cookbook - Variant 2,Books,11.3,3,3,1,2024-04-23
U0363,P0026,Tablet - Variant 3,Electronics,105.26,3,1,0,2024-03-14
U0363,P0081,Shampoo - Variant 2,Beauty,39.01,5,3,1,2024-04-29
U0363,P0090,Face Mask Set,Beauty,19.72,3,2,1,2024-09-21
U0363,P0150,Programming Guide - Variant 2,Books,12.92,5,3,1,2024-05-08
U0363,P0077,Face Moisturizer - Variant 2,Beauty,44.26,4,1,0,2024-07-01
U0363,P0125,Mystery Novel - Variant 2,Books,18.83,3,2,0,2024-02-20
U0363,P0137,Sci-Fi Novel - Variant 3,Books,32.27,3,3,1,2024-11-06
U0363,P0129,Self-Help Book - Variant 3,Books,37.09,4,3,0,2024-08-12
U0363,P0083,Lipstick - Variant 2,Beauty,16.1,4,2,1,2024-11-02
U0364,P0116,Tennis Racket - Variant 3,Sports,21.7,3,3,1,2024-09-27
U0364,P0117,Fitness Tracker,Sports,72.86,4,1,1,2024-03-19
U0364,P0101,Yoga Mat - Variant 2,Sports,24.96,2,3,1,2024-09-10
U0364,P0117,Fitness Tracker,Sports,72.86,4,1,1,2024-04-22
U0364,P0119,Fitness Tracker - Variant 3,Sports,46.34,4,1,1,2024-12-09
U0364,P0107,Cycling Helmet - Variant 2,Sports,18.4,5,2,1,2024-09-17
U0364,P0118,Fitness Tracker - Variant 2,Sports,32.35,4,1,1,2024-06-29
U0364,P0013,USB-C Hub - Variant 3,Electronics,149.11,5,3,0,2024-05-05
U0364,P0120,Skipping Rope,Sports,26.44,2,2,1,2024-08-22
U0365,P0085,Perfume,Beauty,30.06,3,2,0,2024-03-28
U0365,P0098,Body Lotion - Variant 2,Beauty,19.09,4,2,1,2024-08-21
U0365,P0134,Biography - Variant 2,Books,19.48,3,3,1,2024-02-18
U0365,P0095,Beard Trimmer - Variant 2,Beauty,23.23,4,3,1,2024-06-25
U0365,P0077,Face Moisturizer - Variant 2,Beauty,44.26,2,2,0,2024-01-04
U0365,P0099,Body Lotion - Variant 3,Beauty,45.92,4,2,0,2024-11-20
U0365,P0094,Beard Trimmer,Beauty,35.73,4,2,1,2024-07-13
U0365,P0014,Power Bank,Electronics,70.68,3,3,0,2024-05-14
U0366,P0044,Formal Shirt,Fashion,83.48,4,3,1,2024-06-09
U0366,P0049,Sneakers - Variant 3,Fashion,55.64,2,1,0,2024-06-03
U0366,P0086,Perfume - Variant 2,Beauty,33.4,2,3,0,2024-12-12
U0366,P0029,Denim Jacket,Fashion,85.21,3,3,0,2024-09-12
U0366,P0051,Winter Coat - Variant 2,Fashion,46.85,3,2,1,2024-01-10
U0366,P0046,Formal Shirt - Variant 3,Fashion,60.76,4,3,1,2024-06-26
U0366,P0133,Biography,Books,29.75,3,3,1,2024-11-21
U0366,P0045,Formal Shirt - Variant 2,Fashion,80.51,3,3,1,2024-02-09
U0366,P0099,Body Lotion - Variant 3,Beauty,45.92,3,2,0,2024-11-28
U0366,P0046,Formal Shirt - Variant 3,Fashion,60.76,3,2,0,2024-09-11
U0366,P0021,Mechanical Keyboard - Variant 3,Electronics,87.99,2,3,1,2024-09-08
U0366,P0027,Running Shoes,Fashion,50.96,5,2,0,2024-08-15
U0366,P0029,Denim Jacket,Fashion,85.21,1,3,1,2024-07-23
U0367,P0108,Water Bottle,Sports,48.44,3,3,0,2024-02-20
U0367,P0113,Football - Variant 3,Sports,36.42,3,1,0,2024-06-20
U0367,P0108,Water Bottle,Sports,48.44,5,2,1,2024-04-14
U0367,P0112,Football - Variant 2,Sports,71.75,2,3,1,2024-08-19
U0367,P0108,Water Bottle,Sports,48.44,5,2,1,2024-05-19
U0367,P0113,Football - Variant 3,Sports,36.42,3,2,1,2024-07-28
U0367,P0104,Resistance Bands,Sports,54.92,3,2,0,2024-03-23
U0367,P0102,Dumbbell Set,Sports,36.13,3,3,1,2024-11-06
U0367,P0128,Self-Help Book - Variant 2,Books,22.95,2,3,0,2024-01-22
U0367,P0113,Football - Variant 3,Sports,36.42,3,3,1,2024-11-07
U0367,P0120,Skipping Rope,Sports,26.44,4,2,1,2024-09-14
U0367,P0112,Football - Variant 2,Sports,71.75,4,2,1,2024-03-07
U0367,P0118,Fitness Tracker - Variant 2,Sports,32.35,4,2,1,2024-04-22
U0367,P0119,Fitness Tracker - Variant 3,Sports,46.34,4,1,1,2024-12-06
U0367,P0111,Football,Sports,37.24,4,3,1,2024-03-11
U0367,P0142,Children's Storybook - Variant 2,Books,18.29,3,2,1,2024-07-20
U0367,P0121,Skipping Rope - Variant 2,Sports,74.87,3,1,1,2024-02-17
U0367,P0112,Football - Variant 2,Sports,71.75,3,1,1,2024-12-21
U0367,P0121,Skipping Rope - Variant 2,Sports,74.87,4,3,0,2024-09-09
U0367,P0110,Water Bottle - Variant 3,Sports,57.47,5,3,1,2024-03-10
U0367,P0102,Dumbbell Set,Sports,36.13,3,1,1,2024-09-28
U0367,P0104,Resistance Bands,Sports,54.92,3,2,1,2024-08-18
U0367,P0109,Water Bottle - Variant 2,Sports,45.64,2,2,1,2024-01-30
U0367,P0003,Bluetooth Speaker,Electronics,104.25,2,2,0,2024-07-22
U0367,P0100,Yoga Mat,Sports,36.49,5,3,1,2024-05-13
U0367,P0115,Tennis Racket - Variant 2,Sports,41.02,4,3,1,2024-11-19
U0367,P0109,Water Bottle - Variant 2,Sports,45.64,5,2,0,2024-10-12
U0367,P0110,Water Bottle - Variant 3,Sports,57.47,5,2,1,2024-06-15
U0367,P0118,Fitness Tracker - Variant 2,Sports,32.35,4,2,1,2024-01-05
U0367,P0106,Cycling Helmet,Sports,67.06,2,1,1,2024-09-17
U0367,P0148,History Book - Variant 3,Books,20.33,5,2,0,2024-01-08
U0367,P0116,Tennis Racket - Variant 3,Sports,21.7,4,2,1,2024-04-09
U0367,P0008,Laptop Stand,Electronics,116.72,2,2,0,2024-07-13
U0367,P0034,Leather Wallet - Variant 2,Fashion,29.12,3,1,1,2024-06-28
U0368,P0125,Mystery Novel - Variant 2,Books,18.83,4,2,1,2024-11-24
U0368,P0124,Mystery Novel,Books,9.94,3,3,1,2024-06-28
U0368,P0147,History Book - Variant 2,Books,35.8,3,3,1,2024-11-17
U0368,P0150,Programming Guide - Variant 2,Books,12.92,3,1,1,2024-12-20
U0368,P0132,Cookbook - Variant 3,Books,19.54,4,1,1,2024-07-10
U0368,P0147,History Book - Variant 2,Books,35.8,2,1,1,2024-10-28
U0368,P0139,Business Strategy Book - Variant 2,Books,18.14,3,3,1,2024-09-30
U0368,P0148,History Book - Variant 3,Books,20.33,4,1,1,2024-08-12
U0368,P0140,Business Strategy Book - Variant 3,Books,14.32,3,3,1,2024-10-03
U0368,P0133,Biography,Books,29.75,1,1,1,2024-08-22
U0368,P0142,Children's Storybook - Variant 2,Books,18.29,3,3,1,2024-06-05
U0368,P0135,Sci-Fi Novel,Books,37.03,3,2,0,2024-02-27
U0368,P0146,History Book,Books,11.74,3,3,1,2024-10-22
U0368,P0135,Sci-Fi Novel,Books,37.03,4,1,0,2024-09-12
U0369,P0010,Laptop Stand - Variant 3,Electronics,146.57,4,1,1,2024-12-08
U0369,P0106,Cycling Helmet,Sports,67.06,1,1,1,2024-12-21
U0369,P0008,Laptop Stand,Electronics,116.72,4,2,1,2024-04-08
U0369,P0005,Bluetooth Speaker - Variant 3,Electronics,53.78,3,1,1,2024-10-21
U0369,P0019,Mechanical Keyboard,Electronics,69.3,5,2,0,2024-08-23
U0369,P0001,Wireless Earbuds,Electronics,126.81,3,1,1,2024-08-13
U0369,P0021,Mechanical Keyboard - Variant 3,Electronics,87.99,3,1,1,2024-07-11
U0369,P0125,Mystery Novel - Variant 2,Books,18.83,3,2,1,2024-05-12
U0369,P0004,Bluetooth Speaker - Variant 2,Electronics,53.79,3,2,1,2024-08-08
U0369,P0026,Tablet - Variant 3,Electronics,105.26,4,1,0,2024-02-25
U0369,P0078,Sunscreen SPF50,Beauty,33.33,1,2,1,2024-01-19
U0369,P0022,Webcam,Electronics,106.5,5,2,0,2024-09-25
U0369,P0022,Webcam,Electronics,106.5,3,1,1,2024-06-23
U0369,P0015,Power Bank - Variant 2,Electronics,95.82,4,1,1,2024-04-09
U0369,P0070,Cutlery Set,Home & Kitchen,58.7,2,3,0,2024-01-19
U0369,P0016,Gaming Mouse,Electronics,38.63,4,3,1,2024-12-16
U0369,P0018,Gaming Mouse - Variant 3,Electronics,81.58,4,2,1,2024-10-12
U0369,P0114,Tennis Racket,Sports,49.81,2,3,1,2024-02-25
U0369,P0007,Smartwatch - Variant 2,Electronics,74.04,5,2,1,2024-06-30
U0369,P0003,Bluetooth Speaker,Electronics,104.25,3,3,0,2024-04-30
U0369,P0140,Business Strategy Book - Variant 3,Books,14.32,3,2,0,2024-02-16
U0369,P0004,Bluetooth Speaker - Variant 2,Electronics,53.79,5,1,0,2024-07-31
U0369,P0010,Laptop Stand - Variant 3,Electronics,146.57,4,1,1,2024-01-19
U0370,P0088,Hair Dryer - Variant 2,Beauty,21.47,5,2,1,2024-07-29
U0370,P0094,Beard Trimmer,Beauty,35.73,5,3,1,2024-08-01
U0370,P0078,Sunscreen SPF50,Beauty,33.33,4,1,0,2024-01-10
U0370,P0096,Beard Trimmer - Variant 3,Beauty,16.01,5,3,1,2024-12-01
U0370,P0131,Cookbook - Variant 2,Books,11.3,1,1,1,2024-10-10
U0370,P0050,Winter Coat,Fashion,42.63,3,2,0,2024-10-05
U0370,P0064,Bed Sheets Set,Home & Kitchen,92.94,4,1,1,2024-01-06
U0370,P0055,Coffee Maker,Home & Kitchen,73.4,3,3,1,2024-06-24
U0370,P0098,Body Lotion - Variant 2,Beauty,19.09,4,2,0,2024-10-28
U0370,P0088,Hair Dryer - Variant 2,Beauty,21.47,4,1,1,2024-12-23
U0370,P0070,Cutlery Set,Home & Kitchen,58.7,3,2,1,2024-08-08
U0370,P0103,Dumbbell Set - Variant 2,Sports,24.27,2,1,1,2024-08-25
U0370,P0011,USB-C Hub,Electronics,143.0,2,3,0,2024-10-06
U0370,P0005,Bluetooth Speaker - Variant 3,Electronics,53.78,1,1,0,2024-11-15
U0370,P0057,Coffee Maker - Variant 3,Home & Kitchen,95.59,3,3,1,2024-11-20
U0370,P0084,Lipstick - Variant 3,Beauty,13.19,1,1,1,2024-10-18
U0370,P0022,Webcam,Electronics,106.5,3,2,0,2024-05-08
U0370,P0092,Nail Polish Kit,Beauty,23.01,5,3,1,2024-10-09
U0370,P0094,Beard Trimmer,Beauty,35.73,4,3,1,2024-06-12
U0370,P0085,Perfume,Beauty,30.06,5,2,1,2024-12-03
U0370,P0085,Perfume,Beauty,30.06,5,1,0,2024-07-31
U0370,P0067,Table Lamp - Variant 2,Home & Kitchen,105.23,4,1,1,2024-05-04
U0370,P0079,Sunscreen SPF50 - Variant 2,Beauty,41.3,3,3,1,2024-06-06
U0370,P0082,Lipstick,Beauty,12.97,3,3,1,2024-08-09
U0370,P0081,Shampoo - Variant 2,Beauty,39.01,3,1,0,2024-03-17
U0370,P0067,Table Lamp - Variant 2,Home & Kitchen,105.23,5,2,0,2024-08-06
U0370,P0081,Shampoo - Variant 2,Beauty,39.01,3,2,1,2024-09-11
U0370,P0062,Vacuum Cleaner,Home & Kitchen,44.0,3,1,1,2024-04-28
U0370,P0055,Coffee Maker,Home & Kitchen,73.4,5,2,1,2024-05-26
U0370,P0067,Table Lamp - Variant 2,Home & Kitchen,105.23,4,3,1,2024-03-05
U0370,P0139,Business Strategy Book - Variant 2,Books,18.14,2,2,0,2024-09-02
U0370,P0076,Face Moisturizer,Beauty,48.93,3,3,1,2024-12-18
U0370,P0072,Cutlery Set - Variant 3,Home & Kitchen,83.94,4,1,1,2024-10-26
U0370,P0081,Shampoo - Variant 2,Beauty,39.01,4,3,1,2024-05-23
U0371,P0135,Sci-Fi Novel,Books,37.03,3,3,0,2024-04-13
U0371,P0132,Cookbook - Variant 3,Books,19.54,5,2,1,2024-02-11
U0371,P0145,Poetry Collection - Variant 3,Books,15.46,3,3,0,2024-04-01
U0371,P0124,Mystery Novel,Books,9.94,3,2,0,2024-04-20
U0371,P0136,Sci-Fi Novel - Variant 2,Books,20.37,5,3,1,2024-05-07
U0371,P0007,Smartwatch - Variant 2,Electronics,74.04,1,3,1,2024-09-02
U0371,P0052,Winter Coat - Variant 3,Fashion,39.04,4,1,0,2024-05-24
U0371,P0044,Formal Shirt,Fashion,83.48,4,2,0,2024-01-04
U0371,P0150,Programming Guide - Variant 2,Books,12.92,4,1,0,2024-03-30
U0371,P0141,Children's Storybook,Books,33.46,3,1,1,2024-06-10
U0371,P0129,Self-Help Book - Variant 3,Books,37.09,2,1,1,2024-10-24
U0371,P0148,History Book - Variant 3,Books,20.33,3,2,1,2024-02-22
U0371,P0131,Cookbook - Variant 2,Books,11.3,3,2,1,2024-10-19
U0371,P0136,Sci-Fi Novel - Variant 2,Books,20.37,4,2,0,2024-06-26
U0371,P0132,Cookbook - Variant 3,Books,19.54,3,2,1,2024-04-28
U0371,P0141,Children's Storybook,Books,33.46,2,2,0,2024-05-30
U0371,P0142,Children's Storybook - Variant 2,Books,18.29,3,1,1,2024-01-28
U0371,P0135,Sci-Fi Novel,Books,37.03,3,3,1,2024-07-17
U0371,P0132,Cookbook - Variant 3,Books,19.54,5,2,1,2024-12-26
U0371,P0133,Biography,Books,29.75,4,1,1,2024-10-15
U0371,P0139,Business Strategy Book - Variant 2,Books,18.14,3,3,1,2024-06-30
U0371,P0045,Formal Shirt - Variant 2,Fashion,80.51,4,1,1,2024-07-16
U0371,P0132,Cookbook - Variant 3,Books,19.54,3,1,1,2024-01-27
U0371,P0019,Mechanical Keyboard,Electronics,69.3,2,2,1,2024-11-02
U0372,P0109,Water Bottle - Variant 2,Sports,45.64,3,2,0,2024-05-14
U0372,P0019,Mechanical Keyboard,Electronics,69.3,4,3,0,2024-12-07
U0372,P0003,Bluetooth Speaker,Electronics,104.25,5,2,1,2024-12-17
U0372,P0117,Fitness Tracker,Sports,72.86,2,1,1,2024-06-05
U0372,P0019,Mechanical Keyboard,Electronics,69.3,3,3,0,2024-01-14
U0372,P0103,Dumbbell Set - Variant 2,Sports,24.27,4,1,1,2024-03-25
U0372,P0067,Table Lamp - Variant 2,Home & Kitchen,105.23,3,3,1,2024-02-19
U0372,P0018,Gaming Mouse - Variant 3,Electronics,81.58,3,2,0,2024-12-06
U0372,P0118,Fitness Tracker - Variant 2,Sports,32.35,4,2,1,2024-04-03
U0372,P0036,Sunglasses,Fashion,32.53,3,1,0,2024-02-20
U0372,P0023,Webcam - Variant 2,Electronics,79.6,4,1,0,2024-08-11
U0372,P0001,Wireless Earbuds,Electronics,126.81,3,1,1,2024-06-13
U0373,P0035,Leather Wallet - Variant 3,Fashion,53.93,5,3,0,2024-02-26
U0373,P0035,Leather Wallet - Variant 3,Fashion,53.93,3,2,0,2024-01-23
U0373,P0135,Sci-Fi Novel,Books,37.03,1,2,1,2024-02-02
U0373,P0041,Backpack,Fashion,58.75,5,3,1,2024-12-29
U0373,P0032,Cotton T-Shirt - Variant 2,Fashion,36.35,4,1,1,2024-07-25
U0373,P0140,Business Strategy Book - Variant 3,Books,14.32,2,2,0,2024-11-02
U0373,P0036,Sunglasses,Fashion,32.53,4,2,1,2024-05-26
U0373,P0036,Sunglasses,Fashion,32.53,3,2,1,2024-02-28
U0373,P0078,Sunscreen SPF50,Beauty,33.33,3,1,0,2024-07-06
U0373,P0052,Winter Coat - Variant 3,Fashion,39.04,4,3,1,2024-12-05
U0373,P0143,Poetry Collection,Books,9.47,2,2,0,2024-05-28
U0373,P0047,Sneakers,Fashion,42.71,4,1,1,2024-04-28
U0373,P0027,Running Shoes,Fashion,50.96,5,3,1,2024-04-28
U0373,P0030,Denim Jacket - Variant 2,Fashion,74.76,5,3,0,2024-08-07
U0373,P0050,Winter Coat,Fashion,42.63,3,3,1,2024-08-07
U0374,P0003,Bluetooth Speaker,Electronics,104.25,2,3,0,2024-03-19
U0374,P0145,Poetry Collection - Variant 3,Books,15.46,5,1,1,2024-03-23
U0374,P0147,History Book - Variant 2,Books,35.8,3,1,1,2024-08-04
U0374,P0145,Poetry Collection - Variant 3,Books,15.46,5,1,1,2024-04-13
U0374,P0048,Sneakers - Variant 2,Fashion,58.93,3,3,0,2024-01-21
U0374,P0128,Self-Help Book - Variant 2,Books,22.95,5,1,1,2024-05-01
U0374,P0124,Mystery Novel,Books,9.94,4,3,1,2024-03-11
U0374,P0046,Formal Shirt - Variant 3,Fashion,60.76,4,2,0,2024-10-24
U0374,P0134,Biography - Variant 2,Books,19.48,3,3,1,2024-12-20
U0374,P0053,Air Fryer,Home & Kitchen,77.17,4,2,0,2024-08-02
U0374,P0032,Cotton T-Shirt - Variant 2,Fashion,36.35,5,1,1,2024-03-31
U0374,P0045,Formal Shirt - Variant 2,Fashion,80.51,3,2,1,2024-07-22
U0374,P0119,Fitness Tracker - Variant 3,Sports,46.34,1,1,0,2024-01-20
U0374,P0124,Mystery Novel,Books,9.94,4,1,0,2024-09-22
U0374,P0138,Business Strategy Book,Books,32.81,4,3,1,2024-06-25
U0374,P0140,Business Strategy Book - Variant 3,Books,14.32,3,3,0,2024-03-02
U0374,P0036,Sunglasses,Fashion,32.53,4,3,0,2024-05-09
U0374,P0002,Wireless Earbuds - Variant 2,Electronics,56.91,3,3,1,2024-03-13
U0374,P0098,Body Lotion - Variant 2,Beauty,19.09,4,2,0,2024-07-21
U0374,P0046,Formal Shirt - Variant 3,Fashion,60.76,4,2,1,2024-07-30
U0374,P0017,Gaming Mouse - Variant 2,Electronics,95.82,3,2,0,2024-02-26
U0374,P0029,Denim Jacket,Fashion,85.21,3,3,1,2024-12-25
U0374,P0050,Winter Coat,Fashion,42.63,4,2,0,2024-03-04
U0374,P0029,Denim Jacket,Fashion,85.21,3,1,1,2024-04-06
U0374,P0145,Poetry Collection - Variant 3,Books,15.46,2,3,0,2024-02-03
U0374,P0126,Mystery Novel - Variant 3,Books,27.08,3,1,0,2024-07-05
U0374,P0095,Beard Trimmer - Variant 2,Beauty,23.23,3,1,1,2024-10-10
U0374,P0045,Formal Shirt - Variant 2,Fashion,80.51,3,1,0,2024-12-18
U0374,P0091,Face Mask Set - Variant 2,Beauty,47.83,2,2,1,2024-10-22
U0374,P0037,Sunglasses - Variant 2,Fashion,47.01,4,1,1,2024-07-24
U0375,P0095,Beard Trimmer - Variant 2,Beauty,23.23,4,3,1,2024-09-07
U0375,P0026,Tablet - Variant 3,Electronics,105.26,3,1,1,2024-02-23
U0375,P0014,Power Bank,Electronics,70.68,3,1,1,2024-06-06
U0375,P0042,Backpack - Variant 2,Fashion,23.08,3,3,0,2024-05-19
U0375,P0132,Cookbook - Variant 3,Books,19.54,3,1,0,2024-01-09
U0375,P0014,Power Bank,Electronics,70.68,3,2,0,2024-03-25
U0375,P0025,Tablet - Variant 2,Electronics,41.3,2,1,1,2024-09-18
U0375,P0015,Power Bank - Variant 2,Electronics,95.82,2,3,1,2024-07-08
U0375,P0016,Gaming Mouse,Electronics,38.63,2,3,1,2024-02-22
U0375,P0089,Hair Dryer - Variant 3,Beauty,27.59,3,1,1,2024-05-07
U0375,P0103,Dumbbell Set - Variant 2,Sports,24.27,3,1,0,2024-07-02
U0375,P0016,Gaming Mouse,Electronics,38.63,3,3,1,2024-09-27
U0375,P0017,Gaming Mouse - Variant 2,Electronics,95.82,4,1,1,2024-07-19
U0375,P0024,Tablet,Electronics,103.54,3,3,1,2024-11-05
U0375,P0088,Hair Dryer - Variant 2,Beauty,21.47,5,3,1,2024-04-18
U0375,P0022,Webcam,Electronics,106.5,3,3,1,2024-02-13
U0375,P0006,Smartwatch,Electronics,88.35,3,1,1,2024-03-10
U0375,P0128,Self-Help Book - Variant 2,Books,22.95,2,3,0,2024-05-03
U0375,P0081,Shampoo - Variant 2,Beauty,39.01,4,1,0,2024-05-27
U0375,P0134,Biography - Variant 2,Books,19.48,2,3,0,2024-12-20
U0375,P0018,Gaming Mouse - Variant 3,Electronics,81.58,4,3,0,2024-05-23
U0375,P0075,Wall Clock - Variant 3,Home & Kitchen,67.37,2,1,1,2024-12-23
U0375,P0088,Hair Dryer - Variant 2,Beauty,21.47,4,3,1,2024-03-30
U0375,P0017,Gaming Mouse - Variant 2,Electronics,95.82,4,1,1,2024-12-12
U0375,P0129,Self-Help Book - Variant 3,Books,37.09,3,1,0,2024-12-29
U0375,P0007,Smartwatch - Variant 2,Electronics,74.04,5,1,1,2024-04-29
U0375,P0145,Poetry Collection - Variant 3,Books,15.46,1,2,1,2024-12-03
U0375,P0086,Perfume - Variant 2,Beauty,33.4,4,3,1,2024-09-09
U0375,P0082,Lipstick,Beauty,12.97,4,3,1,2024-08-09
U0375,P0093,Nail Polish Kit - Variant 2,Beauty,18.13,3,1,1,2024-12-25
U0375,P0022,Webcam,Electronics,106.5,4,2,1,2024-12-16
U0375,P0013,USB-C Hub - Variant 3,Electronics,149.11,4,2,1,2024-02-19
U0375,P0042,Backpack - Variant 2,Fashion,23.08,2,2,1,2024-01-03
U0375,P0076,Face Moisturizer,Beauty,48.93,4,2,1,2024-01-05
U0375,P0090,Face Mask Set,Beauty,19.72,4,3,0,2024-08-23
U0375,P0061,Blender - Variant 2,Home & Kitchen,27.47,3,1,0,2024-12-30
U0375,P0010,Laptop Stand - Variant 3,Electronics,146.57,3,2,1,2024-08-06
U0376,P0041,Backpack,Fashion,58.75,4,2,0,2024-02-15
U0376,P0053,Air Fryer,Home & Kitchen,77.17,5,3,1,2024-12-22
U0376,P0053,Air Fryer,Home & Kitchen,77.17,4,2,0,2024-04-26
U0376,P0013,USB-C Hub - Variant 3,Electronics,149.11,2,1,0,2024-07-29
U0376,P0058,Non-stick Pan,Home & Kitchen,28.34,4,2,1,2024-10-13
U0376,P0053,Air Fryer,Home & Kitchen,77.17,3,2,1,2024-10-12
U0376,P0069,Storage Boxes - Variant 2,Home & Kitchen,55.29,4,1,0,2024-10-28
U0376,P0063,Vacuum Cleaner - Variant 2,Home & Kitchen,87.82,3,3,1,2024-04-09
U0376,P0065,Bed Sheets Set - Variant 2,Home & Kitchen,33.33,3,2,1,2024-02-05
U0376,P0140,Business Strategy Book - Variant 3,Books,14.32,2,2,0,2024-08-01
U0376,P0048,Sneakers - Variant 2,Fashion,58.93,2,2,1,2024-12-08
U0376,P0061,Blender - Variant 2,Home & Kitchen,27.47,4,3,1,2024-06-21
U0376,P0027,Running Shoes,Fashion,50.96,3,3,1,2024-11-10
U0376,P0050,Winter Coat,Fashion,42.63,3,1,1,2024-12-16
U0376,P0049,Sneakers - Variant 3,Fashion,55.64,3,1,1,2024-05-03
U0376,P0083,Lipstick - Variant 2,Beauty,16.1,1,2,0,2024-12-24
U0376,P0059,Non-stick Pan - Variant 2,Home & Kitchen,63.2,3,3,1,2024-02-04
U0376,P0046,Formal Shirt - Variant 3,Fashion,60.76,4,3,1,2024-11-23
U0376,P0106,Cycling Helmet,Sports,67.06,2,2,0,2024-01-22
U0376,P0059,Non-stick Pan - Variant 2,Home & Kitchen,63.2,5,3,1,2024-12-29
U0377,P0028,Running Shoes - Variant 2,Fashion,21.88,2,2,1,2024-11-09
U0377,P0041,Backpack,Fashion,58.75,4,2,1,2024-03-27
U0377,P0034,Leather Wallet - Variant 2,Fashion,29.12,3,3,1,2024-04-05
U0377,P0051,Winter Coat - Variant 2,Fashion,46.85,4,1,1,2024-11-21
U0377,P0143,Poetry Collection,Books,9.47,1,1,0,2024-01-18
U0377,P0030,Denim Jacket - Variant 2,Fashion,74.76,3,1,1,2024-08-19
U0377,P0014,Power Bank,Electronics,70.68,4,1,1,2024-11-21
U0377,P0142,Children's Storybook - Variant 2,Books,18.29,3,2,1,2024-03-31
U0377,P0064,Bed Sheets Set,Home & Kitchen,92.94,2,1,0,2024-08-03
U0377,P0013,USB-C Hub - Variant 3,Electronics,149.11,3,3,1,2024-02-26
U0377,P0018,Gaming Mouse - Variant 3,Electronics,81.58,4,3,1,2024-06-18
U0377,P0033,Leather Wallet,Fashion,50.27,4,3,0,2024-05-15
U0377,P0009,Laptop Stand - Variant 2,Electronics,38.35,3,2,1,2024-03-23
U0377,P0016,Gaming Mouse,Electronics,38.63,3,1,0,2024-12-14
U0377,P0039,Wrist Watch - Variant 2,Fashion,41.73,3,1,0,2024-05-04
U0377,P0039,Wrist Watch - Variant 2,Fashion,41.73,4,2,1,2024-12-04
U0377,P0128,Self-Help Book - Variant 2,Books,22.95,1,2,1,2024-08-12
U0377,P0030,Denim Jacket - Variant 2,Fashion,74.76,5,3,0,2024-03-23
U0377,P0039,Wrist Watch - Variant 2,Fashion,41.73,3,2,1,2024-06-04
U0377,P0012,USB-C Hub - Variant 2,Electronics,36.09,5,2,1,2024-06-27
U0377,P0103,Dumbbell Set - Variant 2,Sports,24.27,4,3,0,2024-04-10
U0377,P0030,Denim Jacket - Variant 2,Fashion,74.76,3,1,1,2024-12-14
U0377,P0083,Lipstick - Variant 2,Beauty,16.1,1,2,0,2024-07-15
U0377,P0025,Tablet - Variant 2,Electronics,41.3,3,1,1,2024-04-20
U0377,P0008,Laptop Stand,Electronics,116.72,3,2,1,2024-08-29
U0377,P0001,Wireless Earbuds,Electronics,126.81,3,1,1,2024-06-02
U0377,P0011,USB-C Hub,Electronics,143.0,4,2,1,2024-08-08
U0378,P0136,Sci-Fi Novel - Variant 2,Books,20.37,2,2,1,2024-09-05
U0378,P0071,Cutlery Set - Variant 2,Home & Kitchen,84.19,5,3,1,2024-12-14
U0378,P0025,Tablet - Variant 2,Electronics,41.3,4,2,1,2024-08-26
U0378,P0013,USB-C Hub - Variant 3,Electronics,149.11,3,2,0,2024-02-16
U0378,P0059,Non-stick Pan - Variant 2,Home & Kitchen,63.2,3,1,1,2024-07-02
U0378,P0018,Gaming Mouse - Variant 3,Electronics,81.58,2,3,1,2024-11-17
U0378,P0012,USB-C Hub - Variant 2,Electronics,36.09,4,2,1,2024-10-29
U0378,P0026,Tablet - Variant 3,Electronics,105.26,5,3,0,2024-07-17
U0378,P0085,Perfume,Beauty,30.06,2,2,1,2024-10-04
U0379,P0096,Beard Trimmer - Variant 3,Beauty,16.01,3,3,0,2024-11-04
U0379,P0070,Cutlery Set,Home & Kitchen,58.7,3,2,1,2024-07-09
U0379,P0061,Blender - Variant 2,Home & Kitchen,27.47,5,3,1,2024-12-17
U0379,P0062,Vacuum Cleaner,Home & Kitchen,44.0,2,2,0,2024-09-22
U0379,P0064,Bed Sheets Set,Home & Kitchen,92.94,3,1,0,2024-03-23
U0379,P0063,Vacuum Cleaner - Variant 2,Home & Kitchen,87.82,4,1,1,2024-03-19
U0379,P0120,Skipping Rope,Sports,26.44,3,1,1,2024-09-27
U0379,P0040,Wrist Watch - Variant 3,Fashion,55.58,2,1,0,2024-12-04
U0379,P0103,Dumbbell Set - Variant 2,Sports,24.27,3,1,0,2024-02-05
U0379,P0062,Vacuum Cleaner,Home & Kitchen,44.0,4,1,1,2024-11-06
U0379,P0069,Storage Boxes - Variant 2,Home & Kitchen,55.29,4,1,1,2024-07-03
U0379,P0109,Water Bottle - Variant 2,Sports,45.64,3,1,0,2024-04-02
U0379,P0080,Shampoo,Beauty,13.54,3,3,1,2024-04-19
U0379,P0068,Storage Boxes,Home & Kitchen,80.29,5,1,1,2024-04-27
U0379,P0060,Blender,Home & Kitchen,43.99,4,2,1,2024-01-29
U0379,P0065,Bed Sheets Set - Variant 2,Home & Kitchen,33.33,4,1,1,2024-11-15
U0379,P0054,Air Fryer - Variant 2,Home & Kitchen,109.53,5,1,0,2024-02-03
U0380,P0120,Skipping Rope,Sports,26.44,3,3,1,2024-10-06
U0380,P0107,Cycling Helmet - Variant 2,Sports,18.4,3,2,0,2024-04-30
U0380,P0106,Cycling Helmet,Sports,67.06,2,1,0,2024-01-08
U0380,P0122,Gym Bag,Sports,52.75,5,1,0,2024-06-03
U0380,P0104,Resistance Bands,Sports,54.92,2,1,1,2024-06-14
U0380,P0114,Tennis Racket,Sports,49.81,5,3,0,2024-01-07
U0380,P0119,Fitness Tracker - Variant 3,Sports,46.34,3,3,0,2024-06-29
U0380,P0102,Dumbbell Set,Sports,36.13,1,1,1,2024-04-13
U0380,P0102,Dumbbell Set,Sports,36.13,3,3,1,2024-09-18
U0380,P0039,Wrist Watch - Variant 2,Fashion,41.73,2,3,1,2024-11-01
U0380,P0111,Football,Sports,37.24,5,1,0,2024-04-05
U0380,P0107,Cycling Helmet - Variant 2,Sports,18.4,2,1,1,2024-05-10
U0380,P0115,Tennis Racket - Variant 2,Sports,41.02,3,1,1,2024-05-19
U0380,P0111,Football,Sports,37.24,4,2,1,2024-08-11
U0380,P0109,Water Bottle - Variant 2,Sports,45.64,5,1,1,2024-06-17
U0380,P0118,Fitness Tracker - Variant 2,Sports,32.35,4,3,1,2024-09-17
U0380,P0111,Football,Sports,37.24,5,1,0,2024-10-17
U0380,P0131,Cookbook - Variant 2,Books,11.3,2,3,1,2024-11-06
U0380,P0008,Laptop Stand,Electronics,116.72,3,2,1,2024-04-07
U0380,P0109,Water Bottle - Variant 2,Sports,45.64,3,3,0,2024-06-08
U0380,P0122,Gym Bag,Sports,52.75,4,1,1,2024-09-25
U0380,P0108,Water Bottle,Sports,48.44,3,3,1,2024-02-11
U0380,P0017,Gaming Mouse - Variant 2,Electronics,95.82,3,3,0,2024-05-21
U0380,P0123,Gym Bag - Variant 2,Sports,46.65,5,1,0,2024-01-20
U0380,P0033,Leather Wallet,Fashion,50.27,2,1,1,2024-02-08
U0380,P0115,Tennis Racket - Variant 2,Sports,41.02,5,3,1,2024-09-25
U0380,P0113,Football - Variant 3,Sports,36.42,3,1,0,2024-01-13
U0380,P0041,Backpack,Fashion,58.75,3,2,0,2024-04-18
U0380,P0111,Football,Sports,37.24,4,2,1,2024-06-04
U0381,P0106,Cycling Helmet,Sports,67.06,2,1,0,2024-02-06
U0381,P0091,Face Mask Set - Variant 2,Beauty,47.83,5,3,0,2024-09-27
U0381,P0145,Poetry Collection - Variant 3,Books,15.46,1,1,1,2024-11-15
U0381,P0076,Face Moisturizer,Beauty,48.93,3,3,1,2024-12-08
U0381,P0079,Sunscreen SPF50 - Variant 2,Beauty,41.3,5,1,1,2024-12-23
U0381,P0098,Body Lotion - Variant 2,Beauty,19.09,3,2,1,2024-04-09
U0381,P0087,Hair Dryer,Beauty,46.49,3,2,1,2024-06-18
U0381,P0094,Beard Trimmer,Beauty,35.73,5,2,1,2024-06-23
U0381,P0057,Coffee Maker - Variant 3,Home & Kitchen,95.59,4,1,1,2024-11-25
U0381,P0090,Face Mask Set,Beauty,19.72,4,3,1,2024-06-26
U0381,P0093,Nail Polish Kit - Variant 2,Beauty,18.13,4,1,1,2024-11-23
U0381,P0085,Perfume,Beauty,30.06,4,3,1,2024-10-29
U0381,P0080,Shampoo,Beauty,13.54,5,3,0,2024-04-30
U0381,P0090,Face Mask Set,Beauty,19.72,4,2,0,2024-08-24
U0381,P0083,Lipstick - Variant 2,Beauty,16.1,3,1,1,2024-04-12
U0381,P0094,Beard Trimmer,Beauty,35.73,3,3,0,2024-01-20
U0381,P0031,Cotton T-Shirt,Fashion,22.06,1,3,0,2024-07-02
U0381,P0118,Fitness Tracker - Variant 2,Sports,32.35,2,1,0,2024-02-28
U0382,P0121,Skipping Rope - Variant 2,Sports,74.87,4,1,0,2024-04-01
U0382,P0119,Fitness Tracker - Variant 3,Sports,46.34,3,2,1,2024-03-14
U0382,P0015,Power Bank - Variant 2,Electronics,95.82,5,3,1,2024-09-22
U0382,P0098,Body Lotion - Variant 2,Beauty,19.09,3,2,0,2024-05-29
U0382,P0006,Smartwatch,Electronics,88.35,3,3,1,2024-06-18
U0382,P0006,Smartwatch,Electronics,88.35,2,1,0,2024-06-15
U0382,P0017,Gaming Mouse - Variant 2,Electronics,95.82,3,2,0,2024-04-17
U0382,P0123,Gym Bag - Variant 2,Sports,46.65,3,1,1,2024-09-20
U0382,P0017,Gaming Mouse - Variant 2,Electronics,95.82,1,1,1,2024-07-13
U0382,P0091,Face Mask Set - Variant 2,Beauty,47.83,3,1,0,2024-03-26
U0382,P0114,Tennis Racket,Sports,49.81,3,2,1,2024-05-12
U0382,P0005,Bluetooth Speaker - Variant 3,Electronics,53.78,4,2,1,2024-11-02
U0382,P0101,Yoga Mat - Variant 2,Sports,24.96,3,3,1,2024-09-19
U0382,P0105,Resistance Bands - Variant 2,Sports,18.03,4,3,1,2024-09-11
U0382,P0138,Business Strategy Book,Books,32.81,3,1,1,2024-04-16
U0382,P0064,Bed Sheets Set,Home & Kitchen,92.94,1,2,0,2024-04-06
U0382,P0025,Tablet - Variant 2,Electronics,41.3,4,3,1,2024-04-21
U0382,P0122,Gym Bag,Sports,52.75,1,3,1,2024-06-26
U0382,P0120,Skipping Rope,Sports,26.44,3,3,1,2024-07-30
U0382,P0139,Business Strategy Book - Variant 2,Books,18.14,3,2,0,2024-01-22
U0382,P0024,Tablet,Electronics,103.54,4,1,0,2024-08-08
U0382,P0023,Webcam - Variant 2,Electronics,79.6,1,1,1,2024-10-18
U0382,P0138,Business Strategy Book,Books,32.81,3,1,0,2024-09-11
U0382,P0025,Tablet - Variant 2,Electronics,41.3,4,1,0,2024-01-30
U0382,P0010,Laptop Stand - Variant 3,Electronics,146.57,5,3,0,2024-03-20
U0382,P0022,Webcam,Electronics,106.5,5,3,1,2024-03-06
U0382,P0101,Yoga Mat - Variant 2,Sports,24.96,2,3,1,2024-06-16
U0382,P0065,Bed Sheets Set - Variant 2,Home & Kitchen,33.33,3,3,1,2024-01-31
U0382,P0021,Mechanical Keyboard - Variant 3,Electronics,87.99,3,2,1,2024-09-05
U0382,P0004,Bluetooth Speaker - Variant 2,Electronics,53.79,5,2,1,2024-03-22
U0382,P0106,Cycling Helmet,Sports,67.06,5,3,0,2024-09-21
U0382,P0001,Wireless Earbuds,Electronics,126.81,4,3,1,2024-11-10
U0382,P0120,Skipping Rope,Sports,26.44,3,1,1,2024-10-12
U0382,P0006,Smartwatch,Electronics,88.35,4,2,1,2024-09-25
U0382,P0150,Programming Guide - Variant 2,Books,12.92,2,3,0,2024-12-27
U0383,P0147,History Book - Variant 2,Books,35.8,3,1,1,2024-12-15
U0383,P0136,Sci-Fi Novel - Variant 2,Books,20.37,4,3,1,2024-12-11
U0383,P0133,Biography,Books,29.75,4,1,1,2024-04-11
U0383,P0136,Sci-Fi Novel - Variant 2,Books,20.37,4,3,1,2024-05-07
U0383,P0144,Poetry Collection - Variant 2,Books,23.59,3,1,1,2024-12-29
U0383,P0138,Business Strategy Book,Books,32.81,4,2,1,2024-11-23
U0383,P0138,Business Strategy Book,Books,32.81,3,3,1,2024-01-20
U0383,P0132,Cookbook - Variant 3,Books,19.54,3,1,1,2024-09-07
U0383,P0123,Gym Bag - Variant 2,Sports,46.65,2,3,0,2024-11-20
U0383,P0137,Sci-Fi Novel - Variant 3,Books,32.27,4,1,1,2024-06-08
U0383,P0134,Biography - Variant 2,Books,19.48,3,1,1,2024-04-20
U0383,P0129,Self-Help Book - Variant 3,Books,37.09,4,3,1,2024-03-02
U0383,P0143,Poetry Collection,Books,9.47,4,1,1,2024-12-28
U0383,P0135,Sci-Fi Novel,Books,37.03,4,3,1,2024-09-20
U0383,P0093,Nail Polish Kit - Variant 2,Beauty,18.13,2,1,1,2024-09-22
U0383,P0148,History Book - Variant 3,Books,20.33,4,1,0,2024-05-09
U0383,P0131,Cookbook - Variant 2,Books,11.3,4,3,1,2024-07-31
U0383,P0142,Children's Storybook - Variant 2,Books,18.29,5,1,1,2024-04-08
U0383,P0146,History Book,Books,11.74,4,2,1,2024-09-18
U0383,P0138,Business Strategy Book,Books,32.81,5,1,1,2024-03-18
U0383,P0125,Mystery Novel - Variant 2,Books,18.83,4,3,1,2024-12-25
U0383,P0149,Programming Guide,Books,35.7,3,1,0,2024-12-13
U0383,P0050,Winter Coat,Fashion,42.63,4,3,0,2024-01-17
U0383,P0149,Programming Guide,Books,35.7,4,2,1,2024-12-01
U0383,P0127,Self-Help Book,Books,13.13,3,2,1,2024-05-12
U0384,P0139,Business Strategy Book - Variant 2,Books,18.14,3,1,0,2024-05-28
U0384,P0066,Table Lamp,Home & Kitchen,82.67,5,1,1,2024-11-28
U0384,P0071,Cutlery Set - Variant 2,Home & Kitchen,84.19,4,1,1,2024-06-20
U0384,P0010,Laptop Stand - Variant 3,Electronics,146.57,3,1,0,2024-10-30
U0384,P0074,Wall Clock - Variant 2,Home & Kitchen,102.86,4,1,1,2024-09-13
U0384,P0054,Air Fryer - Variant 2,Home & Kitchen,109.53,5,1,1,2024-06-17
U0384,P0075,Wall Clock - Variant 3,Home & Kitchen,67.37,4,1,0,2024-03-14
U0384,P0047,Sneakers,Fashion,42.71,4,1,0,2024-10-25
U0384,P0055,Coffee Maker,Home & Kitchen,73.4,3,2,1,2024-07-16
U0384,P0060,Blender,Home & Kitchen,43.99,4,2,1,2024-10-13
U0384,P0019,Mechanical Keyboard,Electronics,69.3,3,2,1,2024-07-12
U0384,P0059,Non-stick Pan - Variant 2,Home & Kitchen,63.2,4,1,1,2024-09-10
U0384,P0057,Coffee Maker - Variant 3,Home & Kitchen,95.59,2,1,0,2024-09-15
U0384,P0058,Non-stick Pan,Home & Kitchen,28.34,4,3,0,2024-11-28
U0384,P0061,Blender - Variant 2,Home & Kitchen,27.47,3,1,1,2024-11-18
U0384,P0057,Coffee Maker - Variant 3,Home & Kitchen,95.59,5,1,1,2024-05-09
U0384,P0068,Storage Boxes,Home & Kitchen,80.29,2,1,1,2024-10-10
U0384,P0075,Wall Clock - Variant 3,Home & Kitchen,67.37,4,1,1,2024-06-30
U0384,P0059,Non-stick Pan - Variant 2,Home & Kitchen,63.2,3,2,1,2024-10-18
U0384,P0136,Sci-Fi Novel - Variant 2,Books,20.37,1,3,0,2024-02-04
U0384,P0068,Storage Boxes,Home & Kitchen,80.29,4,3,1,2024-09-24
U0384,P0129,Self-Help Book - Variant 3,Books,37.09,1,1,0,2024-12-04
U0384,P0073,Wall Clock,Home & Kitchen,81.51,4,3,1,2024-02-13
U0384,P0066,Table Lamp,Home & Kitchen,82.67,4,2,1,2024-09-28
U0384,P0061,Blender - Variant 2,Home & Kitchen,27.47,3,2,0,2024-08-25
U0384,P0054,Air Fryer - Variant 2,Home & Kitchen,109.53,4,2,0,2024-07-29
U0384,P0063,Vacuum Cleaner - Variant 2,Home & Kitchen,87.82,2,1,0,2024-02-20
U0385,P0075,Wall Clock - Variant 3,Home & Kitchen,67.37,4,2,1,2024-11-20
U0385,P0072,Cutlery Set - Variant 3,Home & Kitchen,83.94,3,3,1,2024-08-23
U0385,P0071,Cutlery Set - Variant 2,Home & Kitchen,84.19,2,2,1,2024-08-08
U0385,P0062,Vacuum Cleaner,Home & Kitchen,44.0,4,3,1,2024-06-25
U0385,P0088,Hair Dryer - Variant 2,Beauty,21.47,3,2,0,2024-05-16
U0385,P0057,Coffee Maker - Variant 3,Home & Kitchen,95.59,5,3,1,2024-08-11
U0385,P0071,Cutlery Set - Variant 2,Home & Kitchen,84.19,4,3,1,2024-12-26
U0385,P0058,Non-stick Pan,Home & Kitchen,28.34,4,1,1,2024-11-22
U0385,P0090,Face Mask Set,Beauty,19.72,2,3,0,2024-07-12
U0385,P0033,Leather Wallet,Fashion,50.27,3,1,0,2024-07-29
U0385,P0120,Skipping Rope,Sports,26.44,5,3,1,2024-06-29
U0385,P0064,Bed Sheets Set,Home & Kitchen,92.94,3,3,1,2024-01-24
U0385,P0072,Cutlery Set - Variant 3,Home & Kitchen,83.94,2,2,0,2024-05-17
U0385,P0063,Vacuum Cleaner - Variant 2,Home & Kitchen,87.82,3,2,1,2024-12-18
U0385,P0064,Bed Sheets Set,Home & Kitchen,92.94,5,1,1,2024-03-01
U0385,P0061,Blender - Variant 2,Home & Kitchen,27.47,1,3,0,2024-06-19
U0385,P0057,Coffee Maker - Variant 3,Home & Kitchen,95.59,4,3,1,2024-01-21
U0385,P0075,Wall Clock - Variant 3,Home & Kitchen,67.37,4,2,1,2024-02-14
U0385,P0068,Storage Boxes,Home & Kitchen,80.29,3,3,0,2024-04-22
U0385,P0056,Coffee Maker - Variant 2,Home & Kitchen,39.05,4,2,1,2024-01-01
U0385,P0080,Shampoo,Beauty,13.54,1,1,1,2024-01-01
U0385,P0072,Cutlery Set - Variant 3,Home & Kitchen,83.94,4,1,1,2024-02-20
U0385,P0072,Cutlery Set - Variant 3,Home & Kitchen,83.94,3,1,1,2024-12-27
U0385,P0061,Blender - Variant 2,Home & Kitchen,27.47,3,3,1,2024-08-27
U0386,P0089,Hair Dryer - Variant 3,Beauty,27.59,5,3,1,2024-07-13
U0386,P0101,Yoga Mat - Variant 2,Sports,24.96,4,3,1,2024-06-26
U0386,P0091,Face Mask Set - Variant 2,Beauty,47.83,4,2,1,2024-05-27
U0386,P0093,Nail Polish Kit - Variant 2,Beauty,18.13,5,1,1,2024-09-16
U0386,P0102,Dumbbell Set,Sports,36.13,4,3,1,2024-12-10
U0386,P0117,Fitness Tracker,Sports,72.86,4,3,1,2024-07-02
U0386,P0094,Beard Trimmer,Beauty,35.73,3,2,1,2024-07-10
U0386,P0099,Body Lotion - Variant 3,Beauty,45.92,4,2,1,2024-02-02
U0386,P0099,Body Lotion - Variant 3,Beauty,45.92,5,2,1,2024-08-03
U0386,P0090,Face Mask Set,Beauty,19.72,5,3,0,2024-01-19
U0386,P0119,Fitness Tracker - Variant 3,Sports,46.34,1,1,0,2024-06-09
U0386,P0081,Shampoo - Variant 2,Beauty,39.01,5,3,1,2024-09-08
U0386,P0110,Water Bottle - Variant 3,Sports,57.47,4,1,1,2024-10-27
U0386,P0104,Resistance Bands,Sports,54.92,3,1,1,2024-06-18
U0386,P0039,Wrist Watch - Variant 2,Fashion,41.73,2,1,1,2024-12-12
U0386,P0051,Winter Coat - Variant 2,Fashion,46.85,2,1,1,2024-03-22
U0386,P0104,Resistance Bands,Sports,54.92,4,1,0,2024-08-10
U0386,P0122,Gym Bag,Sports,52.75,5,2,1,2024-02-19
U0386,P0043,Backpack - Variant 3,Fashion,77.01,3,2,0,2024-04-12
U0386,P0084,Lipstick - Variant 3,Beauty,13.19,4,2,1,2024-04-22
U0386,P0119,Fitness Tracker - Variant 3,Sports,46.34,4,3,0,2024-12-15
U0386,P0087,Hair Dryer,Beauty,46.49,5,2,1,2024-03-20
U0386,P0103,Dumbbell Set - Variant 2,Sports,24.27,4,2,1,2024-01-22
U0386,P0147,History Book - Variant 2,Books,35.8,2,3,1,2024-08-14
U0386,P0107,Cycling Helmet - Variant 2,Sports,18.4,4,1,0,2024-03-09
U0386,P0140,Business Strategy Book - Variant 3,Books,14.32,2,1,0,2024-08-14
U0386,P0123,Gym Bag - Variant 2,Sports,46.65,4,1,0,2024-03-06
U0387,P0037,Sunglasses - Variant 2,Fashion,47.01,5,3,1,2024-01-24
U0387,P0039,Wrist Watch - Variant 2,Fashion,41.73,3,3,1,2024-02-29
U0387,P0010,Laptop Stand - Variant 3,Electronics,146.57,3,3,1,2024-06-06
U0387,P0015,Power Bank - Variant 2,Electronics,95.82,3,3,1,2024-07-02
U0387,P0049,Sneakers - Variant 3,Fashion,55.64,5,2,1,2024-03-03
U0387,P0003,Bluetooth Speaker,Electronics,104.25,4,2,1,2024-11-04
U0387,P0007,Smartwatch - Variant 2,Electronics,74.04,5,2,1,2024-01-15
U0387,P0048,Sneakers - Variant 2,Fashion,58.93,3,2,1,2024-01-31
U0387,P0014,Power Bank,Electronics,70.68,2,1,1,2024-01-05
U0387,P0025,Tablet - Variant 2,Electronics,41.3,5,2,1,2024-09-09
U0387,P0035,Leather Wallet - Variant 3,Fashion,53.93,5,3,0,2024-03-17
U0387,P0052,Winter Coat - Variant 3,Fashion,39.04,3,3,1,2024-08-07
U0387,P0078,Sunscreen SPF50,Beauty,33.33,2,3,0,2024-03-22
U0387,P0011,USB-C Hub,Electronics,143.0,3,3,1,2024-01-09
U0387,P0018,Gaming Mouse - Variant 3,Electronics,81.58,3,2,1,2024-12-03
U0387,P0029,Denim Jacket,Fashion,85.21,3,2,0,2024-05-25
U0387,P0045,Formal Shirt - Variant 2,Fashion,80.51,3,2,1,2024-05-12
U0387,P0032,Cotton T-Shirt - Variant 2,Fashion,36.35,2,3,1,2024-11-04
U0387,P0042,Backpack - Variant 2,Fashion,23.08,5,1,1,2024-10-01
U0387,P0088,Hair Dryer - Variant 2,Beauty,21.47,3,3,1,2024-05-27
U0387,P0042,Backpack - Variant 2,Fashion,23.08,4,2,1,2024-08-30
U0387,P0031,Cotton T-Shirt,Fashion,22.06,2,1,1,2024-10-09
U0387,P0047,Sneakers,Fashion,42.71,5,3,1,2024-01-24
U0387,P0018,Gaming Mouse - Variant 3,Electronics,81.58,3,1,1,2024-09-25
U0387,P0040,Wrist Watch - Variant 3,Fashion,55.58,5,1,1,2024-05-07
U0387,P0015,Power Bank - Variant 2,Electronics,95.82,3,1,1,2024-03-25
U0387,P0038,Wrist Watch,Fashion,65.06,3,2,1,2024-09-30
U0387,P0043,Backpack - Variant 3,Fashion,77.01,5,3,1,2024-08-15
U0387,P0053,Air Fryer,Home & Kitchen,77.17,2,3,0,2024-04-20
U0387,P0026,Tablet - Variant 3,Electronics,105.26,3,1,1,2024-08-18
U0387,P0008,Laptop Stand,Electronics,116.72,3,3,0,2024-05-20
U0387,P0068,Storage Boxes,Home & Kitchen,80.29,3,1,0,2024-01-03
U0387,P0046,Formal Shirt - Variant 3,Fashion,60.76,5,3,1,2024-03-23
U0387,P0007,Smartwatch - Variant 2,Electronics,74.04,4,2,1,2024-04-18
U0387,P0061,Blender - Variant 2,Home & Kitchen,27.47,2,2,1,2024-02-05
U0388,P0043,Backpack - Variant 3,Fashion,77.01,1,3,0,2024-09-12
U0388,P0113,Football - Variant 3,Sports,36.42,4,2,1,2024-01-01
U0388,P0107,Cycling Helmet - Variant 2,Sports,18.4,4,2,1,2024-08-16
U0388,P0110,Water Bottle - Variant 3,Sports,57.47,3,1,1,2024-10-17
U0388,P0124,Mystery Novel,Books,9.94,2,3,0,2024-08-10
U0388,P0118,Fitness Tracker - Variant 2,Sports,32.35,5,3,1,2024-05-21
U0388,P0136,Sci-Fi Novel - Variant 2,Books,20.37,4,2,1,2024-08-31
U0388,P0048,Sneakers - Variant 2,Fashion,58.93,3,1,0,2024-02-26
U0388,P0110,Water Bottle - Variant 3,Sports,57.47,3,3,1,2024-03-12
U0388,P0009,Laptop Stand - Variant 2,Electronics,38.35,4,3,0,2024-07-29
U0388,P0037,Sunglasses - Variant 2,Fashion,47.01,4,1,0,2024-10-16
U0388,P0103,Dumbbell Set - Variant 2,Sports,24.27,5,2,1,2024-07-31
U0389,P0128,Self-Help Book - Variant 2,Books,22.95,4,2,1,2024-06-30
U0389,P0143,Poetry Collection,Books,9.47,4,3,0,2024-10-28
U0389,P0135,Sci-Fi Novel,Books,37.03,4,3,1,2024-02-12
U0389,P0124,Mystery Novel,Books,9.94,4,3,1,2024-05-06
U0389,P0131,Cookbook - Variant 2,Books,11.3,5,1,1,2024-10-17
U0389,P0129,Self-Help Book - Variant 3,Books,37.09,3,1,0,2024-08-07
U0389,P0078,Sunscreen SPF50,Beauty,33.33,4,2,0,2024-11-30
U0389,P0139,Business Strategy Book - Variant 2,Books,18.14,2,2,1,2024-04-24
U0389,P0133,Biography,Books,29.75,4,1,1,2024-05-23
U0389,P0146,History Book,Books,11.74,3,3,1,2024-08-24
U0389,P0132,Cookbook - Variant 3,Books,19.54,4,3,1,2024-02-09
U0389,P0016,Gaming Mouse,Electronics,38.63,2,2,1,2024-08-25
U0389,P0139,Business Strategy Book - Variant 2,Books,18.14,4,2,0,2024-10-31
U0389,P0127,Self-Help Book,Books,13.13,4,3,1,2024-12-12
U0389,P0148,History Book - Variant 3,Books,20.33,5,1,1,2024-02-15
U0389,P0127,Self-Help Book,Books,13.13,4,3,1,2024-01-17
U0389,P0150,Programming Guide - Variant 2,Books,12.92,3,3,0,2024-06-22
U0389,P0107,Cycling Helmet - Variant 2,Sports,18.4,1,1,1,2024-09-02
U0389,P0148,History Book - Variant 3,Books,20.33,5,3,0,2024-06-01
U0389,P0126,Mystery Novel - Variant 3,Books,27.08,4,1,1,2024-11-13
U0389,P0009,Laptop Stand - Variant 2,Electronics,38.35,2,1,0,2024-04-25
U0389,P0049,Sneakers - Variant 3,Fashion,55.64,1,1,0,2024-12-17
U0389,P0131,Cookbook - Variant 2,Books,11.3,3,3,0,2024-08-25
U0389,P0081,Shampoo - Variant 2,Beauty,39.01,1,1,1,2024-03-15
U0389,P0128,Self-Help Book - Variant 2,Books,22.95,4,1,1,2024-09-07
U0389,P0135,Sci-Fi Novel,Books,37.03,4,1,1,2024-09-06
U0389,P0146,History Book,Books,11.74,5,2,0,2024-10-20
U0389,P0021,Mechanical Keyboard - Variant 3,Electronics,87.99,2,2,0,2024-09-03
U0389,P0062,Vacuum Cleaner,Home & Kitchen,44.0,4,1,0,2024-07-10
U0389,P0136,Sci-Fi Novel - Variant 2,Books,20.37,3,3,1,2024-11-24
U0389,P0139,Business Strategy Book - Variant 2,Books,18.14,5,2,1,2024-09-27
U0389,P0124,Mystery Novel,Books,9.94,5,1,0,2024-01-22
U0389,P0139,Business Strategy Book - Variant 2,Books,18.14,5,3,1,2024-08-07
U0389,P0049,Sneakers - Variant 3,Fashion,55.64,4,2,0,2024-07-07
U0389,P0149,Programming Guide,Books,35.7,2,2,1,2024-08-11
U0389,P0140,Business Strategy Book - Variant 3,Books,14.32,2,2,1,2024-11-08
U0389,P0134,Biography - Variant 2,Books,19.48,3,3,0,2024-01-28
U0389,P0133,Biography,Books,29.75,4,3,1,2024-07-14
U0389,P0137,Sci-Fi Novel - Variant 3,Books,32.27,5,1,1,2024-07-03
U0390,P0128,Self-Help Book - Variant 2,Books,22.95,4,2,1,2024-02-09
U0390,P0086,Perfume - Variant 2,Beauty,33.4,3,1,1,2024-08-04
U0390,P0146,History Book,Books,11.74,4,1,1,2024-01-03
U0390,P0137,Sci-Fi Novel - Variant 3,Books,32.27,4,2,1,2024-03-05
U0390,P0089,Hair Dryer - Variant 3,Beauty,27.59,3,3,0,2024-10-11
U0390,P0059,Non-stick Pan - Variant 2,Home & Kitchen,63.2,2,3,0,2024-11-18
U0390,P0092,Nail Polish Kit,Beauty,23.01,2,2,1,2024-06-23
U0390,P0088,Hair Dryer - Variant 2,Beauty,21.47,5,2,0,2024-07-19
U0390,P0094,Beard Trimmer,Beauty,35.73,1,2,1,2024-08-26
U0390,P0129,Self-Help Book - Variant 3,Books,37.09,3,1,1,2024-01-16
U0390,P0034,Leather Wallet - Variant 2,Fashion,29.12,2,2,1,2024-06-23
U0390,P0073,Wall Clock,Home & Kitchen,81.51,2,3,0,2024-06-17
U0390,P0133,Biography,Books,29.75,3,1,1,2024-09-14
U0390,P0132,Cookbook - Variant 3,Books,19.54,3,3,1,2024-05-04
U0390,P0124,Mystery Novel,Books,9.94,4,3,1,2024-08-14
U0390,P0127,Self-Help Book,Books,13.13,5,2,1,2024-09-08
U0390,P0137,Sci-Fi Novel - Variant 3,Books,32.27,2,2,1,2024-10-17
U0390,P0128,Self-Help Book - Variant 2,Books,22.95,2,3,0,2024-05-27
U0390,P0089,Hair Dryer - Variant 3,Beauty,27.59,4,2,1,2024-01-12
U0390,P0098,Body Lotion - Variant 2,Beauty,19.09,4,1,1,2024-09-20
U0390,P0081,Shampoo - Variant 2,Beauty,39.01,3,2,0,2024-08-21
U0391,P0007,Smartwatch - Variant 2,Electronics,74.04,4,1,1,2024-02-23
U0391,P0045,Formal Shirt - Variant 2,Fashion,80.51,3,3,0,2024-02-19
U0391,P0108,Water Bottle,Sports,48.44,1,1,0,2024-09-05
U0391,P0063,Vacuum Cleaner - Variant 2,Home & Kitchen,87.82,2,2,0,2024-03-12
U0391,P0032,Cotton T-Shirt - Variant 2,Fashion,36.35,4,1,1,2024-03-18
U0391,P0124,Mystery Novel,Books,9.94,3,1,0,2024-08-06
U0391,P0026,Tablet - Variant 3,Electronics,105.26,2,3,1,2024-03-05
U0391,P0048,Sneakers - Variant 2,Fashion,58.93,3,1,1,2024-04-21
U0391,P0040,Wrist Watch - Variant 3,Fashion,55.58,5,1,1,2024-03-22
U0391,P0048,Sneakers - Variant 2,Fashion,58.93,2,1,1,2024-07-30
U0391,P0130,Cookbook,Books,25.89,1,2,1,2024-04-09
U0391,P0010,Laptop Stand - Variant 3,Electronics,146.57,4,2,1,2024-02-10
U0391,P0041,Backpack,Fashion,58.75,5,1,1,2024-09-06
U0391,P0140,Business Strategy Book - Variant 3,Books,14.32,3,2,1,2024-07-26
U0391,P0097,Body Lotion,Beauty,42.54,1,1,0,2024-01-02
U0391,P0025,Tablet - Variant 2,Electronics,41.3,5,2,1,2024-10-21
U0391,P0017,Gaming Mouse - Variant 2,Electronics,95.82,4,3,0,2024-04-14
U0391,P0007,Smartwatch - Variant 2,Electronics,74.04,5,3,1,2024-07-12
U0391,P0011,USB-C Hub,Electronics,143.0,5,2,1,2024-06-27
U0391,P0045,Formal Shirt - Variant 2,Fashion,80.51,3,1,1,2024-08-23
U0391,P0034,Leather Wallet - Variant 2,Fashion,29.12,3,2,0,2024-08-23
U0391,P0104,Resistance Bands,Sports,54.92,3,2,0,2024-09-14
U0391,P0035,Leather Wallet - Variant 3,Fashion,53.93,5,3,1,2024-12-15
U0391,P0003,Bluetooth Speaker,Electronics,104.25,2,3,1,2024-06-27
U0391,P0028,Running Shoes - Variant 2,Fashion,21.88,4,2,1,2024-06-24
U0391,P0028,Running Shoes - Variant 2,Fashion,21.88,5,1,1,2024-04-14
U0391,P0049,Sneakers - Variant 3,Fashion,55.64,2,3,1,2024-08-11
U0391,P0037,Sunglasses - Variant 2,Fashion,47.01,3,3,1,2024-04-25
U0391,P0038,Wrist Watch,Fashion,65.06,3,3,1,2024-05-19
U0391,P0049,Sneakers - Variant 3,Fashion,55.64,3,2,1,2024-09-14
U0392,P0090,Face Mask Set,Beauty,19.72,2,3,1,2024-07-17
U0392,P0076,Face Moisturizer,Beauty,48.93,3,3,0,2024-07-13
U0392,P0093,Nail Polish Kit - Variant 2,Beauty,18.13,4,1,0,2024-12-03
U0392,P0080,Shampoo,Beauty,13.54,5,2,1,2024-01-15
U0392,P0091,Face Mask Set - Variant 2,Beauty,47.83,4,2,1,2024-09-11
U0392,P0087,Hair Dryer,Beauty,46.49,4,2,1,2024-11-18
U0392,P0085,Perfume,Beauty,30.06,3,2,1,2024-08-14
U0392,P0094,Beard Trimmer,Beauty,35.73,5,1,0,2024-05-15
U0392,P0077,Face Moisturizer - Variant 2,Beauty,44.26,3,3,1,2024-11-13
U0392,P0082,Lipstick,Beauty,12.97,5,1,0,2024-05-30
U0392,P0083,Lipstick - Variant 2,Beauty,16.1,4,1,1,2024-12-15
U0392,P0015,Power Bank - Variant 2,Electronics,95.82,3,3,0,2024-12-05
U0392,P0023,Webcam - Variant 2,Electronics,79.6,2,3,0,2024-04-30
U0392,P0098,Body Lotion - Variant 2,Beauty,19.09,5,2,0,2024-03-29
U0392,P0038,Wrist Watch,Fashion,65.06,2,2,1,2024-12-17
U0392,P0110,Water Bottle - Variant 3,Sports,57.47,3,1,1,2024-05-02
U0392,P0082,Lipstick,Beauty,12.97,5,2,1,2024-01-10
U0392,P0004,Bluetooth Speaker - Variant 2,Electronics,53.79,2,1,0,2024-07-16
U0392,P0099,Body Lotion - Variant 3,Beauty,45.92,4,2,0,2024-12-24
U0392,P0091,Face Mask Set - Variant 2,Beauty,47.83,3,2,1,2024-01-16
U0392,P0098,Body Lotion - Variant 2,Beauty,19.09,5,3,1,2024-09-12
U0392,P0098,Body Lotion - Variant 2,Beauty,19.09,4,3,0,2024-10-23
U0392,P0077,Face Moisturizer - Variant 2,Beauty,44.26,3,2,1,2024-01-07
U0392,P0084,Lipstick - Variant 3,Beauty,13.19,5,1,1,2024-04-12
U0392,P0080,Shampoo,Beauty,13.54,3,1,1,2024-05-16
U0393,P0061,Blender - Variant 2,Home & Kitchen,27.47,2,3,0,2024-08-14
U0393,P0079,Sunscreen SPF50 - Variant 2,Beauty,41.3,4,2,1,2024-01-24
U0393,P0087,Hair Dryer,Beauty,46.49,4,2,1,2024-03-06
U0393,P0066,Table Lamp,Home & Kitchen,82.67,4,1,0,2024-08-28
U0393,P0076,Face Moisturizer,Beauty,48.93,2,1,0,2024-06-12
U0393,P0017,Gaming Mouse - Variant 2,Electronics,95.82,3,1,1,2024-03-08
U0393,P0142,Children's Storybook - Variant 2,Books,18.29,2,1,0,2024-10-06
U0393,P0097,Body Lotion,Beauty,42.54,4,2,1,2024-08-24
U0393,P0099,Body Lotion - Variant 3,Beauty,45.92,4,1,1,2024-09-19
U0393,P0081,Shampoo - Variant 2,Beauty,39.01,4,3,1,2024-11-03
U0393,P0014,Power Bank,Electronics,70.68,3,3,0,2024-05-09
U0393,P0086,Perfume - Variant 2,Beauty,33.4,3,3,1,2024-12-12
U0393,P0084,Lipstick - Variant 3,Beauty,13.19,3,3,1,2024-07-14
U0393,P0068,Storage Boxes,Home & Kitchen,80.29,1,2,0,2024-03-27
U0393,P0081,Shampoo - Variant 2,Beauty,39.01,4,1,1,2024-08-16
U0393,P0099,Body Lotion - Variant 3,Beauty,45.92,3,3,1,2024-04-18
U0393,P0083,Lipstick - Variant 2,Beauty,16.1,3,3,0,2024-06-29
U0393,P0118,Fitness Tracker - Variant 2,Sports,32.35,1,3,0,2024-04-22
U0393,P0089,Hair Dryer - Variant 3,Beauty,27.59,4,1,1,2024-02-02
U0393,P0086,Perfume - Variant 2,Beauty,33.4,3,2,1,2024-01-26
U0393,P0099,Body Lotion - Variant 3,Beauty,45.92,5,2,0,2024-04-15
U0393,P0084,Lipstick - Variant 3,Beauty,13.19,4,1,1,2024-11-19
U0393,P0097,Body Lotion,Beauty,42.54,3,2,1,2024-07-13
U0394,P0107,Cycling Helmet - Variant 2,Sports,18.4,4,2,1,2024-05-15
U0394,P0060,Blender,Home & Kitchen,43.99,1,3,0,2024-10-16
U0394,P0102,Dumbbell Set,Sports,36.13,2,2,1,2024-11-24
U0394,P0120,Skipping Rope,Sports,26.44,4,3,1,2024-06-17
U0394,P0117,Fitness Tracker,Sports,72.86,3,2,1,2024-02-07
U0394,P0119,Fitness Tracker - Variant 3,Sports,46.34,2,1,1,2024-03-20
U0394,P0123,Gym Bag - Variant 2,Sports,46.65,4,1,1,2024-10-05
U0394,P0116,Tennis Racket - Variant 3,Sports,21.7,3,2,1,2024-05-04
U0394,P0122,Gym Bag,Sports,52.75,3,1,1,2024-09-13
U0394,P0101,Yoga Mat - Variant 2,Sports,24.96,3,3,1,2024-05-28
U0394,P0103,Dumbbell Set - Variant 2,Sports,24.27,5,1,1,2024-09-08
U0394,P0120,Skipping Rope,Sports,26.44,4,1,0,2024-02-19
U0394,P0080,Shampoo,Beauty,13.54,1,3,0,2024-01-10
U0394,P0116,Tennis Racket - Variant 3,Sports,21.7,5,1,1,2024-04-08
U0394,P0115,Tennis Racket - Variant 2,Sports,41.02,4,1,1,2024-06-10
U0394,P0026,Tablet - Variant 3,Electronics,105.26,2,3,0,2024-09-21
U0394,P0116,Tennis Racket - Variant 3,Sports,21.7,5,1,1,2024-10-17
U0394,P0115,Tennis Racket - Variant 2,Sports,41.02,2,1,1,2024-06-26
U0394,P0102,Dumbbell Set,Sports,36.13,5,1,1,2024-04-20
U0394,P0112,Football - Variant 2,Sports,71.75,4,2,0,2024-05-09
U0394,P0011,USB-C Hub,Electronics,143.0,3,1,0,2024-12-20
U0394,P0118,Fitness Tracker - Variant 2,Sports,32.35,4,3,1,2024-12-14
U0394,P0120,Skipping Rope,Sports,26.44,3,2,1,2024-08-28
U0394,P0119,Fitness Tracker - Variant 3,Sports,46.34,4,2,1,2024-10-08
U0394,P0014,Power Bank,Electronics,70.68,2,1,1,2024-06-03
U0394,P0105,Resistance Bands - Variant 2,Sports,18.03,3,2,1,2024-04-19
U0394,P0103,Dumbbell Set - Variant 2,Sports,24.27,4,2,1,2024-06-24
U0394,P0111,Football,Sports,37.24,4,1,1,2024-07-11
U0394,P0114,Tennis Racket,Sports,49.81,2,2,1,2024-08-07
U0394,P0119,Fitness Tracker - Variant 3,Sports,46.34,4,2,1,2024-08-16
U0394,P0104,Resistance Bands,Sports,54.92,5,3,1,2024-12-10
U0394,P0104,Resistance Bands,Sports,54.92,2,1,1,2024-10-12
U0394,P0114,Tennis Racket,Sports,49.81,4,3,0,2024-12-19
U0394,P0115,Tennis Racket - Variant 2,Sports,41.02,3,2,1,2024-05-06
U0394,P0114,Tennis Racket,Sports,49.81,4,1,1,2024-10-17
U0394,P0101,Yoga Mat - Variant 2,Sports,24.96,3,1,1,2024-09-29
U0394,P0108,Water Bottle,Sports,48.44,5,1,1,2024-01-26
U0394,P0120,Skipping Rope,Sports,26.44,3,3,1,2024-08-13
U0394,P0113,Football - Variant 3,Sports,36.42,5,1,1,2024-09-03
U0395,P0107,Cycling Helmet - Variant 2,Sports,18.4,3,1,1,2024-12-13
U0395,P0114,Tennis Racket,Sports,49.81,5,3,1,2024-06-06
U0395,P0102,Dumbbell Set,Sports,36.13,5,3,1,2024-08-19
U0395,P0038,Wrist Watch,Fashion,65.06,3,3,0,2024-09-15
U0395,P0069,Storage Boxes - Variant 2,Home & Kitchen,55.29,1,2,0,2024-10-12
U0395,P0115,Tennis Racket - Variant 2,Sports,41.02,4,2,1,2024-02-05
U0395,P0055,Coffee Maker,Home & Kitchen,73.4,1,1,1,2024-11-11
U0395,P0108,Water Bottle,Sports,48.44,5,3,1,2024-10-27
U0395,P0055,Coffee Maker,Home & Kitchen,73.4,3,1,1,2024-11-03
U0395,P0101,Yoga Mat - Variant 2,Sports,24.96,3,3,0,2024-04-23
U0395,P0093,Nail Polish Kit - Variant 2,Beauty,18.13,4,2,0,2024-04-05
U0395,P0111,Football,Sports,37.24,3,2,1,2024-10-02
U0395,P0110,Water Bottle - Variant 3,Sports,57.47,3,3,1,2024-11-18
U0395,P0115,Tennis Racket - Variant 2,Sports,41.02,5,1,0,2024-06-24
U0395,P0113,Football - Variant 3,Sports,36.42,1,1,1,2024-08-28
U0395,P0119,Fitness Tracker - Variant 3,Sports,46.34,3,1,1,2024-11-23
U0395,P0118,Fitness Tracker - Variant 2,Sports,32.35,3,3,1,2024-12-24
U0395,P0118,Fitness Tracker - Variant 2,Sports,32.35,4,3,1,2024-02-02
U0395,P0123,Gym Bag - Variant 2,Sports,46.65,5,1,0,2024-03-20
U0395,P0119,Fitness Tracker - Variant 3,Sports,46.34,3,1,1,2024-05-29
U0395,P0110,Water Bottle - Variant 3,Sports,57.47,5,3,1,2024-03-09
U0396,P0010,Laptop Stand - Variant 3,Electronics,146.57,5,3,1,2024-12-11
U0396,P0109,Water Bottle - Variant 2,Sports,45.64,3,3,1,2024-09-01
U0396,P0139,Business Strategy Book - Variant 2,Books,18.14,4,2,1,2024-02-04
U0396,P0112,Football - Variant 2,Sports,71.75,4,3,1,2024-04-06
U0396,P0001,Wireless Earbuds,Electronics,126.81,4,2,0,2024-02-09
U0396,P0017,Gaming Mouse - Variant 2,Electronics,95.82,5,3,0,2024-06-23
U0396,P0023,Webcam - Variant 2,Electronics,79.6,4,2,0,2024-05-22
U0396,P0029,Denim Jacket,Fashion,85.21,3,3,0,2024-08-20
U0396,P0009,Laptop Stand - Variant 2,Electronics,38.35,5,2,1,2024-05-16
U0396,P0109,Water Bottle - Variant 2,Sports,45.64,3,3,0,2024-08-17
U0396,P0070,Cutlery Set,Home & Kitchen,58.7,2,2,0,2024-01-19
U0396,P0106,Cycling Helmet,Sports,67.06,5,3,1,2024-06-11
U0396,P0014,Power Bank,Electronics,70.68,2,1,1,2024-10-31
U0396,P0009,Laptop Stand - Variant 2,Electronics,38.35,2,1,1,2024-10-05
U0396,P0012,USB-C Hub - Variant 2,Electronics,36.09,3,3,0,2024-09-10
U0396,P0117,Fitness Tracker,Sports,72.86,3,1,1,2024-02-14
U0396,P0005,Bluetooth Speaker - Variant 3,Electronics,53.78,4,1,1,2024-07-21
U0396,P0021,Mechanical Keyboard - Variant 3,Electronics,87.99,2,1,1,2024-03-24
U0396,P0058,Non-stick Pan,Home & Kitchen,28.34,4,1,0,2024-04-17
U0397,P0039,Wrist Watch - Variant 2,Fashion,41.73,5,3,1,2024-01-05
U0397,P0040,Wrist Watch - Variant 3,Fashion,55.58,4,1,1,2024-04-22
U0397,P0060,Blender,Home & Kitchen,43.99,5,1,0,2024-02-24
U0397,P0046,Formal Shirt - Variant 3,Fashion,60.76,4,3,1,2024-05-30
U0397,P0067,Table Lamp - Variant 2,Home & Kitchen,105.23,4,2,1,2024-07-09
U0397,P0148,History Book - Variant 3,Books,20.33,2,2,1,2024-07-17
U0397,P0074,Wall Clock - Variant 2,Home & Kitchen,102.86,4,3,1,2024-08-11
U0397,P0107,Cycling Helmet - Variant 2,Sports,18.4,2,2,0,2024-06-06
U0397,P0144,Poetry Collection - Variant 2,Books,23.59,1,3,0,2024-07-06
U0397,P0064,Bed Sheets Set,Home & Kitchen,92.94,5,3,1,2024-01-07
U0397,P0055,Coffee Maker,Home & Kitchen,73.4,4,3,1,2024-06-04
U0397,P0032,Cotton T-Shirt - Variant 2,Fashion,36.35,4,2,1,2024-04-21
U0397,P0019,Mechanical Keyboard,Electronics,69.3,1,1,1,2024-07-15
U0397,P0057,Coffee Maker - Variant 3,Home & Kitchen,95.59,5,2,1,2024-01-12
U0397,P0071,Cutlery Set - Variant 2,Home & Kitchen,84.19,2,3,1,2024-10-07
U0397,P0121,Skipping Rope - Variant 2,Sports,74.87,2,1,0,2024-06-02
U0397,P0063,Vacuum Cleaner - Variant 2,Home & Kitchen,87.82,5,2,1,2024-11-20
U0397,P0027,Running Shoes,Fashion,50.96,1,2,1,2024-07-27
U0397,P0053,Air Fryer,Home & Kitchen,77.17,3,3,1,2024-11-19
U0397,P0097,Body Lotion,Beauty,42.54,3,2,0,2024-03-28
U0397,P0052,Winter Coat - Variant 3,Fashion,39.04,5,1,1,2024-06-14
U0397,P0054,Air Fryer - Variant 2,Home & Kitchen,109.53,3,1,0,2024-10-26
U0397,P0037,Sunglasses - Variant 2,Fashion,47.01,4,1,1,2024-06-08
U0397,P0052,Winter Coat - Variant 3,Fashion,39.04,2,1,1,2024-09-08
U0397,P0133,Biography,Books,29.75,3,3,1,2024-10-08
U0397,P0040,Wrist Watch - Variant 3,Fashion,55.58,3,1,0,2024-11-21
U0397,P0051,Winter Coat - Variant 2,Fashion,46.85,5,2,0,2024-02-24
U0398,P0033,Leather Wallet,Fashion,50.27,2,1,1,2024-12-13
U0398,P0020,Mechanical Keyboard - Variant 2,Electronics,77.77,4,3,1,2024-01-26
U0398,P0147,History Book - Variant 2,Books,35.8,3,1,1,2024-03-30
U0398,P0007,Smartwatch - Variant 2,Electronics,74.04,1,2,0,2024-09-11
U0398,P0135,Sci-Fi Novel,Books,37.03,4,1,1,2024-04-10
U0398,P0146,History Book,Books,11.74,4,1,1,2024-06-14
U0398,P0134,Biography - Variant 2,Books,19.48,4,1,0,2024-01-20
U0398,P0036,Sunglasses,Fashion,32.53,4,1,0,2024-07-25
U0398,P0054,Air Fryer - Variant 2,Home & Kitchen,109.53,1,2,1,2024-01-05
U0398,P0134,Biography - Variant 2,Books,19.48,4,1,1,2024-07-29
U0398,P0124,Mystery Novel,Books,9.94,3,2,1,2024-10-07
U0398,P0051,Winter Coat - Variant 2,Fashion,46.85,2,2,1,2024-05-08
U0398,P0138,Business Strategy Book,Books,32.81,3,1,1,2024-02-03
U0398,P0070,Cutlery Set,Home & Kitchen,58.7,1,3,0,2024-05-08
U0398,P0033,Leather Wallet,Fashion,50.27,3,3,1,2024-11-05
U0398,P0147,History Book - Variant 2,Books,35.8,4,2,1,2024-08-02
U0398,P0031,Cotton T-Shirt,Fashion,22.06,3,2,0,2024-01-12
U0398,P0149,Programming Guide,Books,35.7,2,1,1,2024-04-20
U0398,P0039,Wrist Watch - Variant 2,Fashion,41.73,5,3,1,2024-09-10
U0398,P0048,Sneakers - Variant 2,Fashion,58.93,5,2,0,2024-06-27
U0398,P0039,Wrist Watch - Variant 2,Fashion,41.73,5,3,0,2024-07-06
U0398,P0125,Mystery Novel - Variant 2,Books,18.83,2,2,1,2024-04-27
U0398,P0139,Business Strategy Book - Variant 2,Books,18.14,3,3,1,2024-03-06
U0398,P0085,Perfume,Beauty,30.06,2,2,1,2024-12-13
U0398,P0045,Formal Shirt - Variant 2,Fashion,80.51,4,1,1,2024-04-09
U0398,P0142,Children's Storybook - Variant 2,Books,18.29,3,3,0,2024-02-22
U0398,P0029,Denim Jacket,Fashion,85.21,4,1,1,2024-05-28
U0398,P0135,Sci-Fi Novel,Books,37.03,3,3,1,2024-05-07
U0398,P0037,Sunglasses - Variant 2,Fashion,47.01,2,3,1,2024-08-14
U0398,P0037,Sunglasses - Variant 2,Fashion,47.01,3,2,0,2024-05-15
U0398,P0038,Wrist Watch,Fashion,65.06,5,2,1,2024-01-17
U0399,P0051,Winter Coat - Variant 2,Fashion,46.85,3,1,1,2024-03-03
U0399,P0054,Air Fryer - Variant 2,Home & Kitchen,109.53,5,3,1,2024-07-24
U0399,P0148,History Book - Variant 3,Books,20.33,2,3,0,2024-07-09
U0399,P0042,Backpack - Variant 2,Fashion,23.08,4,2,1,2024-04-26
U0399,P0071,Cutlery Set - Variant 2,Home & Kitchen,84.19,2,3,1,2024-04-08
U0399,P0087,Hair Dryer,Beauty,46.49,2,1,0,2024-04-21
U0399,P0056,Coffee Maker - Variant 2,Home & Kitchen,39.05,5,3,1,2024-12-17
U0399,P0055,Coffee Maker,Home & Kitchen,73.4,3,2,0,2024-02-15
U0399,P0092,Nail Polish Kit,Beauty,23.01,1,1,1,2024-04-27
U0399,P0030,Denim Jacket - Variant 2,Fashion,74.76,3,3,0,2024-02-29
U0399,P0076,Face Moisturizer,Beauty,48.93,3,1,0,2024-08-08
U0399,P0069,Storage Boxes - Variant 2,Home & Kitchen,55.29,3,1,1,2024-09-28
U0399,P0023,Webcam - Variant 2,Electronics,79.6,2,3,0,2024-05-20
U0399,P0052,Winter Coat - Variant 3,Fashion,39.04,5,2,1,2024-05-18
U0399,P0134,Biography - Variant 2,Books,19.48,3,2,1,2024-04-03
U0399,P0052,Winter Coat - Variant 3,Fashion,39.04,3,1,0,2024-02-16
U0399,P0138,Business Strategy Book,Books,32.81,3,2,0,2024-03-06
U0399,P0042,Backpack - Variant 2,Fashion,23.08,5,2,0,2024-08-11
U0399,P0145,Poetry Collection - Variant 3,Books,15.46,2,1,1,2024-02-26
U0399,P0067,Table Lamp - Variant 2,Home & Kitchen,105.23,2,2,1,2024-07-21
U0400,P0037,Sunglasses - Variant 2,Fashion,47.01,5,3,1,2024-06-12
U0400,P0038,Wrist Watch,Fashion,65.06,5,3,0,2024-06-13
U0400,P0014,Power Bank,Electronics,70.68,4,3,0,2024-11-15
U0400,P0138,Business Strategy Book,Books,32.81,1,1,1,2024-04-30
U0400,P0002,Wireless Earbuds - Variant 2,Electronics,56.91,4,2,0,2024-01-12
U0400,P0030,Denim Jacket - Variant 2,Fashion,74.76,4,1,0,2024-07-25
U0400,P0011,USB-C Hub,Electronics,143.0,4,2,1,2024-04-26
U0400,P0012,USB-C Hub - Variant 2,Electronics,36.09,3,2,1,2024-04-06
U0400,P0052,Winter Coat - Variant 3,Fashion,39.04,3,1,1,2024-04-13
U0400,P0031,Cotton T-Shirt,Fashion,22.06,4,3,1,2024-05-01
U0400,P0002,Wireless Earbuds - Variant 2,Electronics,56.91,5,3,1,2024-01-02
U0400,P0040,Wrist Watch - Variant 3,Fashion,55.58,2,3,1,2024-02-04
U0400,P0038,Wrist Watch,Fashion,65.06,4,2,1,2024-08-06
U0400,P0099,Body Lotion - Variant 3,Beauty,45.92,3,2,0,2024-02-23
U0400,P0052,Winter Coat - Variant 3,Fashion,39.04,5,2,1,2024-08-07
U0400,P0030,Denim Jacket - Variant 2,Fashion,74.76,3,1,0,2024-11-01
U0400,P0052,Winter Coat - Variant 3,Fashion,39.04,3,3,0,2024-10-04
U0400,P0006,Smartwatch,Electronics,88.35,2,1,1,2024-09-27
U0400,P0006,Smartwatch,Electronics,88.35,5,2,1,2024-01-07
U0400,P0035,Leather Wallet - Variant 3,Fashion,53.93,5,3,1,2024-03-20
U0400,P0118,Fitness Tracker - Variant 2,Sports,32.35,3,2,0,2024-02-26
U0400,P0028,Running Shoes - Variant 2,Fashion,21.88,5,3,1,2024-08-05
U0401,P0004,Bluetooth Speaker - Variant 2,Electronics,53.79,4,3,1,2024-01-21
U0401,P0012,USB-C Hub - Variant 2,Electronics,36.09,3,1,0,2024-03-12
U0401,P0022,Webcam,Electronics,106.5,3,2,1,2024-03-22
U0401,P0056,Coffee Maker - Variant 2,Home & Kitchen,39.05,4,3,0,2024-10-07
U0401,P0017,Gaming Mouse - Variant 2,Electronics,95.82,3,3,1,2024-12-26
U0401,P0003,Bluetooth Speaker,Electronics,104.25,2,2,1,2024-03-04
U0401,P0052,Winter Coat - Variant 3,Fashion,39.04,2,1,1,2024-07-14
U0401,P0014,Power Bank,Electronics,70.68,4,1,0,2024-12-19
U0401,P0006,Smartwatch,Electronics,88.35,1,2,1,2024-07-31
U0401,P0014,Power Bank,Electronics,70.68,5,1,0,2024-06-24
U0401,P0048,Sneakers - Variant 2,Fashion,58.93,2,2,1,2024-04-12
U0401,P0014,Power Bank,Electronics,70.68,3,2,1,2024-01-23
U0401,P0009,Laptop Stand - Variant 2,Electronics,38.35,3,2,1,2024-03-10
U0401,P0026,Tablet - Variant 3,Electronics,105.26,5,3,1,2024-08-27
U0401,P0006,Smartwatch,Electronics,88.35,5,2,1,2024-11-29
U0401,P0009,Laptop Stand - Variant 2,Electronics,38.35,5,3,0,2024-09-25
U0401,P0003,Bluetooth Speaker,Electronics,104.25,4,1,1,2024-01-11
U0401,P0022,Webcam,Electronics,106.5,3,1,0,2024-07-21
U0401,P0018,Gaming Mouse - Variant 3,Electronics,81.58,5,1,1,2024-01-02
U0401,P0007,Smartwatch - Variant 2,Electronics,74.04,3,2,1,2024-04-21
U0401,P0010,Laptop Stand - Variant 3,Electronics,146.57,4,2,1,2024-02-08
U0401,P0015,Power Bank - Variant 2,Electronics,95.82,4,3,1,2024-11-06
U0401,P0020,Mechanical Keyboard - Variant 2,Electronics,77.77,4,2,0,2024-10-18
U0401,P0012,USB-C Hub - Variant 2,Electronics,36.09,4,1,0,2024-04-16
U0401,P0070,Cutlery Set,Home & Kitchen,58.7,4,1,0,2024-07-06
U0401,P0104,Resistance Bands,Sports,54.92,3,3,1,2024-06-30
U0401,P0021,Mechanical Keyboard - Variant 3,Electronics,87.99,3,3,1,2024-01-14
U0401,P0016,Gaming Mouse,Electronics,38.63,5,3,0,2024-07-24
U0401,P0008,Laptop Stand,Electronics,116.72,3,3,1,2024-11-30
U0401,P0026,Tablet - Variant 3,Electronics,105.26,3,1,0,2024-09-10
U0401,P0004,Bluetooth Speaker - Variant 2,Electronics,53.79,3,3,1,2024-10-12
U0401,P0002,Wireless Earbuds - Variant 2,Electronics,56.91,4,1,0,2024-04-25
U0401,P0005,Bluetooth Speaker - Variant 3,Electronics,53.78,4,1,1,2024-05-18
U0401,P0049,Sneakers - Variant 3,Fashion,55.64,2,1,0,2024-05-22
U0402,P0042,Backpack - Variant 2,Fashion,23.08,3,2,0,2024-05-18
U0402,P0062,Vacuum Cleaner,Home & Kitchen,44.0,3,2,0,2024-08-01
U0402,P0023,Webcam - Variant 2,Electronics,79.6,4,3,1,2024-12-04
U0402,P0026,Tablet - Variant 3,Electronics,105.26,5,3,1,2024-06-11
U0402,P0133,Biography,Books,29.75,4,2,0,2024-05-05
U0402,P0001,Wireless Earbuds,Electronics,126.81,4,2,1,2024-11-08
U0402,P0012,USB-C Hub - Variant 2,Electronics,36.09,2,1,1,2024-08-13
U0402,P0012,USB-C Hub - Variant 2,Electronics,36.09,5,2,1,2024-12-14
U0402,P0019,Mechanical Keyboard,Electronics,69.3,4,2,1,2024-10-09
U0403,P0140,Business Strategy Book - Variant 3,Books,14.32,5,3,1,2024-08-29
U0403,P0085,Perfume,Beauty,30.06,3,3,0,2024-02-15
U0403,P0142,Children's Storybook - Variant 2,Books,18.29,3,3,1,2024-07-10
U0403,P0147,History Book - Variant 2,Books,35.8,4,2,1,2024-07-18
U0403,P0145,Poetry Collection - Variant 3,Books,15.46,5,3,1,2024-08-19
U0403,P0101,Yoga Mat - Variant 2,Sports,24.96,3,3,1,2024-05-26
U0403,P0136,Sci-Fi Novel - Variant 2,Books,20.37,5,1,0,2024-05-22
U0403,P0125,Mystery Novel - Variant 2,Books,18.83,3,1,0,2024-04-15
U0403,P0134,Biography - Variant 2,Books,19.48,4,2,1,2024-10-03
U0403,P0125,Mystery Novel - Variant 2,Books,18.83,3,2,1,2024-05-28
U0403,P0142,Children's Storybook - Variant 2,Books,18.29,3,2,0,2024-09-07
U0403,P0149,Programming Guide,Books,35.7,4,1,1,2024-09-16
U0403,P0148,History Book - Variant 3,Books,20.33,4,2,1,2024-11-16
U0403,P0082,Lipstick,Beauty,12.97,1,2,0,2024-11-08
U0403,P0126,Mystery Novel - Variant 3,Books,27.08,4,1,1,2024-08-08
U0403,P0141,Children's Storybook,Books,33.46,4,3,1,2024-01-28
U0403,P0046,Formal Shirt - Variant 3,Fashion,60.76,4,3,0,2024-07-29
U0403,P0131,Cookbook - Variant 2,Books,11.3,3,2,1,2024-05-15
U0403,P0142,Children's Storybook - Variant 2,Books,18.29,5,3,1,2024-09-19
U0403,P0136,Sci-Fi Novel - Variant 2,Books,20.37,2,3,1,2024-04-04
U0403,P0132,Cookbook - Variant 3,Books,19.54,3,2,1,2024-03-24
U0403,P0059,Non-stick Pan - Variant 2,Home & Kitchen,63.2,4,2,1,2024-05-28
U0403,P0137,Sci-Fi Novel - Variant 3,Books,32.27,2,2,1,2024-09-18
U0403,P0132,Cookbook - Variant 3,Books,19.54,3,1,1,2024-11-01
U0403,P0009,Laptop Stand - Variant 2,Electronics,38.35,3,3,0,2024-02-15
U0403,P0140,Business Strategy Book - Variant 3,Books,14.32,4,3,1,2024-01-07
U0403,P0125,Mystery Novel - Variant 2,Books,18.83,4,3,0,2024-11-09
U0403,P0129,Self-Help Book - Variant 3,Books,37.09,4,3,1,2024-11-04
U0403,P0141,Children's Storybook,Books,33.46,5,2,0,2024-11-22
U0403,P0146,History Book,Books,11.74,4,2,1,2024-05-21
U0403,P0149,Programming Guide,Books,35.7,2,3,0,2024-06-10
U0403,P0125,Mystery Novel - Variant 2,Books,18.83,4,2,1,2024-02-12
U0403,P0135,Sci-Fi Novel,Books,37.03,3,2,1,2024-09-16
U0403,P0129,Self-Help Book - Variant 3,Books,37.09,4,3,1,2024-07-17
U0403,P0124,Mystery Novel,Books,9.94,1,1,1,2024-05-22
U0403,P0133,Biography,Books,29.75,4,3,1,2024-03-09
U0403,P0130,Cookbook,Books,25.89,3,2,1,2024-02-08
U0403,P0124,Mystery Novel,Books,9.94,3,1,1,2024-11-03
U0404,P0011,USB-C Hub,Electronics,143.0,5,3,1,2024-12-09
U0404,P0018,Gaming Mouse - Variant 3,Electronics,81.58,5,1,0,2024-05-31
U0404,P0057,Coffee Maker - Variant 3,Home & Kitchen,95.59,3,2,1,2024-06-06
U0404,P0065,Bed Sheets Set - Variant 2,Home & Kitchen,33.33,4,3,1,2024-06-06
U0404,P0022,Webcam,Electronics,106.5,4,2,0,2024-02-19
U0404,P0003,Bluetooth Speaker,Electronics,104.25,2,1,1,2024-05-27
U0404,P0004,Bluetooth Speaker - Variant 2,Electronics,53.79,4,1,0,2024-01-10
U0404,P0053,Air Fryer,Home & Kitchen,77.17,4,1,1,2024-07-20
U0404,P0072,Cutlery Set - Variant 3,Home & Kitchen,83.94,3,2,1,2024-04-25
U0404,P0102,Dumbbell Set,Sports,36.13,3,3,0,2024-12-24
U0404,P0016,Gaming Mouse,Electronics,38.63,2,3,1,2024-09-14
U0404,P0017,Gaming Mouse - Variant 2,Electronics,95.82,3,3,1,2024-10-26
U0404,P0011,USB-C Hub,Electronics,143.0,4,2,1,2024-09-17
U0404,P0073,Wall Clock,Home & Kitchen,81.51,5,3,1,2024-04-23
U0404,P0063,Vacuum Cleaner - Variant 2,Home & Kitchen,87.82,4,1,1,2024-08-09
U0404,P0058,Non-stick Pan,Home & Kitchen,28.34,4,1,1,2024-08-21
U0404,P0102,Dumbbell Set,Sports,36.13,1,3,1,2024-05-26
U0404,P0061,Blender - Variant 2,Home & Kitchen,27.47,4,2,1,2024-11-13
U0404,P0005,Bluetooth Speaker - Variant 3,Electronics,53.78,3,2,1,2024-04-22
U0404,P0059,Non-stick Pan - Variant 2,Home & Kitchen,63.2,4,3,0,2024-07-03
U0404,P0009,Laptop Stand - Variant 2,Electronics,38.35,4,2,0,2024-04-22
U0404,P0006,Smartwatch,Electronics,88.35,4,1,1,2024-02-20
U0404,P0047,Sneakers,Fashion,42.71,4,3,1,2024-06-21
U0404,P0065,Bed Sheets Set - Variant 2,Home & Kitchen,33.33,4,3,1,2024-10-05
U0404,P0083,Lipstick - Variant 2,Beauty,16.1,3,1,0,2024-07-03
U0404,P0131,Cookbook - Variant 2,Books,11.3,3,3,0,2024-10-02
U0404,P0029,Denim Jacket,Fashion,85.21,2,3,0,2024-02-18
U0404,P0013,USB-C Hub - Variant 3,Electronics,149.11,4,1,1,2024-10-24
U0404,P0100,Yoga Mat,Sports,36.49,3,3,1,2024-02-24
U0404,P0022,Webcam,Electronics,106.5,4,3,1,2024-11-07
U0404,P0076,Face Moisturizer,Beauty,48.93,2,1,1,2024-08-14
U0405,P0093,Nail Polish Kit - Variant 2,Beauty,18.13,3,1,1,2024-09-16
U0405,P0083,Lipstick - Variant 2,Beauty,16.1,2,1,0,2024-10-04
U0405,P0060,Blender,Home & Kitchen,43.99,4,3,1,2024-03-07
U0405,P0033,Leather Wallet,Fashion,50.27,5,2,1,2024-08-01
U0405,P0040,Wrist Watch - Variant 3,Fashion,55.58,1,1,0,2024-08-28
U0405,P0088,Hair Dryer - Variant 2,Beauty,21.47,4,1,1,2024-04-08
U0405,P0030,Denim Jacket - Variant 2,Fashion,74.76,4,3,1,2024-06-10
U0405,P0066,Table Lamp,Home & Kitchen,82.67,5,2,1,2024-01-31
U0405,P0074,Wall Clock - Variant 2,Home & Kitchen,102.86,3,2,0,2024-05-05
U0405,P0046,Formal Shirt - Variant 3,Fashion,60.76,4,1,1,2024-03-26
U0405,P0036,Sunglasses,Fashion,32.53,3,3,1,2024-04-09
U0405,P0074,Wall Clock - Variant 2,Home & Kitchen,102.86,4,3,1,2024-09-04
U0405,P0041,Backpack,Fashion,58.75,5,1,1,2024-11-03
U0405,P0043,Backpack - Variant 3,Fashion,77.01,5,2,1,2024-02-04
U0405,P0044,Formal Shirt,Fashion,83.48,3,3,0,2024-11-08
U0405,P0030,Denim Jacket - Variant 2,Fashion,74.76,5,1,1,2024-09-06
U0405,P0074,Wall Clock - Variant 2,Home & Kitchen,102.86,3,1,1,2024-07-05
U0405,P0061,Blender - Variant 2,Home & Kitchen,27.47,3,3,0,2024-03-03
U0405,P0073,Wall Clock,Home & Kitchen,81.51,5,2,1,2024-10-28
U0405,P0050,Winter Coat,Fashion,42.63,4,2,1,2024-05-24
U0405,P0064,Bed Sheets Set,Home & Kitchen,92.94,3,2,0,2024-01-28
U0405,P0067,Table Lamp - Variant 2,Home & Kitchen,105.23,4,1,1,2024-10-26
U0405,P0033,Leather Wallet,Fashion,50.27,3,3,1,2024-11-01
U0405,P0032,Cotton T-Shirt - Variant 2,Fashion,36.35,3,2,0,2024-05-30
U0405,P0039,Wrist Watch - Variant 2,Fashion,41.73,3,1,1,2024-02-26
U0405,P0064,Bed Sheets Set,Home & Kitchen,92.94,3,3,0,2024-09-28
U0405,P0101,Yoga Mat - Variant 2,Sports,24.96,4,3,0,2024-10-15
U0405,P0056,Coffee Maker - Variant 2,Home & Kitchen,39.05,5,2,0,2024-06-06
U0405,P0041,Backpack,Fashion,58.75,3,3,1,2024-06-24
U0405,P0140,Business Strategy Book - Variant 3,Books,14.32,4,3,1,2024-07-30
U0406,P0053,Air Fryer,Home & Kitchen,77.17,2,3,0,2024-05-25
U0406,P0057,Coffee Maker - Variant 3,Home & Kitchen,95.59,3,3,1,2024-09-03
U0406,P0059,Non-stick Pan - Variant 2,Home & Kitchen,63.2,3,3,1,2024-11-13
U0406,P0073,Wall Clock,Home & Kitchen,81.51,5,1,1,2024-09-19
U0406,P0075,Wall Clock - Variant 3,Home & Kitchen,67.37,4,3,1,2024-01-08
U0406,P0074,Wall Clock - Variant 2,Home & Kitchen,102.86,2,3,0,2024-06-09
U0406,P0074,Wall Clock - Variant 2,Home & Kitchen,102.86,5,1,1,2024-01-02
U0406,P0075,Wall Clock - Variant 3,Home & Kitchen,67.37,3,2,1,2024-11-08
U0406,P0075,Wall Clock - Variant 3,Home & Kitchen,67.37,5,1,1,2024-10-06
U0406,P0063,Vacuum Cleaner - Variant 2,Home & Kitchen,87.82,5,2,1,2024-02-27
U0406,P0072,Cutlery Set - Variant 3,Home & Kitchen,83.94,4,1,1,2024-10-09
U0406,P0070,Cutlery Set,Home & Kitchen,58.7,4,2,1,2024-04-08
U0406,P0067,Table Lamp - Variant 2,Home & Kitchen,105.23,3,3,1,2024-10-30
U0406,P0147,History Book - Variant 2,Books,35.8,2,2,0,2024-06-13
U0406,P0041,Backpack,Fashion,58.75,2,1,1,2024-03-28
U0407,P0119,Fitness Tracker - Variant 3,Sports,46.34,5,2,1,2024-05-04
U0407,P0114,Tennis Racket,Sports,49.81,4,3,1,2024-09-03
U0407,P0116,Tennis Racket - Variant 3,Sports,21.7,4,2,1,2024-02-16
U0407,P0015,Power Bank - Variant 2,Electronics,95.82,2,1,0,2024-01-22
U0407,P0117,Fitness Tracker,Sports,72.86,4,3,1,2024-09-21
U0407,P0122,Gym Bag,Sports,52.75,3,1,0,2024-11-11
U0407,P0084,Lipstick - Variant 3,Beauty,13.19,3,1,1,2024-03-19
U0407,P0115,Tennis Racket - Variant 2,Sports,41.02,5,2,1,2024-11-20
U0407,P0106,Cycling Helmet,Sports,67.06,5,2,1,2024-05-21
U0407,P0112,Football - Variant 2,Sports,71.75,3,2,0,2024-06-25
U0407,P0116,Tennis Racket - Variant 3,Sports,21.7,4,1,1,2024-05-18
U0407,P0117,Fitness Tracker,Sports,72.86,5,1,0,2024-05-25
U0407,P0110,Water Bottle - Variant 3,Sports,57.47,3,3,0,2024-03-26
U0407,P0103,Dumbbell Set - Variant 2,Sports,24.27,5,3,1,2024-08-29
U0407,P0105,Resistance Bands - Variant 2,Sports,18.03,4,1,1,2024-08-03
U0407,P0120,Skipping Rope,Sports,26.44,3,2,0,2024-05-25
U0407,P0124,Mystery Novel,Books,9.94,2,1,0,2024-03-19
U0407,P0054,Air Fryer - Variant 2,Home & Kitchen,109.53,2,1,1,2024-08-15
U0407,P0107,Cycling Helmet - Variant 2,Sports,18.4,4,2,1,2024-06-12
U0407,P0114,Tennis Racket,Sports,49.81,3,2,0,2024-07-20
U0408,P0015,Power Bank - Variant 2,Electronics,95.82,4,2,0,2024-09-21
U0408,P0071,Cutlery Set - Variant 2,Home & Kitchen,84.19,1,2,0,2024-08-18
U0408,P0028,Running Shoes - Variant 2,Fashion,21.88,1,1,0,2024-03-27
U0408,P0076,Face Moisturizer,Beauty,48.93,5,1,0,2024-02-01
U0408,P0011,USB-C Hub,Electronics,143.0,5,1,1,2024-01-14
U0408,P0139,Business Strategy Book - Variant 2,Books,18.14,5,1,1,2024-06-25
U0408,P0088,Hair Dryer - Variant 2,Beauty,21.47,2,2,1,2024-04-24
U0408,P0116,Tennis Racket - Variant 3,Sports,21.7,2,2,0,2024-11-16
U0408,P0039,Wrist Watch - Variant 2,Fashion,41.73,3,1,1,2024-08-27
U0408,P0138,Business Strategy Book,Books,32.81,4,2,1,2024-06-21
U0408,P0026,Tablet - Variant 3,Electronics,105.26,2,2,1,2024-05-29
U0408,P0004,Bluetooth Speaker - Variant 2,Electronics,53.79,3,2,0,2024-10-31
U0408,P0129,Self-Help Book - Variant 3,Books,37.09,4,1,1,2024-08-09
U0408,P0007,Smartwatch - Variant 2,Electronics,74.04,4,1,0,2024-03-27
U0408,P0003,Bluetooth Speaker,Electronics,104.25,4,2,1,2024-01-29
U0408,P0043,Backpack - Variant 3,Fashion,77.01,3,1,0,2024-04-23
U0408,P0128,Self-Help Book - Variant 2,Books,22.95,5,1,1,2024-04-18
U0408,P0150,Programming Guide - Variant 2,Books,12.92,4,3,1,2024-09-04
U0408,P0132,Cookbook - Variant 3,Books,19.54,4,2,1,2024-03-02
U0408,P0142,Children's Storybook - Variant 2,Books,18.29,4,2,1,2024-08-06
U0408,P0015,Power Bank - Variant 2,Electronics,95.82,5,1,1,2024-01-13
U0408,P0013,USB-C Hub - Variant 3,Electronics,149.11,4,2,1,2024-03-01
U0409,P0064,Bed Sheets Set,Home & Kitchen,92.94,4,2,1,2024-10-03
U0409,P0003,Bluetooth Speaker,Electronics,104.25,3,2,0,2024-06-05
U0409,P0057,Coffee Maker - Variant 3,Home & Kitchen,95.59,3,3,0,2024-07-08
U0409,P0137,Sci-Fi Novel - Variant 3,Books,32.27,3,1,1,2024-04-29
U0409,P0113,Football - Variant 3,Sports,36.42,3,2,0,2024-09-24
U0409,P0096,Beard Trimmer - Variant 3,Beauty,16.01,2,1,0,2024-09-21
U0409,P0130,Cookbook,Books,25.89,4,1,1,2024-06-27
U0409,P0071,Cutlery Set - Variant 2,Home & Kitchen,84.19,4,3,1,2024-10-01
U0409,P0059,Non-stick Pan - Variant 2,Home & Kitchen,63.2,4,3,1,2024-01-25
U0409,P0055,Coffee Maker,Home & Kitchen,73.4,2,2,1,2024-05-01
U0409,P0129,Self-Help Book - Variant 3,Books,37.09,3,3,1,2024-06-25
U0409,P0041,Backpack,Fashion,58.75,2,1,0,2024-09-02
U0409,P0071,Cutlery Set - Variant 2,Home & Kitchen,84.19,5,1,1,2024-04-02
U0409,P0023,Webcam - Variant 2,Electronics,79.6,2,1,1,2024-12-11
U0409,P0128,Self-Help Book - Variant 2,Books,22.95,3,1,1,2024-06-12
U0409,P0138,Business Strategy Book,Books,32.81,3,1,1,2024-03-06
U0409,P0058,Non-stick Pan,Home & Kitchen,28.34,4,3,1,2024-07-01
U0409,P0019,Mechanical Keyboard,Electronics,69.3,3,2,0,2024-04-29
U0409,P0059,Non-stick Pan - Variant 2,Home & Kitchen,63.2,3,3,1,2024-09-09
U0409,P0148,History Book - Variant 3,Books,20.33,5,1,0,2024-05-02
U0409,P0059,Non-stick Pan - Variant 2,Home & Kitchen,63.2,3,3,1,2024-04-18
U0409,P0146,History Book,Books,11.74,2,1,0,2024-04-04
U0409,P0131,Cookbook - Variant 2,Books,11.3,4,2,1,2024-06-26
U0409,P0150,Programming Guide - Variant 2,Books,12.92,2,2,1,2024-07-21
U0409,P0133,Biography,Books,29.75,5,1,0,2024-03-22
U0409,P0068,Storage Boxes,Home & Kitchen,80.29,2,3,1,2024-10-28
U0410,P0100,Yoga Mat,Sports,36.49,4,3,0,2024-08-13
U0410,P0119,Fitness Tracker - Variant 3,Sports,46.34,4,3,1,2024-07-25
U0410,P0085,Perfume,Beauty,30.06,2,2,0,2024-06-11
U0410,P0107,Cycling Helmet - Variant 2,Sports,18.4,4,2,1,2024-01-22
U0410,P0003,Bluetooth Speaker,Electronics,104.25,4,2,0,2024-06-01
U0410,P0027,Running Shoes,Fashion,50.96,3,3,1,2024-10-01
U0410,P0108,Water Bottle,Sports,48.44,4,3,0,2024-07-18
U0410,P0112,Football - Variant 2,Sports,71.75,4,3,1,2024-05-20
U0410,P0004,Bluetooth Speaker - Variant 2,Electronics,53.79,3,2,1,2024-06-27
U0410,P0114,Tennis Racket,Sports,49.81,4,3,1,2024-06-03
U0410,P0113,Football - Variant 3,Sports,36.42,4,1,1,2024-05-07
U0410,P0021,Mechanical Keyboard - Variant 3,Electronics,87.99,5,2,1,2024-12-30
U0410,P0096,Beard Trimmer - Variant 3,Beauty,16.01,3,2,1,2024-02-20
U0410,P0120,Skipping Rope,Sports,26.44,3,3,1,2024-12-08
U0410,P0104,Resistance Bands,Sports,54.92,5,3,1,2024-03-14
U0411,P0058,Non-stick Pan,Home & Kitchen,28.34,3,3,1,2024-12-02
U0411,P0070,Cutlery Set,Home & Kitchen,58.7,3,2,1,2024-01-13
U0411,P0053,Air Fryer,Home & Kitchen,77.17,3,1,1,2024-06-30
U0411,P0055,Coffee Maker,Home & Kitchen,73.4,2,2,1,2024-05-02
U0411,P0074,Wall Clock - Variant 2,Home & Kitchen,102.86,5,3,1,2024-07-17
U0411,P0114,Tennis Racket,Sports,49.81,2,1,1,2024-10-03
U0411,P0054,Air Fryer - Variant 2,Home & Kitchen,109.53,3,2,1,2024-07-19
U0411,P0027,Running Shoes,Fashion,50.96,1,1,0,2024-11-30
U0411,P0071,Cutlery Set - Variant 2,Home & Kitchen,84.19,3,3,0,2024-06-19
U0411,P0069,Storage Boxes - Variant 2,Home & Kitchen,55.29,5,1,1,2024-03-15
U0411,P0072,Cutlery Set - Variant 3,Home & Kitchen,83.94,4,1,0,2024-04-12
U0411,P0073,Wall Clock,Home & Kitchen,81.51,5,3,1,2024-08-04
U0411,P0056,Coffee Maker - Variant 2,Home & Kitchen,39.05,3,1,1,2024-05-28
U0411,P0067,Table Lamp - Variant 2,Home & Kitchen,105.23,3,2,0,2024-04-27
U0411,P0065,Bed Sheets Set - Variant 2,Home & Kitchen,33.33,3,1,1,2024-04-26
U0411,P0016,Gaming Mouse,Electronics,38.63,3,2,0,2024-09-16
U0411,P0048,Sneakers - Variant 2,Fashion,58.93,1,1,0,2024-02-13
U0411,P0104,Resistance Bands,Sports,54.92,1,3,0,2024-08-01
U0411,P0064,Bed Sheets Set,Home & Kitchen,92.94,5,1,1,2024-07-07
U0411,P0058,Non-stick Pan,Home & Kitchen,28.34,4,2,1,2024-10-31
U0411,P0073,Wall Clock,Home & Kitchen,81.51,4,1,1,2024-08-11
U0412,P0145,Poetry Collection - Variant 3,Books,15.46,2,3,0,2024-08-15
U0412,P0117,Fitness Tracker,Sports,72.86,4,3,1,2024-06-05
U0412,P0111,Football,Sports,37.24,4,2,0,2024-10-04
U0412,P0104,Resistance Bands,Sports,54.92,3,2,1,2024-10-19
U0412,P0107,Cycling Helmet - Variant 2,Sports,18.4,4,3,1,2024-03-29
U0412,P0121,Skipping Rope - Variant 2,Sports,74.87,3,2,1,2024-03-14
U0412,P0053,Air Fryer,Home & Kitchen,77.17,2,1,1,2024-03-11
U0412,P0018,Gaming Mouse - Variant 3,Electronics,81.58,4,1,0,2024-05-04
U0412,P0096,Beard Trimmer - Variant 3,Beauty,16.01,3,1,1,2024-05-08
U0412,P0150,Programming Guide - Variant 2,Books,12.92,4,2,0,2024-02-22
U0412,P0145,Poetry Collection - Variant 3,Books,15.46,4,1,1,2024-02-14
U0412,P0143,Poetry Collection,Books,9.47,4,3,1,2024-10-09
U0412,P0082,Lipstick,Beauty,12.97,3,3,0,2024-08-29
U0412,P0118,Fitness Tracker - Variant 2,Sports,32.35,4,2,0,2024-02-14
U0412,P0075,Wall Clock - Variant 3,Home & Kitchen,67.37,3,1,1,2024-03-23
U0412,P0119,Fitness Tracker - Variant 3,Sports,46.34,4,3,1,2024-12-06
U0412,P0110,Water Bottle - Variant 3,Sports,57.47,3,3,1,2024-08-02
U0412,P0120,Skipping Rope,Sports,26.44,5,2,0,2024-06-06
U0412,P0005,Bluetooth Speaker - Variant 3,Electronics,53.78,4,1,0,2024-07-26
U0412,P0150,Programming Guide - Variant 2,Books,12.92,4,2,1,2024-04-08
U0412,P0024,Tablet,Electronics,103.54,5,1,0,2024-11-22
U0412,P0055,Coffee Maker,Home & Kitchen,73.4,1,1,1,2024-12-10
U0412,P0134,Biography - Variant 2,Books,19.48,5,2,1,2024-07-21
U0412,P0124,Mystery Novel,Books,9.94,5,2,1,2024-09-09
U0412,P0112,Football - Variant 2,Sports,71.75,2,1,1,2024-12-08
U0412,P0121,Skipping Rope - Variant 2,Sports,74.87,5,1,1,2024-09-09
U0412,P0045,Formal Shirt - Variant 2,Fashion,80.51,1,1,1,2024-01-19
U0412,P0149,Programming Guide,Books,35.7,3,1,1,2024-07-29
U0412,P0108,Water Bottle,Sports,48.44,3,3,0,2024-08-28
U0413,P0150,Programming Guide - Variant 2,Books,12.92,5,3,1,2024-08-19
U0413,P0002,Wireless Earbuds - Variant 2,Electronics,56.91,2,1,1,2024-09-28
U0413,P0130,Cookbook,Books,25.89,5,3,1,2024-06-02
U0413,P0044,Formal Shirt,Fashion,83.48,3,2,0,2024-04-26
U0413,P0078,Sunscreen SPF50,Beauty,33.33,4,2,1,2024-06-22
U0413,P0149,Programming Guide,Books,35.7,3,2,1,2024-08-02
U0413,P0012,USB-C Hub - Variant 2,Electronics,36.09,3,1,1,2024-07-20
U0413,P0125,Mystery Novel - Variant 2,Books,18.83,5,1,1,2024-10-01
U0413,P0120,Skipping Rope,Sports,26.44,2,3,0,2024-11-16
U0413,P0141,Children's Storybook,Books,33.46,2,2,1,2024-07-04
U0413,P0143,Poetry Collection,Books,9.47,5,1,1,2024-08-26
U0413,P0124,Mystery Novel,Books,9.94,5,2,1,2024-01-11
U0413,P0085,Perfume,Beauty,30.06,1,2,0,2024-09-19
U0413,P0127,Self-Help Book,Books,13.13,4,1,1,2024-11-03
U0413,P0092,Nail Polish Kit,Beauty,23.01,5,1,1,2024-08-31
U0413,P0081,Shampoo - Variant 2,Beauty,39.01,3,2,1,2024-03-02
U0413,P0148,History Book - Variant 3,Books,20.33,4,3,1,2024-11-27
U0413,P0099,Body Lotion - Variant 3,Beauty,45.92,3,3,1,2024-03-06
U0413,P0060,Blender,Home & Kitchen,43.99,4,1,0,2024-04-26
U0413,P0022,Webcam,Electronics,106.5,3,2,0,2024-05-23
U0413,P0146,History Book,Books,11.74,4,1,1,2024-03-03
U0413,P0095,Beard Trimmer - Variant 2,Beauty,23.23,3,3,1,2024-06-18
U0413,P0077,Face Moisturizer - Variant 2,Beauty,44.26,5,2,0,2024-08-17
U0413,P0095,Beard Trimmer - Variant 2,Beauty,23.23,4,2,1,2024-04-04
U0413,P0148,History Book - Variant 3,Books,20.33,4,3,0,2024-09-28
U0413,P0124,Mystery Novel,Books,9.94,3,1,1,2024-04-25
U0413,P0021,Mechanical Keyboard - Variant 3,Electronics,87.99,2,1,0,2024-09-30
U0413,P0086,Perfume - Variant 2,Beauty,33.4,4,1,1,2024-08-10
U0413,P0042,Backpack - Variant 2,Fashion,23.08,3,2,0,2024-01-16
U0413,P0086,Perfume - Variant 2,Beauty,33.4,4,3,0,2024-04-09
U0414,P0080,Shampoo,Beauty,13.54,3,3,1,2024-01-30
U0414,P0096,Beard Trimmer - Variant 3,Beauty,16.01,5,1,0,2024-10-11
U0414,P0098,Body Lotion - Variant 2,Beauty,19.09,5,2,0,2024-05-07
U0414,P0080,Shampoo,Beauty,13.54,5,3,1,2024-04-15
U0414,P0076,Face Moisturizer,Beauty,48.93,4,2,1,2024-09-27
U0414,P0078,Sunscreen SPF50,Beauty,33.33,5,3,0,2024-02-18
U0414,P0080,Shampoo,Beauty,13.54,2,1,1,2024-10-04
U0414,P0082,Lipstick,Beauty,12.97,3,3,1,2024-11-08
U0414,P0084,Lipstick - Variant 3,Beauty,13.19,3,1,0,2024-06-04
U0414,P0086,Perfume - Variant 2,Beauty,33.4,3,1,1,2024-06-02
U0415,P0010,Laptop Stand - Variant 3,Electronics,146.57,4,3,1,2024-09-19
U0415,P0149,Programming Guide,Books,35.7,5,1,1,2024-04-02
U0415,P0017,Gaming Mouse - Variant 2,Electronics,95.82,3,2,1,2024-07-03
U0415,P0148,History Book - Variant 3,Books,20.33,4,1,0,2024-10-23
U0415,P0030,Denim Jacket - Variant 2,Fashion,74.76,2,2,0,2024-01-10
U0415,P0125,Mystery Novel - Variant 2,Books,18.83,3,2,1,2024-11-28
U0415,P0003,Bluetooth Speaker,Electronics,104.25,4,2,1,2024-04-25
U0415,P0006,Smartwatch,Electronics,88.35,4,3,1,2024-10-25
U0415,P0017,Gaming Mouse - Variant 2,Electronics,95.82,3,1,0,2024-01-28
U0415,P0124,Mystery Novel,Books,9.94,5,3,0,2024-03-11
U0415,P0092,Nail Polish Kit,Beauty,23.01,3,3,0,2024-02-08
U0415,P0040,Wrist Watch - Variant 3,Fashion,55.58,4,2,1,2024-06-15
U0415,P0105,Resistance Bands - Variant 2,Sports,18.03,1,3,1,2024-05-29
U0415,P0024,Tablet,Electronics,103.54,4,1,1,2024-10-09
U0415,P0134,Biography - Variant 2,Books,19.48,5,3,1,2024-12-12
U0415,P0139,Business Strategy Book - Variant 2,Books,18.14,4,3,1,2024-07-23
U0415,P0002,Wireless Earbuds - Variant 2,Electronics,56.91,3,2,1,2024-12-24
U0415,P0131,Cookbook - Variant 2,Books,11.3,3,2,1,2024-05-21
U0415,P0003,Bluetooth Speaker,Electronics,104.25,5,1,1,2024-09-02
U0415,P0142,Children's Storybook - Variant 2,Books,18.29,5,1,1,2024-10-30
U0415,P0125,Mystery Novel - Variant 2,Books,18.83,5,2,1,2024-03-01
U0415,P0008,Laptop Stand,Electronics,116.72,2,1,1,2024-05-10
U0416,P0148,History Book - Variant 3,Books,20.33,5,2,0,2024-09-24
U0416,P0101,Yoga Mat - Variant 2,Sports,24.96,4,1,1,2024-07-25
U0416,P0025,Tablet - Variant 2,Electronics,41.3,2,1,0,2024-03-22
U0416,P0137,Sci-Fi Novel - Variant 3,Books,32.27,4,3,1,2024-03-11
U0416,P0116,Tennis Racket - Variant 3,Sports,21.7,3,3,1,2024-01-27
U0416,P0132,Cookbook - Variant 3,Books,19.54,4,1,1,2024-02-03
U0416,P0134,Biography - Variant 2,Books,19.48,4,2,0,2024-04-10
U0416,P0070,Cutlery Set,Home & Kitchen,58.7,3,2,0,2024-09-29
U0416,P0143,Poetry Collection,Books,9.47,3,1,1,2024-05-20
U0416,P0125,Mystery Novel - Variant 2,Books,18.83,5,2,1,2024-10-30
U0416,P0131,Cookbook - Variant 2,Books,11.3,5,3,0,2024-03-04
U0416,P0131,Cookbook - Variant 2,Books,11.3,4,2,0,2024-03-17
U0416,P0049,Sneakers - Variant 3,Fashion,55.64,2,2,1,2024-08-23
U0416,P0103,Dumbbell Set - Variant 2,Sports,24.27,5,3,0,2024-10-07
U0416,P0145,Poetry Collection - Variant 3,Books,15.46,3,2,0,2024-09-16
U0416,P0115,Tennis Racket - Variant 2,Sports,41.02,3,2,1,2024-01-22
U0416,P0015,Power Bank - Variant 2,Electronics,95.82,3,2,1,2024-04-17
U0416,P0113,Football - Variant 3,Sports,36.42,5,3,0,2024-07-24
U0416,P0005,Bluetooth Speaker - Variant 3,Electronics,53.78,4,3,0,2024-08-08
U0416,P0146,History Book,Books,11.74,3,2,0,2024-06-25
U0416,P0111,Football,Sports,37.24,4,3,1,2024-10-28
U0416,P0133,Biography,Books,29.75,3,1,0,2024-07-17
U0416,P0107,Cycling Helmet - Variant 2,Sports,18.4,3,3,1,2024-04-14
U0416,P0039,Wrist Watch - Variant 2,Fashion,41.73,3,1,0,2024-04-11
U0416,P0126,Mystery Novel - Variant 3,Books,27.08,4,1,0,2024-07-13
U0416,P0131,Cookbook - Variant 2,Books,11.3,3,1,1,2024-11-24
U0416,P0062,Vacuum Cleaner,Home & Kitchen,44.0,2,3,1,2024-01-17
U0416,P0101,Yoga Mat - Variant 2,Sports,24.96,3,3,0,2024-04-07
U0416,P0115,Tennis Racket - Variant 2,Sports,41.02,5,1,1,2024-01-08
U0416,P0147,History Book - Variant 2,Books,35.8,5,2,0,2024-12-01
U0416,P0112,Football - Variant 2,Sports,71.75,4,2,1,2024-09-23
U0416,P0115,Tennis Racket - Variant 2,Sports,41.02,4,3,1,2024-02-16
U0416,P0145,Poetry Collection - Variant 3,Books,15.46,4,3,1,2024-08-03
U0417,P0059,Non-stick Pan - Variant 2,Home & Kitchen,63.2,4,2,1,2024-06-25
U0417,P0058,Non-stick Pan,Home & Kitchen,28.34,3,1,1,2024-07-17
U0417,P0064,Bed Sheets Set,Home & Kitchen,92.94,5,2,0,2024-01-19
U0417,P0064,Bed Sheets Set,Home & Kitchen,92.94,3,1,1,2024-09-02
U0417,P0056,Coffee Maker - Variant 2,Home & Kitchen,39.05,4,1,0,2024-12-22
U0417,P0086,Perfume - Variant 2,Beauty,33.4,2,2,0,2024-06-16
U0417,P0119,Fitness Tracker - Variant 3,Sports,46.34,2,2,1,2024-01-05
U0417,P0056,Coffee Maker - Variant 2,Home & Kitchen,39.05,4,2,1,2024-09-16
U0417,P0068,Storage Boxes,Home & Kitchen,80.29,3,2,1,2024-03-23
U0417,P0066,Table Lamp,Home & Kitchen,82.67,4,1,0,2024-05-09
U0417,P0072,Cutlery Set - Variant 3,Home & Kitchen,83.94,4,1,0,2024-07-27
U0417,P0072,Cutlery Set - Variant 3,Home & Kitchen,83.94,2,1,0,2024-10-27
U0417,P0055,Coffee Maker,Home & Kitchen,73.4,4,3,1,2024-02-23
U0417,P0055,Coffee Maker,Home & Kitchen,73.4,3,1,1,2024-02-10
U0417,P0077,Face Moisturizer - Variant 2,Beauty,44.26,3,2,0,2024-06-02
U0417,P0058,Non-stick Pan,Home & Kitchen,28.34,3,3,0,2024-02-13
U0417,P0053,Air Fryer,Home & Kitchen,77.17,3,1,0,2024-01-25
U0417,P0054,Air Fryer - Variant 2,Home & Kitchen,109.53,5,2,1,2024-07-16
U0418,P0012,USB-C Hub - Variant 2,Electronics,36.09,4,1,1,2024-03-04
U0418,P0026,Tablet - Variant 3,Electronics,105.26,4,2,1,2024-10-09
U0418,P0090,Face Mask Set,Beauty,19.72,3,1,0,2024-04-22
U0418,P0011,USB-C Hub,Electronics,143.0,5,3,1,2024-04-16
U0418,P0026,Tablet - Variant 3,Electronics,105.26,4,1,0,2024-05-08
U0418,P0009,Laptop Stand - Variant 2,Electronics,38.35,4,2,0,2024-03-03
U0418,P0050,Winter Coat,Fashion,42.63,4,3,1,2024-06-12
U0418,P0011,USB-C Hub,Electronics,143.0,3,3,1,2024-08-10
U0418,P0012,USB-C Hub - Variant 2,Electronics,36.09,2,3,0,2024-06-12
U0418,P0006,Smartwatch,Electronics,88.35,3,3,0,2024-03-04
U0418,P0046,Formal Shirt - Variant 3,Fashion,60.76,2,1,0,2024-07-11
U0418,P0017,Gaming Mouse - Variant 2,Electronics,95.82,3,1,1,2024-12-30
U0418,P0015,Power Bank - Variant 2,Electronics,95.82,4,2,1,2024-09-20
U0418,P0003,Bluetooth Speaker,Electronics,104.25,2,2,0,2024-03-16
U0418,P0088,Hair Dryer - Variant 2,Beauty,21.47,4,1,1,2024-09-24
U0418,P0015,Power Bank - Variant 2,Electronics,95.82,4,1,1,2024-06-13
U0418,P0017,Gaming Mouse - Variant 2,Electronics,95.82,3,1,0,2024-05-05
U0418,P0016,Gaming Mouse,Electronics,38.63,4,1,1,2024-11-03
U0419,P0038,Wrist Watch,Fashion,65.06,2,2,0,2024-09-15
U0419,P0050,Winter Coat,Fashion,42.63,4,3,1,2024-09-13
U0419,P0051,Winter Coat - Variant 2,Fashion,46.85,4,1,1,2024-01-02
U0419,P0038,Wrist Watch,Fashion,65.06,3,1,1,2024-11-25
U0419,P0039,Wrist Watch - Variant 2,Fashion,41.73,4,2,1,2024-05-25
U0419,P0033,Leather Wallet,Fashion,50.27,4,3,1,2024-12-12
U0419,P0044,Formal Shirt,Fashion,83.48,3,3,0,2024-05-14
U0419,P0035,Leather Wallet - Variant 3,Fashion,53.93,3,1,0,2024-08-27
U0419,P0051,Winter Coat - Variant 2,Fashion,46.85,4,3,1,2024-12-19
U0419,P0042,Backpack - Variant 2,Fashion,23.08,3,3,1,2024-04-09
U0419,P0027,Running Shoes,Fashion,50.96,5,2,1,2024-11-29
U0420,P0080,Shampoo,Beauty,13.54,3,1,1,2024-09-08
U0420,P0127,Self-Help Book,Books,13.13,3,3,0,2024-11-13
U0420,P0062,Vacuum Cleaner,Home & Kitchen,44.0,4,2,0,2024-08-12
U0420,P0079,Sunscreen SPF50 - Variant 2,Beauty,41.3,4,3,1,2024-07-18
U0420,P0092,Nail Polish Kit,Beauty,23.01,3,3,1,2024-03-06
U0420,P0011,USB-C Hub,Electronics,143.0,3,3,1,2024-07-07
U0420,P0086,Perfume - Variant 2,Beauty,33.4,3,3,1,2024-07-02
U0420,P0011,USB-C Hub,Electronics,143.0,4,2,0,2024-12-12
U0420,P0021,Mechanical Keyboard - Variant 3,Electronics,87.99,2,1,1,2024-03-22
U0420,P0126,Mystery Novel - Variant 3,Books,27.08,3,1,0,2024-08-28
U0420,P0144,Poetry Collection - Variant 2,Books,23.59,1,2,0,2024-03-12
U0420,P0087,Hair Dryer,Beauty,46.49,3,1,1,2024-02-20
U0420,P0077,Face Moisturizer - Variant 2,Beauty,44.26,3,1,0,2024-04-06
U0420,P0004,Bluetooth Speaker - Variant 2,Electronics,53.79,3,3,0,2024-04-23
U0420,P0061,Blender - Variant 2,Home & Kitchen,27.47,1,3,1,2024-08-05
U0420,P0077,Face Moisturizer - Variant 2,Beauty,44.26,5,3,1,2024-09-12
U0420,P0073,Wall Clock,Home & Kitchen,81.51,5,2,1,2024-10-14
U0420,P0003,Bluetooth Speaker,Electronics,104.25,4,3,1,2024-12-30
U0420,P0101,Yoga Mat - Variant 2,Sports,24.96,1,2,0,2024-06-20
U0420,P0016,Gaming Mouse,Electronics,38.63,3,3,1,2024-05-28
U0420,P0077,Face Moisturizer - Variant 2,Beauty,44.26,4,2,1,2024-04-18
U0420,P0022,Webcam,Electronics,106.5,4,2,1,2024-05-10
U0420,P0078,Sunscreen SPF50,Beauty,33.33,3,3,1,2024-05-25
U0420,P0085,Perfume,Beauty,30.06,4,1,1,2024-11-12
U0420,P0022,Webcam,Electronics,106.5,2,1,1,2024-03-21
U0420,P0018,Gaming Mouse - Variant 3,Electronics,81.58,3,1,1,2024-07-29
U0420,P0039,Wrist Watch - Variant 2,Fashion,41.73,2,1,0,2024-04-03
U0420,P0080,Shampoo,Beauty,13.54,4,2,0,2024-08-10
U0420,P0012,USB-C Hub - Variant 2,Electronics,36.09,5,2,0,2024-02-13
U0420,P0076,Face Moisturizer,Beauty,48.93,3,2,0,2024-11-05
U0420,P0087,Hair Dryer,Beauty,46.49,3,3,1,2024-04-23
U0421,P0095,Beard Trimmer - Variant 2,Beauty,23.23,3,3,1,2024-07-16
U0421,P0105,Resistance Bands - Variant 2,Sports,18.03,2,2,0,2024-08-06
U0421,P0048,Sneakers - Variant 2,Fashion,58.93,3,2,0,2024-02-02
U0421,P0058,Non-stick Pan,Home & Kitchen,28.34,3,1,0,2024-12-15
U0421,P0072,Cutlery Set - Variant 3,Home & Kitchen,83.94,4,1,1,2024-02-14
U0421,P0080,Shampoo,Beauty,13.54,4,2,1,2024-01-25
U0421,P0098,Body Lotion - Variant 2,Beauty,19.09,2,2,1,2024-04-30
U0421,P0096,Beard Trimmer - Variant 3,Beauty,16.01,4,1,0,2024-01-05
U0421,P0026,Tablet - Variant 3,Electronics,105.26,2,3,1,2024-09-09
U0421,P0026,Tablet - Variant 3,Electronics,105.26,2,3,1,2024-10-11
U0421,P0076,Face Moisturizer,Beauty,48.93,4,2,1,2024-11-29
U0421,P0088,Hair Dryer - Variant 2,Beauty,21.47,2,1,1,2024-09-13
U0421,P0053,Air Fryer,Home & Kitchen,77.17,5,3,1,2024-02-26
U0421,P0088,Hair Dryer - Variant 2,Beauty,21.47,3,2,0,2024-05-11
U0421,P0058,Non-stick Pan,Home & Kitchen,28.34,4,2,1,2024-09-30
U0421,P0094,Beard Trimmer,Beauty,35.73,4,3,0,2024-12-22
U0421,P0005,Bluetooth Speaker - Variant 3,Electronics,53.78,3,1,0,2024-12-19
U0421,P0060,Blender,Home & Kitchen,43.99,5,3,1,2024-02-10
U0421,P0058,Non-stick Pan,Home & Kitchen,28.34,2,3,1,2024-08-16
U0421,P0091,Face Mask Set - Variant 2,Beauty,47.83,5,2,1,2024-04-03
U0421,P0009,Laptop Stand - Variant 2,Electronics,38.35,1,3,0,2024-03-27
U0421,P0070,Cutlery Set,Home & Kitchen,58.7,5,1,1,2024-09-21
U0421,P0059,Non-stick Pan - Variant 2,Home & Kitchen,63.2,4,2,1,2024-03-25
U0421,P0098,Body Lotion - Variant 2,Beauty,19.09,3,3,0,2024-12-16
U0421,P0063,Vacuum Cleaner - Variant 2,Home & Kitchen,87.82,2,2,1,2024-03-06
U0421,P0067,Table Lamp - Variant 2,Home & Kitchen,105.23,4,1,0,2024-02-20
U0422,P0101,Yoga Mat - Variant 2,Sports,24.96,4,1,0,2024-05-22
U0422,P0121,Skipping Rope - Variant 2,Sports,74.87,4,2,1,2024-07-02
U0422,P0111,Football,Sports,37.24,2,3,1,2024-06-27
U0422,P0051,Winter Coat - Variant 2,Fashion,46.85,2,2,0,2024-10-02
U0422,P0100,Yoga Mat,Sports,36.49,3,3,0,2024-11-05
U0422,P0101,Yoga Mat - Variant 2,Sports,24.96,3,3,1,2024-04-28
U0422,P0027,Running Shoes,Fashion,50.96,2,1,1,2024-06-23
U0422,P0116,Tennis Racket - Variant 3,Sports,21.7,2,3,0,2024-10-09
U0422,P0100,Yoga Mat,Sports,36.49,4,3,0,2024-11-22
U0422,P0108,Water Bottle,Sports,48.44,5,1,1,2024-10-02
U0422,P0103,Dumbbell Set - Variant 2,Sports,24.27,4,2,1,2024-10-29
U0422,P0113,Football - Variant 3,Sports,36.42,4,2,0,2024-06-07
U0422,P0116,Tennis Racket - Variant 3,Sports,21.7,3,2,1,2024-06-30
U0422,P0114,Tennis Racket,Sports,49.81,3,3,0,2024-09-14
U0422,P0117,Fitness Tracker,Sports,72.86,3,3,1,2024-09-11
U0422,P0115,Tennis Racket - Variant 2,Sports,41.02,4,1,1,2024-11-16
U0422,P0114,Tennis Racket,Sports,49.81,5,1,1,2024-10-15
U0422,P0119,Fitness Tracker - Variant 3,Sports,46.34,3,2,1,2024-04-30
U0422,P0034,Leather Wallet - Variant 2,Fashion,29.12,3,3,0,2024-12-20
U0422,P0105,Resistance Bands - Variant 2,Sports,18.03,4,3,1,2024-10-15
U0422,P0115,Tennis Racket - Variant 2,Sports,41.02,1,1,1,2024-11-20
U0422,P0094,Beard Trimmer,Beauty,35.73,2,3,0,2024-11-05
U0422,P0104,Resistance Bands,Sports,54.92,3,1,1,2024-01-02
U0422,P0113,Football - Variant 3,Sports,36.42,5,1,1,2024-12-18
U0422,P0140,Business Strategy Book - Variant 3,Books,14.32,2,2,1,2024-04-25
U0422,P0103,Dumbbell Set - Variant 2,Sports,24.27,1,2,1,2024-02-27
U0422,P0114,Tennis Racket,Sports,49.81,4,3,0,2024-12-16
U0422,P0121,Skipping Rope - Variant 2,Sports,74.87,5,3,1,2024-11-03
U0422,P0100,Yoga Mat,Sports,36.49,4,1,1,2024-02-19
U0422,P0111,Football,Sports,37.24,5,3,1,2024-12-22
U0422,P0123,Gym Bag - Variant 2,Sports,46.65,3,3,1,2024-03-06
U0422,P0112,Football - Variant 2,Sports,71.75,5,2,0,2024-06-19
U0422,P0052,Winter Coat - Variant 3,Fashion,39.04,1,3,0,2024-07-27
U0423,P0051,Winter Coat - Variant 2,Fashion,46.85,3,1,0,2024-08-31
U0423,P0071,Cutlery Set - Variant 2,Home & Kitchen,84.19,2,3,0,2024-06-08
U0423,P0036,Sunglasses,Fashion,32.53,4,3,1,2024-03-11
U0423,P0049,Sneakers - Variant 3,Fashion,55.64,5,1,1,2024-09-14
U0423,P0048,Sneakers - Variant 2,Fashion,58.93,5,3,1,2024-01-31
U0423,P0050,Winter Coat,Fashion,42.63,2,3,1,2024-03-15
U0423,P0032,Cotton T-Shirt - Variant 2,Fashion,36.35,4,2,0,2024-09-05
U0423,P0034,Leather Wallet - Variant 2,Fashion,29.12,5,2,1,2024-03-27
U0423,P0038,Wrist Watch,Fashion,65.06,3,3,0,2024-12-25
U0423,P0038,Wrist Watch,Fashion,65.06,4,2,1,2024-08-15
U0423,P0029,Denim Jacket,Fashion,85.21,2,2,1,2024-09-09
U0423,P0049,Sneakers - Variant 3,Fashion,55.64,3,2,1,2024-10-12
U0423,P0036,Sunglasses,Fashion,32.53,3,1,1,2024-01-21
U0423,P0038,Wrist Watch,Fashion,65.06,4,1,1,2024-10-18
U0423,P0049,Sneakers - Variant 3,Fashion,55.64,5,3,1,2024-08-12
U0423,P0083,Lipstick - Variant 2,Beauty,16.1,4,1,0,2024-05-03
U0423,P0040,Wrist Watch - Variant 3,Fashion,55.58,4,3,1,2024-02-23
U0423,P0041,Backpack,Fashion,58.75,4,1,0,2024-06-06
U0423,P0052,Winter Coat - Variant 3,Fashion,39.04,5,2,1,2024-03-14
U0423,P0083,Lipstick - Variant 2,Beauty,16.1,2,3,0,2024-10-10
U0423,P0115,Tennis Racket - Variant 2,Sports,41.02,2,2,0,2024-05-19
U0423,P0032,Cotton T-Shirt - Variant 2,Fashion,36.35,4,3,1,2024-09-12
U0424,P0069,Storage Boxes - Variant 2,Home & Kitchen,55.29,3,3,1,2024-06-03
U0424,P0075,Wall Clock - Variant 3,Home & Kitchen,67.37,5,3,1,2024-07-21
U0424,P0045,Formal Shirt - Variant 2,Fashion,80.51,1,3,0,2024-05-11
U0424,P0129,Self-Help Book - Variant 3,Books,37.09,3,1,0,2024-06-03
U0424,P0098,Body Lotion - Variant 2,Beauty,19.09,3,2,0,2024-04-17
U0424,P0073,Wall Clock,Home & Kitchen,81.51,3,2,1,2024-03-06
U0424,P0056,Coffee Maker - Variant 2,Home & Kitchen,39.05,4,3,0,2024-10-08
U0424,P0067,Table Lamp - Variant 2,Home & Kitchen,105.23,3,2,1,2024-04-01
U0424,P0061,Blender - Variant 2,Home & Kitchen,27.47,3,2,1,2024-01-07
U0424,P0067,Table Lamp - Variant 2,Home & Kitchen,105.23,2,2,0,2024-08-16
U0424,P0056,Coffee Maker - Variant 2,Home & Kitchen,39.05,5,3,0,2024-06-18
U0424,P0053,Air Fryer,Home & Kitchen,77.17,2,2,1,2024-03-18
U0424,P0110,Water Bottle - Variant 3,Sports,57.47,1,3,0,2024-10-04
U0424,P0075,Wall Clock - Variant 3,Home & Kitchen,67.37,3,1,0,2024-01-15
U0424,P0069,Storage Boxes - Variant 2,Home & Kitchen,55.29,4,1,0,2024-07-31
U0425,P0066,Table Lamp,Home & Kitchen,82.67,5,2,1,2024-07-09
U0425,P0062,Vacuum Cleaner,Home & Kitchen,44.0,4,2,1,2024-02-17
U0425,P0055,Coffee Maker,Home & Kitchen,73.4,3,2,1,2024-01-02
U0425,P0146,History Book,Books,11.74,5,2,1,2024-05-03
U0425,P0057,Coffee Maker - Variant 3,Home & Kitchen,95.59,2,2,1,2024-10-22
U0425,P0140,Business Strategy Book - Variant 3,Books,14.32,2,1,0,2024-12-09
U0425,P0075,Wall Clock - Variant 3,Home & Kitchen,67.37,4,2,1,2024-07-19
U0425,P0059,Non-stick Pan - Variant 2,Home & Kitchen,63.2,5,3,1,2024-08-14
U0425,P0017,Gaming Mouse - Variant 2,Electronics,95.82,1,1,0,2024-01-21
U0425,P0070,Cutlery Set,Home & Kitchen,58.7,3,1,1,2024-09-26
U0425,P0144,Poetry Collection - Variant 2,Books,23.59,4,2,0,2024-03-23
U0425,P0133,Biography,Books,29.75,4,2,1,2024-03-14
U0425,P0127,Self-Help Book,Books,13.13,3,2,0,2024-07-01
U0425,P0086,Perfume - Variant 2,Beauty,33.4,1,1,1,2024-12-26
U0425,P0066,Table Lamp,Home & Kitchen,82.67,3,1,1,2024-05-08
U0425,P0070,Cutlery Set,Home & Kitchen,58.7,3,3,0,2024-04-29
U0425,P0150,Programming Guide - Variant 2,Books,12.92,4,3,0,2024-03-06
U0425,P0136,Sci-Fi Novel - Variant 2,Books,20.37,5,1,1,2024-11-27
U0425,P0138,Business Strategy Book,Books,32.81,5,1,1,2024-09-04
U0425,P0067,Table Lamp - Variant 2,Home & Kitchen,105.23,5,3,1,2024-03-31
U0425,P0128,Self-Help Book - Variant 2,Books,22.95,2,3,0,2024-04-16
U0425,P0066,Table Lamp,Home & Kitchen,82.67,4,2,0,2024-11-08
U0425,P0124,Mystery Novel,Books,9.94,2,3,0,2024-11-09
U0425,P0064,Bed Sheets Set,Home & Kitchen,92.94,2,2,0,2024-06-21
U0425,P0138,Business Strategy Book,Books,32.81,5,2,0,2024-08-24
U0425,P0140,Business Strategy Book - Variant 3,Books,14.32,5,2,0,2024-08-09
U0425,P0140,Business Strategy Book - Variant 3,Books,14.32,2,1,1,2024-10-17
U0425,P0057,Coffee Maker - Variant 3,Home & Kitchen,95.59,4,3,1,2024-03-12
U0425,P0131,Cookbook - Variant 2,Books,11.3,3,1,1,2024-11-24
U0425,P0054,Air Fryer - Variant 2,Home & Kitchen,109.53,3,2,1,2024-12-21
U0425,P0125,Mystery Novel - Variant 2,Books,18.83,3,3,1,2024-02-02
U0425,P0012,USB-C Hub - Variant 2,Electronics,36.09,3,1,0,2024-01-24
U0425,P0053,Air Fryer,Home & Kitchen,77.17,4,3,1,2024-01-21
U0425,P0058,Non-stick Pan,Home & Kitchen,28.34,5,1,1,2024-11-11
U0425,P0142,Children's Storybook - Variant 2,Books,18.29,3,2,1,2024-12-07
U0425,P0094,Beard Trimmer,Beauty,35.73,2,3,1,2024-11-11
U0425,P0141,Children's Storybook,Books,33.46,4,2,1,2024-03-17
U0425,P0010,Laptop Stand - Variant 3,Electronics,146.57,1,3,1,2024-10-01
U0425,P0133,Biography,Books,29.75,3,1,1,2024-05-22
U0426,P0047,Sneakers,Fashion,42.71,1,1,1,2024-07-04
U0426,P0032,Cotton T-Shirt - Variant 2,Fashion,36.35,2,1,0,2024-03-17
U0426,P0048,Sneakers - Variant 2,Fashion,58.93,1,3,0,2024-07-15
U0426,P0071,Cutlery Set - Variant 2,Home & Kitchen,84.19,3,1,1,2024-12-11
U0426,P0147,History Book - Variant 2,Books,35.8,3,3,1,2024-06-08
U0426,P0104,Resistance Bands,Sports,54.92,2,1,0,2024-01-08
U0426,P0113,Football - Variant 3,Sports,36.42,3,1,0,2024-03-26
U0426,P0054,Air Fryer - Variant 2,Home & Kitchen,109.53,4,2,1,2024-02-19
U0426,P0061,Blender - Variant 2,Home & Kitchen,27.47,3,3,1,2024-08-27
U0426,P0071,Cutlery Set - Variant 2,Home & Kitchen,84.19,3,2,1,2024-05-17
U0426,P0032,Cotton T-Shirt - Variant 2,Fashion,36.35,3,3,1,2024-01-18
U0426,P0051,Winter Coat - Variant 2,Fashion,46.85,5,1,1,2024-09-28
U0426,P0030,Denim Jacket - Variant 2,Fashion,74.76,5,3,1,2024-08-24
U0426,P0036,Sunglasses,Fashion,32.53,3,3,1,2024-03-13
U0426,P0036,Sunglasses,Fashion,32.53,2,2,0,2024-08-28
U0426,P0055,Coffee Maker,Home & Kitchen,73.4,1,3,0,2024-03-17
U0426,P0070,Cutlery Set,Home & Kitchen,58.7,4,2,1,2024-05-04
U0426,P0063,Vacuum Cleaner - Variant 2,Home & Kitchen,87.82,4,3,1,2024-02-25
U0426,P0131,Cookbook - Variant 2,Books,11.3,2,3,1,2024-07-31
U0427,P0108,Water Bottle,Sports,48.44,3,1,1,2024-10-30
U0427,P0059,Non-stick Pan - Variant 2,Home & Kitchen,63.2,1,3,1,2024-01-18
U0427,P0069,Storage Boxes - Variant 2,Home & Kitchen,55.29,2,3,0,2024-03-11
U0427,P0130,Cookbook,Books,25.89,4,1,1,2024-03-29
U0427,P0131,Cookbook - Variant 2,Books,11.3,5,2,1,2024-07-26
U0427,P0150,Programming Guide - Variant 2,Books,12.92,2,2,1,2024-09-12
U0427,P0110,Water Bottle - Variant 3,Sports,57.47,4,1,1,2024-07-07
U0427,P0128,Self-Help Book - Variant 2,Books,22.95,5,3,1,2024-07-26
U0427,P0122,Gym Bag,Sports,52.75,3,3,1,2024-12-17
U0427,P0059,Non-stick Pan - Variant 2,Home & Kitchen,63.2,1,2,1,2024-02-09
U0427,P0106,Cycling Helmet,Sports,67.06,4,2,1,2024-07-20
U0427,P0119,Fitness Tracker - Variant 3,Sports,46.34,5,3,1,2024-03-31
U0427,P0145,Poetry Collection - Variant 3,Books,15.46,5,2,1,2024-07-10
U0427,P0114,Tennis Racket,Sports,49.81,4,3,0,2024-10-10
U0427,P0055,Coffee Maker,Home & Kitchen,73.4,4,3,1,2024-07-15
U0427,P0111,Football,Sports,37.24,4,2,1,2024-06-01
U0427,P0111,Football,Sports,37.24,2,1,1,2024-08-10
U0427,P0057,Coffee Maker - Variant 3,Home & Kitchen,95.59,2,2,0,2024-08-18
U0427,P0108,Water Bottle,Sports,48.44,2,2,0,2024-11-03
U0427,P0101,Yoga Mat - Variant 2,Sports,24.96,5,1,1,2024-08-07
U0427,P0105,Resistance Bands - Variant 2,Sports,18.03,5,1,1,2024-05-19
U0427,P0106,Cycling Helmet,Sports,67.06,4,3,1,2024-08-24
U0427,P0136,Sci-Fi Novel - Variant 2,Books,20.37,3,2,1,2024-07-20
U0427,P0146,History Book,Books,11.74,4,2,1,2024-09-22
U0427,P0130,Cookbook,Books,25.89,3,3,0,2024-08-12
U0427,P0124,Mystery Novel,Books,9.94,5,3,1,2024-03-18
U0427,P0070,Cutlery Set,Home & Kitchen,58.7,3,2,0,2024-08-17
U0427,P0149,Programming Guide,Books,35.7,3,1,1,2024-12-17
U0427,P0102,Dumbbell Set,Sports,36.13,2,3,1,2024-11-02
U0427,P0106,Cycling Helmet,Sports,67.06,2,3,0,2024-04-19
U0427,P0146,History Book,Books,11.74,4,2,1,2024-06-16
U0427,P0033,Leather Wallet,Fashion,50.27,2,2,1,2024-11-07
U0427,P0105,Resistance Bands - Variant 2,Sports,18.03,3,3,1,2024-09-25
U0427,P0127,Self-Help Book,Books,13.13,3,2,1,2024-07-07
U0427,P0146,History Book,Books,11.74,3,2,1,2024-07-24
U0428,P0020,Mechanical Keyboard - Variant 2,Electronics,77.77,3,2,1,2024-05-09
U0428,P0148,History Book - Variant 3,Books,20.33,3,1,1,2024-08-29
U0428,P0142,Children's Storybook - Variant 2,Books,18.29,3,2,0,2024-12-26
U0428,P0010,Laptop Stand - Variant 3,Electronics,146.57,2,3,1,2024-11-10
U0428,P0025,Tablet - Variant 2,Electronics,41.3,5,3,1,2024-10-10
U0428,P0127,Self-Help Book,Books,13.13,5,3,1,2024-01-06
U0428,P0045,Formal Shirt - Variant 2,Fashion,80.51,2,3,0,2024-10-18
U0428,P0004,Bluetooth Speaker - Variant 2,Electronics,53.79,5,1,0,2024-08-16
U0428,P0120,Skipping Rope,Sports,26.44,1,2,1,2024-06-05
U0428,P0002,Wireless Earbuds - Variant 2,Electronics,56.91,4,2,1,2024-03-15
U0428,P0135,Sci-Fi Novel,Books,37.03,4,2,1,2024-11-28
U0428,P0008,Laptop Stand,Electronics,116.72,4,1,1,2024-05-26
U0428,P0008,Laptop Stand,Electronics,116.72,4,1,0,2024-06-30
U0428,P0149,Programming Guide,Books,35.7,2,3,1,2024-02-11
U0428,P0009,Laptop Stand - Variant 2,Electronics,38.35,4,1,1,2024-12-08
U0428,P0010,Laptop Stand - Variant 3,Electronics,146.57,3,3,0,2024-01-30
U0428,P0036,Sunglasses,Fashion,32.53,3,2,0,2024-04-09
U0428,P0002,Wireless Earbuds - Variant 2,Electronics,56.91,4,1,0,2024-06-26
U0428,P0107,Cycling Helmet - Variant 2,Sports,18.4,3,1,1,2024-12-25
U0428,P0139,Business Strategy Book - Variant 2,Books,18.14,3,2,1,2024-10-03
U0428,P0132,Cookbook - Variant 3,Books,19.54,3,3,1,2024-02-04
U0428,P0150,Programming Guide - Variant 2,Books,12.92,4,2,1,2024-04-29
U0428,P0008,Laptop Stand,Electronics,116.72,2,3,1,2024-05-21
U0428,P0127,Self-Help Book,Books,13.13,4,2,1,2024-06-27
U0428,P0019,Mechanical Keyboard,Electronics,69.3,3,1,0,2024-08-01
U0428,P0129,Self-Help Book - Variant 3,Books,37.09,2,1,0,2024-04-06
U0428,P0012,USB-C Hub - Variant 2,Electronics,36.09,5,2,1,2024-12-08
U0428,P0041,Backpack,Fashion,58.75,2,1,0,2024-10-02
U0428,P0013,USB-C Hub - Variant 3,Electronics,149.11,4,2,1,2024-04-22
U0428,P0063,Vacuum Cleaner - Variant 2,Home & Kitchen,87.82,3,2,0,2024-10-26
U0428,P0136,Sci-Fi Novel - Variant 2,Books,20.37,3,1,1,2024-04-03
U0428,P0070,Cutlery Set,Home & Kitchen,58.7,1,3,1,2024-11-12
U0428,P0128,Self-Help Book - Variant 2,Books,22.95,4,1,1,2024-03-16
U0428,P0130,Cookbook,Books,25.89,2,1,1,2024-08-23
U0428,P0079,Sunscreen SPF50 - Variant 2,Beauty,41.3,5,3,0,2024-05-19
U0428,P0030,Denim Jacket - Variant 2,Fashion,74.76,2,3,0,2024-01-22
U0428,P0124,Mystery Novel,Books,9.94,3,1,0,2024-05-11
U0428,P0147,History Book - Variant 2,Books,35.8,5,1,1,2024-10-12
U0428,P0107,Cycling Helmet - Variant 2,Sports,18.4,2,2,1,2024-09-22
U0429,P0094,Beard Trimmer,Beauty,35.73,5,2,0,2024-12-07
U0429,P0077,Face Moisturizer - Variant 2,Beauty,44.26,2,3,0,2024-01-04
U0429,P0081,Shampoo - Variant 2,Beauty,39.01,5,3,1,2024-09-23
U0429,P0091,Face Mask Set - Variant 2,Beauty,47.83,3,2,1,2024-08-14
U0429,P0088,Hair Dryer - Variant 2,Beauty,21.47,3,2,1,2024-02-20
U0429,P0028,Running Shoes - Variant 2,Fashion,21.88,4,3,0,2024-01-11
U0429,P0079,Sunscreen SPF50 - Variant 2,Beauty,41.3,5,2,0,2024-07-24
U0429,P0095,Beard Trimmer - Variant 2,Beauty,23.23,2,3,0,2024-10-13
U0429,P0135,Sci-Fi Novel,Books,37.03,3,2,1,2024-11-14
U0429,P0095,Beard Trimmer - Variant 2,Beauty,23.23,5,1,1,2024-05-31
U0429,P0081,Shampoo - Variant 2,Beauty,39.01,5,1,1,2024-02-16
U0429,P0086,Perfume - Variant 2,Beauty,33.4,4,3,1,2024-12-12
U0429,P0093,Nail Polish Kit - Variant 2,Beauty,18.13,5,2,1,2024-08-20
U0429,P0099,Body Lotion - Variant 3,Beauty,45.92,4,3,1,2024-10-03
U0429,P0079,Sunscreen SPF50 - Variant 2,Beauty,41.3,4,2,1,2024-03-26
U0429,P0087,Hair Dryer,Beauty,46.49,4,3,1,2024-11-15
U0429,P0099,Body Lotion - Variant 3,Beauty,45.92,5,2,1,2024-04-02
U0429,P0082,Lipstick,Beauty,12.97,4,2,1,2024-02-10
U0429,P0096,Beard Trimmer - Variant 3,Beauty,16.01,5,2,1,2024-04-21
U0429,P0090,Face Mask Set,Beauty,19.72,4,1,1,2024-03-29
U0429,P0081,Shampoo - Variant 2,Beauty,39.01,4,2,0,2024-09-01
U0429,P0082,Lipstick,Beauty,12.97,4,1,1,2024-01-07
U0429,P0097,Body Lotion,Beauty,42.54,3,1,1,2024-03-13
U0429,P0087,Hair Dryer,Beauty,46.49,4,3,1,2024-06-02
U0429,P0090,Face Mask Set,Beauty,19.72,4,2,1,2024-06-13
U0429,P0104,Resistance Bands,Sports,54.92,1,3,1,2024-09-01
U0429,P0086,Perfume - Variant 2,Beauty,33.4,4,2,1,2024-12-15
U0429,P0087,Hair Dryer,Beauty,46.49,4,3,1,2024-01-23
U0429,P0074,Wall Clock - Variant 2,Home & Kitchen,102.86,3,1,0,2024-10-04
U0430,P0098,Body Lotion - Variant 2,Beauty,19.09,4,3,0,2024-03-30
U0430,P0145,Poetry Collection - Variant 3,Books,15.46,4,2,1,2024-11-11
U0430,P0128,Self-Help Book - Variant 2,Books,22.95,3,3,0,2024-04-08
U0430,P0144,Poetry Collection - Variant 2,Books,23.59,3,1,1,2024-07-12
U0430,P0125,Mystery Novel - Variant 2,Books,18.83,4,1,1,2024-10-09
U0430,P0041,Backpack,Fashion,58.75,4,3,1,2024-09-03
U0430,P0077,Face Moisturizer - Variant 2,Beauty,44.26,2,2,1,2024-01-06
U0430,P0021,Mechanical Keyboard - Variant 3,Electronics,87.99,3,1,0,2024-06-20
U0430,P0080,Shampoo,Beauty,13.54,4,1,0,2024-10-17
U0430,P0129,Self-Help Book - Variant 3,Books,37.09,3,3,0,2024-11-18
U0431,P0033,Leather Wallet,Fashion,50.27,2,1,0,2024-12-27
U0431,P0028,Running Shoes - Variant 2,Fashion,21.88,4,2,0,2024-09-05
U0431,P0005,Bluetooth Speaker - Variant 3,Electronics,53.78,2,1,1,2024-05-28
U0431,P0024,Tablet,Electronics,103.54,1,3,0,2024-11-08
U0431,P0048,Sneakers - Variant 2,Fashion,58.93,1,1,0,2024-09-08
U0431,P0020,Mechanical Keyboard - Variant 2,Electronics,77.77,3,1,1,2024-06-20
U0431,P0040,Wrist Watch - Variant 3,Fashion,55.58,4,3,1,2024-01-16
U0431,P0036,Sunglasses,Fashion,32.53,4,2,1,2024-07-23
U0431,P0113,Football - Variant 3,Sports,36.42,4,2,0,2024-10-04
U0431,P0045,Formal Shirt - Variant 2,Fashion,80.51,4,2,1,2024-08-12
U0431,P0033,Leather Wallet,Fashion,50.27,5,2,1,2024-04-16
U0431,P0049,Sneakers - Variant 3,Fashion,55.64,4,3,1,2024-06-18
U0431,P0032,Cotton T-Shirt - Variant 2,Fashion,36.35,4,2,1,2024-05-25
U0431,P0028,Running Shoes - Variant 2,Fashion,21.88,5,2,0,2024-01-20
U0431,P0044,Formal Shirt,Fashion,83.48,3,3,0,2024-02-07
U0431,P0033,Leather Wallet,Fashion,50.27,3,2,0,2024-09-10
U0431,P0043,Backpack - Variant 3,Fashion,77.01,4,1,0,2024-05-17
U0431,P0027,Running Shoes,Fashion,50.96,5,3,1,2024-12-30
U0431,P0029,Denim Jacket,Fashion,85.21,4,1,1,2024-10-20
U0431,P0040,Wrist Watch - Variant 3,Fashion,55.58,4,2,0,2024-10-12
U0431,P0039,Wrist Watch - Variant 2,Fashion,41.73,3,3,0,2024-05-15
U0431,P0035,Leather Wallet - Variant 3,Fashion,53.93,4,3,1,2024-11-02
U0431,P0034,Leather Wallet - Variant 2,Fashion,29.12,2,2,1,2024-01-08
U0431,P0037,Sunglasses - Variant 2,Fashion,47.01,4,3,1,2024-07-29
U0431,P0074,Wall Clock - Variant 2,Home & Kitchen,102.86,2,2,0,2024-09-08
U0431,P0041,Backpack,Fashion,58.75,5,2,1,2024-07-22
U0431,P0033,Leather Wallet,Fashion,50.27,3,2,1,2024-12-30
U0431,P0037,Sunglasses - Variant 2,Fashion,47.01,3,1,1,2024-05-29
U0431,P0029,Denim Jacket,Fashion,85.21,2,1,1,2024-03-23
U0431,P0044,Formal Shirt,Fashion,83.48,5,2,1,2024-12-08
U0431,P0046,Formal Shirt - Variant 3,Fashion,60.76,3,2,1,2024-06-27
U0432,P0118,Fitness Tracker - Variant 2,Sports,32.35,3,1,0,2024-09-08
U0432,P0132,Cookbook - Variant 3,Books,19.54,4,1,0,2024-08-18
U0432,P0125,Mystery Novel - Variant 2,Books,18.83,5,3,0,2024-02-28
U0432,P0131,Cookbook - Variant 2,Books,11.3,2,1,1,2024-10-01
U0432,P0150,Programming Guide - Variant 2,Books,12.92,4,3,1,2024-05-23
U0432,P0139,Business Strategy Book - Variant 2,Books,18.14,2,3,0,2024-05-14
U0432,P0125,Mystery Novel - Variant 2,Books,18.83,3,1,1,2024-09-15
U0432,P0050,Winter Coat,Fashion,42.63,3,3,1,2024-10-05
U0432,P0136,Sci-Fi Novel - Variant 2,Books,20.37,2,1,1,2024-02-08
U0432,P0141,Children's Storybook,Books,33.46,5,2,1,2024-09-18
U0432,P0147,History Book - Variant 2,Books,35.8,4,2,1,2024-09-18
U0432,P0128,Self-Help Book - Variant 2,Books,22.95,5,3,1,2024-12-15
U0432,P0147,History Book - Variant 2,Books,35.8,2,2,1,2024-05-15
U0432,P0065,Bed Sheets Set - Variant 2,Home & Kitchen,33.33,3,3,0,2024-01-10
U0432,P0148,History Book - Variant 3,Books,20.33,3,2,0,2024-05-13
U0432,P0135,Sci-Fi Novel,Books,37.03,3,3,0,2024-03-20
U0432,P0134,Biography - Variant 2,Books,19.48,3,2,0,2024-05-19
U0433,P0097,Body Lotion,Beauty,42.54,5,1,0,2024-09-28
U0433,P0084,Lipstick - Variant 3,Beauty,13.19,2,1,1,2024-04-09
U0433,P0089,Hair Dryer - Variant 3,Beauty,27.59,3,1,1,2024-05-05
U0433,P0096,Beard Trimmer - Variant 3,Beauty,16.01,5,1,1,2024-01-28
U0433,P0051,Winter Coat - Variant 2,Fashion,46.85,4,2,1,2024-11-08
U0433,P0083,Lipstick - Variant 2,Beauty,16.1,5,3,1,2024-01-14
U0433,P0038,Wrist Watch,Fashion,65.06,4,3,0,2024-12-04
U0433,P0076,Face Moisturizer,Beauty,48.93,5,3,1,2024-11-16
U0433,P0030,Denim Jacket - Variant 2,Fashion,74.76,4,1,0,2024-10-29
U0433,P0107,Cycling Helmet - Variant 2,Sports,18.4,3,1,0,2024-11-03
U0433,P0090,Face Mask Set,Beauty,19.72,3,3,1,2024-12-06
U0433,P0097,Body Lotion,Beauty,42.54,3,2,1,2024-10-09
U0433,P0029,Denim Jacket,Fashion,85.21,4,3,1,2024-03-21
U0434,P0142,Children's Storybook - Variant 2,Books,18.29,5,3,1,2024-10-02
U0434,P0106,Cycling Helmet,Sports,67.06,5,1,0,2024-05-26
U0434,P0116,Tennis Racket - Variant 3,Sports,21.7,4,1,1,2024-04-09
U0434,P0147,History Book - Variant 2,Books,35.8,3,2,0,2024-12-15
U0434,P0114,Tennis Racket,Sports,49.81,5,2,1,2024-08-12
U0434,P0126,Mystery Novel - Variant 3,Books,27.08,4,2,0,2024-07-22
U0434,P0142,Children's Storybook - Variant 2,Books,18.29,4,2,1,2024-05-27
U0434,P0121,Skipping Rope - Variant 2,Sports,74.87,4,2,1,2024-07-18
U0434,P0139,Business Strategy Book - Variant 2,Books,18.14,3,2,0,2024-06-04
U0434,P0029,Denim Jacket,Fashion,85.21,2,1,0,2024-11-17
U0434,P0131,Cookbook - Variant 2,Books,11.3,4,3,1,2024-04-09
U0434,P0128,Self-Help Book - Variant 2,Books,22.95,3,2,1,2024-03-09
U0434,P0136,Sci-Fi Novel - Variant 2,Books,20.37,5,1,0,2024-12-26
U0434,P0114,Tennis Racket,Sports,49.81,4,2,1,2024-10-02
U0434,P0129,Self-Help Book - Variant 3,Books,37.09,5,3,1,2024-05-13
U0434,P0106,Cycling Helmet,Sports,67.06,5,3,1,2024-03-03
U0434,P0127,Self-Help Book,Books,13.13,4,1,0,2024-08-27
U0435,P0102,Dumbbell Set,Sports,36.13,2,2,0,2024-10-29
U0435,P0146,History Book,Books,11.74,2,2,0,2024-09-26
U0435,P0042,Backpack - Variant 2,Fashion,23.08,3,2,0,2024-06-06
U0435,P0025,Tablet - Variant 2,Electronics,41.3,2,2,1,2024-09-27
U0435,P0081,Shampoo - Variant 2,Beauty,39.01,2,3,1,2024-03-03
U0435,P0048,Sneakers - Variant 2,Fashion,58.93,4,1,1,2024-06-28
U0435,P0046,Formal Shirt - Variant 3,Fashion,60.76,2,1,0,2024-09-28
U0435,P0047,Sneakers,Fashion,42.71,5,2,1,2024-05-31
U0435,P0049,Sneakers - Variant 3,Fashion,55.64,2,3,1,2024-12-12
U0435,P0034,Leather Wallet - Variant 2,Fashion,29.12,5,2,1,2024-11-25
U0435,P0040,Wrist Watch - Variant 3,Fashion,55.58,3,3,1,2024-05-24
U0435,P0029,Denim Jacket,Fashion,85.21,4,1,1,2024-03-12
U0435,P0047,Sneakers,Fashion,42.71,2,3,1,2024-02-17
U0435,P0037,Sunglasses - Variant 2,Fashion,47.01,4,3,1,2024-11-29
U0435,P0051,Winter Coat - Variant 2,Fashion,46.85,4,3,1,2024-07-26
U0435,P0035,Leather Wallet - Variant 3,Fashion,53.93,4,3,1,2024-09-27
U0435,P0041,Backpack,Fashion,58.75,5,1,0,2024-06-11
U0435,P0048,Sneakers - Variant 2,Fashion,58.93,5,2,1,2024-10-16
U0435,P0046,Formal Shirt - Variant 3,Fashion,60.76,3,3,1,2024-11-19
U0435,P0116,Tennis Racket - Variant 3,Sports,21.7,4,1,1,2024-09-15
U0435,P0041,Backpack,Fashion,58.75,3,3,1,2024-03-13
U0435,P0042,Backpack - Variant 2,Fashion,23.08,3,1,1,2024-09-08
U0435,P0030,Denim Jacket - Variant 2,Fashion,74.76,2,1,1,2024-08-13
U0435,P0038,Wrist Watch,Fashion,65.06,2,2,1,2024-05-22
U0435,P0039,Wrist Watch - Variant 2,Fashion,41.73,4,3,0,2024-07-06
U0435,P0036,Sunglasses,Fashion,32.53,4,1,1,2024-01-09
U0435,P0047,Sneakers,Fashion,42.71,3,2,1,2024-08-29
U0435,P0049,Sneakers - Variant 3,Fashion,55.64,5,1,1,2024-12-11
U0435,P0032,Cotton T-Shirt - Variant 2,Fashion,36.35,3,1,1,2024-01-28
U0436,P0075,Wall Clock - Variant 3,Home & Kitchen,67.37,3,3,1,2024-02-04
U0436,P0093,Nail Polish Kit - Variant 2,Beauty,18.13,4,2,0,2024-11-27
U0436,P0082,Lipstick,Beauty,12.97,3,2,1,2024-05-07
U0436,P0056,Coffee Maker - Variant 2,Home & Kitchen,39.05,5,1,0,2024-07-05
U0436,P0079,Sunscreen SPF50 - Variant 2,Beauty,41.3,2,3,1,2024-01-31
U0436,P0085,Perfume,Beauty,30.06,2,1,1,2024-04-08
U0436,P0099,Body Lotion - Variant 3,Beauty,45.92,4,3,1,2024-08-28
U0436,P0098,Body Lotion - Variant 2,Beauty,19.09,3,1,0,2024-12-14
U0436,P0030,Denim Jacket - Variant 2,Fashion,74.76,4,1,0,2024-10-03
U0436,P0068,Storage Boxes,Home & Kitchen,80.29,5,1,1,2024-06-21
U0436,P0075,Wall Clock - Variant 3,Home & Kitchen,67.37,4,1,1,2024-06-25
U0436,P0037,Sunglasses - Variant 2,Fashion,47.01,2,3,1,2024-04-25
U0436,P0097,Body Lotion,Beauty,42.54,3,3,1,2024-03-18
U0436,P0072,Cutlery Set - Variant 3,Home & Kitchen,83.94,2,1,1,2024-05-16
U0436,P0101,Yoga Mat - Variant 2,Sports,24.96,2,3,0,2024-01-12
U0436,P0097,Body Lotion,Beauty,42.54,5,2,1,2024-12-01
U0436,P0076,Face Moisturizer,Beauty,48.93,4,1,0,2024-09-01
U0436,P0084,Lipstick - Variant 3,Beauty,13.19,3,1,1,2024-03-16
U0436,P0035,Leather Wallet - Variant 3,Fashion,53.93,3,3,0,2024-08-29
U0436,P0069,Storage Boxes - Variant 2,Home & Kitchen,55.29,3,1,1,2024-03-15
U0436,P0093,Nail Polish Kit - Variant 2,Beauty,18.13,4,2,1,2024-02-09
U0436,P0091,Face Mask Set - Variant 2,Beauty,47.83,4,2,1,2024-02-21
U0436,P0067,Table Lamp - Variant 2,Home & Kitchen,105.23,4,2,1,2024-12-25
U0436,P0066,Table Lamp,Home & Kitchen,82.67,4,2,1,2024-04-24
U0436,P0083,Lipstick - Variant 2,Beauty,16.1,3,3,1,2024-06-13
U0436,P0132,Cookbook - Variant 3,Books,19.54,2,2,1,2024-03-29
U0436,P0060,Blender,Home & Kitchen,43.99,4,1,1,2024-07-14
U0436,P0087,Hair Dryer,Beauty,46.49,3,3,1,2024-01-28
U0436,P0084,Lipstick - Variant 3,Beauty,13.19,4,3,1,2024-03-01
U0436,P0122,Gym Bag,Sports,52.75,2,2,0,2024-12-19
U0436,P0072,Cutlery Set - Variant 3,Home & Kitchen,83.94,5,3,1,2024-07-11
U0436,P0043,Backpack - Variant 3,Fashion,77.01,1,1,0,2024-10-28
U0437,P0112,Football - Variant 2,Sports,71.75,4,1,1,2024-04-09
U0437,P0133,Biography,Books,29.75,1,3,0,2024-03-26
U0437,P0116,Tennis Racket - Variant 3,Sports,21.7,5,3,0,2024-11-24
U0437,P0134,Biography - Variant 2,Books,19.48,3,3,0,2024-01-01
U0437,P0088,Hair Dryer - Variant 2,Beauty,21.47,4,1,1,2024-11-08
U0437,P0025,Tablet - Variant 2,Electronics,41.3,3,2,0,2024-11-18
U0437,P0117,Fitness Tracker,Sports,72.86,3,3,1,2024-08-19
U0437,P0100,Yoga Mat,Sports,36.49,4,2,1,2024-09-06
U0437,P0094,Beard Trimmer,Beauty,35.73,4,2,1,2024-02-25
U0437,P0090,Face Mask Set,Beauty,19.72,4,1,1,2024-08-19
U0437,P0071,Cutlery Set - Variant 2,Home & Kitchen,84.19,2,3,0,2024-07-30
U0437,P0130,Cookbook,Books,25.89,3,3,0,2024-04-22
U0437,P0119,Fitness Tracker - Variant 3,Sports,46.34,4,1,0,2024-08-13
U0437,P0125,Mystery Novel - Variant 2,Books,18.83,2,3,1,2024-09-18
U0437,P0107,Cycling Helmet - Variant 2,Sports,18.4,5,2,0,2024-01-22
U0437,P0085,Perfume,Beauty,30.06,4,2,1,2024-10-09
U0438,P0004,Bluetooth Speaker - Variant 2,Electronics,53.79,5,2,1,2024-09-05
U0438,P0010,Laptop Stand - Variant 3,Electronics,146.57,5,3,1,2024-01-13
U0438,P0049,Sneakers - Variant 3,Fashion,55.64,3,3,0,2024-09-15
U0438,P0008,Laptop Stand,Electronics,116.72,3,2,1,2024-12-18
U0438,P0010,Laptop Stand - Variant 3,Electronics,146.57,5,2,1,2024-12-13
U0438,P0036,Sunglasses,Fashion,32.53,3,3,1,2024-09-12
U0438,P0005,Bluetooth Speaker - Variant 3,Electronics,53.78,3,2,1,2024-12-26
U0438,P0014,Power Bank,Electronics,70.68,2,2,1,2024-02-28
U0438,P0143,Poetry Collection,Books,9.47,2,3,0,2024-03-24
U0438,P0099,Body Lotion - Variant 3,Beauty,45.92,4,2,0,2024-02-09
U0438,P0020,Mechanical Keyboard - Variant 2,Electronics,77.77,3,1,1,2024-05-29
U0438,P0011,USB-C Hub,Electronics,143.0,5,2,1,2024-06-23
U0438,P0018,Gaming Mouse - Variant 3,Electronics,81.58,4,1,1,2024-11-18
U0438,P0080,Shampoo,Beauty,13.54,3,2,0,2024-03-20
U0438,P0020,Mechanical Keyboard - Variant 2,Electronics,77.77,4,3,1,2024-12-16
U0438,P0144,Poetry Collection - Variant 2,Books,23.59,2,3,0,2024-03-05
U0438,P0007,Smartwatch - Variant 2,Electronics,74.04,3,3,0,2024-01-06
U0438,P0020,Mechanical Keyboard - Variant 2,Electronics,77.77,5,2,1,2024-04-23
U0438,P0002,Wireless Earbuds - Variant 2,Electronics,56.91,5,3,0,2024-01-28
U0438,P0026,Tablet - Variant 3,Electronics,105.26,4,1,1,2024-02-07
U0438,P0010,Laptop Stand - Variant 3,Electronics,146.57,4,1,1,2024-02-11
U0438,P0006,Smartwatch,Electronics,88.35,4,2,1,2024-04-12
U0438,P0014,Power Bank,Electronics,70.68,2,2,1,2024-05-31
U0438,P0102,Dumbbell Set,Sports,36.13,2,1,1,2024-09-08
U0438,P0019,Mechanical Keyboard,Electronics,69.3,2,1,1,2024-05-23
U0438,P0003,Bluetooth Speaker,Electronics,104.25,2,1,1,2024-07-23
U0438,P0022,Webcam,Electronics,106.5,4,2,1,2024-09-27
U0439,P0064,Bed Sheets Set,Home & Kitchen,92.94,2,2,1,2024-02-18
U0439,P0015,Power Bank - Variant 2,Electronics,95.82,2,3,0,2024-04-25
U0439,P0078,Sunscreen SPF50,Beauty,33.33,3,1,0,2024-02-19
U0439,P0059,Non-stick Pan - Variant 2,Home & Kitchen,63.2,5,2,1,2024-04-11
U0439,P0065,Bed Sheets Set - Variant 2,Home & Kitchen,33.33,3,3,1,2024-04-01
U0439,P0056,Coffee Maker - Variant 2,Home & Kitchen,39.05,5,2,1,2024-04-15
U0439,P0071,Cutlery Set - Variant 2,Home & Kitchen,84.19,5,2,1,2024-03-11
U0439,P0059,Non-stick Pan - Variant 2,Home & Kitchen,63.2,4,3,1,2024-10-06
U0439,P0069,Storage Boxes - Variant 2,Home & Kitchen,55.29,4,2,0,2024-10-26
U0439,P0061,Blender - Variant 2,Home & Kitchen,27.47,4,2,1,2024-11-13
U0439,P0003,Bluetooth Speaker,Electronics,104.25,3,3,0,2024-08-25
U0439,P0063,Vacuum Cleaner - Variant 2,Home & Kitchen,87.82,4,2,1,2024-04-22
U0439,P0073,Wall Clock,Home & Kitchen,81.51,4,1,1,2024-03-02
U0439,P0006,Smartwatch,Electronics,88.35,2,3,0,2024-01-02
U0440,P0059,Non-stick Pan - Variant 2,Home & Kitchen,63.2,4,1,1,2024-02-02
U0440,P0009,Laptop Stand - Variant 2,Electronics,38.35,3,1,0,2024-02-12
U0440,P0066,Table Lamp,Home & Kitchen,82.67,2,1,1,2024-08-24
U0440,P0065,Bed Sheets Set - Variant 2,Home & Kitchen,33.33,3,1,1,2024-08-08
U0440,P0080,Shampoo,Beauty,13.54,2,1,1,2024-01-15
U0440,P0078,Sunscreen SPF50,Beauty,33.33,2,3,1,2024-02-13
U0440,P0074,Wall Clock - Variant 2,Home & Kitchen,102.86,3,3,1,2024-11-28
U0440,P0088,Hair Dryer - Variant 2,Beauty,21.47,4,2,0,2024-05-20
U0440,P0084,Lipstick - Variant 3,Beauty,13.19,2,3,1,2024-09-27
U0440,P0066,Table Lamp,Home & Kitchen,82.67,4,3,1,2024-06-04
U0440,P0009,Laptop Stand - Variant 2,Electronics,38.35,3,1,0,2024-05-09
U0440,P0096,Beard Trimmer - Variant 3,Beauty,16.01,3,2,1,2024-08-17
U0440,P0054,Air Fryer - Variant 2,Home & Kitchen,109.53,3,1,1,2024-03-08
U0440,P0067,Table Lamp - Variant 2,Home & Kitchen,105.23,4,1,1,2024-03-23
U0441,P0149,Programming Guide,Books,35.7,3,2,1,2024-07-10
U0441,P0148,History Book - Variant 3,Books,20.33,3,2,1,2024-12-08
U0441,P0131,Cookbook - Variant 2,Books,11.3,4,3,1,2024-09-30
U0441,P0141,Children's Storybook,Books,33.46,5,3,1,2024-01-27
U0441,P0143,Poetry Collection,Books,9.47,5,1,1,2024-07-14
U0441,P0136,Sci-Fi Novel - Variant 2,Books,20.37,4,2,1,2024-05-08
U0441,P0043,Backpack - Variant 3,Fashion,77.01,2,3,0,2024-10-30
U0441,P0146,History Book,Books,11.74,4,1,0,2024-11-17
U0441,P0138,Business Strategy Book,Books,32.81,4,1,1,2024-07-17
U0441,P0130,Cookbook,Books,25.89,2,3,1,2024-09-26
U0441,P0149,Programming Guide,Books,35.7,4,1,1,2024-02-20
U0441,P0144,Poetry Collection - Variant 2,Books,23.59,2,3,0,2024-07-18
U0441,P0143,Poetry Collection,Books,9.47,3,2,1,2024-03-25
U0441,P0001,Wireless Earbuds,Electronics,126.81,3,2,0,2024-06-19
U0441,P0137,Sci-Fi Novel - Variant 3,Books,32.27,4,3,0,2024-11-19
U0441,P0135,Sci-Fi Novel,Books,37.03,3,1,1,2024-01-17
U0441,P0136,Sci-Fi Novel - Variant 2,Books,20.37,3,1,1,2024-04-17
U0441,P0135,Sci-Fi Novel,Books,37.03,3,2,1,2024-06-29
U0441,P0141,Children's Storybook,Books,33.46,4,3,1,2024-12-23
U0441,P0150,Programming Guide - Variant 2,Books,12.92,4,2,1,2024-01-05
U0441,P0139,Business Strategy Book - Variant 2,Books,18.14,4,3,1,2024-06-16
U0441,P0125,Mystery Novel - Variant 2,Books,18.83,4,1,1,2024-11-12
U0441,P0137,Sci-Fi Novel - Variant 3,Books,32.27,5,3,1,2024-07-23
U0441,P0028,Running Shoes - Variant 2,Fashion,21.88,2,3,1,2024-12-30
U0441,P0137,Sci-Fi Novel - Variant 3,Books,32.27,4,1,1,2024-04-19
U0441,P0146,History Book,Books,11.74,4,3,1,2024-07-02
U0441,P0003,Bluetooth Speaker,Electronics,104.25,3,3,0,2024-05-07
U0441,P0128,Self-Help Book - Variant 2,Books,22.95,4,1,1,2024-08-09
U0441,P0103,Dumbbell Set - Variant 2,Sports,24.27,3,2,1,2024-08-17
U0441,P0064,Bed Sheets Set,Home & Kitchen,92.94,2,2,1,2024-01-31
U0441,P0125,Mystery Novel - Variant 2,Books,18.83,3,3,1,2024-04-11
U0441,P0053,Air Fryer,Home & Kitchen,77.17,1,1,1,2024-07-22
U0442,P0027,Running Shoes,Fashion,50.96,2,1,1,2024-10-20
U0442,P0037,Sunglasses - Variant 2,Fashion,47.01,3,3,1,2024-09-10
U0442,P0034,Leather Wallet - Variant 2,Fashion,29.12,4,2,1,2024-06-11
U0442,P0033,Leather Wallet,Fashion,50.27,2,2,1,2024-09-18
U0442,P0038,Wrist Watch,Fashion,65.06,5,1,1,2024-05-25
U0442,P0051,Winter Coat - Variant 2,Fashion,46.85,3,2,1,2024-02-12
U0442,P0038,Wrist Watch,Fashion,65.06,4,2,1,2024-02-26
U0442,P0048,Sneakers - Variant 2,Fashion,58.93,4,2,1,2024-09-20
U0442,P0036,Sunglasses,Fashion,32.53,4,1,1,2024-03-16
U0442,P0033,Leather Wallet,Fashion,50.27,3,3,0,2024-01-01
U0442,P0036,Sunglasses,Fashion,32.53,3,2,1,2024-07-18
U0442,P0031,Cotton T-Shirt,Fashion,22.06,5,1,0,2024-08-21
U0442,P0056,Coffee Maker - Variant 2,Home & Kitchen,39.05,3,3,0,2024-04-27
U0442,P0043,Backpack - Variant 3,Fashion,77.01,2,3,1,2024-06-02
U0442,P0042,Backpack - Variant 2,Fashion,23.08,4,3,1,2024-08-08
U0442,P0047,Sneakers,Fashion,42.71,4,2,1,2024-11-10
U0442,P0029,Denim Jacket,Fashion,85.21,5,3,1,2024-07-21
U0442,P0043,Backpack - Variant 3,Fashion,77.01,3,3,1,2024-11-24
U0442,P0107,Cycling Helmet - Variant 2,Sports,18.4,2,2,1,2024-03-15
U0442,P0122,Gym Bag,Sports,52.75,3,1,0,2024-07-28
U0442,P0099,Body Lotion - Variant 3,Beauty,45.92,5,2,0,2024-01-30
U0442,P0044,Formal Shirt,Fashion,83.48,4,3,1,2024-08-30
U0443,P0103,Dumbbell Set - Variant 2,Sports,24.27,2,3,0,2024-06-25
U0443,P0002,Wireless Earbuds - Variant 2,Electronics,56.91,5,3,1,2024-08-24
U0443,P0071,Cutlery Set - Variant 2,Home & Kitchen,84.19,4,1,0,2024-11-30
U0443,P0019,Mechanical Keyboard,Electronics,69.3,4,3,0,2024-05-26
U0443,P0068,Storage Boxes,Home & Kitchen,80.29,5,3,1,2024-11-24
U0443,P0007,Smartwatch - Variant 2,Electronics,74.04,4,2,1,2024-12-08
U0443,P0011,USB-C Hub,Electronics,143.0,3,3,1,2024-07-11
U0443,P0059,Non-stick Pan - Variant 2,Home & Kitchen,63.2,4,3,1,2024-02-03
U0443,P0010,Laptop Stand - Variant 3,Electronics,146.57,3,1,1,2024-03-30
U0443,P0063,Vacuum Cleaner - Variant 2,Home & Kitchen,87.82,3,3,1,2024-12-20
U0443,P0031,Cotton T-Shirt,Fashion,22.06,2,3,0,2024-09-08
U0443,P0017,Gaming Mouse - Variant 2,Electronics,95.82,3,3,1,2024-11-14
U0443,P0003,Bluetooth Speaker,Electronics,104.25,4,2,0,2024-11-27
U0443,P0069,Storage Boxes - Variant 2,Home & Kitchen,55.29,3,1,0,2024-04-12
U0443,P0074,Wall Clock - Variant 2,Home & Kitchen,102.86,5,2,0,2024-10-25
U0443,P0073,Wall Clock,Home & Kitchen,81.51,5,1,0,2024-05-23
U0443,P0066,Table Lamp,Home & Kitchen,82.67,4,3,1,2024-08-09
U0443,P0062,Vacuum Cleaner,Home & Kitchen,44.0,3,1,1,2024-12-21
U0443,P0004,Bluetooth Speaker - Variant 2,Electronics,53.79,4,1,1,2024-10-14
U0443,P0093,Nail Polish Kit - Variant 2,Beauty,18.13,3,3,1,2024-02-19
U0443,P0022,Webcam,Electronics,106.5,4,1,1,2024-03-25
U0443,P0071,Cutlery Set - Variant 2,Home & Kitchen,84.19,2,1,0,2024-08-17
U0443,P0005,Bluetooth Speaker - Variant 3,Electronics,53.78,3,2,1,2024-08-24
U0443,P0053,Air Fryer,Home & Kitchen,77.17,4,1,1,2024-10-21
U0443,P0002,Wireless Earbuds - Variant 2,Electronics,56.91,4,3,1,2024-04-30
U0443,P0056,Coffee Maker - Variant 2,Home & Kitchen,39.05,5,2,1,2024-01-24
U0443,P0092,Nail Polish Kit,Beauty,23.01,3,3,1,2024-01-27
U0443,P0014,Power Bank,Electronics,70.68,4,3,1,2024-07-28
U0444,P0100,Yoga Mat,Sports,36.49,3,1,0,2024-10-25
U0444,P0145,Poetry Collection - Variant 3,Books,15.46,2,3,0,2024-03-06
U0444,P0058,Non-stick Pan,Home & Kitchen,28.34,5,3,0,2024-07-24
U0444,P0055,Coffee Maker,Home & Kitchen,73.4,4,2,0,2024-04-28
U0444,P0065,Bed Sheets Set - Variant 2,Home & Kitchen,33.33,4,1,1,2024-06-25
U0444,P0132,Cookbook - Variant 3,Books,19.54,3,1,0,2024-11-27
U0444,P0070,Cutlery Set,Home & Kitchen,58.7,3,2,1,2024-01-28
U0444,P0073,Wall Clock,Home & Kitchen,81.51,3,2,1,2024-05-18
U0444,P0088,Hair Dryer - Variant 2,Beauty,21.47,4,3,0,2024-08-29
U0444,P0075,Wall Clock - Variant 3,Home & Kitchen,67.37,3,3,0,2024-04-29
U0444,P0061,Blender - Variant 2,Home & Kitchen,27.47,4,1,1,2024-04-27
U0444,P0074,Wall Clock - Variant 2,Home & Kitchen,102.86,2,3,1,2024-11-27
U0444,P0060,Blender,Home & Kitchen,43.99,3,3,0,2024-06-12
U0444,P0073,Wall Clock,Home & Kitchen,81.51,3,1,1,2024-04-01
U0444,P0074,Wall Clock - Variant 2,Home & Kitchen,102.86,4,1,1,2024-11-18
U0444,P0061,Blender - Variant 2,Home & Kitchen,27.47,3,1,1,2024-08-25
U0444,P0083,Lipstick - Variant 2,Beauty,16.1,2,3,0,2024-04-11
U0444,P0055,Coffee Maker,Home & Kitchen,73.4,4,3,1,2024-10-23
U0444,P0062,Vacuum Cleaner,Home & Kitchen,44.0,3,1,1,2024-10-10
U0444,P0059,Non-stick Pan - Variant 2,Home & Kitchen,63.2,4,2,1,2024-11-27
U0445,P0131,Cookbook - Variant 2,Books,11.3,5,1,1,2024-04-04
U0445,P0129,Self-Help Book - Variant 3,Books,37.09,2,2,1,2024-05-07
U0445,P0085,Perfume,Beauty,30.06,2,3,0,2024-07-30
U0445,P0136,Sci-Fi Novel - Variant 2,Books,20.37,4,3,1,2024-12-25
U0445,P0132,Cookbook - Variant 3,Books,19.54,1,3,1,2024-06-30
U0445,P0071,Cutlery Set - Variant 2,Home & Kitchen,84.19,4,3,1,2024-02-05
U0445,P0060,Blender,Home & Kitchen,43.99,3,3,0,2024-06-12
U0445,P0150,Programming Guide - Variant 2,Books,12.92,5,1,1,2024-01-06
U0445,P0150,Programming Guide - Variant 2,Books,12.92,2,2,1,2024-11-30
U0445,P0072,Cutlery Set - Variant 3,Home & Kitchen,83.94,4,3,1,2024-07-05
U0445,P0130,Cookbook,Books,25.89,4,2,1,2024-08-24
U0445,P0140,Business Strategy Book - Variant 3,Books,14.32,4,2,1,2024-06-21
U0445,P0059,Non-stick Pan - Variant 2,Home & Kitchen,63.2,5,2,1,2024-12-03
U0445,P0056,Coffee Maker - Variant 2,Home & Kitchen,39.05,3,3,1,2024-09-04
U0445,P0130,Cookbook,Books,25.89,4,1,0,2024-03-13
U0445,P0074,Wall Clock - Variant 2,Home & Kitchen,102.86,2,3,1,2024-07-09
U0445,P0149,Programming Guide,Books,35.7,3,1,1,2024-10-16
U0445,P0130,Cookbook,Books,25.89,3,1,1,2024-10-05
U0445,P0145,Poetry Collection - Variant 3,Books,15.46,4,3,1,2024-10-16
U0445,P0073,Wall Clock,Home & Kitchen,81.51,3,3,1,2024-01-12
U0445,P0143,Poetry Collection,Books,9.47,4,3,1,2024-02-26
U0445,P0081,Shampoo - Variant 2,Beauty,39.01,3,1,0,2024-05-27
U0445,P0038,Wrist Watch,Fashion,65.06,2,2,0,2024-01-09
U0445,P0063,Vacuum Cleaner - Variant 2,Home & Kitchen,87.82,3,2,1,2024-06-29
U0446,P0072,Cutlery Set - Variant 3,Home & Kitchen,83.94,4,1,1,2024-06-27
U0446,P0054,Air Fryer - Variant 2,Home & Kitchen,109.53,4,3,1,2024-10-18
U0446,P0057,Coffee Maker - Variant 3,Home & Kitchen,95.59,4,2,0,2024-03-08
U0446,P0015,Power Bank - Variant 2,Electronics,95.82,1,3,0,2024-12-20
U0446,P0040,Wrist Watch - Variant 3,Fashion,55.58,4,3,1,2024-01-27
U0446,P0061,Blender - Variant 2,Home & Kitchen,27.47,2,2,1,2024-11-05
U0446,P0046,Formal Shirt - Variant 3,Fashion,60.76,2,1,0,2024-08-10
U0446,P0036,Sunglasses,Fashion,32.53,3,3,1,2024-02-11
U0446,P0039,Wrist Watch - Variant 2,Fashion,41.73,3,3,0,2024-05-28
U0446,P0040,Wrist Watch - Variant 3,Fashion,55.58,1,2,0,2024-01-14
U0446,P0126,Mystery Novel - Variant 3,Books,27.08,3,1,0,2024-08-07
U0446,P0027,Running Shoes,Fashion,50.96,4,1,1,2024-03-19
U0446,P0043,Backpack - Variant 3,Fashion,77.01,4,3,1,2024-08-16
U0446,P0050,Winter Coat,Fashion,42.63,5,1,1,2024-07-17
U0446,P0141,Children's Storybook,Books,33.46,4,3,1,2024-04-20
U0446,P0039,Wrist Watch - Variant 2,Fashion,41.73,4,1,1,2024-11-16
U0446,P0061,Blender - Variant 2,Home & Kitchen,27.47,5,2,1,2024-02-13
U0446,P0028,Running Shoes - Variant 2,Fashion,21.88,3,1,1,2024-09-07
U0446,P0067,Table Lamp - Variant 2,Home & Kitchen,105.23,3,2,1,2024-05-20
U0446,P0050,Winter Coat,Fashion,42.63,4,3,0,2024-07-15
U0446,P0005,Bluetooth Speaker - Variant 3,Electronics,53.78,1,2,1,2024-05-07
U0446,P0065,Bed Sheets Set - Variant 2,Home & Kitchen,33.33,4,1,1,2024-03-22
U0446,P0067,Table Lamp - Variant 2,Home & Kitchen,105.23,2,1,1,2024-01-27
U0446,P0049,Sneakers - Variant 3,Fashion,55.64,4,1,1,2024-05-22
U0446,P0048,Sneakers - Variant 2,Fashion,58.93,3,1,0,2024-08-27
U0446,P0068,Storage Boxes,Home & Kitchen,80.29,5,2,1,2024-10-04
U0446,P0051,Winter Coat - Variant 2,Fashion,46.85,5,3,1,2024-06-07
U0446,P0038,Wrist Watch,Fashion,65.06,4,3,1,2024-01-05
U0446,P0036,Sunglasses,Fashion,32.53,3,3,0,2024-03-01
U0446,P0036,Sunglasses,Fashion,32.53,1,1,1,2024-02-01
U0446,P0005,Bluetooth Speaker - Variant 3,Electronics,53.78,4,3,0,2024-12-05
U0446,P0048,Sneakers - Variant 2,Fashion,58.93,4,2,1,2024-09-05
U0446,P0138,Business Strategy Book,Books,32.81,2,2,0,2024-07-06
U0446,P0029,Denim Jacket,Fashion,85.21,3,2,1,2024-07-15
U0446,P0150,Programming Guide - Variant 2,Books,12.92,2,3,0,2024-05-02
U0447,P0067,Table Lamp - Variant 2,Home & Kitchen,105.23,3,1,1,2024-03-15
U0447,P0071,Cutlery Set - Variant 2,Home & Kitchen,84.19,4,1,0,2024-08-08
U0447,P0148,History Book - Variant 3,Books,20.33,2,1,1,2024-01-06
U0447,P0064,Bed Sheets Set,Home & Kitchen,92.94,4,3,0,2024-08-19
U0447,P0135,Sci-Fi Novel,Books,37.03,4,1,1,2024-01-30
U0447,P0072,Cutlery Set - Variant 3,Home & Kitchen,83.94,3,1,1,2024-01-15
U0447,P0073,Wall Clock,Home & Kitchen,81.51,5,1,1,2024-02-11
U0447,P0006,Smartwatch,Electronics,88.35,3,3,0,2024-08-06
U0447,P0047,Sneakers,Fashion,42.71,3,3,0,2024-06-15
U0447,P0057,Coffee Maker - Variant 3,Home & Kitchen,95.59,5,2,0,2024-12-21
U0447,P0134,Biography - Variant 2,Books,19.48,3,3,1,2024-02-23
U0447,P0071,Cutlery Set - Variant 2,Home & Kitchen,84.19,3,2,1,2024-12-07
U0448,P0036,Sunglasses,Fashion,32.53,3,3,0,2024-06-16
U0448,P0051,Winter Coat - Variant 2,Fashion,46.85,5,2,1,2024-07-07
U0448,P0052,Winter Coat - Variant 3,Fashion,39.04,2,2,1,2024-12-14
U0448,P0006,Smartwatch,Electronics,88.35,4,2,1,2024-09-01
U0448,P0002,Wireless Earbuds - Variant 2,Electronics,56.91,5,2,1,2024-07-09
U0448,P0022,Webcam,Electronics,106.5,4,2,1,2024-01-24
U0448,P0109,Water Bottle - Variant 2,Sports,45.64,2,1,1,2024-10-22
U0448,P0025,Tablet - Variant 2,Electronics,41.3,5,3,1,2024-05-16
U0448,P0003,Bluetooth Speaker,Electronics,104.25,3,3,0,2024-09-03
U0448,P0002,Wireless Earbuds - Variant 2,Electronics,56.91,4,2,1,2024-09-26
U0448,P0104,Resistance Bands,Sports,54.92,3,1,1,2024-01-27
U0448,P0094,Beard Trimmer,Beauty,35.73,3,2,0,2024-01-08
U0448,P0102,Dumbbell Set,Sports,36.13,3,3,0,2024-10-12
U0448,P0043,Backpack - Variant 3,Fashion,77.01,5,3,0,2024-06-13
U0448,P0012,USB-C Hub - Variant 2,Electronics,36.09,3,3,1,2024-12-01
U0448,P0032,Cotton T-Shirt - Variant 2,Fashion,36.35,5,1,1,2024-05-04
U0448,P0047,Sneakers,Fashion,42.71,3,3,1,2024-12-20
U0448,P0008,Laptop Stand,Electronics,116.72,4,2,1,2024-07-16
U0448,P0001,Wireless Earbuds,Electronics,126.81,3,2,1,2024-11-21
U0448,P0001,Wireless Earbuds,Electronics,126.81,3,2,0,2024-03-11
U0448,P0012,USB-C Hub - Variant 2,Electronics,36.09,4,3,1,2024-06-06
U0448,P0044,Formal Shirt,Fashion,83.48,3,1,1,2024-07-17
U0449,P0080,Shampoo,Beauty,13.54,4,1,0,2024-04-25
U0449,P0097,Body Lotion,Beauty,42.54,3,1,0,2024-05-26
U0449,P0077,Face Moisturizer - Variant 2,Beauty,44.26,3,3,1,2024-04-21
U0449,P0029,Denim Jacket,Fashion,85.21,4,1,1,2024-04-22
U0449,P0052,Winter Coat - Variant 3,Fashion,39.04,4,1,1,2024-07-03
U0449,P0082,Lipstick,Beauty,12.97,4,2,1,2024-10-10
U0449,P0095,Beard Trimmer - Variant 2,Beauty,23.23,1,1,1,2024-03-26
U0449,P0138,Business Strategy Book,Books,32.81,2,1,0,2024-09-29
U0449,P0078,Sunscreen SPF50,Beauty,33.33,3,1,1,2024-07-01
U0449,P0084,Lipstick - Variant 3,Beauty,13.19,2,3,1,2024-08-25
U0449,P0009,Laptop Stand - Variant 2,Electronics,38.35,3,3,1,2024-08-21
U0449,P0042,Backpack - Variant 2,Fashion,23.08,2,3,1,2024-12-28
U0449,P0050,Winter Coat,Fashion,42.63,2,3,1,2024-10-24
U0449,P0088,Hair Dryer - Variant 2,Beauty,21.47,5,2,1,2024-01-10
U0449,P0052,Winter Coat - Variant 3,Fashion,39.04,4,2,0,2024-01-28
U0449,P0094,Beard Trimmer,Beauty,35.73,4,3,1,2024-08-01
U0449,P0027,Running Shoes,Fashion,50.96,4,1,1,2024-06-20
U0449,P0093,Nail Polish Kit - Variant 2,Beauty,18.13,3,1,1,2024-04-05
U0449,P0086,Perfume - Variant 2,Beauty,33.4,5,2,1,2024-04-29
U0449,P0048,Sneakers - Variant 2,Fashion,58.93,3,3,1,2024-03-15
U0449,P0088,Hair Dryer - Variant 2,Beauty,21.47,3,2,1,2024-12-01
U0449,P0035,Leather Wallet - Variant 3,Fashion,53.93,5,3,1,2024-07-14
U0450,P0032,Cotton T-Shirt - Variant 2,Fashion,36.35,4,3,0,2024-08-16
U0450,P0063,Vacuum Cleaner - Variant 2,Home & Kitchen,87.82,2,1,0,2024-02-06
U0450,P0002,Wireless Earbuds - Variant 2,Electronics,56.91,3,3,0,2024-09-23
U0450,P0031,Cotton T-Shirt,Fashion,22.06,3,1,0,2024-06-26
U0450,P0148,History Book - Variant 3,Books,20.33,2,1,0,2024-02-04
U0450,P0033,Leather Wallet,Fashion,50.27,4,1,0,2024-05-20
U0450,P0050,Winter Coat,Fashion,42.63,4,2,1,2024-06-17
U0450,P0032,Cotton T-Shirt - Variant 2,Fashion,36.35,4,1,1,2024-02-17
U0450,P0057,Coffee Maker - Variant 3,Home & Kitchen,95.59,1,3,0,2024-01-26
U0450,P0032,Cotton T-Shirt - Variant 2,Fashion,36.35,4,3,1,2024-09-27
U0450,P0042,Backpack - Variant 2,Fashion,23.08,4,1,1,2024-07-18
U0450,P0041,Backpack,Fashion,58.75,3,3,1,2024-09-29
U0450,P0052,Winter Coat - Variant 3,Fashion,39.04,4,1,1,2024-08-07
U0450,P0040,Wrist Watch - Variant 3,Fashion,55.58,5,1,1,2024-12-10
U0450,P0039,Wrist Watch - Variant 2,Fashion,41.73,4,3,1,2024-09-23
U0450,P0095,Beard Trimmer - Variant 2,Beauty,23.23,5,2,1,2024-03-26
U0450,P0116,Tennis Racket - Variant 3,Sports,21.7,3,2,0,2024-12-05
U0450,P0084,Lipstick - Variant 3,Beauty,13.19,4,2,0,2024-09-01
U0450,P0042,Backpack - Variant 2,Fashion,23.08,2,2,1,2024-06-14
U0450,P0045,Formal Shirt - Variant 2,Fashion,80.51,4,1,1,2024-01-01
U0450,P0050,Winter Coat,Fashion,42.63,3,1,1,2024-03-20
U0450,P0125,Mystery Novel - Variant 2,Books,18.83,2,1,0,2024-08-18
U0450,P0084,Lipstick - Variant 3,Beauty,13.19,2,3,1,2024-02-01
U0450,P0027,Running Shoes,Fashion,50.96,4,2,1,2024-12-13
U0450,P0049,Sneakers - Variant 3,Fashion,55.64,3,2,1,2024-06-09
U0450,P0031,Cotton T-Shirt,Fashion,22.06,3,3,1,2024-11-29
U0450,P0033,Leather Wallet,Fashion,50.27,5,3,0,2024-03-29
U0450,P0047,Sneakers,Fashion,42.71,2,2,0,2024-08-24
U0450,P0036,Sunglasses,Fashion,32.53,3,1,1,2024-05-22
U0450,P0036,Sunglasses,Fashion,32.53,4,3,1,2024-07-26
U0450,P0045,Formal Shirt - Variant 2,Fashion,80.51,5,3,1,2024-12-29
U0450,P0030,Denim Jacket - Variant 2,Fashion,74.76,4,1,1,2024-08-13
U0450,P0032,Cotton T-Shirt - Variant 2,Fashion,36.35,3,1,1,2024-03-30
U0450,P0045,Formal Shirt - Variant 2,Fashion,80.51,4,3,0,2024-05-31
U0450,P0034,Leather Wallet - Variant 2,Fashion,29.12,3,1,0,2024-05-13
U0450,P0012,USB-C Hub - Variant 2,Electronics,36.09,2,2,0,2024-07-06
U0450,P0091,Face Mask Set - Variant 2,Beauty,47.83,3,3,0,2024-08-30
U0450,P0044,Formal Shirt,Fashion,83.48,5,1,1,2024-04-22
U0451,P0036,Sunglasses,Fashion,32.53,4,2,1,2024-09-04
U0451,P0089,Hair Dryer - Variant 3,Beauty,27.59,3,2,1,2024-11-03
U0451,P0049,Sneakers - Variant 3,Fashion,55.64,5,1,1,2024-02-09
U0451,P0038,Wrist Watch,Fashion,65.06,3,3,1,2024-09-14
U0451,P0047,Sneakers,Fashion,42.71,5,1,1,2024-07-05
U0451,P0045,Formal Shirt - Variant 2,Fashion,80.51,5,1,0,2024-05-05
U0451,P0039,Wrist Watch - Variant 2,Fashion,41.73,3,3,0,2024-01-13
U0451,P0090,Face Mask Set,Beauty,19.72,3,3,0,2024-01-05
U0451,P0051,Winter Coat - Variant 2,Fashion,46.85,4,3,1,2024-06-16
U0451,P0057,Coffee Maker - Variant 3,Home & Kitchen,95.59,4,1,0,2024-04-25
U0451,P0028,Running Shoes - Variant 2,Fashion,21.88,3,2,1,2024-06-10
U0451,P0108,Water Bottle,Sports,48.44,2,2,0,2024-01-04
U0451,P0028,Running Shoes - Variant 2,Fashion,21.88,3,1,1,2024-09-03
U0451,P0100,Yoga Mat,Sports,36.49,2,2,1,2024-10-10
U0451,P0051,Winter Coat - Variant 2,Fashion,46.85,2,1,1,2024-12-26
U0451,P0036,Sunglasses,Fashion,32.53,5,1,1,2024-04-05
U0451,P0049,Sneakers - Variant 3,Fashion,55.64,4,3,1,2024-01-29
U0451,P0043,Backpack - Variant 3,Fashion,77.01,2,2,0,2024-11-19
U0451,P0033,Leather Wallet,Fashion,50.27,4,1,1,2024-02-19
U0451,P0107,Cycling Helmet - Variant 2,Sports,18.4,3,2,0,2024-09-23
U0452,P0032,Cotton T-Shirt - Variant 2,Fashion,36.35,4,1,0,2024-06-29
U0452,P0042,Backpack - Variant 2,Fashion,23.08,4,1,1,2024-11-26
U0452,P0129,Self-Help Book - Variant 3,Books,37.09,1,1,0,2024-06-07
U0452,P0060,Blender,Home & Kitchen,43.99,5,2,0,2024-01-27
U0452,P0041,Backpack,Fashion,58.75,5,1,1,2024-05-08
U0452,P0030,Denim Jacket - Variant 2,Fashion,74.76,2,1,1,2024-07-09
U0452,P0030,Denim Jacket - Variant 2,Fashion,74.76,3,3,1,2024-09-29
U0452,P0034,Leather Wallet - Variant 2,Fashion,29.12,5,1,1,2024-03-04
U0452,P0032,Cotton T-Shirt - Variant 2,Fashion,36.35,3,1,0,2024-06-04
U0452,P0051,Winter Coat - Variant 2,Fashion,46.85,3,2,1,2024-08-27
U0453,P0092,Nail Polish Kit,Beauty,23.01,5,1,0,2024-10-21
U0453,P0093,Nail Polish Kit - Variant 2,Beauty,18.13,4,1,1,2024-12-21
U0453,P0005,Bluetooth Speaker - Variant 3,Electronics,53.78,3,3,0,2024-06-20
U0453,P0024,Tablet,Electronics,103.54,3,3,1,2024-03-03
U0453,P0017,Gaming Mouse - Variant 2,Electronics,95.82,2,1,0,2024-12-17
U0453,P0004,Bluetooth Speaker - Variant 2,Electronics,53.79,1,2,1,2024-07-01
U0453,P0022,Webcam,Electronics,106.5,3,3,1,2024-08-06
U0453,P0053,Air Fryer,Home & Kitchen,77.17,3,3,0,2024-12-13
U0453,P0048,Sneakers - Variant 2,Fashion,58.93,4,1,1,2024-05-20
U0453,P0121,Skipping Rope - Variant 2,Sports,74.87,3,2,1,2024-04-24
U0453,P0009,Laptop Stand - Variant 2,Electronics,38.35,3,3,1,2024-04-26
U0453,P0078,Sunscreen SPF50,Beauty,33.33,4,3,1,2024-03-28
U0453,P0022,Webcam,Electronics,106.5,3,1,1,2024-08-31
U0453,P0025,Tablet - Variant 2,Electronics,41.3,4,1,0,2024-12-26
U0453,P0086,Perfume - Variant 2,Beauty,33.4,5,3,1,2024-06-03
U0453,P0088,Hair Dryer - Variant 2,Beauty,21.47,5,2,0,2024-01-23
U0453,P0078,Sunscreen SPF50,Beauty,33.33,4,3,0,2024-07-17
U0454,P0019,Mechanical Keyboard,Electronics,69.3,5,1,1,2024-07-30
U0454,P0024,Tablet,Electronics,103.54,3,2,1,2024-03-04
U0454,P0119,Fitness Tracker - Variant 3,Sports,46.34,3,2,1,2024-08-30
U0454,P0016,Gaming Mouse,Electronics,38.63,3,1,1,2024-08-17
U0454,P0021,Mechanical Keyboard - Variant 3,Electronics,87.99,5,3,1,2024-05-14
U0454,P0017,Gaming Mouse - Variant 2,Electronics,95.82,5,1,1,2024-03-05
U0454,P0012,USB-C Hub - Variant 2,Electronics,36.09,3,2,0,2024-09-10
U0454,P0005,Bluetooth Speaker - Variant 3,Electronics,53.78,1,1,0,2024-06-22
U0454,P0003,Bluetooth Speaker,Electronics,104.25,2,1,0,2024-12-29
U0454,P0017,Gaming Mouse - Variant 2,Electronics,95.82,4,3,1,2024-10-11
U0454,P0021,Mechanical Keyboard - Variant 3,Electronics,87.99,4,2,0,2024-01-23
U0454,P0002,Wireless Earbuds - Variant 2,Electronics,56.91,2,2,1,2024-02-20
U0454,P0015,Power Bank - Variant 2,Electronics,95.82,3,1,1,2024-10-05
U0454,P0007,Smartwatch - Variant 2,Electronics,74.04,5,2,0,2024-09-11
U0454,P0014,Power Bank,Electronics,70.68,4,2,1,2024-12-24
U0454,P0026,Tablet - Variant 3,Electronics,105.26,3,2,1,2024-04-13
U0455,P0127,Self-Help Book,Books,13.13,5,2,1,2024-01-08
U0455,P0125,Mystery Novel - Variant 2,Books,18.83,5,1,1,2024-12-02
U0455,P0145,Poetry Collection - Variant 3,Books,15.46,4,1,1,2024-09-29
U0455,P0009,Laptop Stand - Variant 2,Electronics,38.35,2,2,1,2024-12-27
U0455,P0118,Fitness Tracker - Variant 2,Sports,32.35,2,3,0,2024-12-14
U0455,P0134,Biography - Variant 2,Books,19.48,3,1,1,2024-09-05
U0455,P0148,History Book - Variant 3,Books,20.33,4,3,1,2024-09-14
U0455,P0146,History Book,Books,11.74,3,1,1,2024-02-07
U0455,P0126,Mystery Novel - Variant 3,Books,27.08,5,2,1,2024-04-02
U0455,P0132,Cookbook - Variant 3,Books,19.54,3,3,1,2024-06-25
U0455,P0149,Programming Guide,Books,35.7,2,3,1,2024-04-16
U0455,P0078,Sunscreen SPF50,Beauty,33.33,3,1,0,2024-06-23
U0455,P0143,Poetry Collection,Books,9.47,3,1,1,2024-10-24
U0455,P0150,Programming Guide - Variant 2,Books,12.92,3,3,0,2024-05-01
U0455,P0145,Poetry Collection - Variant 3,Books,15.46,4,1,0,2024-08-11
U0455,P0126,Mystery Novel - Variant 3,Books,27.08,5,2,1,2024-10-20
U0455,P0139,Business Strategy Book - Variant 2,Books,18.14,5,3,1,2024-02-23
U0455,P0117,Fitness Tracker,Sports,72.86,2,1,1,2024-03-18
U0455,P0074,Wall Clock - Variant 2,Home & Kitchen,102.86,3,2,0,2024-02-08
U0455,P0136,Sci-Fi Novel - Variant 2,Books,20.37,2,3,1,2024-04-21
U0455,P0139,Business Strategy Book - Variant 2,Books,18.14,4,3,0,2024-11-20
U0455,P0136,Sci-Fi Novel - Variant 2,Books,20.37,4,1,1,2024-10-16
U0455,P0142,Children's Storybook - Variant 2,Books,18.29,3,3,1,2024-06-04
U0455,P0137,Sci-Fi Novel - Variant 3,Books,32.27,2,3,0,2024-02-01
U0455,P0148,History Book - Variant 3,Books,20.33,4,1,0,2024-06-16
U0455,P0136,Sci-Fi Novel - Variant 2,Books,20.37,3,1,1,2024-02-07
U0455,P0131,Cookbook - Variant 2,Books,11.3,4,3,0,2024-07-26
U0455,P0140,Business Strategy Book - Variant 3,Books,14.32,5,1,0,2024-09-30
U0455,P0127,Self-Help Book,Books,13.13,2,1,0,2024-03-27
U0455,P0148,History Book - Variant 3,Books,20.33,4,1,0,2024-05-04
U0455,P0125,Mystery Novel - Variant 2,Books,18.83,4,2,1,2024-01-17
U0455,P0036,Sunglasses,Fashion,32.53,2,1,1,2024-07-07
U0455,P0131,Cookbook - Variant 2,Books,11.3,2,3,1,2024-04-01
U0455,P0146,History Book,Books,11.74,2,2,0,2024-05-23
U0455,P0140,Business Strategy Book - Variant 3,Books,14.32,4,3,1,2024-10-29
U0456,P0109,Water Bottle - Variant 2,Sports,45.64,3,3,1,2024-06-12
U0456,P0020,Mechanical Keyboard - Variant 2,Electronics,77.77,3,1,0,2024-10-12
U0456,P0140,Business Strategy Book - Variant 3,Books,14.32,4,3,1,2024-01-05
U0456,P0140,Business Strategy Book - Variant 3,Books,14.32,5,3,1,2024-01-19
U0456,P0014,Power Bank,Electronics,70.68,3,2,0,2024-08-23
U0456,P0137,Sci-Fi Novel - Variant 3,Books,32.27,1,1,1,2024-07-03
U0456,P0134,Biography - Variant 2,Books,19.48,4,3,1,2024-01-25
U0456,P0138,Business Strategy Book,Books,32.81,5,3,1,2024-09-28
U0456,P0019,Mechanical Keyboard,Electronics,69.3,1,1,0,2024-11-07
U0456,P0130,Cookbook,Books,25.89,2,2,1,2024-06-29
U0456,P0104,Resistance Bands,Sports,54.92,5,2,1,2024-11-02
U0456,P0123,Gym Bag - Variant 2,Sports,46.65,2,2,1,2024-02-11
U0456,P0144,Poetry Collection - Variant 2,Books,23.59,1,3,1,2024-09-05
U0456,P0116,Tennis Racket - Variant 3,Sports,21.7,4,3,1,2024-11-05
U0456,P0147,History Book - Variant 2,Books,35.8,3,3,1,2024-11-08
U0456,P0084,Lipstick - Variant 3,Beauty,13.19,2,2,0,2024-08-22
U0456,P0104,Resistance Bands,Sports,54.92,4,3,0,2024-03-09
U0456,P0146,History Book,Books,11.74,2,3,1,2024-04-23
U0456,P0134,Biography - Variant 2,Books,19.48,3,3,1,2024-07-11
U0456,P0106,Cycling Helmet,Sports,67.06,4,3,0,2024-08-04
U0456,P0148,History Book - Variant 3,Books,20.33,3,3,0,2024-01-01
U0456,P0142,Children's Storybook - Variant 2,Books,18.29,3,2,1,2024-03-26
U0456,P0136,Sci-Fi Novel - Variant 2,Books,20.37,3,1,1,2024-10-27
U0456,P0140,Business Strategy Book - Variant 3,Books,14.32,4,3,0,2024-08-24
U0456,P0116,Tennis Racket - Variant 3,Sports,21.7,5,1,1,2024-03-08
U0456,P0104,Resistance Bands,Sports,54.92,4,2,1,2024-07-28
U0456,P0135,Sci-Fi Novel,Books,37.03,2,1,1,2024-03-29
U0456,P0125,Mystery Novel - Variant 2,Books,18.83,3,2,1,2024-05-09
U0456,P0148,History Book - Variant 3,Books,20.33,5,1,1,2024-03-01
U0457,P0121,Skipping Rope - Variant 2,Sports,74.87,5,2,0,2024-04-28
U0457,P0094,Beard Trimmer,Beauty,35.73,5,3,1,2024-11-27
U0457,P0029,Denim Jacket,Fashion,85.21,2,1,0,2024-07-17
U0457,P0100,Yoga Mat,Sports,36.49,2,3,1,2024-09-13
U0457,P0100,Yoga Mat,Sports,36.49,4,1,0,2024-07-24
U0457,P0113,Football - Variant 3,Sports,36.42,4,1,1,2024-04-08
U0457,P0089,Hair Dryer - Variant 3,Beauty,27.59,3,2,0,2024-06-19
U0457,P0098,Body Lotion - Variant 2,Beauty,19.09,4,3,1,2024-08-01
U0457,P0146,History Book,Books,11.74,4,3,0,2024-03-05
U0457,P0019,Mechanical Keyboard,Electronics,69.3,2,1,1,2024-06-22
U0457,P0116,Tennis Racket - Variant 3,Sports,21.7,4,1,0,2024-01-09
U0457,P0089,Hair Dryer - Variant 3,Beauty,27.59,4,2,1,2024-11-21
U0457,P0049,Sneakers - Variant 3,Fashion,55.64,3,3,0,2024-02-05
U0457,P0096,Beard Trimmer - Variant 3,Beauty,16.01,2,1,1,2024-10-03
U0457,P0044,Formal Shirt,Fashion,83.48,3,3,1,2024-09-09
U0457,P0083,Lipstick - Variant 2,Beauty,16.1,4,2,1,2024-04-17
U0457,P0005,Bluetooth Speaker - Variant 3,Electronics,53.78,2,1,1,2024-10-22
U0457,P0076,Face Moisturizer,Beauty,48.93,4,3,1,2024-05-28
U0457,P0107,Cycling Helmet - Variant 2,Sports,18.4,5,1,1,2024-12-06
U0457,P0094,Beard Trimmer,Beauty,35.73,3,2,0,2024-10-03
U0457,P0014,Power Bank,Electronics,70.68,2,3,0,2024-09-29
U0457,P0102,Dumbbell Set,Sports,36.13,4,1,1,2024-01-30
U0457,P0118,Fitness Tracker - Variant 2,Sports,32.35,2,2,1,2024-08-24
U0457,P0077,Face Moisturizer - Variant 2,Beauty,44.26,4,1,1,2024-05-26
U0457,P0120,Skipping Rope,Sports,26.44,5,2,1,2024-06-09
U0457,P0047,Sneakers,Fashion,42.71,2,2,1,2024-10-30
U0457,P0092,Nail Polish Kit,Beauty,23.01,3,3,0,2024-05-04
U0457,P0058,Non-stick Pan,Home & Kitchen,28.34,3,1,0,2024-12-17
U0457,P0077,Face Moisturizer - Variant 2,Beauty,44.26,4,3,1,2024-09-16
U0457,P0083,Lipstick - Variant 2,Beauty,16.1,5,2,1,2024-01-07
U0457,P0048,Sneakers - Variant 2,Fashion,58.93,2,1,1,2024-11-01
U0457,P0110,Water Bottle - Variant 3,Sports,57.47,3,2,0,2024-06-13
U0457,P0087,Hair Dryer,Beauty,46.49,4,3,1,2024-05-14
U0457,P0111,Football,Sports,37.24,4,1,1,2024-12-20
U0458,P0058,Non-stick Pan,Home & Kitchen,28.34,3,2,1,2024-08-18
U0458,P0126,Mystery Novel - Variant 3,Books,27.08,1,3,0,2024-01-02
U0458,P0060,Blender,Home & Kitchen,43.99,5,2,0,2024-10-13
U0458,P0070,Cutlery Set,Home & Kitchen,58.7,2,2,1,2024-07-21
U0458,P0068,Storage Boxes,Home & Kitchen,80.29,4,3,1,2024-10-23
U0458,P0070,Cutlery Set,Home & Kitchen,58.7,5,3,1,2024-06-15
U0458,P0069,Storage Boxes - Variant 2,Home & Kitchen,55.29,3,3,0,2024-07-28
U0458,P0073,Wall Clock,Home & Kitchen,81.51,3,1,1,2024-07-13
U0458,P0070,Cutlery Set,Home & Kitchen,58.7,1,1,1,2024-10-21
U0458,P0065,Bed Sheets Set - Variant 2,Home & Kitchen,33.33,3,3,0,2024-07-07
U0458,P0129,Self-Help Book - Variant 3,Books,37.09,1,1,0,2024-04-25
U0458,P0068,Storage Boxes,Home & Kitchen,80.29,4,3,1,2024-02-14
U0458,P0072,Cutlery Set - Variant 3,Home & Kitchen,83.94,2,2,1,2024-11-25
U0458,P0064,Bed Sheets Set,Home & Kitchen,92.94,4,3,0,2024-11-17
U0458,P0139,Business Strategy Book - Variant 2,Books,18.14,1,3,0,2024-12-09
U0458,P0062,Vacuum Cleaner,Home & Kitchen,44.0,3,2,1,2024-05-22
U0458,P0056,Coffee Maker - Variant 2,Home & Kitchen,39.05,3,1,1,2024-01-22
U0458,P0072,Cutlery Set - Variant 3,Home & Kitchen,83.94,1,3,0,2024-02-21
U0458,P0066,Table Lamp,Home & Kitchen,82.67,1,3,1,2024-04-27
U0458,P0066,Table Lamp,Home & Kitchen,82.67,3,3,1,2024-06-02
U0458,P0061,Blender - Variant 2,Home & Kitchen,27.47,5,2,0,2024-10-04
U0458,P0059,Non-stick Pan - Variant 2,Home & Kitchen,63.2,3,2,1,2024-12-18
U0458,P0013,USB-C Hub - Variant 3,Electronics,149.11,2,3,1,2024-02-28
U0458,P0072,Cutlery Set - Variant 3,Home & Kitchen,83.94,4,1,0,2024-04-28
U0458,P0059,Non-stick Pan - Variant 2,Home & Kitchen,63.2,3,2,0,2024-06-26
U0458,P0020,Mechanical Keyboard - Variant 2,Electronics,77.77,3,2,1,2024-01-14
U0458,P0059,Non-stick Pan - Variant 2,Home & Kitchen,63.2,3,2,0,2024-06-22
U0458,P0040,Wrist Watch - Variant 3,Fashion,55.58,4,2,0,2024-04-12
U0458,P0006,Smartwatch,Electronics,88.35,2,3,1,2024-03-29
U0458,P0002,Wireless Earbuds - Variant 2,Electronics,56.91,4,1,0,2024-09-10
U0458,P0056,Coffee Maker - Variant 2,Home & Kitchen,39.05,3,2,1,2024-12-12
U0458,P0064,Bed Sheets Set,Home & Kitchen,92.94,4,3,1,2024-02-08
U0458,P0053,Air Fryer,Home & Kitchen,77.17,3,3,1,2024-04-05
U0459,P0093,Nail Polish Kit - Variant 2,Beauty,18.13,4,2,1,2024-03-19
U0459,P0084,Lipstick - Variant 3,Beauty,13.19,3,1,1,2024-03-29
U0459,P0081,Shampoo - Variant 2,Beauty,39.01,4,3,1,2024-08-14
U0459,P0095,Beard Trimmer - Variant 2,Beauty,23.23,4,1,0,2024-08-28
U0459,P0002,Wireless Earbuds - Variant 2,Electronics,56.91,1,1,0,2024-05-11
U0459,P0051,Winter Coat - Variant 2,Fashion,46.85,4,2,0,2024-12-25
U0459,P0090,Face Mask Set,Beauty,19.72,4,3,1,2024-04-13
U0459,P0077,Face Moisturizer - Variant 2,Beauty,44.26,5,3,1,2024-09-23
U0459,P0077,Face Moisturizer - Variant 2,Beauty,44.26,3,1,1,2024-10-04
U0459,P0094,Beard Trimmer,Beauty,35.73,2,1,1,2024-05-27
U0459,P0095,Beard Trimmer - Variant 2,Beauty,23.23,4,1,0,2024-04-20
U0459,P0077,Face Moisturizer - Variant 2,Beauty,44.26,3,2,1,2024-08-20
U0459,P0087,Hair Dryer,Beauty,46.49,4,2,0,2024-01-26
U0459,P0094,Beard Trimmer,Beauty,35.73,3,2,1,2024-03-14
U0459,P0097,Body Lotion,Beauty,42.54,3,3,1,2024-11-01
U0459,P0093,Nail Polish Kit - Variant 2,Beauty,18.13,2,1,1,2024-05-24
U0459,P0087,Hair Dryer,Beauty,46.49,3,2,1,2024-02-22
U0459,P0081,Shampoo - Variant 2,Beauty,39.01,3,1,1,2024-02-01
U0460,P0125,Mystery Novel - Variant 2,Books,18.83,5,1,1,2024-11-08
U0460,P0080,Shampoo,Beauty,13.54,1,1,0,2024-09-17
U0460,P0012,USB-C Hub - Variant 2,Electronics,36.09,4,3,1,2024-07-08
U0460,P0134,Biography - Variant 2,Books,19.48,4,2,1,2024-01-25
U0460,P0009,Laptop Stand - Variant 2,Electronics,38.35,4,1,1,2024-10-02
U0460,P0142,Children's Storybook - Variant 2,Books,18.29,3,1,0,2024-10-26
U0460,P0014,Power Bank,Electronics,70.68,4,1,1,2024-08-02
U0460,P0127,Self-Help Book,Books,13.13,4,2,0,2024-11-04
U0460,P0144,Poetry Collection - Variant 2,Books,23.59,5,3,1,2024-06-11
U0460,P0014,Power Bank,Electronics,70.68,5,1,1,2024-10-01
U0461,P0047,Sneakers,Fashion,42.71,3,2,1,2024-06-11
U0461,P0088,Hair Dryer - Variant 2,Beauty,21.47,5,3,1,2024-12-09
U0461,P0098,Body Lotion - Variant 2,Beauty,19.09,4,1,0,2024-08-21
U0461,P0076,Face Moisturizer,Beauty,48.93,4,2,1,2024-10-29
U0461,P0052,Winter Coat - Variant 3,Fashion,39.04,2,3,1,2024-12-22
U0461,P0096,Beard Trimmer - Variant 3,Beauty,16.01,2,3,0,2024-11-27
U0461,P0076,Face Moisturizer,Beauty,48.93,2,3,1,2024-02-05
U0461,P0082,Lipstick,Beauty,12.97,5,1,1,2024-10-31
U0461,P0105,Resistance Bands - Variant 2,Sports,18.03,1,2,0,2024-07-25
U0461,P0082,Lipstick,Beauty,12.97,4,2,0,2024-07-26
U0461,P0083,Lipstick - Variant 2,Beauty,16.1,3,3,1,2024-07-01
U0461,P0092,Nail Polish Kit,Beauty,23.01,4,1,0,2024-11-29
U0461,P0040,Wrist Watch - Variant 3,Fashion,55.58,2,3,0,2024-01-12
U0461,P0035,Leather Wallet - Variant 3,Fashion,53.93,4,3,1,2024-03-28
U0461,P0033,Leather Wallet,Fashion,50.27,4,1,0,2024-07-11
U0461,P0027,Running Shoes,Fashion,50.96,3,2,1,2024-11-12
U0461,P0046,Formal Shirt - Variant 3,Fashion,60.76,2,1,1,2024-11-03
U0461,P0041,Backpack,Fashion,58.75,5,1,1,2024-08-21
U0461,P0091,Face Mask Set - Variant 2,Beauty,47.83,3,2,0,2024-12-26
U0461,P0046,Formal Shirt - Variant 3,Fashion,60.76,3,1,0,2024-02-20
U0461,P0037,Sunglasses - Variant 2,Fashion,47.01,3,1,1,2024-02-22
U0461,P0079,Sunscreen SPF50 - Variant 2,Beauty,41.3,4,1,1,2024-11-04
U0461,P0098,Body Lotion - Variant 2,Beauty,19.09,4,1,0,2024-10-12
U0461,P0084,Lipstick - Variant 3,Beauty,13.19,3,1,1,2024-09-27
U0461,P0023,Webcam - Variant 2,Electronics,79.6,2,2,0,2024-03-24
U0461,P0043,Backpack - Variant 3,Fashion,77.01,4,3,1,2024-12-04
U0461,P0029,Denim Jacket,Fashion,85.21,3,2,0,2024-02-05
U0461,P0092,Nail Polish Kit,Beauty,23.01,2,3,0,2024-03-14
U0461,P0123,Gym Bag - Variant 2,Sports,46.65,2,1,0,2024-09-07
U0461,P0097,Body Lotion,Beauty,42.54,3,3,1,2024-10-25
U0461,P0052,Winter Coat - Variant 3,Fashion,39.04,4,3,1,2024-07-02
U0461,P0147,History Book - Variant 2,Books,35.8,2,1,1,2024-05-23
U0461,P0037,Sunglasses - Variant 2,Fashion,47.01,3,2,1,2024-03-31
U0461,P0094,Beard Trimmer,Beauty,35.73,4,3,0,2024-10-09
U0461,P0046,Formal Shirt - Variant 3,Fashion,60.76,5,1,1,2024-02-24
U0461,P0091,Face Mask Set - Variant 2,Beauty,47.83,3,2,1,2024-12-07
U0461,P0041,Backpack,Fashion,58.75,3,3,1,2024-02-02
U0461,P0028,Running Shoes - Variant 2,Fashion,21.88,3,2,1,2024-01-19
U0461,P0034,Leather Wallet - Variant 2,Fashion,29.12,2,2,1,2024-12-29
U0462,P0103,Dumbbell Set - Variant 2,Sports,24.27,2,3,0,2024-02-19
U0462,P0147,History Book - Variant 2,Books,35.8,3,3,0,2024-11-07
U0462,P0134,Biography - Variant 2,Books,19.48,4,1,0,2024-12-08
U0462,P0002,Wireless Earbuds - Variant 2,Electronics,56.91,5,3,0,2024-06-26
U0462,P0143,Poetry Collection,Books,9.47,5,3,0,2024-07-26
U0462,P0145,Poetry Collection - Variant 3,Books,15.46,4,1,0,2024-11-21
U0462,P0017,Gaming Mouse - Variant 2,Electronics,95.82,4,2,1,2024-03-06
U0462,P0146,History Book,Books,11.74,4,3,1,2024-05-08
U0462,P0015,Power Bank - Variant 2,Electronics,95.82,5,2,1,2024-05-02
U0462,P0147,History Book - Variant 2,Books,35.8,3,3,0,2024-06-22
U0462,P0006,Smartwatch,Electronics,88.35,3,3,0,2024-12-08
U0462,P0024,Tablet,Electronics,103.54,4,3,1,2024-07-24
U0462,P0149,Programming Guide,Books,35.7,5,2,1,2024-12-22
U0462,P0049,Sneakers - Variant 3,Fashion,55.64,3,1,0,2024-06-30
U0462,P0143,Poetry Collection,Books,9.47,4,3,1,2024-01-01
U0462,P0133,Biography,Books,29.75,2,3,1,2024-08-10
U0462,P0147,History Book - Variant 2,Books,35.8,3,1,0,2024-02-14
U0462,P0137,Sci-Fi Novel - Variant 3,Books,32.27,3,1,0,2024-02-09
U0462,P0025,Tablet - Variant 2,Electronics,41.3,3,2,1,2024-12-09
U0462,P0149,Programming Guide,Books,35.7,3,3,1,2024-04-07
U0462,P0132,Cookbook - Variant 3,Books,19.54,3,3,1,2024-03-10
U0462,P0021,Mechanical Keyboard - Variant 3,Electronics,87.99,3,3,0,2024-01-31
U0462,P0076,Face Moisturizer,Beauty,48.93,1,3,0,2024-08-25
U0462,P0141,Children's Storybook,Books,33.46,3,3,1,2024-05-06
U0462,P0016,Gaming Mouse,Electronics,38.63,5,3,1,2024-03-25
U0462,P0124,Mystery Novel,Books,9.94,5,1,1,2024-04-02
U0463,P0087,Hair Dryer,Beauty,46.49,3,2,1,2024-12-19
U0463,P0085,Perfume,Beauty,30.06,4,2,1,2024-06-17
U0463,P0089,Hair Dryer - Variant 3,Beauty,27.59,3,1,1,2024-06-26
U0463,P0094,Beard Trimmer,Beauty,35.73,3,2,1,2024-11-09
U0463,P0081,Shampoo - Variant 2,Beauty,39.01,5,1,1,2024-01-05
U0463,P0078,Sunscreen SPF50,Beauty,33.33,4,3,1,2024-06-18
U0463,P0092,Nail Polish Kit,Beauty,23.01,4,2,1,2024-09-01
U0463,P0087,Hair Dryer,Beauty,46.49,5,3,1,2024-09-21
U0463,P0079,Sunscreen SPF50 - Variant 2,Beauty,41.3,2,3,1,2024-03-26
U0463,P0086,Perfume - Variant 2,Beauty,33.4,5,3,1,2024-02-01
U0463,P0096,Beard Trimmer - Variant 3,Beauty,16.01,3,3,1,2024-01-03
U0463,P0084,Lipstick - Variant 3,Beauty,13.19,3,1,1,2024-01-07
U0463,P0097,Body Lotion,Beauty,42.54,4,1,1,2024-05-28
U0463,P0097,Body Lotion,Beauty,42.54,5,2,0,2024-08-09
U0463,P0082,Lipstick,Beauty,12.97,4,2,1,2024-05-31
U0463,P0084,Lipstick - Variant 3,Beauty,13.19,5,3,0,2024-11-15
U0463,P0088,Hair Dryer - Variant 2,Beauty,21.47,3,1,1,2024-05-14
U0464,P0074,Wall Clock - Variant 2,Home & Kitchen,102.86,2,2,1,2024-06-30
U0464,P0018,Gaming Mouse - Variant 3,Electronics,81.58,2,1,1,2024-09-15
U0464,P0092,Nail Polish Kit,Beauty,23.01,3,1,0,2024-01-16
U0464,P0022,Webcam,Electronics,106.5,3,3,0,2024-11-25
U0464,P0062,Vacuum Cleaner,Home & Kitchen,44.0,2,3,1,2024-10-15
U0464,P0032,Cotton T-Shirt - Variant 2,Fashion,36.35,2,3,0,2024-11-08
U0464,P0118,Fitness Tracker - Variant 2,Sports,32.35,3,1,1,2024-07-05
U0464,P0071,Cutlery Set - Variant 2,Home & Kitchen,84.19,1,2,0,2024-03-12
U0464,P0039,Wrist Watch - Variant 2,Fashion,41.73,2,3,0,2024-11-30
U0464,P0048,Sneakers - Variant 2,Fashion,58.93,2,3,0,2024-05-16
U0464,P0051,Winter Coat - Variant 2,Fashion,46.85,2,1,0,2024-08-19
U0464,P0110,Water Bottle - Variant 3,Sports,57.47,5,1,0,2024-08-20
U0464,P0126,Mystery Novel - Variant 3,Books,27.08,4,1,1,2024-12-04
U0464,P0101,Yoga Mat - Variant 2,Sports,24.96,5,3,1,2024-11-08
U0464,P0057,Coffee Maker - Variant 3,Home & Kitchen,95.59,4,3,1,2024-06-22
U0464,P0055,Coffee Maker,Home & Kitchen,73.4,5,2,1,2024-06-19
U0464,P0109,Water Bottle - Variant 2,Sports,45.64,4,3,1,2024-01-23
U0464,P0001,Wireless Earbuds,Electronics,126.81,2,2,0,2024-05-11
U0464,P0110,Water Bottle - Variant 3,Sports,57.47,5,3,1,2024-06-26
U0464,P0076,Face Moisturizer,Beauty,48.93,2,2,1,2024-04-22
U0464,P0026,Tablet - Variant 3,Electronics,105.26,5,1,0,2024-05-09
U0464,P0063,Vacuum Cleaner - Variant 2,Home & Kitchen,87.82,4,2,1,2024-06-15
U0464,P0121,Skipping Rope - Variant 2,Sports,74.87,3,1,1,2024-06-13
U0464,P0107,Cycling Helmet - Variant 2,Sports,18.4,3,3,0,2024-06-27
U0464,P0120,Skipping Rope,Sports,26.44,4,1,1,2024-10-15
U0464,P0072,Cutlery Set - Variant 3,Home & Kitchen,83.94,2,3,1,2024-04-12
U0464,P0101,Yoga Mat - Variant 2,Sports,24.96,3,3,1,2024-01-18
U0464,P0112,Football - Variant 2,Sports,71.75,3,3,1,2024-05-14
U0464,P0142,Children's Storybook - Variant 2,Books,18.29,3,3,1,2024-04-13
U0465,P0037,Sunglasses - Variant 2,Fashion,47.01,4,3,1,2024-10-26
U0465,P0016,Gaming Mouse,Electronics,38.63,4,1,0,2024-12-15
U0465,P0011,USB-C Hub,Electronics,143.0,4,1,1,2024-11-06
U0465,P0049,Sneakers - Variant 3,Fashion,55.64,3,3,1,2024-04-08
U0465,P0092,Nail Polish Kit,Beauty,23.01,4,3,1,2024-05-06
U0465,P0011,USB-C Hub,Electronics,143.0,3,1,1,2024-12-07
U0465,P0012,USB-C Hub - Variant 2,Electronics,36.09,2,1,1,2024-04-05
U0465,P0048,Sneakers - Variant 2,Fashion,58.93,3,2,1,2024-01-26
U0465,P0110,Water Bottle - Variant 3,Sports,57.47,2,3,1,2024-08-16
U0465,P0042,Backpack - Variant 2,Fashion,23.08,4,3,0,2024-06-06
U0465,P0016,Gaming Mouse,Electronics,38.63,5,1,1,2024-02-28
U0465,P0097,Body Lotion,Beauty,42.54,3,1,1,2024-11-07
U0465,P0061,Blender - Variant 2,Home & Kitchen,27.47,2,2,0,2024-11-06
U0465,P0147,History Book - Variant 2,Books,35.8,3,2,0,2024-09-26
U0465,P0112,Football - Variant 2,Sports,71.75,3,1,1,2024-05-17
U0465,P0014,Power Bank,Electronics,70.68,3,3,1,2024-07-06
U0465,P0006,Smartwatch,Electronics,88.35,4,1,1,2024-02-27
U0465,P0021,Mechanical Keyboard - Variant 3,Electronics,87.99,5,3,0,2024-09-30
U0465,P0040,Wrist Watch - Variant 3,Fashion,55.58,3,2,1,2024-11-04
U0465,P0064,Bed Sheets Set,Home & Kitchen,92.94,2,2,1,2024-05-01
U0465,P0004,Bluetooth Speaker - Variant 2,Electronics,53.79,5,1,1,2024-10-23
U0465,P0019,Mechanical Keyboard,Electronics,69.3,4,2,0,2024-07-30
U0466,P0142,Children's Storybook - Variant 2,Books,18.29,4,2,1,2024-07-25
U0466,P0137,Sci-Fi Novel - Variant 3,Books,32.27,4,3,0,2024-05-01
U0466,P0129,Self-Help Book - Variant 3,Books,37.09,5,1,1,2024-03-02
U0466,P0040,Wrist Watch - Variant 3,Fashion,55.58,3,3,1,2024-12-11
U0466,P0127,Self-Help Book,Books,13.13,3,2,1,2024-02-04
U0466,P0122,Gym Bag,Sports,52.75,2,2,0,2024-03-25
U0466,P0133,Biography,Books,29.75,5,1,0,2024-03-21
U0466,P0143,Poetry Collection,Books,9.47,2,1,1,2024-02-17
U0466,P0111,Football,Sports,37.24,1,1,0,2024-12-19
U0466,P0134,Biography - Variant 2,Books,19.48,4,1,1,2024-09-03
U0466,P0131,Cookbook - Variant 2,Books,11.3,5,3,0,2024-07-13
U0466,P0125,Mystery Novel - Variant 2,Books,18.83,5,1,1,2024-12-19
U0466,P0143,Poetry Collection,Books,9.47,4,2,0,2024-08-19
U0466,P0149,Programming Guide,Books,35.7,2,2,0,2024-01-04
U0466,P0133,Biography,Books,29.75,5,3,1,2024-10-17
U0466,P0040,Wrist Watch - Variant 3,Fashion,55.58,2,2,1,2024-05-05
U0466,P0145,Poetry Collection - Variant 3,Books,15.46,5,1,1,2024-02-02
U0466,P0124,Mystery Novel,Books,9.94,3,3,0,2024-08-12
U0466,P0052,Winter Coat - Variant 3,Fashion,39.04,2,3,0,2024-07-04
U0466,P0091,Face Mask Set - Variant 2,Beauty,47.83,3,3,0,2024-06-20
U0467,P0112,Football - Variant 2,Sports,71.75,2,2,1,2024-02-29
U0467,P0123,Gym Bag - Variant 2,Sports,46.65,5,3,1,2024-11-06
U0467,P0120,Skipping Rope,Sports,26.44,4,2,1,2024-04-01
U0467,P0118,Fitness Tracker - Variant 2,Sports,32.35,1,3,1,2024-07-22
U0467,P0102,Dumbbell Set,Sports,36.13,5,2,0,2024-08-10
U0467,P0106,Cycling Helmet,Sports,67.06,3,1,1,2024-03-10
U0467,P0118,Fitness Tracker - Variant 2,Sports,32.35,2,3,0,2024-07-01
U0467,P0120,Skipping Rope,Sports,26.44,5,2,0,2024-11-18
U0467,P0122,Gym Bag,Sports,52.75,3,2,0,2024-07-29
U0467,P0002,Wireless Earbuds - Variant 2,Electronics,56.91,1,2,1,2024-10-23
U0467,P0108,Water Bottle,Sports,48.44,3,1,0,2024-01-07
U0467,P0117,Fitness Tracker,Sports,72.86,3,1,1,2024-11-18
U0467,P0119,Fitness Tracker - Variant 3,Sports,46.34,4,2,1,2024-01-19
U0467,P0117,Fitness Tracker,Sports,72.86,4,3,0,2024-08-21
U0467,P0108,Water Bottle,Sports,48.44,4,2,1,2024-01-22
U0467,P0110,Water Bottle - Variant 3,Sports,57.47,4,2,0,2024-04-30
U0467,P0100,Yoga Mat,Sports,36.49,3,3,1,2024-05-09
U0467,P0068,Storage Boxes,Home & Kitchen,80.29,2,1,0,2024-01-20
U0467,P0108,Water Bottle,Sports,48.44,3,2,1,2024-08-05
U0467,P0123,Gym Bag - Variant 2,Sports,46.65,5,2,1,2024-06-08
U0467,P0103,Dumbbell Set - Variant 2,Sports,24.27,5,2,0,2024-07-11
U0467,P0113,Football - Variant 3,Sports,36.42,3,2,1,2024-02-02
U0468,P0111,Football,Sports,37.24,4,2,0,2024-05-26
U0468,P0067,Table Lamp - Variant 2,Home & Kitchen,105.23,2,1,1,2024-07-18
U0468,P0136,Sci-Fi Novel - Variant 2,Books,20.37,3,3,0,2024-06-22
U0468,P0025,Tablet - Variant 2,Electronics,41.3,2,1,0,2024-06-27
U0468,P0016,Gaming Mouse,Electronics,38.63,4,2,1,2024-10-03
U0468,P0006,Smartwatch,Electronics,88.35,3,3,0,2024-06-10
U0468,P0014,Power Bank,Electronics,70.68,3,1,0,2024-02-05
U0468,P0029,Denim Jacket,Fashion,85.21,3,3,1,2024-09-10
U0468,P0001,Wireless Earbuds,Electronics,126.81,4,3,1,2024-06-04
U0468,P0023,Webcam - Variant 2,Electronics,79.6,3,1,1,2024-09-21
U0468,P0015,Power Bank - Variant 2,Electronics,95.82,5,3,1,2024-05-27
U0468,P0012,USB-C Hub - Variant 2,Electronics,36.09,4,3,1,2024-07-01
U0468,P0012,USB-C Hub - Variant 2,Electronics,36.09,3,2,1,2024-08-21
U0468,P0007,Smartwatch - Variant 2,Electronics,74.04,3,1,1,2024-08-21
U0468,P0011,USB-C Hub,Electronics,143.0,3,1,1,2024-11-04
U0468,P0012,USB-C Hub - Variant 2,Electronics,36.09,4,3,1,2024-11-23
U0468,P0010,Laptop Stand - Variant 3,Electronics,146.57,4,3,1,2024-11-23
U0468,P0012,USB-C Hub - Variant 2,Electronics,36.09,5,1,1,2024-08-12
U0468,P0026,Tablet - Variant 3,Electronics,105.26,5,3,1,2024-06-19
U0468,P0003,Bluetooth Speaker,Electronics,104.25,2,1,1,2024-01-22
U0468,P0013,USB-C Hub - Variant 3,Electronics,149.11,2,3,0,2024-06-04
U0468,P0008,Laptop Stand,Electronics,116.72,2,2,0,2024-03-24
U0468,P0004,Bluetooth Speaker - Variant 2,Electronics,53.79,5,3,0,2024-12-12
U0469,P0016,Gaming Mouse,Electronics,38.63,3,2,1,2024-04-30
U0469,P0061,Blender - Variant 2,Home & Kitchen,27.47,2,3,0,2024-02-25
U0469,P0021,Mechanical Keyboard - Variant 3,Electronics,87.99,3,3,0,2024-05-06
U0469,P0121,Skipping Rope - Variant 2,Sports,74.87,5,1,1,2024-08-16
U0469,P0150,Programming Guide - Variant 2,Books,12.92,4,1,1,2024-01-14
U0469,P0111,Football,Sports,37.24,4,2,1,2024-08-11
U0469,P0109,Water Bottle - Variant 2,Sports,45.64,1,3,0,2024-01-05
U0469,P0117,Fitness Tracker,Sports,72.86,5,2,1,2024-06-16
U0469,P0108,Water Bottle,Sports,48.44,4,1,1,2024-09-23
U0469,P0103,Dumbbell Set - Variant 2,Sports,24.27,3,3,1,2024-12-30
U0469,P0011,USB-C Hub,Electronics,143.0,4,2,1,2024-01-28
U0469,P0116,Tennis Racket - Variant 3,Sports,21.7,3,3,1,2024-01-20
U0469,P0007,Smartwatch - Variant 2,Electronics,74.04,4,3,1,2024-02-28
U0469,P0114,Tennis Racket,Sports,49.81,3,1,1,2024-06-27
U0469,P0049,Sneakers - Variant 3,Fashion,55.64,1,2,1,2024-03-05
U0469,P0010,Laptop Stand - Variant 3,Electronics,146.57,4,2,1,2024-09-03
U0469,P0111,Football,Sports,37.24,5,3,1,2024-07-28
U0469,P0110,Water Bottle - Variant 3,Sports,57.47,5,2,1,2024-06-29
U0469,P0002,Wireless Earbuds - Variant 2,Electronics,56.91,4,2,1,2024-12-15
U0469,P0102,Dumbbell Set,Sports,36.13,4,3,1,2024-05-07
U0469,P0120,Skipping Rope,Sports,26.44,4,2,1,2024-01-07
U0469,P0016,Gaming Mouse,Electronics,38.63,5,2,1,2024-01-28
U0469,P0123,Gym Bag - Variant 2,Sports,46.65,3,2,1,2024-11-29
U0469,P0007,Smartwatch - Variant 2,Electronics,74.04,5,3,1,2024-08-01
U0469,P0116,Tennis Racket - Variant 3,Sports,21.7,3,2,1,2024-02-08
U0469,P0021,Mechanical Keyboard - Variant 3,Electronics,87.99,4,3,1,2024-03-04
U0470,P0053,Air Fryer,Home & Kitchen,77.17,3,3,1,2024-12-11
U0470,P0102,Dumbbell Set,Sports,36.13,4,1,0,2024-04-11
U0470,P0054,Air Fryer - Variant 2,Home & Kitchen,109.53,4,3,1,2024-02-20
U0470,P0059,Non-stick Pan - Variant 2,Home & Kitchen,63.2,3,2,0,2024-08-21
U0470,P0059,Non-stick Pan - Variant 2,Home & Kitchen,63.2,3,3,1,2024-02-05
U0470,P0060,Blender,Home & Kitchen,43.99,3,1,1,2024-10-09
U0470,P0072,Cutlery Set - Variant 3,Home & Kitchen,83.94,4,3,1,2024-04-02
U0470,P0142,Children's Storybook - Variant 2,Books,18.29,4,2,0,2024-07-31
U0470,P0023,Webcam - Variant 2,Electronics,79.6,3,3,0,2024-10-25
U0470,P0055,Coffee Maker,Home & Kitchen,73.4,4,3,1,2024-08-03
U0470,P0039,Wrist Watch - Variant 2,Fashion,41.73,3,1,0,2024-10-29
U0470,P0067,Table Lamp - Variant 2,Home & Kitchen,105.23,4,3,1,2024-02-24
U0470,P0075,Wall Clock - Variant 3,Home & Kitchen,67.37,4,3,0,2024-11-14
U0470,P0066,Table Lamp,Home & Kitchen,82.67,2,3,1,2024-06-26
U0470,P0058,Non-stick Pan,Home & Kitchen,28.34,3,3,1,2024-01-01
U0471,P0051,Winter Coat - Variant 2,Fashion,46.85,3,1,1,2024-07-12
U0471,P0025,Tablet - Variant 2,Electronics,41.3,4,1,0,2024-11-19
U0471,P0024,Tablet,Electronics,103.54,3,2,1,2024-01-18
U0471,P0015,Power Bank - Variant 2,Electronics,95.82,5,3,1,2024-02-20
U0471,P0023,Webcam - Variant 2,Electronics,79.6,5,2,0,2024-07-27
U0471,P0002,Wireless Earbuds - Variant 2,Electronics,56.91,3,2,0,2024-11-25
U0471,P0021,Mechanical Keyboard - Variant 3,Electronics,87.99,4,3,1,2024-09-20
U0471,P0031,Cotton T-Shirt,Fashion,22.06,3,3,1,2024-05-23
U0471,P0067,Table Lamp - Variant 2,Home & Kitchen,105.23,2,1,0,2024-09-15
U0471,P0010,Laptop Stand - Variant 3,Electronics,146.57,4,2,1,2024-05-09
U0471,P0082,Lipstick,Beauty,12.97,2,3,1,2024-06-06
U0471,P0086,Perfume - Variant 2,Beauty,33.4,3,2,0,2024-04-29
U0472,P0008,Laptop Stand,Electronics,116.72,3,2,0,2024-06-11
U0472,P0150,Programming Guide - Variant 2,Books,12.92,4,2,1,2024-01-02
U0472,P0141,Children's Storybook,Books,33.46,5,1,1,2024-06-24
U0472,P0127,Self-Help Book,Books,13.13,5,3,1,2024-02-20
U0472,P0125,Mystery Novel - Variant 2,Books,18.83,4,3,1,2024-05-22
U0472,P0145,Poetry Collection - Variant 3,Books,15.46,4,2,0,2024-10-09
U0472,P0131,Cookbook - Variant 2,Books,11.3,4,1,1,2024-01-16
U0472,P0125,Mystery Novel - Variant 2,Books,18.83,4,3,1,2024-11-02
U0472,P0127,Self-Help Book,Books,13.13,2,3,1,2024-11-28
U0472,P0143,Poetry Collection,Books,9.47,2,1,0,2024-05-01
U0472,P0127,Self-Help Book,Books,13.13,3,2,1,2024-08-28
U0472,P0145,Poetry Collection - Variant 3,Books,15.46,4,2,1,2024-08-01
U0472,P0043,Backpack - Variant 3,Fashion,77.01,2,1,1,2024-02-17
U0472,P0136,Sci-Fi Novel - Variant 2,Books,20.37,5,3,1,2024-02-24
U0472,P0134,Biography - Variant 2,Books,19.48,5,2,1,2024-11-25
U0472,P0144,Poetry Collection - Variant 2,Books,23.59,3,1,1,2024-11-04
U0472,P0129,Self-Help Book - Variant 3,Books,37.09,2,3,1,2024-10-20
U0472,P0066,Table Lamp,Home & Kitchen,82.67,1,1,0,2024-01-09
U0472,P0144,Poetry Collection - Variant 2,Books,23.59,5,2,1,2024-04-16
U0472,P0138,Business Strategy Book,Books,32.81,3,2,1,2024-03-29
U0472,P0131,Cookbook - Variant 2,Books,11.3,3,3,1,2024-07-18
U0472,P0121,Skipping Rope - Variant 2,Sports,74.87,1,3,1,2024-11-07
U0472,P0147,History Book - Variant 2,Books,35.8,3,3,1,2024-01-31
U0472,P0089,Hair Dryer - Variant 3,Beauty,27.59,1,3,0,2024-10-20
U0472,P0127,Self-Help Book,Books,13.13,3,2,0,2024-07-20
U0472,P0148,History Book - Variant 3,Books,20.33,4,3,1,2024-11-21
U0472,P0141,Children's Storybook,Books,33.46,3,3,1,2024-11-20
U0472,P0132,Cookbook - Variant 3,Books,19.54,4,2,1,2024-01-27
U0472,P0052,Winter Coat - Variant 3,Fashion,39.04,1,2,1,2024-10-12
U0472,P0135,Sci-Fi Novel,Books,37.03,3,2,1,2024-09-22
U0473,P0037,Sunglasses - Variant 2,Fashion,47.01,3,2,1,2024-04-09
U0473,P0036,Sunglasses,Fashion,32.53,3,2,1,2024-02-04
U0473,P0032,Cotton T-Shirt - Variant 2,Fashion,36.35,4,2,1,2024-03-09
U0473,P0028,Running Shoes - Variant 2,Fashion,21.88,5,1,1,2024-03-25
U0473,P0050,Winter Coat,Fashion,42.63,4,1,1,2024-12-22
U0473,P0036,Sunglasses,Fashion,32.53,5,2,1,2024-05-04
U0473,P0048,Sneakers - Variant 2,Fashion,58.93,4,3,1,2024-04-14
U0473,P0038,Wrist Watch,Fashion,65.06,4,1,1,2024-06-24
U0473,P0110,Water Bottle - Variant 3,Sports,57.47,2,2,1,2024-01-01
U0473,P0076,Face Moisturizer,Beauty,48.93,3,2,1,2024-11-29
U0473,P0050,Winter Coat,Fashion,42.63,3,1,1,2024-01-17
U0473,P0041,Backpack,Fashion,58.75,5,3,1,2024-08-11
U0473,P0045,Formal Shirt - Variant 2,Fashion,80.51,4,2,1,2024-03-23
U0474,P0086,Perfume - Variant 2,Beauty,33.4,3,2,0,2024-09-23
U0474,P0097,Body Lotion,Beauty,42.54,2,1,0,2024-06-01
U0474,P0091,Face Mask Set - Variant 2,Beauty,47.83,4,1,0,2024-06-04
U0474,P0022,Webcam,Electronics,106.5,4,1,1,2024-02-10
U0474,P0149,Programming Guide,Books,35.7,4,3,0,2024-11-09
U0474,P0124,Mystery Novel,Books,9.94,1,2,0,2024-03-14
U0474,P0024,Tablet,Electronics,103.54,3,3,1,2024-04-06
U0474,P0085,Perfume,Beauty,30.06,4,3,1,2024-02-05
U0474,P0078,Sunscreen SPF50,Beauty,33.33,4,2,1,2024-03-10
U0474,P0005,Bluetooth Speaker - Variant 3,Electronics,53.78,5,3,1,2024-06-13
U0474,P0135,Sci-Fi Novel,Books,37.03,2,2,1,2024-12-03
U0474,P0092,Nail Polish Kit,Beauty,23.01,2,3,1,2024-11-17
U0474,P0093,Nail Polish Kit - Variant 2,Beauty,18.13,5,1,0,2024-12-01
U0474,P0015,Power Bank - Variant 2,Electronics,95.82,4,3,1,2024-06-10
U0474,P0084,Lipstick - Variant 3,Beauty,13.19,4,2,1,2024-10-13
U0474,P0016,Gaming Mouse,Electronics,38.63,4,3,1,2024-01-31
U0474,P0086,Perfume - Variant 2,Beauty,33.4,3,2,1,2024-03-22
U0474,P0095,Beard Trimmer - Variant 2,Beauty,23.23,4,2,0,2024-05-22
U0474,P0131,Cookbook - Variant 2,Books,11.3,2,3,1,2024-02-19
U0474,P0015,Power Bank - Variant 2,Electronics,95.82,5,2,1,2024-11-24
U0474,P0095,Beard Trimmer - Variant 2,Beauty,23.23,4,2,0,2024-01-12
U0474,P0003,Bluetooth Speaker,Electronics,104.25,4,2,1,2024-06-25
U0474,P0077,Face Moisturizer - Variant 2,Beauty,44.26,4,3,1,2024-12-09
U0474,P0079,Sunscreen SPF50 - Variant 2,Beauty,41.3,2,3,1,2024-02-13
U0474,P0010,Laptop Stand - Variant 3,Electronics,146.57,4,1,1,2024-01-30
U0474,P0121,Skipping Rope - Variant 2,Sports,74.87,2,3,0,2024-02-03
U0474,P0005,Bluetooth Speaker - Variant 3,Electronics,53.78,5,1,1,2024-10-18
U0474,P0001,Wireless Earbuds,Electronics,126.81,5,3,1,2024-07-17
U0474,P0001,Wireless Earbuds,Electronics,126.81,4,3,1,2024-03-09
U0474,P0019,Mechanical Keyboard,Electronics,69.3,5,3,1,2024-01-08
U0475,P0079,Sunscreen SPF50 - Variant 2,Beauty,41.3,1,3,1,2024-02-09
U0475,P0132,Cookbook - Variant 3,Books,19.54,3,2,0,2024-06-14
U0475,P0145,Poetry Collection - Variant 3,Books,15.46,5,3,1,2024-10-21
U0475,P0144,Poetry Collection - Variant 2,Books,23.59,5,3,1,2024-01-02
U0475,P0136,Sci-Fi Novel - Variant 2,Books,20.37,4,1,1,2024-05-19
U0475,P0135,Sci-Fi Novel,Books,37.03,4,3,0,2024-08-06
U0475,P0119,Fitness Tracker - Variant 3,Sports,46.34,4,2,1,2024-09-30
U0475,P0134,Biography - Variant 2,Books,19.48,4,1,0,2024-04-18
U0475,P0145,Poetry Collection - Variant 3,Books,15.46,4,2,0,2024-08-02
U0475,P0104,Resistance Bands,Sports,54.92,2,2,0,2024-07-20
U0475,P0144,Poetry Collection - Variant 2,Books,23.59,3,3,0,2024-10-31
U0475,P0133,Biography,Books,29.75,4,1,1,2024-03-11
U0475,P0070,Cutlery Set,Home & Kitchen,58.7,1,1,0,2024-11-10
U0475,P0129,Self-Help Book - Variant 3,Books,37.09,3,2,1,2024-09-10
U0475,P0138,Business Strategy Book,Books,32.81,3,2,1,2024-03-10
U0475,P0131,Cookbook - Variant 2,Books,11.3,2,2,1,2024-10-22
U0475,P0126,Mystery Novel - Variant 3,Books,27.08,4,3,1,2024-09-02
U0475,P0129,Self-Help Book - Variant 3,Books,37.09,2,1,1,2024-03-21
U0475,P0148,History Book - Variant 3,Books,20.33,4,3,1,2024-04-09
U0475,P0142,Children's Storybook - Variant 2,Books,18.29,3,2,1,2024-10-01
U0475,P0136,Sci-Fi Novel - Variant 2,Books,20.37,4,3,1,2024-05-13
U0475,P0135,Sci-Fi Novel,Books,37.03,4,3,1,2024-05-04
U0475,P0125,Mystery Novel - Variant 2,Books,18.83,2,2,1,2024-04-12
U0475,P0147,History Book - Variant 2,Books,35.8,5,1,1,2024-03-02
U0475,P0142,Children's Storybook - Variant 2,Books,18.29,3,2,1,2024-04-21
U0475,P0139,Business Strategy Book - Variant 2,Books,18.14,3,3,1,2024-02-13
U0475,P0142,Children's Storybook - Variant 2,Books,18.29,4,1,1,2024-07-06
U0475,P0145,Poetry Collection - Variant 3,Books,15.46,4,2,1,2024-09-22
U0476,P0028,Running Shoes - Variant 2,Fashion,21.88,3,1,0,2024-08-16
U0476,P0110,Water Bottle - Variant 3,Sports,57.47,3,1,1,2024-04-26
U0476,P0047,Sneakers,Fashion,42.71,2,2,1,2024-09-15
U0476,P0112,Football - Variant 2,Sports,71.75,3,3,1,2024-04-14
U0476,P0049,Sneakers - Variant 3,Fashion,55.64,5,2,1,2024-10-24
U0476,P0113,Football - Variant 3,Sports,36.42,4,1,1,2024-04-06
U0476,P0140,Business Strategy Book - Variant 3,Books,14.32,2,3,1,2024-08-31
U0476,P0044,Formal Shirt,Fashion,83.48,5,1,1,2024-11-30
U0476,P0040,Wrist Watch - Variant 3,Fashion,55.58,4,1,1,2024-08-30
U0476,P0101,Yoga Mat - Variant 2,Sports,24.96,3,1,1,2024-08-16
U0476,P0040,Wrist Watch - Variant 3,Fashion,55.58,5,1,1,2024-03-16
U0476,P0034,Leather Wallet - Variant 2,Fashion,29.12,4,1,1,2024-12-02
U0476,P0114,Tennis Racket,Sports,49.81,4,1,1,2024-03-15
U0476,P0042,Backpack - Variant 2,Fashion,23.08,1,2,1,2024-11-11
U0476,P0122,Gym Bag,Sports,52.75,5,3,0,2024-04-12
U0476,P0035,Leather Wallet - Variant 3,Fashion,53.93,4,3,1,2024-06-26
U0476,P0115,Tennis Racket - Variant 2,Sports,41.02,4,1,0,2024-10-04
U0476,P0118,Fitness Tracker - Variant 2,Sports,32.35,4,3,1,2024-01-31
U0476,P0114,Tennis Racket,Sports,49.81,2,1,0,2024-09-27
U0477,P0015,Power Bank - Variant 2,Electronics,95.82,2,2,1,2024-06-30
U0477,P0023,Webcam - Variant 2,Electronics,79.6,4,3,1,2024-06-27
U0477,P0097,Body Lotion,Beauty,42.54,4,2,1,2024-02-09
U0477,P0034,Leather Wallet - Variant 2,Fashion,29.12,4,2,0,2024-07-25
U0477,P0003,Bluetooth Speaker,Electronics,104.25,4,2,1,2024-02-23
U0477,P0007,Smartwatch - Variant 2,Electronics,74.04,4,1,1,2024-10-16
U0477,P0091,Face Mask Set - Variant 2,Beauty,47.83,3,3,1,2024-07-23
U0477,P0023,Webcam - Variant 2,Electronics,79.6,5,3,0,2024-07-05
U0477,P0076,Face Moisturizer,Beauty,48.93,4,3,1,2024-04-07
U0477,P0015,Power Bank - Variant 2,Electronics,95.82,5,1,1,2024-12-15
U0477,P0002,Wireless Earbuds - Variant 2,Electronics,56.91,3,3,0,2024-02-21
U0477,P0098,Body Lotion - Variant 2,Beauty,19.09,3,1,1,2024-11-23
U0478,P0085,Perfume,Beauty,30.06,5,3,1,2024-01-27
U0478,P0023,Webcam - Variant 2,Electronics,79.6,3,2,1,2024-12-17
U0478,P0013,USB-C Hub - Variant 3,Electronics,149.11,3,3,1,2024-08-21
U0478,P0022,Webcam,Electronics,106.5,5,3,1,2024-08-28
U0478,P0097,Body Lotion,Beauty,42.54,4,3,0,2024-03-09
U0478,P0096,Beard Trimmer - Variant 3,Beauty,16.01,3,1,1,2024-02-23
U0478,P0024,Tablet,Electronics,103.54,3,2,1,2024-03-28
U0478,P0006,Smartwatch,Electronics,88.35,4,3,1,2024-02-01
U0478,P0018,Gaming Mouse - Variant 3,Electronics,81.58,4,1,1,2024-09-15
U0478,P0090,Face Mask Set,Beauty,19.72,3,1,1,2024-04-25
U0478,P0012,USB-C Hub - Variant 2,Electronics,36.09,4,2,1,2024-12-17
U0478,P0011,USB-C Hub,Electronics,143.0,4,1,0,2024-03-31
U0478,P0027,Running Shoes,Fashion,50.96,3,3,0,2024-08-08
U0478,P0072,Cutlery Set - Variant 3,Home & Kitchen,83.94,2,3,0,2024-08-11
U0478,P0077,Face Moisturizer - Variant 2,Beauty,44.26,3,2,0,2024-07-26
U0478,P0020,Mechanical Keyboard - Variant 2,Electronics,77.77,5,2,0,2024-08-27
U0478,P0004,Bluetooth Speaker - Variant 2,Electronics,53.79,5,2,1,2024-07-15
U0478,P0080,Shampoo,Beauty,13.54,3,2,1,2024-07-16
U0478,P0091,Face Mask Set - Variant 2,Beauty,47.83,2,1,0,2024-09-21
U0478,P0004,Bluetooth Speaker - Variant 2,Electronics,53.79,5,1,1,2024-11-18
U0478,P0020,Mechanical Keyboard - Variant 2,Electronics,77.77,4,1,1,2024-10-13
U0478,P0089,Hair Dryer - Variant 3,Beauty,27.59,5,1,1,2024-01-19
U0478,P0053,Air Fryer,Home & Kitchen,77.17,4,2,1,2024-11-08
U0478,P0006,Smartwatch,Electronics,88.35,3,3,1,2024-06-18
U0478,P0082,Lipstick,Beauty,12.97,2,3,0,2024-12-18
U0478,P0091,Face Mask Set - Variant 2,Beauty,47.83,4,1,1,2024-03-14
U0478,P0083,Lipstick - Variant 2,Beauty,16.1,3,1,1,2024-08-23
U0478,P0039,Wrist Watch - Variant 2,Fashion,41.73,3,2,0,2024-11-25
U0478,P0020,Mechanical Keyboard - Variant 2,Electronics,77.77,4,3,1,2024-02-13
U0478,P0147,History Book - Variant 2,Books,35.8,3,2,0,2024-04-09
U0478,P0021,Mechanical Keyboard - Variant 3,Electronics,87.99,3,1,1,2024-07-05
U0478,P0094,Beard Trimmer,Beauty,35.73,3,1,0,2024-08-27
U0478,P0033,Leather Wallet,Fashion,50.27,3,3,1,2024-10-10
U0478,P0017,Gaming Mouse - Variant 2,Electronics,95.82,3,3,0,2024-01-19
U0478,P0110,Water Bottle - Variant 3,Sports,57.47,3,2,0,2024-02-16
U0479,P0063,Vacuum Cleaner - Variant 2,Home & Kitchen,87.82,2,1,1,2024-08-26
U0479,P0065,Bed Sheets Set - Variant 2,Home & Kitchen,33.33,5,1,1,2024-01-10
U0479,P0104,Resistance Bands,Sports,54.92,3,2,0,2024-09-02
U0479,P0060,Blender,Home & Kitchen,43.99,4,2,1,2024-01-11
U0479,P0072,Cutlery Set - Variant 3,Home & Kitchen,83.94,3,2,1,2024-01-04
U0479,P0071,Cutlery Set - Variant 2,Home & Kitchen,84.19,3,1,0,2024-11-05
U0479,P0149,Programming Guide,Books,35.7,2,1,1,2024-10-12
U0479,P0130,Cookbook,Books,25.89,3,1,1,2024-05-10
U0479,P0071,Cutlery Set - Variant 2,Home & Kitchen,84.19,4,2,0,2024-03-31
U0479,P0130,Cookbook,Books,25.89,4,2,1,2024-04-27
U0479,P0056,Coffee Maker - Variant 2,Home & Kitchen,39.05,3,2,1,2024-05-29
U0479,P0128,Self-Help Book - Variant 2,Books,22.95,5,1,1,2024-12-12
U0479,P0102,Dumbbell Set,Sports,36.13,3,2,0,2024-11-17
U0479,P0127,Self-Help Book,Books,13.13,4,2,1,2024-04-03
U0479,P0142,Children's Storybook - Variant 2,Books,18.29,5,1,0,2024-02-01
U0479,P0141,Children's Storybook,Books,33.46,5,3,0,2024-11-28
U0479,P0143,Poetry Collection,Books,9.47,3,2,1,2024-11-07
U0479,P0148,History Book - Variant 3,Books,20.33,2,2,1,2024-12-13
U0479,P0073,Wall Clock,Home & Kitchen,81.51,4,3,1,2024-11-16
U0479,P0001,Wireless Earbuds,Electronics,126.81,3,1,1,2024-10-19
U0479,P0143,Poetry Collection,Books,9.47,5,2,0,2024-09-30
U0479,P0071,Cutlery Set - Variant 2,Home & Kitchen,84.19,5,3,1,2024-03-14
U0479,P0067,Table Lamp - Variant 2,Home & Kitchen,105.23,5,3,1,2024-06-20
U0479,P0073,Wall Clock,Home & Kitchen,81.51,4,1,1,2024-11-07
U0479,P0069,Storage Boxes - Variant 2,Home & Kitchen,55.29,4,3,1,2024-05-14
U0479,P0006,Smartwatch,Electronics,88.35,3,3,0,2024-12-05
U0479,P0137,Sci-Fi Novel - Variant 3,Books,32.27,3,1,0,2024-12-13
U0479,P0126,Mystery Novel - Variant 3,Books,27.08,4,2,0,2024-06-28
U0479,P0125,Mystery Novel - Variant 2,Books,18.83,3,3,1,2024-02-25
U0479,P0054,Air Fryer - Variant 2,Home & Kitchen,109.53,3,1,1,2024-01-27
U0480,P0065,Bed Sheets Set - Variant 2,Home & Kitchen,33.33,5,1,1,2024-05-25
U0480,P0055,Coffee Maker,Home & Kitchen,73.4,3,1,0,2024-07-06
U0480,P0073,Wall Clock,Home & Kitchen,81.51,3,1,0,2024-02-25
U0480,P0109,Water Bottle - Variant 2,Sports,45.64,3,2,1,2024-01-10
U0480,P0108,Water Bottle,Sports,48.44,5,1,0,2024-12-23
U0480,P0050,Winter Coat,Fashion,42.63,1,3,1,2024-10-13
U0480,P0102,Dumbbell Set,Sports,36.13,3,2,1,2024-12-11
U0480,P0072,Cutlery Set - Variant 3,Home & Kitchen,83.94,4,2,1,2024-08-05
U0480,P0126,Mystery Novel - Variant 3,Books,27.08,3,2,1,2024-08-24
U0480,P0101,Yoga Mat - Variant 2,Sports,24.96,2,2,1,2024-03-25
U0480,P0106,Cycling Helmet,Sports,67.06,5,3,1,2024-04-09
U0480,P0043,Backpack - Variant 3,Fashion,77.01,3,3,1,2024-11-18
U0480,P0023,Webcam - Variant 2,Electronics,79.6,4,2,1,2024-05-16
U0480,P0114,Tennis Racket,Sports,49.81,3,2,1,2024-02-19
U0480,P0116,Tennis Racket - Variant 3,Sports,21.7,3,3,1,2024-02-20
U0480,P0070,Cutlery Set,Home & Kitchen,58.7,4,1,1,2024-09-28
U0480,P0055,Coffee Maker,Home & Kitchen,73.4,3,2,1,2024-02-04
U0480,P0106,Cycling Helmet,Sports,67.06,2,1,1,2024-11-04
U0480,P0062,Vacuum Cleaner,Home & Kitchen,44.0,4,3,1,2024-03-05
U0480,P0097,Body Lotion,Beauty,42.54,3,3,0,2024-01-07
U0480,P0053,Air Fryer,Home & Kitchen,77.17,4,3,0,2024-02-08
U0480,P0116,Tennis Racket - Variant 3,Sports,21.7,4,2,1,2024-12-27
U0480,P0119,Fitness Tracker - Variant 3,Sports,46.34,5,3,1,2024-09-08
U0481,P0093,Nail Polish Kit - Variant 2,Beauty,18.13,4,1,1,2024-10-27
U0481,P0078,Sunscreen SPF50,Beauty,33.33,3,3,0,2024-09-23
U0481,P0094,Beard Trimmer,Beauty,35.73,4,2,1,2024-01-19
U0481,P0092,Nail Polish Kit,Beauty,23.01,4,2,1,2024-05-01
U0481,P0088,Hair Dryer - Variant 2,Beauty,21.47,4,2,1,2024-02-04
U0481,P0096,Beard Trimmer - Variant 3,Beauty,16.01,4,3,1,2024-11-30
U0481,P0078,Sunscreen SPF50,Beauty,33.33,4,2,0,2024-06-03
U0481,P0091,Face Mask Set - Variant 2,Beauty,47.83,5,2,0,2024-12-18
U0481,P0030,Denim Jacket - Variant 2,Fashion,74.76,3,1,0,2024-11-25
U0481,P0012,USB-C Hub - Variant 2,Electronics,36.09,2,2,0,2024-09-13
U0481,P0083,Lipstick - Variant 2,Beauty,16.1,4,3,0,2024-10-25
U0481,P0097,Body Lotion,Beauty,42.54,3,1,0,2024-09-28
U0481,P0087,Hair Dryer,Beauty,46.49,5,2,1,2024-02-20
U0481,P0064,Bed Sheets Set,Home & Kitchen,92.94,2,3,0,2024-10-03
U0481,P0009,Laptop Stand - Variant 2,Electronics,38.35,1,3,0,2024-05-05
U0481,P0078,Sunscreen SPF50,Beauty,33.33,3,3,1,2024-12-29
U0481,P0098,Body Lotion - Variant 2,Beauty,19.09,3,1,1,2024-09-14
U0481,P0093,Nail Polish Kit - Variant 2,Beauty,18.13,4,3,0,2024-05-25
U0481,P0011,USB-C Hub,Electronics,143.0,3,3,0,2024-07-05
U0481,P0096,Beard Trimmer - Variant 3,Beauty,16.01,4,2,1,2024-12-05
U0481,P0089,Hair Dryer - Variant 3,Beauty,27.59,3,3,0,2024-02-07
U0481,P0092,Nail Polish Kit,Beauty,23.01,3,2,1,2024-07-29
U0481,P0099,Body Lotion - Variant 3,Beauty,45.92,5,1,1,2024-05-25
U0481,P0078,Sunscreen SPF50,Beauty,33.33,3,2,1,2024-08-13
U0481,P0113,Football - Variant 3,Sports,36.42,2,1,1,2024-01-22
U0481,P0122,Gym Bag,Sports,52.75,2,2,0,2024-10-13
U0481,P0082,Lipstick,Beauty,12.97,4,3,1,2024-06-29
U0481,P0076,Face Moisturizer,Beauty,48.93,3,3,1,2024-12-19
U0481,P0097,Body Lotion,Beauty,42.54,3,1,1,2024-02-06
U0481,P0081,Shampoo - Variant 2,Beauty,39.01,3,2,1,2024-09-24
U0481,P0081,Shampoo - Variant 2,Beauty,39.01,4,3,1,2024-12-18
U0481,P0089,Hair Dryer - Variant 3,Beauty,27.59,3,2,1,2024-01-25
U0481,P0131,Cookbook - Variant 2,Books,11.3,1,1,1,2024-01-13
U0481,P0083,Lipstick - Variant 2,Beauty,16.1,2,1,1,2024-07-24
U0481,P0089,Hair Dryer - Variant 3,Beauty,27.59,3,1,1,2024-03-08
U0481,P0023,Webcam - Variant 2,Electronics,79.6,3,3,1,2024-11-22
U0481,P0096,Beard Trimmer - Variant 3,Beauty,16.01,3,1,1,2024-04-26
U0481,P0099,Body Lotion - Variant 3,Beauty,45.92,3,1,1,2024-11-14
U0481,P0095,Beard Trimmer - Variant 2,Beauty,23.23,4,2,0,2024-02-02
U0482,P0076,Face Moisturizer,Beauty,48.93,4,2,0,2024-11-05
U0482,P0143,Poetry Collection,Books,9.47,3,3,0,2024-02-16
U0482,P0081,Shampoo - Variant 2,Beauty,39.01,5,3,0,2024-02-02
U0482,P0097,Body Lotion,Beauty,42.54,2,3,1,2024-01-20
U0482,P0099,Body Lotion - Variant 3,Beauty,45.92,4,3,1,2024-05-11
U0482,P0084,Lipstick - Variant 3,Beauty,13.19,3,3,1,2024-11-18
U0482,P0079,Sunscreen SPF50 - Variant 2,Beauty,41.3,3,3,0,2024-10-03
U0482,P0083,Lipstick - Variant 2,Beauty,16.1,4,2,0,2024-08-16
U0482,P0086,Perfume - Variant 2,Beauty,33.4,3,1,1,2024-01-02
U0482,P0079,Sunscreen SPF50 - Variant 2,Beauty,41.3,4,2,1,2024-11-07
U0482,P0106,Cycling Helmet,Sports,67.06,4,3,0,2024-12-04
U0482,P0096,Beard Trimmer - Variant 3,Beauty,16.01,3,1,1,2024-11-13
U0482,P0083,Lipstick - Variant 2,Beauty,16.1,2,3,0,2024-07-22
U0482,P0093,Nail Polish Kit - Variant 2,Beauty,18.13,5,2,1,2024-10-22
U0482,P0089,Hair Dryer - Variant 3,Beauty,27.59,3,3,1,2024-02-23
U0482,P0096,Beard Trimmer - Variant 3,Beauty,16.01,3,3,1,2024-03-10
U0482,P0085,Perfume,Beauty,30.06,3,2,1,2024-05-02
U0482,P0050,Winter Coat,Fashion,42.63,1,3,1,2024-10-24
U0482,P0077,Face Moisturizer - Variant 2,Beauty,44.26,5,2,1,2024-10-27
U0482,P0116,Tennis Racket - Variant 3,Sports,21.7,1,2,0,2024-02-04
U0482,P0086,Perfume - Variant 2,Beauty,33.4,4,2,0,2024-07-05
U0482,P0095,Beard Trimmer - Variant 2,Beauty,23.23,5,2,1,2024-03-30
U0482,P0085,Perfume,Beauty,30.06,3,3,1,2024-05-28
U0482,P0088,Hair Dryer - Variant 2,Beauty,21.47,4,1,1,2024-02-14
U0482,P0078,Sunscreen SPF50,Beauty,33.33,3,2,1,2024-07-06
U0482,P0088,Hair Dryer - Variant 2,Beauty,21.47,4,1,0,2024-09-03
U0482,P0144,Poetry Collection - Variant 2,Books,23.59,2,2,0,2024-01-15
U0482,P0076,Face Moisturizer,Beauty,48.93,4,3,1,2024-01-05
U0482,P0084,Lipstick - Variant 3,Beauty,13.19,4,1,0,2024-11-26
U0482,P0084,Lipstick - Variant 3,Beauty,13.19,5,2,1,2024-09-01
U0483,P0016,Gaming Mouse,Electronics,38.63,3,1,1,2024-04-16
U0483,P0010,Laptop Stand - Variant 3,Electronics,146.57,5,1,1,2024-08-23
U0483,P0148,History Book - Variant 3,Books,20.33,2,3,0,2024-11-24
U0483,P0009,Laptop Stand - Variant 2,Electronics,38.35,4,2,1,2024-10-02
U0483,P0006,Smartwatch,Electronics,88.35,2,3,1,2024-10-13
U0483,P0061,Blender - Variant 2,Home & Kitchen,27.47,5,3,1,2024-08-04
U0483,P0121,Skipping Rope - Variant 2,Sports,74.87,2,3,0,2024-12-11
U0483,P0018,Gaming Mouse - Variant 3,Electronics,81.58,5,3,1,2024-09-12
U0483,P0003,Bluetooth Speaker,Electronics,104.25,4,3,1,2024-10-16
U0483,P0020,Mechanical Keyboard - Variant 2,Electronics,77.77,4,3,1,2024-12-19
U0483,P0009,Laptop Stand - Variant 2,Electronics,38.35,5,2,1,2024-12-21
U0483,P0023,Webcam - Variant 2,Electronics,79.6,4,3,0,2024-05-22
U0483,P0002,Wireless Earbuds - Variant 2,Electronics,56.91,3,3,1,2024-01-18
U0483,P0009,Laptop Stand - Variant 2,Electronics,38.35,3,2,1,2024-05-23
U0483,P0005,Bluetooth Speaker - Variant 3,Electronics,53.78,5,2,1,2024-10-20
U0483,P0001,Wireless Earbuds,Electronics,126.81,4,1,1,2024-05-30
U0483,P0006,Smartwatch,Electronics,88.35,3,2,1,2024-01-27
U0483,P0012,USB-C Hub - Variant 2,Electronics,36.09,4,2,1,2024-06-27
U0483,P0006,Smartwatch,Electronics,88.35,3,3,1,2024-08-23
U0483,P0008,Laptop Stand,Electronics,116.72,3,1,1,2024-06-13
U0483,P0074,Wall Clock - Variant 2,Home & Kitchen,102.86,3,1,0,2024-04-04
U0483,P0011,USB-C Hub,Electronics,143.0,3,3,1,2024-02-18
U0483,P0131,Cookbook - Variant 2,Books,11.3,2,3,0,2024-02-11
U0483,P0002,Wireless Earbuds - Variant 2,Electronics,56.91,4,1,0,2024-05-30
U0483,P0008,Laptop Stand,Electronics,116.72,5,1,1,2024-04-22
U0483,P0005,Bluetooth Speaker - Variant 3,Electronics,53.78,4,3,0,2024-09-04
U0483,P0148,History Book - Variant 3,Books,20.33,4,3,1,2024-05-10
U0483,P0016,Gaming Mouse,Electronics,38.63,4,3,1,2024-02-03
U0483,P0002,Wireless Earbuds - Variant 2,Electronics,56.91,3,1,1,2024-12-21
U0483,P0096,Beard Trimmer - Variant 3,Beauty,16.01,1,2,1,2024-07-27
U0483,P0078,Sunscreen SPF50,Beauty,33.33,5,1,0,2024-06-15
U0483,P0015,Power Bank - Variant 2,Electronics,95.82,3,3,1,2024-03-05
U0483,P0005,Bluetooth Speaker - Variant 3,Electronics,53.78,4,2,1,2024-02-24
U0483,P0001,Wireless Earbuds,Electronics,126.81,4,1,1,2024-10-16
U0483,P0002,Wireless Earbuds - Variant 2,Electronics,56.91,3,2,0,2024-09-14
U0484,P0140,Business Strategy Book - Variant 3,Books,14.32,3,2,1,2024-02-06
U0484,P0089,Hair Dryer - Variant 3,Beauty,27.59,5,3,0,2024-11-16
U0484,P0080,Shampoo,Beauty,13.54,5,3,1,2024-08-31
U0484,P0097,Body Lotion,Beauty,42.54,3,3,1,2024-07-01
U0484,P0087,Hair Dryer,Beauty,46.49,5,1,0,2024-07-14
U0484,P0134,Biography - Variant 2,Books,19.48,4,1,0,2024-04-25
U0484,P0129,Self-Help Book - Variant 3,Books,37.09,5,1,1,2024-09-30
U0484,P0141,Children's Storybook,Books,33.46,2,1,1,2024-05-17
U0484,P0076,Face Moisturizer,Beauty,48.93,4,3,0,2024-03-16
U0484,P0086,Perfume - Variant 2,Beauty,33.4,4,3,1,2024-07-21
U0484,P0138,Business Strategy Book,Books,32.81,3,1,1,2024-07-19
U0484,P0130,Cookbook,Books,25.89,4,3,1,2024-08-08
U0484,P0090,Face Mask Set,Beauty,19.72,3,1,0,2024-09-24
U0484,P0126,Mystery Novel - Variant 3,Books,27.08,4,1,1,2024-06-10
U0484,P0135,Sci-Fi Novel,Books,37.03,3,1,0,2024-01-04
U0484,P0097,Body Lotion,Beauty,42.54,4,2,1,2024-10-13
U0484,P0149,Programming Guide,Books,35.7,4,2,1,2024-03-21
U0484,P0023,Webcam - Variant 2,Electronics,79.6,3,2,0,2024-05-04
U0484,P0001,Wireless Earbuds,Electronics,126.81,3,2,0,2024-01-17
U0484,P0134,Biography - Variant 2,Books,19.48,4,3,1,2024-10-25
U0484,P0087,Hair Dryer,Beauty,46.49,3,2,0,2024-12-15
U0484,P0077,Face Moisturizer - Variant 2,Beauty,44.26,3,3,1,2024-11-28
U0484,P0139,Business Strategy Book - Variant 2,Books,18.14,5,2,0,2024-04-23
U0484,P0061,Blender - Variant 2,Home & Kitchen,27.47,3,3,1,2024-08-28
U0484,P0076,Face Moisturizer,Beauty,48.93,3,3,0,2024-03-19
U0484,P0081,Shampoo - Variant 2,Beauty,39.01,4,3,1,2024-09-10
U0484,P0068,Storage Boxes,Home & Kitchen,80.29,2,2,0,2024-10-07
U0484,P0084,Lipstick - Variant 3,Beauty,13.19,4,1,0,2024-11-02
U0484,P0079,Sunscreen SPF50 - Variant 2,Beauty,41.3,4,3,1,2024-06-09
U0484,P0088,Hair Dryer - Variant 2,Beauty,21.47,2,3,1,2024-06-10
U0484,P0078,Sunscreen SPF50,Beauty,33.33,4,3,1,2024-10-20
U0484,P0130,Cookbook,Books,25.89,4,1,1,2024-07-30
U0484,P0144,Poetry Collection - Variant 2,Books,23.59,3,3,1,2024-05-25
U0484,P0141,Children's Storybook,Books,33.46,3,3,1,2024-01-08
U0485,P0053,Air Fryer,Home & Kitchen,77.17,3,2,0,2024-01-12
U0485,P0072,Cutlery Set - Variant 3,Home & Kitchen,83.94,3,2,1,2024-01-30
U0485,P0061,Blender - Variant 2,Home & Kitchen,27.47,5,3,1,2024-05-02
U0485,P0067,Table Lamp - Variant 2,Home & Kitchen,105.23,3,3,1,2024-12-30
U0485,P0091,Face Mask Set - Variant 2,Beauty,47.83,3,1,0,2024-05-15
U0485,P0003,Bluetooth Speaker,Electronics,104.25,4,1,1,2024-11-19
U0485,P0126,Mystery Novel - Variant 3,Books,27.08,2,1,0,2024-02-12
U0485,P0022,Webcam,Electronics,106.5,5,3,1,2024-07-05
U0485,P0090,Face Mask Set,Beauty,19.72,2,1,0,2024-12-07
U0485,P0061,Blender - Variant 2,Home & Kitchen,27.47,5,2,1,2024-06-03
U0485,P0003,Bluetooth Speaker,Electronics,104.25,3,3,1,2024-07-15
U0485,P0060,Blender,Home & Kitchen,43.99,2,1,1,2024-05-12
U0485,P0016,Gaming Mouse,Electronics,38.63,4,3,1,2024-12-22
U0485,P0104,Resistance Bands,Sports,54.92,2,1,0,2024-06-21
U0485,P0026,Tablet - Variant 3,Electronics,105.26,4,1,1,2024-06-14
U0485,P0016,Gaming Mouse,Electronics,38.63,4,3,1,2024-04-12
U0485,P0118,Fitness Tracker - Variant 2,Sports,32.35,3,1,0,2024-04-16
U0485,P0067,Table Lamp - Variant 2,Home & Kitchen,105.23,4,3,1,2024-08-22
U0485,P0026,Tablet - Variant 3,Electronics,105.26,2,1,1,2024-02-16
U0485,P0006,Smartwatch,Electronics,88.35,4,3,1,2024-06-27
U0485,P0045,Formal Shirt - Variant 2,Fashion,80.51,1,2,1,2024-08-22
U0485,P0045,Formal Shirt - Variant 2,Fashion,80.51,2,3,0,2024-03-06
U0485,P0126,Mystery Novel - Variant 3,Books,27.08,1,2,1,2024-01-15
U0485,P0014,Power Bank,Electronics,70.68,5,2,1,2024-02-01
U0485,P0009,Laptop Stand - Variant 2,Electronics,38.35,3,1,0,2024-01-20
U0485,P0063,Vacuum Cleaner - Variant 2,Home & Kitchen,87.82,4,2,1,2024-08-14
U0485,P0005,Bluetooth Speaker - Variant 3,Electronics,53.78,4,1,1,2024-06-06
U0485,P0048,Sneakers - Variant 2,Fashion,58.93,1,3,0,2024-04-15
U0485,P0016,Gaming Mouse,Electronics,38.63,1,3,1,2024-07-01
U0486,P0042,Backpack - Variant 2,Fashion,23.08,4,1,1,2024-11-16
U0486,P0033,Leather Wallet,Fashion,50.27,4,2,0,2024-09-04
U0486,P0045,Formal Shirt - Variant 2,Fashion,80.51,4,3,1,2024-07-29
U0486,P0038,Wrist Watch,Fashion,65.06,4,2,1,2024-10-19
U0486,P0011,USB-C Hub,Electronics,143.0,3,2,0,2024-08-16
U0486,P0004,Bluetooth Speaker - Variant 2,Electronics,53.79,2,2,1,2024-09-04
U0486,P0073,Wall Clock,Home & Kitchen,81.51,3,1,1,2024-06-13
U0486,P0031,Cotton T-Shirt,Fashion,22.06,4,3,1,2024-06-12
U0486,P0064,Bed Sheets Set,Home & Kitchen,92.94,3,2,1,2024-09-02
U0486,P0047,Sneakers,Fashion,42.71,4,2,1,2024-08-26
U0486,P0061,Blender - Variant 2,Home & Kitchen,27.47,3,1,1,2024-09-07
U0486,P0041,Backpack,Fashion,58.75,5,3,1,2024-09-29
U0486,P0027,Running Shoes,Fashion,50.96,3,3,1,2024-11-25
U0486,P0077,Face Moisturizer - Variant 2,Beauty,44.26,3,2,0,2024-10-20
U0486,P0050,Winter Coat,Fashion,42.63,4,3,1,2024-06-20
U0486,P0030,Denim Jacket - Variant 2,Fashion,74.76,5,1,1,2024-02-11
U0486,P0073,Wall Clock,Home & Kitchen,81.51,3,3,0,2024-02-20
U0486,P0119,Fitness Tracker - Variant 3,Sports,46.34,2,2,0,2024-02-04
U0486,P0038,Wrist Watch,Fashion,65.06,5,1,1,2024-01-24
U0486,P0071,Cutlery Set - Variant 2,Home & Kitchen,84.19,2,3,1,2024-01-16
U0486,P0074,Wall Clock - Variant 2,Home & Kitchen,102.86,2,1,1,2024-01-15
U0486,P0060,Blender,Home & Kitchen,43.99,5,3,1,2024-01-30
U0486,P0075,Wall Clock - Variant 3,Home & Kitchen,67.37,3,2,1,2024-06-22
U0486,P0036,Sunglasses,Fashion,32.53,4,1,1,2024-12-12
U0486,P0031,Cotton T-Shirt,Fashion,22.06,3,3,0,2024-08-10
U0486,P0032,Cotton T-Shirt - Variant 2,Fashion,36.35,3,2,1,2024-10-27
U0486,P0075,Wall Clock - Variant 3,Home & Kitchen,67.37,3,3,1,2024-03-18
U0486,P0065,Bed Sheets Set - Variant 2,Home & Kitchen,33.33,4,2,1,2024-09-03
U0486,P0044,Formal Shirt,Fashion,83.48,5,3,0,2024-10-30
U0486,P0028,Running Shoes - Variant 2,Fashion,21.88,5,1,0,2024-02-11
U0486,P0005,Bluetooth Speaker - Variant 3,Electronics,53.78,2,3,0,2024-06-30
U0486,P0129,Self-Help Book - Variant 3,Books,37.09,3,1,1,2024-06-10
U0486,P0061,Blender - Variant 2,Home & Kitchen,27.47,4,2,0,2024-03-17
U0486,P0042,Backpack - Variant 2,Fashion,23.08,4,1,1,2024-12-03
U0486,P0061,Blender - Variant 2,Home & Kitchen,27.47,4,2,0,2024-03-22
U0487,P0021,Mechanical Keyboard - Variant 3,Electronics,87.99,3,3,1,2024-03-03
U0487,P0023,Webcam - Variant 2,Electronics,79.6,3,1,1,2024-02-19
U0487,P0006,Smartwatch,Electronics,88.35,5,1,1,2024-01-21
U0487,P0010,Laptop Stand - Variant 3,Electronics,146.57,3,2,0,2024-07-23
U0487,P0015,Power Bank - Variant 2,Electronics,95.82,4,2,1,2024-08-25
U0487,P0016,Gaming Mouse,Electronics,38.63,5,1,1,2024-04-02
U0487,P0012,USB-C Hub - Variant 2,Electronics,36.09,5,3,1,2024-09-22
U0487,P0006,Smartwatch,Electronics,88.35,3,3,1,2024-11-28
U0487,P0007,Smartwatch - Variant 2,Electronics,74.04,3,3,1,2024-12-22
U0487,P0004,Bluetooth Speaker - Variant 2,Electronics,53.79,4,3,1,2024-05-08
U0487,P0026,Tablet - Variant 3,Electronics,105.26,4,3,0,2024-02-12
U0487,P0023,Webcam - Variant 2,Electronics,79.6,4,1,1,2024-04-24
U0487,P0002,Wireless Earbuds - Variant 2,Electronics,56.91,3,1,1,2024-06-19
U0487,P0015,Power Bank - Variant 2,Electronics,95.82,5,3,1,2024-04-09
U0487,P0017,Gaming Mouse - Variant 2,Electronics,95.82,3,2,1,2024-12-17
U0487,P0015,Power Bank - Variant 2,Electronics,95.82,4,1,1,2024-04-22
U0487,P0085,Perfume,Beauty,30.06,2,2,0,2024-03-15
U0487,P0050,Winter Coat,Fashion,42.63,1,1,0,2024-10-11
U0487,P0017,Gaming Mouse - Variant 2,Electronics,95.82,4,1,0,2024-03-16
U0487,P0089,Hair Dryer - Variant 3,Beauty,27.59,1,2,1,2024-08-21
U0487,P0043,Backpack - Variant 3,Fashion,77.01,2,3,1,2024-10-17
U0488,P0010,Laptop Stand - Variant 3,Electronics,146.57,3,2,1,2024-08-01
U0488,P0007,Smartwatch - Variant 2,Electronics,74.04,3,2,1,2024-03-26
U0488,P0004,Bluetooth Speaker - Variant 2,Electronics,53.79,3,2,1,2024-12-25
U0488,P0020,Mechanical Keyboard - Variant 2,Electronics,77.77,3,3,1,2024-08-17
U0488,P0022,Webcam,Electronics,106.5,2,3,1,2024-11-23
U0488,P0006,Smartwatch,Electronics,88.35,5,3,1,2024-03-09
U0488,P0007,Smartwatch - Variant 2,Electronics,74.04,4,1,1,2024-04-18
U0488,P0003,Bluetooth Speaker,Electronics,104.25,3,1,1,2024-04-09
U0488,P0070,Cutlery Set,Home & Kitchen,58.7,2,1,1,2024-03-30
U0488,P0068,Storage Boxes,Home & Kitchen,80.29,3,1,0,2024-04-16
U0488,P0018,Gaming Mouse - Variant 3,Electronics,81.58,3,1,1,2024-05-25
U0488,P0024,Tablet,Electronics,103.54,4,2,1,2024-08-31
U0488,P0010,Laptop Stand - Variant 3,Electronics,146.57,4,3,1,2024-12-04
U0488,P0010,Laptop Stand - Variant 3,Electronics,146.57,5,3,0,2024-06-13
U0488,P0004,Bluetooth Speaker - Variant 2,Electronics,53.79,3,3,1,2024-03-18
U0488,P0111,Football,Sports,37.24,2,3,1,2024-10-25
U0488,P0017,Gaming Mouse - Variant 2,Electronics,95.82,5,2,1,2024-04-30
U0488,P0004,Bluetooth Speaker - Variant 2,Electronics,53.79,4,1,1,2024-03-19
U0488,P0003,Bluetooth Speaker,Electronics,104.25,4,2,1,2024-04-26
U0488,P0006,Smartwatch,Electronics,88.35,4,2,1,2024-03-03
U0488,P0023,Webcam - Variant 2,Electronics,79.6,5,2,1,2024-04-22
U0488,P0004,Bluetooth Speaker - Variant 2,Electronics,53.79,2,3,1,2024-01-22
U0488,P0012,USB-C Hub - Variant 2,Electronics,36.09,3,3,1,2024-10-13
U0488,P0001,Wireless Earbuds,Electronics,126.81,4,2,1,2024-02-24
U0488,P0089,Hair Dryer - Variant 3,Beauty,27.59,4,1,0,2024-06-17
U0489,P0026,Tablet - Variant 3,Electronics,105.26,3,2,1,2024-08-31
U0489,P0026,Tablet - Variant 3,Electronics,105.26,4,1,0,2024-12-29
U0489,P0009,Laptop Stand - Variant 2,Electronics,38.35,3,1,0,2024-05-15
U0489,P0025,Tablet - Variant 2,Electronics,41.3,4,3,0,2024-04-23
U0489,P0064,Bed Sheets Set,Home & Kitchen,92.94,3,2,1,2024-02-04
U0489,P0008,Laptop Stand,Electronics,116.72,5,3,0,2024-04-10
U0489,P0122,Gym Bag,Sports,52.75,3,3,1,2024-11-02
U0489,P0095,Beard Trimmer - Variant 2,Beauty,23.23,1,2,1,2024-12-18
U0489,P0103,Dumbbell Set - Variant 2,Sports,24.27,2,3,1,2024-04-12
U0489,P0005,Bluetooth Speaker - Variant 3,Electronics,53.78,5,3,1,2024-02-14
U0489,P0078,Sunscreen SPF50,Beauty,33.33,5,3,0,2024-04-28
U0489,P0003,Bluetooth Speaker,Electronics,104.25,3,2,1,2024-09-28
U0489,P0117,Fitness Tracker,Sports,72.86,3,1,1,2024-12-02
U0489,P0103,Dumbbell Set - Variant 2,Sports,24.27,4,1,0,2024-04-16
U0489,P0112,Football - Variant 2,Sports,71.75,2,1,1,2024-01-25
U0489,P0020,Mechanical Keyboard - Variant 2,Electronics,77.77,5,1,1,2024-12-11
U0489,P0061,Blender - Variant 2,Home & Kitchen,27.47,3,3,0,2024-04-12
U0489,P0131,Cookbook - Variant 2,Books,11.3,4,3,1,2024-03-23
U0489,P0108,Water Bottle,Sports,48.44,4,3,1,2024-05-09
U0489,P0108,Water Bottle,Sports,48.44,2,2,1,2024-02-25
U0489,P0098,Body Lotion - Variant 2,Beauty,19.09,4,2,1,2024-04-12
U0489,P0022,Webcam,Electronics,106.5,5,3,1,2024-09-07
U0489,P0023,Webcam - Variant 2,Electronics,79.6,2,1,1,2024-02-20
U0489,P0003,Bluetooth Speaker,Electronics,104.25,4,2,1,2024-12-09
U0489,P0145,Poetry Collection - Variant 3,Books,15.46,2,2,0,2024-05-13
U0489,P0059,Non-stick Pan - Variant 2,Home & Kitchen,63.2,5,3,0,2024-10-27
U0489,P0001,Wireless Earbuds,Electronics,126.81,5,3,1,2024-11-14
U0489,P0118,Fitness Tracker - Variant 2,Sports,32.35,4,2,1,2024-04-21
U0489,P0121,Skipping Rope - Variant 2,Sports,74.87,3,1,1,2024-06-19
U0489,P0137,Sci-Fi Novel - Variant 3,Books,32.27,2,3,0,2024-01-03
U0489,P0003,Bluetooth Speaker,Electronics,104.25,4,3,1,2024-07-22
U0489,P0118,Fitness Tracker - Variant 2,Sports,32.35,4,2,1,2024-12-27
U0489,P0052,Winter Coat - Variant 3,Fashion,39.04,4,3,0,2024-03-17
U0489,P0039,Wrist Watch - Variant 2,Fashion,41.73,2,3,0,2024-01-23
U0489,P0113,Football - Variant 3,Sports,36.42,3,2,1,2024-10-15
U0490,P0052,Winter Coat - Variant 3,Fashion,39.04,3,3,0,2024-09-28
U0490,P0118,Fitness Tracker - Variant 2,Sports,32.35,5,3,1,2024-04-26
U0490,P0119,Fitness Tracker - Variant 3,Sports,46.34,3,3,1,2024-04-04
U0490,P0106,Cycling Helmet,Sports,67.06,3,1,0,2024-05-10
U0490,P0122,Gym Bag,Sports,52.75,4,1,1,2024-07-29
U0490,P0102,Dumbbell Set,Sports,36.13,4,2,0,2024-06-30
U0490,P0123,Gym Bag - Variant 2,Sports,46.65,5,2,0,2024-12-10
U0490,P0029,Denim Jacket,Fashion,85.21,2,1,0,2024-09-02
U0490,P0095,Beard Trimmer - Variant 2,Beauty,23.23,3,2,1,2024-07-03
U0490,P0111,Football,Sports,37.24,3,1,1,2024-01-02
U0490,P0097,Body Lotion,Beauty,42.54,3,2,1,2024-09-17
U0490,P0078,Sunscreen SPF50,Beauty,33.33,5,2,0,2024-08-19
U0490,P0081,Shampoo - Variant 2,Beauty,39.01,4,2,1,2024-12-04
U0490,P0089,Hair Dryer - Variant 3,Beauty,27.59,5,2,0,2024-09-28
U0490,P0095,Beard Trimmer - Variant 2,Beauty,23.23,3,3,1,2024-11-09
U0490,P0083,Lipstick - Variant 2,Beauty,16.1,2,3,1,2024-10-03
U0490,P0078,Sunscreen SPF50,Beauty,33.33,4,3,0,2024-01-24
U0490,P0086,Perfume - Variant 2,Beauty,33.4,4,2,1,2024-01-27
U0490,P0116,Tennis Racket - Variant 3,Sports,21.7,3,3,1,2024-04-28
U0490,P0076,Face Moisturizer,Beauty,48.93,4,2,1,2024-06-29
U0490,P0080,Shampoo,Beauty,13.54,1,1,1,2024-12-11
U0490,P0103,Dumbbell Set - Variant 2,Sports,24.27,3,2,1,2024-10-06
U0490,P0032,Cotton T-Shirt - Variant 2,Fashion,36.35,1,3,0,2024-12-18
U0490,P0024,Tablet,Electronics,103.54,3,2,1,2024-01-27
U0490,P0113,Football - Variant 3,Sports,36.42,4,1,1,2024-02-06
U0490,P0099,Body Lotion - Variant 3,Beauty,45.92,5,1,1,2024-08-25
U0490,P0094,Beard Trimmer,Beauty,35.73,4,1,1,2024-01-16
U0490,P0038,Wrist Watch,Fashion,65.06,2,2,1,2024-10-26
U0490,P0088,Hair Dryer - Variant 2,Beauty,21.47,4,2,1,2024-09-13
U0490,P0082,Lipstick,Beauty,12.97,3,2,1,2024-06-09
U0490,P0078,Sunscreen SPF50,Beauty,33.33,3,3,0,2024-11-06
U0490,P0113,Football - Variant 3,Sports,36.42,5,1,1,2024-07-24
U0491,P0049,Sneakers - Variant 3,Fashion,55.64,3,3,0,2024-07-19
U0491,P0022,Webcam,Electronics,106.5,3,2,1,2024-01-23
U0491,P0011,USB-C Hub,Electronics,143.0,4,3,0,2024-08-25
U0491,P0068,Storage Boxes,Home & Kitchen,80.29,3,1,1,2024-06-08
U0491,P0067,Table Lamp - Variant 2,Home & Kitchen,105.23,4,2,1,2024-03-22
U0491,P0013,USB-C Hub - Variant 3,Electronics,149.11,3,2,0,2024-09-02
U0491,P0073,Wall Clock,Home & Kitchen,81.51,3,1,0,2024-09-27
U0491,P0008,Laptop Stand,Electronics,116.72,4,3,0,2024-07-04
U0491,P0066,Table Lamp,Home & Kitchen,82.67,4,2,0,2024-06-04
U0491,P0026,Tablet - Variant 3,Electronics,105.26,4,3,1,2024-04-14
U0491,P0059,Non-stick Pan - Variant 2,Home & Kitchen,63.2,4,2,1,2024-07-23
U0491,P0004,Bluetooth Speaker - Variant 2,Electronics,53.79,5,1,0,2024-02-06
U0491,P0128,Self-Help Book - Variant 2,Books,22.95,1,3,0,2024-12-04
U0491,P0050,Winter Coat,Fashion,42.63,3,2,0,2024-09-13
U0491,P0009,Laptop Stand - Variant 2,Electronics,38.35,4,1,1,2024-11-13
U0491,P0075,Wall Clock - Variant 3,Home & Kitchen,67.37,2,2,0,2024-01-25
U0491,P0016,Gaming Mouse,Electronics,38.63,2,1,1,2024-02-26
U0491,P0017,Gaming Mouse - Variant 2,Electronics,95.82,2,3,1,2024-09-21
U0491,P0002,Wireless Earbuds - Variant 2,Electronics,56.91,4,2,0,2024-09-15
U0491,P0016,Gaming Mouse,Electronics,38.63,2,2,0,2024-07-27
U0491,P0019,Mechanical Keyboard,Electronics,69.3,5,1,1,2024-01-19
U0491,P0060,Blender,Home & Kitchen,43.99,3,2,0,2024-05-04
U0492,P0101,Yoga Mat - Variant 2,Sports,24.96,3,3,1,2024-03-10
U0492,P0100,Yoga Mat,Sports,36.49,3,3,1,2024-10-22
U0492,P0140,Business Strategy Book - Variant 3,Books,14.32,4,2,1,2024-02-08
U0492,P0124,Mystery Novel,Books,9.94,5,2,0,2024-08-07
U0492,P0100,Yoga Mat,Sports,36.49,3,3,1,2024-08-29
U0492,P0116,Tennis Racket - Variant 3,Sports,21.7,3,3,0,2024-06-06
U0492,P0102,Dumbbell Set,Sports,36.13,2,3,1,2024-05-18
U0492,P0112,Football - Variant 2,Sports,71.75,4,1,1,2024-08-20
U0492,P0108,Water Bottle,Sports,48.44,4,2,0,2024-01-19
U0492,P0095,Beard Trimmer - Variant 2,Beauty,23.23,1,3,1,2024-05-31
U0492,P0106,Cycling Helmet,Sports,67.06,3,2,0,2024-02-26
U0492,P0112,Football - Variant 2,Sports,71.75,4,2,0,2024-12-04
U0492,P0043,Backpack - Variant 3,Fashion,77.01,2,2,1,2024-05-23
U0492,P0109,Water Bottle - Variant 2,Sports,45.64,4,1,1,2024-05-30
U0492,P0073,Wall Clock,Home & Kitchen,81.51,1,2,0,2024-09-17
U0492,P0119,Fitness Tracker - Variant 3,Sports,46.34,2,3,0,2024-12-20
U0492,P0113,Football - Variant 3,Sports,36.42,3,3,1,2024-05-28
U0492,P0104,Resistance Bands,Sports,54.92,4,2,0,2024-02-28
U0492,P0102,Dumbbell Set,Sports,36.13,4,2,1,2024-10-07
U0492,P0015,Power Bank - Variant 2,Electronics,95.82,3,3,0,2024-02-29
U0492,P0110,Water Bottle - Variant 3,Sports,57.47,5,1,1,2024-02-18
U0492,P0143,Poetry Collection,Books,9.47,2,3,0,2024-02-22
U0492,P0111,Football,Sports,37.24,3,2,1,2024-01-08
U0492,P0136,Sci-Fi Novel - Variant 2,Books,20.37,5,1,1,2024-05-27
U0492,P0114,Tennis Racket,Sports,49.81,4,2,0,2024-03-23
U0492,P0021,Mechanical Keyboard - Variant 3,Electronics,87.99,2,2,0,2024-07-21
U0492,P0121,Skipping Rope - Variant 2,Sports,74.87,4,2,0,2024-02-16
U0492,P0123,Gym Bag - Variant 2,Sports,46.65,5,3,1,2024-07-01
U0492,P0111,Football,Sports,37.24,2,2,1,2024-01-12
U0492,P0112,Football - Variant 2,Sports,71.75,2,3,1,2024-07-11
U0492,P0101,Yoga Mat - Variant 2,Sports,24.96,3,2,0,2024-10-15
U0492,P0105,Resistance Bands - Variant 2,Sports,18.03,5,3,1,2024-07-15
U0492,P0106,Cycling Helmet,Sports,67.06,4,2,0,2024-02-14
U0492,P0108,Water Bottle,Sports,48.44,1,1,1,2024-04-03
U0493,P0112,Football - Variant 2,Sports,71.75,4,1,0,2024-02-16
U0493,P0110,Water Bottle - Variant 3,Sports,57.47,2,3,1,2024-04-22
U0493,P0104,Resistance Bands,Sports,54.92,4,2,1,2024-08-23
U0493,P0126,Mystery Novel - Variant 3,Books,27.08,4,3,0,2024-10-25
U0493,P0014,Power Bank,Electronics,70.68,1,3,0,2024-06-26
U0493,P0118,Fitness Tracker - Variant 2,Sports,32.35,2,2,1,2024-10-19
U0493,P0076,Face Moisturizer,Beauty,48.93,5,1,1,2024-10-29
U0493,P0035,Leather Wallet - Variant 3,Fashion,53.93,1,3,1,2024-01-07
U0493,P0121,Skipping Rope - Variant 2,Sports,74.87,3,3,1,2024-04-11
U0493,P0149,Programming Guide,Books,35.7,3,3,0,2024-04-14
U0493,P0084,Lipstick - Variant 3,Beauty,13.19,4,1,0,2024-02-16
U0493,P0117,Fitness Tracker,Sports,72.86,3,1,0,2024-10-22
U0493,P0145,Poetry Collection - Variant 3,Books,15.46,3,1,0,2024-12-10
U0493,P0123,Gym Bag - Variant 2,Sports,46.65,4,1,1,2024-03-17
U0493,P0112,Football - Variant 2,Sports,71.75,2,1,1,2024-10-17
U0493,P0077,Face Moisturizer - Variant 2,Beauty,44.26,4,1,0,2024-12-15
U0493,P0102,Dumbbell Set,Sports,36.13,3,3,1,2024-01-09
U0493,P0102,Dumbbell Set,Sports,36.13,3,3,1,2024-08-18
U0493,P0120,Skipping Rope,Sports,26.44,3,1,1,2024-05-10
U0493,P0091,Face Mask Set - Variant 2,Beauty,47.83,5,2,1,2024-04-28
U0494,P0054,Air Fryer - Variant 2,Home & Kitchen,109.53,3,3,1,2024-12-23
U0494,P0034,Leather Wallet - Variant 2,Fashion,29.12,4,2,0,2024-11-06
U0494,P0148,History Book - Variant 3,Books,20.33,3,2,0,2024-06-08
U0494,P0030,Denim Jacket - Variant 2,Fashion,74.76,2,1,1,2024-07-11
U0494,P0035,Leather Wallet - Variant 3,Fashion,53.93,2,1,0,2024-07-24
U0494,P0049,Sneakers - Variant 3,Fashion,55.64,3,3,1,2024-07-04
U0494,P0062,Vacuum Cleaner,Home & Kitchen,44.0,3,1,0,2024-01-03
U0494,P0029,Denim Jacket,Fashion,85.21,3,2,1,2024-11-04
U0494,P0077,Face Moisturizer - Variant 2,Beauty,44.26,3,1,1,2024-10-10
U0494,P0095,Beard Trimmer - Variant 2,Beauty,23.23,3,3,0,2024-06-25
U0494,P0053,Air Fryer,Home & Kitchen,77.17,3,1,1,2024-04-19
U0494,P0051,Winter Coat - Variant 2,Fashion,46.85,3,3,1,2024-02-13
U0494,P0043,Backpack - Variant 3,Fashion,77.01,4,2,1,2024-03-21
U0494,P0042,Backpack - Variant 2,Fashion,23.08,4,3,1,2024-01-09
U0494,P0031,Cotton T-Shirt,Fashion,22.06,5,1,1,2024-12-23
U0494,P0042,Backpack - Variant 2,Fashion,23.08,3,1,1,2024-09-09
U0494,P0042,Backpack - Variant 2,Fashion,23.08,5,1,1,2024-01-19
U0494,P0032,Cotton T-Shirt - Variant 2,Fashion,36.35,3,2,1,2024-11-27
U0494,P0045,Formal Shirt - Variant 2,Fashion,80.51,3,1,1,2024-12-12
U0494,P0047,Sneakers,Fashion,42.71,4,2,1,2024-11-01
U0495,P0055,Coffee Maker,Home & Kitchen,73.4,3,3,1,2024-08-31
U0495,P0074,Wall Clock - Variant 2,Home & Kitchen,102.86,4,1,0,2024-12-03
U0495,P0149,Programming Guide,Books,35.7,2,2,0,2024-02-20
U0495,P0053,Air Fryer,Home & Kitchen,77.17,4,1,1,2024-08-14
U0495,P0074,Wall Clock - Variant 2,Home & Kitchen,102.86,2,1,0,2024-08-27
U0495,P0090,Face Mask Set,Beauty,19.72,2,1,1,2024-09-12
U0495,P0066,Table Lamp,Home & Kitchen,82.67,5,2,1,2024-11-04
U0495,P0062,Vacuum Cleaner,Home & Kitchen,44.0,4,2,1,2024-12-11
U0495,P0075,Wall Clock - Variant 3,Home & Kitchen,67.37,4,2,1,2024-06-08
U0495,P0070,Cutlery Set,Home & Kitchen,58.7,2,1,0,2024-10-07
U0495,P0115,Tennis Racket - Variant 2,Sports,41.02,1,2,0,2024-01-29
U0495,P0075,Wall Clock - Variant 3,Home & Kitchen,67.37,4,3,1,2024-01-23
U0495,P0072,Cutlery Set - Variant 3,Home & Kitchen,83.94,3,1,1,2024-09-22
U0495,P0058,Non-stick Pan,Home & Kitchen,28.34,3,1,1,2024-04-02
U0495,P0141,Children's Storybook,Books,33.46,3,1,0,2024-07-13
U0495,P0109,Water Bottle - Variant 2,Sports,45.64,1,1,1,2024-01-23
U0495,P0066,Table Lamp,Home & Kitchen,82.67,4,3,1,2024-10-19
U0495,P0073,Wall Clock,Home & Kitchen,81.51,3,3,0,2024-03-30
U0496,P0147,History Book - Variant 2,Books,35.8,2,1,1,2024-09-25
U0496,P0006,Smartwatch,Electronics,88.35,3,2,1,2024-02-06
U0496,P0135,Sci-Fi Novel,Books,37.03,3,3,0,2024-07-09
U0496,P0137,Sci-Fi Novel - Variant 3,Books,32.27,5,2,1,2024-10-10
U0496,P0130,Cookbook,Books,25.89,5,1,1,2024-04-28
U0496,P0128,Self-Help Book - Variant 2,Books,22.95,2,3,1,2024-05-27
U0496,P0077,Face Moisturizer - Variant 2,Beauty,44.26,2,2,1,2024-07-19
U0496,P0023,Webcam - Variant 2,Electronics,79.6,4,2,1,2024-10-27
U0496,P0011,USB-C Hub,Electronics,143.0,3,1,0,2024-12-28
U0496,P0007,Smartwatch - Variant 2,Electronics,74.04,4,3,0,2024-03-12
U0496,P0055,Coffee Maker,Home & Kitchen,73.4,2,1,1,2024-05-18
U0496,P0011,USB-C Hub,Electronics,143.0,4,3,0,2024-11-11
U0497,P0143,Poetry Collection,Books,9.47,4,1,1,2024-05-07
U0497,P0051,Winter Coat - Variant 2,Fashion,46.85,5,1,0,2024-04-22
U0497,P0140,Business Strategy Book - Variant 3,Books,14.32,4,3,1,2024-04-22
U0497,P0135,Sci-Fi Novel,Books,37.03,3,1,1,2024-01-22
U0497,P0135,Sci-Fi Novel,Books,37.03,2,1,1,2024-08-27
U0497,P0136,Sci-Fi Novel - Variant 2,Books,20.37,4,3,1,2024-05-11
U0497,P0029,Denim Jacket,Fashion,85.21,5,3,0,2024-05-23
U0497,P0039,Wrist Watch - Variant 2,Fashion,41.73,3,3,1,2024-09-28
U0498,P0052,Winter Coat - Variant 3,Fashion,39.04,5,2,1,2024-06-28
U0498,P0028,Running Shoes - Variant 2,Fashion,21.88,4,2,1,2024-03-04
U0498,P0074,Wall Clock - Variant 2,Home & Kitchen,102.86,5,3,0,2024-01-28
U0498,P0012,USB-C Hub - Variant 2,Electronics,36.09,3,2,0,2024-01-30
U0498,P0144,Poetry Collection - Variant 2,Books,23.59,2,1,0,2024-02-11
U0498,P0069,Storage Boxes - Variant 2,Home & Kitchen,55.29,2,1,1,2024-12-09
U0498,P0061,Blender - Variant 2,Home & Kitchen,27.47,2,1,1,2024-10-08
U0498,P0069,Storage Boxes - Variant 2,Home & Kitchen,55.29,2,2,1,2024-02-11
U0498,P0055,Coffee Maker,Home & Kitchen,73.4,4,2,0,2024-04-25
U0498,P0045,Formal Shirt - Variant 2,Fashion,80.51,5,1,0,2024-04-14
U0498,P0036,Sunglasses,Fashion,32.53,4,1,0,2024-07-08
U0498,P0028,Running Shoes - Variant 2,Fashion,21.88,2,1,1,2024-07-23
U0498,P0031,Cotton T-Shirt,Fashion,22.06,3,3,1,2024-06-02
U0498,P0066,Table Lamp,Home & Kitchen,82.67,4,2,1,2024-11-30
U0498,P0033,Leather Wallet,Fashion,50.27,2,1,1,2024-12-29
U0498,P0032,Cotton T-Shirt - Variant 2,Fashion,36.35,2,3,1,2024-04-05
U0498,P0003,Bluetooth Speaker,Electronics,104.25,3,2,0,2024-05-05
U0498,P0047,Sneakers,Fashion,42.71,4,2,0,2024-07-05
U0498,P0060,Blender,Home & Kitchen,43.99,3,1,1,2024-07-01
U0498,P0044,Formal Shirt,Fashion,83.48,1,1,1,2024-11-14
U0498,P0068,Storage Boxes,Home & Kitchen,80.29,3,2,1,2024-07-17
U0498,P0050,Winter Coat,Fashion,42.63,3,1,1,2024-12-30
U0498,P0012,USB-C Hub - Variant 2,Electronics,36.09,1,2,0,2024-03-03
U0498,P0063,Vacuum Cleaner - Variant 2,Home & Kitchen,87.82,4,1,1,2024-06-13
U0498,P0085,Perfume,Beauty,30.06,3,2,0,2024-04-09
U0499,P0090,Face Mask Set,Beauty,19.72,3,1,1,2024-09-18
U0499,P0083,Lipstick - Variant 2,Beauty,16.1,5,1,1,2024-05-22
U0499,P0085,Perfume,Beauty,30.06,4,3,1,2024-06-07
U0499,P0035,Leather Wallet - Variant 3,Fashion,53.93,5,1,1,2024-07-09
U0499,P0040,Wrist Watch - Variant 3,Fashion,55.58,4,3,0,2024-11-02
U0499,P0049,Sneakers - Variant 3,Fashion,55.64,4,3,1,2024-07-25
U0499,P0031,Cotton T-Shirt,Fashion,22.06,4,2,1,2024-03-23
U0499,P0038,Wrist Watch,Fashion,65.06,4,2,0,2024-01-25
U0499,P0027,Running Shoes,Fashion,50.96,2,2,1,2024-03-26
U0499,P0080,Shampoo,Beauty,13.54,4,3,1,2024-07-25
U0499,P0097,Body Lotion,Beauty,42.54,2,3,0,2024-07-16
U0499,P0037,Sunglasses - Variant 2,Fashion,47.01,3,1,1,2024-06-19
U0499,P0093,Nail Polish Kit - Variant 2,Beauty,18.13,4,2,1,2024-01-19
U0499,P0143,Poetry Collection,Books,9.47,3,2,1,2024-01-10
U0499,P0095,Beard Trimmer - Variant 2,Beauty,23.23,4,2,1,2024-06-10
U0499,P0035,Leather Wallet - Variant 3,Fashion,53.93,3,2,1,2024-07-27
U0499,P0035,Leather Wallet - Variant 3,Fashion,53.93,2,1,1,2024-03-14
U0499,P0082,Lipstick,Beauty,12.97,2,3,1,2024-04-16
U0499,P0005,Bluetooth Speaker - Variant 3,Electronics,53.78,2,2,1,2024-02-11
U0499,P0095,Beard Trimmer - Variant 2,Beauty,23.23,4,2,1,2024-06-05
U0499,P0079,Sunscreen SPF50 - Variant 2,Beauty,41.3,4,1,0,2024-10-08
U0499,P0035,Leather Wallet - Variant 3,Fashion,53.93,4,3,1,2024-09-14
U0499,P0002,Wireless Earbuds - Variant 2,Electronics,56.91,3,3,0,2024-06-12
U0499,P0007,Smartwatch - Variant 2,Electronics,74.04,3,3,0,2024-03-08
U0499,P0051,Winter Coat - Variant 2,Fashion,46.85,4,3,1,2024-12-07
U0499,P0080,Shampoo,Beauty,13.54,4,3,0,2024-04-24
U0500,P0069,Storage Boxes - Variant 2,Home & Kitchen,55.29,5,3,1,2024-06-08
U0500,P0066,Table Lamp,Home & Kitchen,82.67,4,2,0,2024-11-12
U0500,P0054,Air Fryer - Variant 2,Home & Kitchen,109.53,4,2,1,2024-11-02
U0500,P0092,Nail Polish Kit,Beauty,23.01,3,3,1,2024-12-13
U0500,P0054,Air Fryer - Variant 2,Home & Kitchen,109.53,2,3,1,2024-01-21
U0500,P0070,Cutlery Set,Home & Kitchen,58.7,4,2,1,2024-12-02
U0500,P0126,Mystery Novel - Variant 3,Books,27.08,2,2,0,2024-03-23
U0500,P0087,Hair Dryer,Beauty,46.49,3,3,0,2024-04-29
U0500,P0073,Wall Clock,Home & Kitchen,81.51,3,3,0,2024-06-22
U0500,P0085,Perfume,Beauty,30.06,3,1,1,2024-09-14
U0500,P0075,Wall Clock - Variant 3,Home & Kitchen,67.37,4,3,1,2024-10-08
U0500,P0080,Shampoo,Beauty,13.54,4,2,1,2024-12-02
U0500,P0097,Body Lotion,Beauty,42.54,5,3,1,2024-07-26
U0500,P0094,Beard Trimmer,Beauty,35.73,4,1,1,2024-02-19
U0500,P0089,Hair Dryer - Variant 3,Beauty,27.59,5,1,1,2024-08-21
U0500,P0078,Sunscreen SPF50,Beauty,33.33,2,2,1,2024-08-19
U0500,P0077,Face Moisturizer - Variant 2,Beauty,44.26,4,3,1,2024-11-05
U0500,P0128,Self-Help Book - Variant 2,Books,22.95,3,2,0,2024-06-20
U0500,P0062,Vacuum Cleaner,Home & Kitchen,44.0,3,3,1,2024-10-01
U0500,P0026,Tablet - Variant 3,Electronics,105.26,2,1,1,2024-07-25
U0500,P0135,Sci-Fi Novel,Books,37.03,3,2,0,2024-12-19
U0500,P0083,Lipstick - Variant 2,Beauty,16.1,2,3,0,2024-08-09
U0500,P0024,Tablet,Electronics,103.54,3,2,0,2024-09-02
U0500,P0146,History Book,Books,11.74,1,3,0,2024-12-23
U0500,P0143,Poetry Collection,Books,9.47,2,3,0,2024-04-08
U0500,P0056,Coffee Maker - Variant 2,Home & Kitchen,39.05,3,1,1,2024-09-23
U0500,P0101,Yoga Mat - Variant 2,Sports,24.96,1,1,0,2024-09-07
U0500,P0024,Tablet,Electronics,103.54,3,3,0,2024-01-20
U0500,P0072,Cutlery Set - Variant 3,Home & Kitchen,83.94,5,1,1,2024-08-17
U0500,P0096,Beard Trimmer - Variant 3,Beauty,16.01,3,3,1,2024-12-20
U0500,P0059,Non-stick Pan - Variant 2,Home & Kitchen,63.2,3,1,1,2024-03-10
U0500,P0096,Beard Trimmer - Variant 3,Beauty,16.01,5,2,0,2024-07-07
U0500,P0084,Lipstick - Variant 3,Beauty,13.19,4,2,0,2024-10-11
U0500,P0061,Blender - Variant 2,Home & Kitchen,27.47,4,1,1,2024-03-16
U0500,P0142,Children's Storybook - Variant 2,Books,18.29,1,3,1,2024-06-18
